project_id,legacy_ocms_code,project_name,agency,sector,clean_state,approval_start_date,original_completion_date,original_cost_crore,project_size_category,pre_paimana_observation_months,pre_paimana_schedule_revision_count,pre_paimana_cost_revision_count,pre_paimana_max_schedule_slippage_months,pre_paimana_max_cost_escalation_pct,max_source_date
060100093,060100093,GEVRA EXPANSION OCP (SECL) (35-70) MTY 6-2010 3/2023,SECL,COAL,CHHATTISGARH COAL,2010-06,2023-03,11816.4,Mega,11,1,1,108.0,40.0,2024-03
102000,N24001897,REHABILITATION AND UPGRADATION TO 2 LANE WITH PAVED SHOULDER FROM EXISTING CHAINAGE KM 102 TO KM 13 3-2021 7/2024,BRO,ROAD TRANSPORT & HIGHWAYS,JAMMU AND KASHMIR,2021-03,2024-07,642.24,Major,1,0,0,0.0,0.0,2024-03
105236,N24001476,CONSTRUCTION OF 4 LANE ACCESS CONTROLLED NEW GREENFIELD HIGHWAY SECTION OF NH 365BG FROM RECHARLA VI 9-2021 9/2022,NHAI,ROAD TRANSPORT & HIGHWAYS,ANDHRA PRADESH,2021-09,2022-09,517.05,Major,2,0,0,0.0,0.0,2024-03
10980,N24001745,KANPUR LUCKNOW EXPRESSWAY PKG-1 CONSTRUCTION OF 6-LANE TO EIGHT LANE OF KANPUR LUCKNOW EXPRESSWAY (N 12-2021 7/2025,NHAI,ROAD TRANSPORT & HIGHWAYS,UTTAR PRADESH,2021-12,2025-07,1972.1,Mega,2,0,0,0.0,0.0,2024-03
120000,N24001957,2LPS OF KOYYURU TO CHAPRATHIPALEM SECTION OF NH 516E 8-2020 7/2024 {6/2025},MoRTH,ROAD TRANSPORT & HIGHWAYS,ANDHRA PRADESH,2020-08,2024-07,349.29,Major,1,0,0,0.0,0.0,2024-03
120250,N24001632,CONSTRUCTION OF FOUR LANE GREENFIELD PROJECT OF DELHI-AMRITSAR-KATRA EXPRESSWAY (PHASE-I PKG-V) FROM 1-2021 5/2024,NHAI,ROAD TRANSPORT & HIGHWAYS,PUNJAB,2021-01,2024-05,1741.86,Mega,2,0,0,0.0,0.0,2024-03
129000,N24001846,6L ACCESS CONTROLLED GREENFIELD HIGHWAY FROM YERRAGUDIPADU 129.000 KM. TO AUDIREDDIPALLE 160.000 KM. 2-2023 10/2025 {10/2025},NHAI,ROAD TRANSPORT & HIGHWAYS,ANDHRA PRADESH,2023-02,2025-10,1200.42,Mega,2,0,0,0.0,0.0,2024-03
132664,N24001477,CONSTRUCTION OF 4 LANE ACCESS CONTROLLED NEW GREENFIELD HIGHWAY SECTION OF NH-365BG (KHAMMAM-DEVARAP 9-2021 9/2022,NHAI,ROAD TRANSPORT & HIGHWAYS,ANDHRA PRADESH,2021-09,2022-09,622.0,Major,2,0,1,0.0,40775.0,2024-03
134950,N24001899,REHABILITATION AND UPGRADATION TO 2 LANE WITH PAVED SHOULDER FROM EXISTING CHAINAGE KM 134.95 TO KM 2-2021 7/2024 {3/2025},BRO,ROAD TRANSPORT & HIGHWAYS,JAMMU AND KASHMIR,2021-02,2024-07,395.25,Major,1,0,0,0.0,0.0,2024-03
14200,N24001998,"CONSTRUCTION OF 4 LANE WITH PAVED SHOULDER FROM (DESIGN CH. 14+200 TO 24+400), (DESIGN CH. 35+300 TO 6-2022 8/2025 {8/2025}",BRO,ROAD TRANSPORT & HIGHWAYS,JAMMU AND KASHMIR,2022-06,2025-08,832.46,Major,1,0,0,0.0,0.0,2024-03
144020,N24002097,STRENGTHENING OF EXISTING 4L AYODHYA BYPASS SECTION FROM DESIGN KM.121.600 TO KM. 144.020 OF NH 28 ( 2-2023 9/2025 {8/2025},NHAI,ROAD TRANSPORT & HIGHWAYS,UTTAR PRADESH,2023-02,2025-09,526.45,Major,1,0,0,0.0,0.0,2024-03
151330,N24001335,IMPROVEMENT/WIDENING TO 2- LANE WITH PAVED SHOULDER / 4-LANING FROM (DESIGN KM 63.530 TO KM 71.520) B 11-2020 12/2023 {11/2026},NHIDCL,ROAD TRANSPORT & HIGHWAYS,MEGHALAYA,2020-11,2023-12,284.21,Major,3,0,2,0.0,2.368866328257192,2024-03
160000,N24001847,6L ACCESS CONTROLLED GREENFIELD HIGHWAY FROM AUDIREDDIPALLE 160.000 KM. TO MALLAPALLE 176.000 KM. PA 1-2023 11/2025 {11/2025},NHAI,ROAD TRANSPORT & HIGHWAYS,ANDHRA PRADESH,2023-01,2025-11,956.14,Major,2,0,0,0.0,0.0,2024-03
165500,N24001958,2LPS OF CHAPRATHIPALEM TO LAMBASINGI SECTION OF NH 516E 8-2020 10/2024 {6/2025},MoRTH,ROAD TRANSPORT & HIGHWAYS,ANDHRA PRADESH,2020-08,2024-10,311.22,Major,1,0,0,0.0,0.0,2024-03
170700,N24001953,NH-30-BHADRACHALAM TO KONTA SECTION 2LPS 12-2021 9/2024 {3/2025},MoRTH,ROAD TRANSPORT & HIGHWAYS,ANDHRA PRADESH,2021-12,2024-09,388.71,Major,1,0,0,0.0,0.0,2024-03
176000,N24001848,6L ACCESS CONTROLLED GREENFIELD HIGHWAY FROM MALLAPALLE 176.000 KM. TO KAVULAKUNTLA 196.000 KM. PACK 2-2023 10/2025 {10/2025},NHAI,ROAD TRANSPORT & HIGHWAYS,ANDHRA PRADESH,2023-02,2025-10,909.02,Major,2,0,0,0.0,0.0,2024-03
180100210,180100210,PARBATI HEP (4X200 MW) (NHPC) II 9-2002 9/2009,NHPC,POWER,HIMACHAL PRADESH,2002-09,2009-09,3919.59,Mega,11,0,2,0.0,0.0,2024-03
180100221,180100221,SUBANSIRI LOWER H.E.P (8X250 MW) (NHPC) 9-2003 9/2010 {5/2026},NHPC,POWER,ARUNACHAL PRADESH,2003-09,2010-09,6285.33,Mega,11,0,2,0.0,0.0,2024-03
180100242,180100242,BARH STPP(3X660MW) NTPC 2-2005 10/2011,NTPC,POWER,BIHAR CIVIL AVIATION,2005-02,2011-10,8692.97,Mega,11,2,0,22.0,0.0,2024-03
188830,N24001415,DELHI-AMRITSAR-KATRA EXPRESSWAY FROM JUNCTION WITH PATIALA-BATHINDA ROAD (NH-7) NEAR BHAWANIGARH TO 12-2020 4/2024,NHAI,ROAD TRANSPORT & HIGHWAYS,PUNJAB,2020-12,2024-04,881.0,Major,3,0,1,0.0,0.0,2024-03
19220,N24001882,CONSTRUCTION OF NEW FOUR LANE BYPASS TO PARBHANI CITY (PARWA TO ASOLA) KM 463/265 TO KM 481/180 (DES 3-2022 10/2024 {10/2024},MoRTH,ROAD TRANSPORT & HIGHWAYS,MAHARASHTRA CIVIL AVIATION,2022-03,2024-10,496.64,Major,1,0,0,0.0,0.0,2024-03
20223,N24002110,CONSTRUCTION OF NEW DOUBLE TIER 4L ELEVATED CORRIDOR FROM CHENNAI PORT TO MADURAVOYAL IN CHENNAI DIS 3-2023 5/2026 {5/2026},NHAI,ROAD TRANSPORT & HIGHWAYS,TAMIL NADU CIVIL AVIATION,2023-03,2026-05,1207.4,Mega,1,0,0,0.0,0.0,2024-03
220100181,220100181,AHMEDNAGAR-PARLI VAIJNATH(NL) CR 2-1997 3/2026 {1/2026},CR,RAILWAYS,MAHARASHTRA CIVIL AVIATION,1997-02,2026-03,2539.0,Mega,11,5,2,119.0,0.0,2024-03
220100188,220100188,"NANGALDAM-TALWARA(NL),NR 3-1981 12/2025",NR,RAILWAYS,MULTI STATE COAL,1981-03,2025-12,2018.0,Mega,11,0,0,0.0,0.0,2024-03
220100232,220100232,"LALITPUR-SATNA-REWA- SINGRULI NL, (NCR) 9-1998 3/2027 {3/2025}",WCR,RAILWAYS,MULTI STATE COAL,1998-09,2027-03,8913.94,Mega,11,0,1,0.0,0.0,2024-03
220100257,220100257,KHAGARIA-KUSHESHWAR ASTHAN (NL) (ECR) 4-1997 12/2024 {3/2027},ECR,RAILWAYS,BIHAR CIVIL AVIATION,1997-04,2024-12,614.45,Major,11,6,0,320.0,0.0,2024-03
220100265,220100265,KOTLPALLI-NARASAPUR (NL) 12-2001 3/2028 {3/2027},SCR,RAILWAYS,ANDHRA PRADESH,2001-12,2028-03,2500.98,Mega,11,3,1,119.0,0.0,2024-03
220100272,220100272,"TARAKESWAR - BISHNUPUR NEW BG LINE (NL), ER 4-2000 3/2019",ER,RAILWAYS,WEST BENGAL CIVIL AVIATION,2000-04,2019-03,1188.91,Mega,11,1,0,111.0,0.0,2024-03
220100284,220100284,KHURDA ROAD- BOLANGIR(NL)ECOR 4-1994 12/2026,ECOR,RAILWAYS,ODISHA COAL,1994-04,2026-12,3550.0,Mega,11,4,0,78.0,0.0,2024-03
220100303,220100303,"HAJIPUR-SUGAULI VIA VAISHALI (NL), ECR 4-2003 12/2014 {12/2026}",ECR,RAILWAYS,BIHAR CIVIL AVIATION,2003-04,2014-12,2066.78,Mega,11,3,0,164.0,0.0,2024-03
220100305,220100305,"KODERMA-TILAIYA (NL), ECR 4-2002 3/2023 {12/2025}",ECR,RAILWAYS,JHARKHAND COAL,2002-04,2023-03,1625.87,Mega,11,7,1,143.0,0.0,2024-03
220100314,220100314,"RAMGANJMUNDI-BHOPAL (NL),WCR 4-2001 12/2025",WCR,RAILWAYS,MADHYA PRADESH,2001-04,2025-12,3032.0,Mega,11,2,0,287.0,0.0,2024-03
220100328,220100328,TALCHER- BIMALAGARH(NL)(ECOR) 4-2005 3/2025 {3/2026},ECOR,RAILWAYS,ODISHA COAL,2005-04,2025-03,1928.1,Mega,11,4,0,465.0,0.0,2024-03
22700,N24001107,PANCHARAL TO MANDANGHAR 7-2018 5/2020 {5/2020},MoRTH,ROAD TRANSPORT & HIGHWAYS,MAHARASHTRA CIVIL AVIATION,2018-07,2020-05,381.08,Major,5,0,0,0.0,0.0,2024-03
24000,N24002102,DELHI-AMRITSAR-KATRA EXPRESSWAY (PHASE-I SPUR-I) FROM JN. WITH KAPURTHALA - SULTANPUR LODHI ROAD (NH 1-2020 4/2026 {4/2027},NHAI,ROAD TRANSPORT & HIGHWAYS,RAJASTHAN CIVIL AVIATION,2020-01,2026-04,2165.23,Mega,1,0,0,0.0,0.0,2024-03
24300,N24001841,6L ACCESS CONTROLLED GREENFIELD HIGHWAY FROM KODUR 0.000 KMS TO VANAVOLU 24.300 KMS OF NH 544G PACKA 12-2022 9/2025 {2/2026},NHAI,ROAD TRANSPORT & HIGHWAYS,ANDHRA PRADESH,2022-12,2025-09,912.94,Major,2,0,0,0.0,0.0,2024-03
249000,N24001667,6L GREENFIELD KALIAGURA ? BAUNSAGUAR SECTION OF NH- 130-CD ROAD FROM KM 249+000 TO KM 293+000 (PACKAG 9-2021 5/2024 {10/2025},NHAI,ROAD TRANSPORT & HIGHWAYS,ODISHA COAL,2021-09,2024-05,1734.0,Mega,2,0,1,0.0,29.40239043824701,2024-03
260860,N24001417,DELHI-AMRITSAR-KATRA EXPRESSWAY FROM JUNCTION WITH LUDHIANA-MOGA ROAD (NH-5) NEAR MULLANPUR DAKHA TO 12-2020 4/2024,NHAI,ROAD TRANSPORT & HIGHWAYS,PUNJAB,2020-12,2024-04,1234.4,Mega,3,0,1,0.0,1859033.7722695584,2024-03
262175,N24001274,IMPROVEMENT/UPGRADATION OF EXISTING 2-LANE TO 4-LANE DIVIDED HIGHWAY FROM TAPHOU KUKI TO DAILI SECTI 8-2020 4/2022,NHIDCL,ROAD TRANSPORT & HIGHWAYS,MANIPUR,2020-08,2022-04,379.39,Major,4,0,2,0.0,57850.0,2024-03
26400,N24001840,CONSTRUCTION OF MANGALDOI BYPASS (NH-15) STARTING AT CH 26+400 AND TERMINATING AT CH 41+505 UNDER RA 3-2022 4/2025 {4/2025},MoRTH,ROAD TRANSPORT & HIGHWAYS,ASSAM,2022-03,2025-04,535.03,Major,2,0,1,0.0,2965.3846153846152,2024-03
293000,N24001678,6L GREENFIELD BAUNSAGUAR - BARAJA SECTION OF NH-130-CD ROAD FROM KM 293+000 TO KM 338+500 (PACKAGE ? 8-2021 6/2024 {12/2025},NHAI,ROAD TRANSPORT & HIGHWAYS,ODISHA COAL,2021-08,2024-06,1460.0,Mega,2,0,0,0.0,0.0,2024-03
297700,N24001400,SENAPATI- IMPHAL PKG-5B 3-2021 1/2023,NHIDCL,ROAD TRANSPORT & HIGHWAYS,MANIPUR,2021-03,2023-01,211.7,Major,3,0,0,0.0,0.0,2024-03
298500,N24001659,SIX LANING FROM START OF VALANCHERY BYPASS TO KAPPIRIKKAD-SECTION OF NH- 66(OLD NH-17) FROM DESIGN CH 2-2021 7/2024,NHAI,ROAD TRANSPORT & HIGHWAYS,KERALA,2021-02,2024-07,3375.31,Mega,2,0,1,0.0,0.0,2024-03
33604,N24001482,KHAMMAM-DEVARAPALLE PKG I [4L ACCESS CONTROLLED (GREENFIELD) FROM THALLAMPADU VILLAGE TO SOMAVARAM 8-2022 10/2024 {10/2024},NHAI,ROAD TRANSPORT & HIGHWAYS,TELANGANA COAL,2022-08,2024-10,772.11,Major,2,0,0,0.0,0.0,2024-03
342500,N24001665,6L GREENFIELD KANDILI - ALURU SECTION OF NH-130-CD ROAD FROM KM 342+500 TO KM 365+033 (PACKAGE-OD-8 12-2021 10/2024 {12/2025},NHAI,ROAD TRANSPORT & HIGHWAYS,ODISHA COAL,2021-12,2024-10,1592.0,Mega,2,0,0,0.0,0.0,2024-03
34795,N24001976,WIDENING TO 2 LANE WITH HARD SHOULDER OF AKEGWO- AVANGKHU SECTION OF NH- 202K FOR PACKAGE-I (DESIGN CH 12-2022 2/2026 {2/2026},NHIDCL,ROAD TRANSPORT & HIGHWAYS,ODISHA COAL,2022-12,2026-02,430.24,Major,1,0,0,0.0,0.0,2024-03
362420,N24001420,DELHI-AMRITSAR-KATRA EXPRESSWAY (PHASE-I PKG-XII) FROM JUNCTION WITH AMRITSAR-MEHTA- SRIHARGOBINDPUR- 2-2021 4/2024,NHAI,ROAD TRANSPORT & HIGHWAYS,PUNJAB,2021-02,2024-04,853.66,Major,3,0,1,0.0,1854723.8021638333,2024-03
372000,N24001903,REHABILITATION AND UP- GRADATION OF MUDKHED TO NANDED SECTION FROM KM. 372+000 TO KM 388+400 OF NH 16 8-2022 4/2025 {4/2025},MoRTH,ROAD TRANSPORT & HIGHWAYS,MAHARASHTRA CIVIL AVIATION,2022-08,2025-04,206.54,Major,1,0,0,0.0,0.0,2024-03
37352,N24001867,UPGRADATION OF TWO LANE PAVED SHOULDER FROM SHAHPURA TO THANAGAZI OF NH-248A ON EPC MODE IN THE STAT 3-2022 7/2024 {6/2025},MoRTH,ROAD TRANSPORT & HIGHWAYS,RAJASTHAN CIVIL AVIATION,2022-03,2024-07,174.34,Major,1,0,0,0.0,0.0,2024-03
37900,N24001902,REHABILITATION AND UP- GRADATION OF SABALKHED TO ASHTI SECTION FROM KM 37+900 TO KM 55+100 AND CHINCH 12-2022 9/2024 {9/2024},MoRTH,ROAD TRANSPORT & HIGHWAYS,MAHARASHTRA CIVIL AVIATION,2022-12,2024-09,213.32,Major,1,0,0,0.0,0.0,2024-03
38770,N24002093,"IMPROVEMENT , UP-GRADATION OF NH-734 SECTION OF MORADABAD - THAKURDWARA - KASHIPUR: ?PACKAGE-I: MORA 10-2022 9/2025 {9/2025}",NHAI,ROAD TRANSPORT & HIGHWAYS,UTTAR PRADESH,2022-10,2025-09,1841.92,Mega,1,0,0,0.0,0.0,2024-03
400005,N18000337,TRANSMISSION NETWORK EXPANSION IN GUJARAT TO INCREASE ATC FROM ISTS: PART B 7-2022 6/2023 {9/2025},PGCIL,POWER,MULTI STATE COAL,2022-07,2023-06,4546.26,Mega,2,0,0,0.0,0.0,2024-03
400010,N04000078,CONSTRUCTION OF TERMINAL BUILDING AND ASSOCIATED WORKS AT LEH AIRPORT 7-2018 9/2021,AAI,CIVIL AVIATION,CIVIL AVIATION,2018-07,2021-09,480.33,Major,5,0,0,0.0,0.0,2024-03
400019,N22000514,DHULE (BORVIHIR)-NARDANA 1-2019 12/2026 {3/2028},UMBRELLA WORK,CIVIL AVIATION,MAHARASHTRA CIVIL AVIATION,2019-01,2026-12,492.76,Major,2,0,1,0.0,0.0,2024-03
400022,N22000592,TARANGA HILL ABU ROAD VIA AMBAJI NEW LINE 7-2022 7/2030 {12/2026},NWR,RAILWAYS,GUJARAT CIVIL AVIATION,2022-07,2030-07,2798.16,Mega,2,0,0,0.0,0.0,2024-03
400023,N22000558,HASSAN (ALUR) - BELUR (32 KM) (UMBRELLA WORK PB#23/2018- 19/NR) 6-2019 4/2028 {3/2028},SWR,RAILWAYS,KARNATAKA CIVIL AVIATION,2019-06,2028-04,748.86,Major,2,0,1,0.0,1903.125,2024-03
400033,N06000254,BHATADI EXPANSION OC 5-2022 3/2028 {3/2028},WCL,COAL,MAHARASHTRA CIVIL AVIATION,2022-05,2028-03,580.6,Major,2,0,0,0.0,0.0,2024-03
400035,N16000495,"Grass Root Rail-fed Depot at Sekerkote, Agartala as resitement of existing Dharmanagar Depot",Indian Oil Corporation Limited [IOCL],OTHER CENTRAL SECTOR,TRIPURA,2022-06,2025-09,656.0,Major,2,0,1,0.0,7.547169811320755,2024-03
400043,N16000455,LAYING OF POL PIPELINES IN COMMON CORRIDOR FOR PROPOSED GRASS ROOT TERMINAL AT VALLUR 1-2022 7/2024,CHENNAI,CIVIL AVIATION,TAMIL NADU CIVIL AVIATION,2022-01,2024-07,829.0,Major,2,0,0,0.0,0.0,2024-03
400073,N06000245,EXPANSION OF KONAR OCP 1-2022 3/2032 {3/2032},CCL,COAL,JHARKHAND COAL,2022-01,2032-03,799.34,Major,3,0,0,0.0,0.0,2024-03
400074,N06000246,EXPANSION OF KARO OCP 1-2022 3/2029 {3/2029},CCL,COAL,JHARKHAND COAL,2022-01,2029-03,908.47,Major,3,0,0,0.0,0.0,2024-03
400077,N16000438,"GRASS ROOT POL TERMINAL AT VALLUR, CHENNAI 1-2022 7/2024",IOCL,PETROLEUM & NATURAL GAS,TAMIL NADU CIVIL AVIATION,2022-01,2024-07,827.0,Major,3,1,2,5.0,0.0,2024-03
400078,N16000435,NEW MUNDRA-PANIPAT CRUDE OIL PIPELINE 12-2021 10/2024,IOCL,PETROLEUM & NATURAL GAS,RAJASTHAN CIVIL AVIATION,2021-12,2024-10,9028.0,Mega,3,0,0,0.0,0.0,2024-03
400087,N16000431,REDEVELOPMENT OF SOBHASAN COMPLEX 8-2021 2/2026 {2/2026},ONGC,PETROLEUM & NATURAL GAS,GUJARAT CIVIL AVIATION,2021-08,2026-02,885.63,Major,3,0,0,0.0,0.0,2024-03
400119,N16000213,LIFE EXTENSION OF WALL PLATFORMS OF MUMBAI HIGH AND HEERA FIELDS 12-2015 4/2018,ONGC,PETROLEUM & NATURAL GAS,MAHARASHTRA CIVIL AVIATION,2015-12,2018-04,3190.69,Mega,9,0,0,0.0,0.0,2024-03
400120,N16000247,KG-DWN-98-2 CLUSTER II DEVELOPMENT PROJECT 3-2016 6/2020,ONGC,PETROLEUM & NATURAL GAS,ANDHRA PRADESH,2016-03,2020-06,34012.0,Mega,8,0,2,0.0,0.0,2024-03
400138,N06000238,CHANDRAGUPT OCP 8-2020 3/2032 {3/2032},CCL,COAL,JHARKHAND COAL,2020-08,2032-03,973.5,Major,3,0,2,0.0,0.0,2024-03
400139,N06000237,KOTRE BASANTPUR PACHMO OCP 8-2020 3/2032 {3/2032},CCL,COAL,JHARKHAND COAL,2020-08,2032-03,625.4,Major,3,0,0,0.0,0.0,2024-03
400141,N10000010,5TH STREAM ALUMINA REFINERY EXPANSION PROJECT 12-2014 4/2021,NALCO,COAL,ODISHA COAL,2014-12,2021-04,4103.0,Mega,8,0,0,0.0,0.0,2024-03
400142,N06000193,PACHWARA SOUTH COAL BLOCK 7-2013 9/2028 {9/2028},NLC,COAL,JHARKHAND COAL,2013-07,2028-09,2242.92,Mega,4,1,0,73.0,0.0,2024-03
400144,N06000199,PORDA CHIMTAPANI OCP (10 MTY) 12-2020 3/2029 {3/2029},SECL,COAL,CHHATTISGARH COAL,2020-12,2029-03,2310.12,Mega,4,1,2,0.0,3061.0000000000005,2024-03
400148,N06000148,AMADAND OPENCAST EXPANSION PROJECT 3-2016 3/2021,SECL,COAL,MADHYA PRADESH,2016-03,2021-03,869.44,Major,8,0,2,0.0,0.0,2024-03
400149,N06000197,BAROUD OC EXPANSION (3-10 MTY) 8-2020 3/2029 {3/2029},SECL,COAL,CHHATTISGARH COAL,2020-08,2029-03,2309.8,Mega,4,0,1,0.0,3566.6666666666665,2024-03
400150,N06000216,REVISED PROJECT REPORT MAGADH EXPANSION OCP 8-2020 3/2028 {3/2028},CCL,COAL,JHARKHAND COAL,2020-08,2028-03,7254.37,Mega,3,2,2,0.0,0.0,2024-03
400151,N06000218,UCE OF EPR OF NORTH URIMARI OCP 7-2021 3/2029 {3/2029},CCL,COAL,JHARKHAND COAL,2021-07,2029-03,778.8,Major,3,0,0,0.0,0.0,2024-03
400152,N06000233,RAMPUR BATURA OC (4.0 MTY) 7-2019 3/2026 {3/2026},SECL,COAL,MADHYA PRADESH,2019-07,2026-03,1248.93,Mega,3,0,0,0.0,0.0,2024-03
400153,N06000243,EPR ROHINI KARKATA OCP 1-2021 3/2028 {3/2028},CCL,COAL,JHARKHAND COAL,2021-01,2028-03,1020.42,Mega,3,1,0,36.0,0.0,2024-03
400154,N06000242,EPR PUNDI OCP 11-2020 3/2027 {3/2027},CCL,COAL,JHARKHAND COAL,2020-11,2027-03,713.35,Major,3,1,2,36.0,0.0,2024-03
400155,N06000247,EXPANSION OF ASHOK OCP 5-2021 3/2028 {3/2028},CCL,COAL,JHARKHAND COAL,2021-05,2028-03,2898.28,Mega,3,1,0,24.0,0.0,2024-03
400156,N06000217,EXPANSION PROJECT AMRAPALI OCP 8-2020 3/2028 {3/2028},CCL,COAL,JHARKHAND COAL,2020-08,2028-03,5136.15,Mega,3,0,0,0.0,0.0,2024-03
400160,N06000087,RAJRAPPA RCE OCP ( 3.0 MTY) 12-2009 3/2016 {3/2027},CCL,COAL,JHARKHAND COAL,2009-12,2016-03,510.85,Major,11,2,0,108.0,0.0,2024-03
400162,N06000184,BLOCK-B EXPANSION OPENCAST PROJECT 7-2019 3/2023 {3/2027},NCL,COAL,MADHYA PRADESH,2019-07,2023-03,998.71,Major,5,0,0,0.0,0.0,2024-03
400165,N06000249,SUBHADRA OCP 5-2021 3/2029,MCL,COAL,ODISHA COAL,2021-05,2029-03,1693.81,Mega,3,0,1,0.0,0.0,2024-03
400166,N06000113,SIARMAL OCP (40.00MTY) 2-2021 3/2029 {3/2029},MCL,COAL,ODISHA COAL,2021-02,2029-03,5194.96,Mega,10,0,1,0.0,0.0,2024-03
400167,N16000279,REDEVELOPMENT OF SANTHAL FIELD 2-2017 3/2026 {3/2026},ONGC,PETROLEUM & NATURAL GAS,GUJARAT CIVIL AVIATION,2017-02,2026-03,1162.56,Mega,7,2,2,0.0,0.0,2024-03
400168,N16000430,SETTING UP 500KTPA PROPANE DEHYDROGENATION INTEGRATED WITH POLYPROPYLENE UNIT ALONG WITH OFFSITE AND 5-2019 4/2025,GAIL,PETROLEUM & NATURAL GAS,MAHARASHTRA CIVIL AVIATION,2019-05,2025-04,8797.0,Mega,3,0,2,0.0,0.0,2024-03
400169,N16000428,REDEVELOPMENT OF LINCH FIELD 4-2021 3/2025 {7/2025},ONGC,PETROLEUM & NATURAL GAS,GUJARAT CIVIL AVIATION,2021-04,2025-03,631.03,Major,3,0,2,0.0,0.0,2024-03
400171,N16000402,"SECOND GENERATION ETHANOL BIOREFINERY PROJECT, BATHINDA, PUNJAB 5-2020 2/2023",HPCL,PETROLEUM & NATURAL GAS,PUNJAB,2020-05,2023-02,1421.46,Mega,4,2,2,10.0,0.0,2024-03
400172,N06000169,CHITRA EAST (RCE) OCP 8-2018 3/2026,ECL,COAL,JHARKHAND COAL,2018-08,2026-03,513.98,Major,6,0,2,0.0,0.0,2024-03
400173,N06000236,MOHANPUR EXPANSION OC PHASE II 11-2020 3/2026 {3/2026},ECL,COAL,WEST BENGAL CIVIL AVIATION,2020-11,2026-03,888.99,Major,3,0,0,0.0,0.0,2024-03
400174,N12000095,NEW SINTER PLANT AT BOKARO STEEL PLANT 3-2015 10/2017,SAIL,COAL,JHARKHAND COAL,2015-03,2017-10,1034.01,Mega,9,0,0,0.0,0.0,2024-03
400177,N06000132,AMALGAMATED YEKONA-I YEKONA-II 8-2015 3/2025 {3/2025},WCL,COAL,MAHARASHTRA CIVIL AVIATION,2015-08,2025-03,727.28,Major,9,0,0,0.0,0.0,2024-03
400178,N06000222,DINESH (MAKARDHOKDA-III) OC 2-2020 3/2027 {3/2027},8.0 MTY,CIVIL AVIATION,MAHARASHTRA CIVIL AVIATION,2020-02,2027-03,822.88,Major,3,0,0,0.0,0.0,2024-03
400180,N06000244,BONJEMEHARI EXPANSION OCP 8-2021 3/2026,ECL,COAL,WEST BENGAL CIVIL AVIATION,2021-08,2026-03,570.12,Major,3,0,2,0.0,0.0,2024-03
400181,N06000170,NAKRAKONDA KUMARDIH B OCP 8-2018 3/2029 {3/2029},ECL,COAL,WEST BENGAL CIVIL AVIATION,2018-08,2029-03,502.68,Major,6,0,1,0.0,0.0,2024-03
400182,N06000165,SIDULI MINE (OC AND UG) 5-2018 3/2027 {3/2027},ECL,COAL,WEST BENGAL CIVIL AVIATION,2018-05,2027-03,535.18,Major,6,0,0,0.0,0.0,2024-03
400183,N06000230,BALARAM EXPANSION OCP 8-2020 3/2029 {3/2029},MCL,COAL,ODISHA COAL,2020-08,2029-03,3504.21,Mega,3,0,2,0.0,0.0,2024-03
400185,N06000229,GOPALJI-KANIHA OCP 4-2022 3/2028 {3/2028},MCL,COAL,ODISHA COAL,2022-04,2028-03,6107.87,Mega,3,1,1,0.0,0.0,2024-03
400187,N06000167,INTEGRATED LAKHANPUR- BELPAHAR-LILARI OCP 5-2018 3/2027 {3/2027},MCL,COAL,ODISHA COAL,2018-05,2027-03,2434.75,Mega,6,0,0,0.0,0.0,2024-03
400204,N22000569,BAHRAICH SRAVASTI BALRAMPUR (TULSIPUR) 10-2018 10/2030 {3/2028},NER,RAILWAYS,UTTAR PRADESH,2018-10,2030-10,4939.78,Mega,2,0,1,0.0,0.0,2024-03
400205,N22000565,SAHJANWA - DOHRIGHAT 8-2019 3/2029 {12/2027},NER,RAILWAYS,UTTAR PRADESH,2019-08,2029-03,371.77,Major,2,1,1,15.0,183337941.6666667,2024-03
400220,N22000489,KHARSIA DHARAMJAIGARH WITH SPUR LINE EAST CORRIDOR-PHASE I 4-2013 9/2018 {3/2026},IRCON,COAL,CHHATTISGARH COAL,2013-04,2018-09,3055.0,Mega,6,0,1,0.0,0.0,2024-03
400223,N22000626,NAGAPATTINAM THIRUTURAIPUNDI (38KM)- NEW LINE PROJECT 7-2008 3/2026,SR,RAILWAYS,TAMIL NADU CIVIL AVIATION,2008-07,2026-03,677.12,Major,2,0,0,0.0,0.0,2024-03
400231,N06000270,NLC TALABIRA THERMAL POWER PROJECT (PHASE-1: 3 X 800 MW) 1-2024 5/2029,NLC,COAL,ODISHA COAL,2024-01,2029-05,27213.0,Mega,1,0,0,0.0,0.0,2024-03
400232,N22000521,BRUNDAMAL-JHARSUGUDA- FLYOVER CONNECTION FOR JOINING DN LINE 12-2009 12/2026 {12/2026},ECOR,RAILWAYS,ODISHA COAL,2009-12,2026-12,296.51,Major,2,0,1,0.0,0.0,2024-03
400247,N22000624,NAHATI - RANAGHAT 3RD LINE (MM OF KALINARAYANPUR - KRISHNANAGAR) 7-2015 3/2025 {3/2025},ER,RAILWAYS,WEST BENGAL CIVIL AVIATION,2015-07,2025-03,1000.0,Mega,2,0,1,0.0,0.0,2024-03
400253,N22000409,VIZIANAGARAM -SAMABALPUR 3RD LINE 1-1991 12/2026 {12/2026},RVNL,RAILWAYS,ODISHA COAL,1991-01,2026-12,4803.16,Mega,8,1,0,225.0,0.0,2024-03
400259,N06000152,NEYVELI UTTAR PRADESH POWER PROJECT LIMITED 1980 MW 7-2016 11/2021,NLC,OTHER CENTRAL SECTOR,UTTAR PRADESH,2016-07,2021-11,17237.0,Mega,8,0,0,0.0,0.0,2024-03
400261,N18000275,PATRATU STPP-I (3X800MW) 11-2017 3/2023 {3/2026},NTPC,POWER,JHARKHAND COAL,2017-11,2023-03,17112.0,Mega,5,0,0,0.0,0.0,2024-03
400271,N22000231,WARDHA-NANDED MAHARASHTRA 4-2008 3/2027 {1/2026},CR,RAILWAYS,MAHARASHTRA CIVIL AVIATION,2008-04,2027-03,3445.48,Mega,11,2,1,131.0,0.0,2024-03
400275,N22000085,TIDIVANAM-NAGARI (NL) 9-2006 9/2016,SR,RAILWAYS,TAMIL NADU CIVIL AVIATION,2006-09,2016-09,3631.34,Mega,10,5,2,243.0,0.0,2024-03
400277,N22000110,NEW WORK FOR CONSTRUCTION OF METRO RAILWAY FROM NSCB AIRPORT TO NEW GARIA VIA RAJARHAT 4-2010 12/2025 {3/2026},MTP,CIVIL AVIATION,WEST BENGAL CIVIL AVIATION,2010-04,2025-12,8964.35,Mega,11,0,0,0.0,0.0,2024-03
400280,N22000028,"EXTENSION OF MRTS FROM VELACHERY TO STN. THOMAS, MTP 4-2006 7/2024",MRTP,CIVIL AVIATION,TAMIL NADU CIVIL AVIATION,2006-04,2024-07,734.01,Major,11,0,0,0.0,0.0,2024-03
400291,N22000318,KIRANDUL - JAGDALPUR DOUBLING 12-2012 3/2020 {3/2024},ECOR,RAILWAYS,CHHATTISGARH COAL,2012-12,2020-03,1588.7,Mega,10,1,0,24.0,0.0,2024-03
400298,N22000286,NADIKUDE-SRI KALAHASTI 4-2011 5/2027 {5/2027},SCR,RAILWAYS,ANDHRA PRADESH,2011-04,2027-05,2312.0,Mega,10,3,2,300.0,0.0,2024-03
400299,N10000016,POTTANGI BAUXITE MINES 5-2018 12/2024 {5/2025},NALCO,COAL,ODISHA COAL,2018-05,2024-12,1437.0,Mega,2,1,1,79.0,336.17021276595744,2024-03
400301,N16000234,IRUGUR-DEVANGONTHI POL PIPELINE 11-2012 2/2017,BPCL,PETROLEUM & NATURAL GAS,TAMIL NADU CIVIL AVIATION,2012-11,2017-02,678.0,Major,8,1,1,73.0,0.0,2024-03
400312,N06000223,EXPANSION PR OF JHANJRA UG 4-2020 3/2029 {3/2029},5.00 MTY,CIVIL AVIATION,WEST BENGAL CIVIL AVIATION,2020-04,2029-03,1210.12,Mega,3,0,0,0.0,0.0,2024-03
400313,N06000163,RANIGANJ MASTER PLAN 8-2009 8/2019 {8/2019},ECL,COAL,WEST BENGAL CIVIL AVIATION,2009-08,2019-08,2661.73,Mega,6,2,2,0.0,0.0,2024-03
400315,N06000220,SONEPUR BAZARI EXPANSION OC 7-2021 3/2029 {3/2029},ECL,COAL,WEST BENGAL CIVIL AVIATION,2021-07,2029-03,5365.88,Mega,3,0,0,0.0,0.0,2024-03
400321,N06000196,NIGAHI EXPANSION OCP (15 TO 25 MTPA) 11-2020 3/2025 {3/2028},NCL,COAL,MADHYA PRADESH,2020-11,2025-03,1729.68,Mega,4,0,2,0.0,506.6666666666666,2024-03
400352,N06000240,JHARKHAND LAIYO OCP 8-2020 3/2031 {3/2031},CCL,COAL,JHARKHAND COAL,2020-08,2031-03,764.57,Major,3,0,1,0.0,0.0,2024-03
400353,N06000209,DHUPTALA OC(SASTI UG TO OC) 10-2021 3/2028 {3/2028},WCL,COAL,MAHARASHTRA CIVIL AVIATION,2021-10,2028-03,711.0,Major,3,0,0,0.0,0.0,2024-03
400354,N06000200,DIPKA OC EXPANSION 40 MTY 12-2020 3/2029 {3/2029},SECL,COAL,CHHATTISGARH COAL,2020-12,2029-03,5241.4,Mega,4,0,0,0.0,0.0,2024-03
400369,N06000192,BINA KAKRI AMALGAMATION OCP 14 MTPA 8-2020 3/2024 {3/2027},NCL,COAL,MULTI STATE COAL,2020-08,2024-03,836.42,Major,4,0,0,0.0,0.0,2024-03
400392,N06000171,REORGANISATION OF BHARATPUR OCP EXPANSION 11-2018 3/2029 {3/2029},MCL,COAL,ODISHA COAL,2018-11,2029-03,2838.87,Mega,6,0,2,0.0,0.0,2024-03
400425,N06000098,MOONIDIH XV SEAM UG 8-2011 3/2019 {5/2026},BCCL,COAL,JHARKHAND COAL,2011-08,2019-03,1230.27,Mega,11,1,2,47.0,0.0,2024-03
40380,N24001919,UP GRADATION OF NH 130C ABHANPUR TO PAUND FROM NK KM 0.000 TO KM. 40.380 TO TWO LANE WITH PAVED SHOU 12-2020 9/2023,MoRTH,ROAD TRANSPORT & HIGHWAYS,CHHATTISGARH COAL,2020-12,2023-09,193.16,Major,1,0,0,0.0,0.0,2024-03
40430,N24001375,4 LANING OF ITANAGAR TO BANDARDEWA SECTION OF NH- 415 FROM KM 40+430 TO KM 51+735 (PACKAGE B) ON EPC 6-2020 3/2027 {3/2027},MoRTH,ROAD TRANSPORT & HIGHWAYS,ARUNACHAL PRADESH,2020-06,2027-03,496.47,Major,3,0,1,0.0,0.0,2024-03
42250,N24001925,Widening and Strengthening/Reconstruction to Two Lane with Paved Shoulder/ Two under EPC mode,MoRTH,ROAD TRANSPORT & HIGHWAYS,JHARKHAND,2022-03,2025-08,423.18,Major,1,0,0,0.0,0.0,2024-03
423500,N24001551,DELHI-AMRITSAR-KATRA EXPRESSWAY (PHASE-II PKG- XIV) FROM JUNCTION WITH PATHANKOT-GURDASPUR ROAD (NH-5 10-2021 9/2024,NHAI,ROAD TRANSPORT & HIGHWAYS,JAMMU AND KASHMIR,2021-10,2024-09,3044.02,Mega,2,0,1,0.0,2.4615384615384617,2024-03
43060,N24001441,REHABILITATION AND UPGRADATION OF NONGSTOIN TO WAHKAJI SECTION OF PROJECT ROAD KM 0.000 TO KM 43.06 8-2020 2/2022,MoRTH,ROAD TRANSPORT & HIGHWAYS,MEGHALAYA,2020-08,2022-02,302.88,Major,2,0,0,0.0,0.0,2024-03
45700,N24001843,6L ACCESS CONTROLLED GREENFIELD HIGHWAY FROM VANKARAKUNTA 45.700 KM. TO ODULAPALLE 72.000 KM. OF NH 12-2022 11/2025 {11/2025},NHAI,ROAD TRANSPORT & HIGHWAYS,ANDHRA PRADESH,2022-12,2025-11,992.89,Major,2,0,0,0.0,0.0,2024-03
468100,N24001552,DELHI-AMRITSAR-KATRA EXPRESSWAY (PHASE-II PKG- XV) [JUNCTION WITH HIRANAGAR ROAD NEAR VILLAGE GURHA B 10-2021 9/2024,NHAI,ROAD TRANSPORT & HIGHWAYS,JAMMU AND KASHMIR,2021-10,2024-09,2714.95,Mega,2,1,1,0.0,0.0,2024-03
503500,N24001550,DELHI-AMRITSAR-KATRA EXPRESSWAY (PHASE-II PKG- XVI) EXISTING JAKH (VIJAYPUR)- KUNJWANI SECTION OF NH-4 9-2021 9/2024,NHAI,ROAD TRANSPORT & HIGHWAYS,JAMMU AND KASHMIR,2021-09,2024-09,1821.72,Mega,2,0,0,0.0,0.0,2024-03
50500,N24001963,UPGRADATION OF NASRULLAGANI-REHTI-BUDHNI SCCTION TO 2-LANE WITH PAVED SHOULDER FROM KM 0+150 TO KM 12-2021 10/2024 {9/2025},MoRTH,ROAD TRANSPORT & HIGHWAYS,MADHYA PRADESH,2021-12,2024-10,305.12,Major,1,0,0,0.0,0.0,2024-03
50600,N24001926,CONSTRUCTION OF TWIN TUBE TUNNELS ON JAMMU KASHMIR RING ROAD (NH-244A) BETWEEN DESIGN CH. 50+600 TO 3-2023 6/2025 {6/2025},NHAI,ROAD TRANSPORT & HIGHWAYS,JAMMU AND KASHMIR,2023-03,2025-06,939.86,Major,1,0,0,0.0,0.0,2024-03
50860,N24002106,CONSTRUCTION OF NEW 4 LANE PRAYAGRAJ SOUTHERN BYPASS FROM DESIGN KM 50.860 (NABABA URF NIBI KALA UPA 8-2023 3/2025 {6/2025},NHAI,ROAD TRANSPORT & HIGHWAYS,UTTAR PRADESH,2023-08,2025-03,993.77,Major,1,0,0,0.0,0.0,2024-03
51700,N24001394,KHELLANI-KHANABAL PKG-2 7-2021 2/2023,NHIDCL,ROAD TRANSPORT & HIGHWAYS,JAMMU AND KASHMIR,2021-07,2023-02,512.43,Major,3,0,0,0.0,0.0,2024-03
52000,N24001338,CONSTRUCTION OF 2-LANE WITH PAVED SHOULDER OF NEW GREEN FIELD ALIGNMENT FROM CHOCHENPHERI AT KM 52.0,NHIDCL,ROAD TRANSPORT & HIGHWAYS,TRIPURA,2020-10,2023-12,816.79,Major,3,0,2,0.0,0.0,2024-03
55937,N24001123,SHIRUR TO KHARDA 2-2017 6/2019 {12/2023},MoRTH,ROAD TRANSPORT & HIGHWAYS,MAHARASHTRA CIVIL AVIATION,2017-02,2019-06,381.77,Major,5,0,1,0.0,1985104.549214227,2024-03
59000,N24001438,MERANGKONG-TAMLU-MON (MTM) PKG-5 7-2021 12/2023 {9/2025},NHIDCL,ROAD TRANSPORT & HIGHWAYS,NAGALAND,2021-07,2023-12,161.73,Major,2,0,0,0.0,0.0,2024-03
602098,N28000130,CONSTRUCTION OF PERMANENT CAMPUS OF IIM JAMMU (PHASE 1) 3-2019 7/2022,CPWD EDUCATION,OTHER CENTRAL SECTOR,JAMMU AND KASHMIR,2019-03,2022-07,424.93,Major,5,1,0,54.0,0.0,2024-03
602099,N42000008,ESTABLISHMENT OF PERMANENT CAMPUS PHASE 1 OF IIM SIRMAUR 9-2018 6/2022,CPWD EDUCATION,OTHER CENTRAL SECTOR,HIMACHAL PRADESH,2018-09,2022-06,392.51,Major,4,0,0,0.0,0.0,2024-03
602181,N18000325,TEESTA VI HE PROJECT 3-2019 3/2024 {12/2027},NHPC,POWER,SIKKIM,2019-03,2024-03,5748.04,Mega,3,0,2,0.0,0.0,2024-03
602182,N18000362,DIBANG MULTIPURPOSE PROJECT 2880 MW ARUNACHAL PRADESH 2-2023 2/2032 {2/2032},NHPC,POWER,ARUNACHAL PRADESH,2023-02,2032-02,31876.39,Mega,2,0,1,0.0,0.0,2024-03
602184,N18000178,Rammam-III HEPP [3x40 MW],National Thermal Power Corporation [NTPC],OTHER CENTRAL SECTOR,WEST BENGAL,2014-09,2019-09,1381.84,Mega,10,0,0,0.0,0.0,2024-03
602185,N18000014,TAPOVAN-VISHNUGAD HEP 11-2006 3/2013,4X130MW,OTHER CENTRAL SECTOR,UTTARAKHAND,2006-11,2013-03,2978.48,Mega,11,0,2,0.0,9450.0,2024-03
602193,N18000010,TEHRI PUMPED STORAGE PLANT(1000MW) 7-2006 7/2010,THDCIL,OTHER CENTRAL SECTOR,UTTARAKHAND,2006-07,2010-07,1657.0,Mega,8,1,2,67.0,0.0,2024-03
602195,N18000042,VISHNUGAD PIPALKOTI HYDRO ELECTRIC PROJECT 8-2008 6/2013 {3/2027},THDCIL,OTHER CENTRAL SECTOR,UTTARAKHAND,2008-08,2013-06,2491.58,Mega,11,2,1,35.0,0.0,2024-03
602223,N18000249,COMPREHENSIVE SCHEME FOR THE STRENGHTENING OF THE TRANSMISSION AND DISTRIBUTION SYSTEM IN A P 12-2014 12/2018,PGCIL,POWER,MULTI STATE COAL,2014-12,2018-12,4754.42,Mega,8,0,0,0.0,0.0,2024-03
602525,N18000172,PAKAL DUL HYDRO ELECTRIC PROJECT (1000 MW) 10-2014 4/2020,CVPPPL,OTHER CENTRAL SECTOR,JAMMU AND KASHMIR,2014-10,2020-04,8112.12,Mega,9,0,2,0.0,0.0,2024-03
602532,N18000278,KIRU HYDRO ELECTRIC PROJECT 3-2019 8/2024 {9/2026},CVPPPL,OTHER CENTRAL SECTOR,JAMMU AND KASHMIR,2019-03,2024-08,4287.59,Mega,3,0,0,0.0,0.0,2024-03
602535,N18000324,RATLE HE PROJECT 2-2021 2/2026 {11/2028},NHPC,POWER,JAMMU AND KASHMIR,2021-02,2026-02,5281.94,Mega,3,0,2,0.0,0.0,2024-03
602579,N18000194,BUXAR THERMAL POWER PLANT (1320 MW) 3-2019 1/2024 {9/2025},SJVN,POWER,BIHAR CIVIL AVIATION,2019-03,2024-01,10439.09,Mega,9,1,0,85.0,0.0,2024-03
602582,N18000291,DHAULASIDH HYDROELECTRIC PROJECT (66 MW) 10-2020 11/2025 {3/2027},SJVN,POWER,HIMACHAL PRADESH,2020-10,2025-11,687.97,Major,3,0,2,0.0,563.6363636363636,2024-03
602593,N18000279,LUHRI HYDROELECTRIC PROJECT (STAGE1) 11-2020 1/2026 {12/2028},SJVN,POWER,HIMACHAL PRADESH,2020-11,2026-01,1810.56,Mega,4,0,2,0.0,0.0,2024-03
602792,N22000572,Gauge conversion of Raipur(Kendri)- Dhamtari and Abhanpur-Rajim branch (67.20 km) 7-2011 10/2024 {6/2025},SECR,RAILWAYS,CHHATTISGARH COAL,2011-07,2024-10,1171.3,Mega,2,0,0,0.0,0.0,2024-03
602961,N18000364,TALCHER THERMAL POWER PROJECT STAGE III(2X660 MW) 8-2022 5/2027 {12/2027},NTPC,POWER,ODISHA COAL,2022-08,2027-05,11844.0,Mega,2,0,1,0.0,18850.0,2024-03
603293,N18000367,BADAM COAL MINING PROJECT 2-2019 10/2024,NTPC,POWER,JHARKHAND COAL,2019-02,2024-10,501.79,Major,2,1,1,0.0,0.0,2024-03
604791,N16000379,NUMALIGARH REFINERY EXPANSION PROJECT 6 MMTPA REFINARY 1-2019 10/2024 {12/2025},NRL,PETROLEUM & NATURAL GAS,ASSAM,2019-01,2024-10,12366.0,Mega,5,0,1,0.0,0.0,2024-03
604795,N16000434,CBR 9 MMTPA PROJECT 1-2021 6/2025 {6/2025},CPCL,CIVIL AVIATION,TAMIL NADU CIVIL AVIATION,2021-01,2025-06,31580.0,Mega,3,0,0,0.0,0.0,2024-03
604833,N16000503,ANDHERI RESIDENTIAL TOWERS MUMBAI 6-2017 5/2025,IOCL,PETROLEUM & NATURAL GAS,MAHARASHTRA CIVIL AVIATION,2017-06,2025-05,281.35,Major,1,0,0,0.0,0.0,2024-03
604852,N16000506,GRASS-ROOT TERMINAL AT MIRZAPUR UTTAR PRADESH 9-2022 6/2026 {11/2026},IOCL,PETROLEUM & NATURAL GAS,UTTAR PRADESH,2022-09,2026-06,980.45,Major,1,0,0,0.0,0.0,2024-03
604853,N16000375,R and D CAMPUS II AT FARIDABAD 6-2019 12/2022,IOCL,PETROLEUM & NATURAL GAS,HARYANA,2019-06,2022-12,2281.94,Mega,5,0,2,0.0,0.0,2024-03
604859,N16000396,INTEGRATED PARA XYLENE (PX) AND PURIFIED TEREPHTHALIC ACID (PTA) PROJECT AT PARADIP REFINERY 7-2020 1/2024,IOCL,PETROLEUM & NATURAL GAS,ODISHA COAL,2020-07,2024-01,13805.0,Mega,4,0,0,0.0,0.0,2024-03
604863,N16000331,DEVELOPMENT OF SURFACE FACILITIES FOR PRODUCTION AND EVACUATION OF CRUDE OIL AND NATURAL GAS FROM NA 1-2018 2/2020,OIL,PETROLEUM & NATURAL GAS,ASSAM,2018-01,2020-02,543.91,Major,6,0,1,0.0,0.0,2024-03
605155,N18000363,KWAR HE PROJECT 5-2022 11/2026 {12/2027},CVPPPL,OTHER CENTRAL SECTOR,JAMMU AND KASHMIR,2022-05,2026-11,4526.12,Mega,2,0,0,0.0,0.0,2024-03
605156,N18000326,RANGIT IV HE PROJECT 3-2021 5/2024 {12/2025} 4-2008 5/2015,NHPC,POWER,SIKKIM,2021-03,2024-05,938.29,Major,3,0,1,0.0,0.0,2024-03
605292,N28000142,"CONSTRUCTION OF PERMANENT CAMPUS OF INDIAN INSTITUTE OF MANAGEMENT (IIM) AMRITSAR, PUNJAB. 10-2019 5/2022 {7/2025}",CPWD EDUCATION,OTHER CENTRAL SECTOR,PUNJAB,2019-10,2022-05,348.24,Major,4,0,0,0.0,0.0,2024-03
606431,N28000140,"C/O PERMANENT CAMPUS OF IIT PALAKKAD PHASE IA AT PUDESSERY VILLAGE,KANJIKODE WEST, DISTRICT PALAKKA 7-2019 3/2021 {11/2025}",CPWD EDUCATION,OTHER CENTRAL SECTOR,KERALA,2019-07,2021-03,753.63,Major,5,1,1,18.0,0.0,2024-03
607701,N16000414,EXPANSION OF GUWAHATI REFINERY FROM 1 TO 1.2 MMTPA ALONG WITH INSTALLATION OF CATALYTIC REFORMING UN 5-2021 10/2023,IOCL,PETROLEUM & NATURAL GAS,ASSAM,2021-05,2023-10,412.0,Major,3,0,0,0.0,0.0,2024-03
607709,N18000250,NORTH EASTERN REGION POWER SYSTEM IMPROVEMENT PROJECT (NERPSIP) FOR SIX (6) STATES 12-2014 12/2018,PGCIL,POWER,MULTI STATE COAL,2014-12,2018-12,5111.33,Mega,8,0,0,0.0,0.0,2024-03
60800,N24001633,CONSTRUCTION OF FOUR LANE GREENFIELD PROJECT OF DELHI-AMRITSAR-KATRA EXPRESSWAY (PHASE-I PKG-III) F 12-2020 12/2023,NHAI,ROAD TRANSPORT & HIGHWAYS,HARYANA,2020-12,2023-12,1430.88,Mega,2,0,0,0.0,0.0,2024-03
609019,N28000146,CONSTRUCTION OF TWO NOS GIRLS HOSTELS AND ONE NO BOYS HOSTEL OF 500 CAPACITY EACH G PLUS 8 STOREYED 3-2020 6/2020 {5/2024} 10-2014 4/2018 {8/2025},CPWD EDUCATION,CIVIL AVIATION,WEST BENGAL CIVIL AVIATION,2020-03,2020-06,193.83,Major,4,0,0,0.0,0.0,2024-03
609736,N44000002,"CONSTRUCTION OF SIKKIM UNIVERSITY CAMPUS PHASE-I, PACKAGE -II AT YANGANG SOUTH SIKKIM 8-2020 1/2025 {1/2025}",Sikkim Universi,OTHER CENTRAL SECTOR,SIKKIM,2020-08,2025-01,314.06,Major,2,0,0,0.0,0.0,2024-03
610315,N28000126,INDIAN INSTITUTE OF SCIENCE EDUCATION AND RESEARCH BERHAMPUR 1-2019 3/2022 {6/2025},CPWD EDUCATION,COAL,ODISHA COAL,2019-01,2022-03,790.79,Major,5,0,0,0.0,0.0,2024-03
610984,N16000445,DEVELOPMENT OF JHARIA CBM BLOCK (PHASE-1) 11-2019 1/2024,ONGC,PETROLEUM & NATURAL GAS,JHARKHAND COAL,2019-11,2024-01,431.0,Major,2,0,0,0.0,0.0,2024-03
611016,N06000195,2.0 MTPA BHOJUDIH NLW WASHERY 12-2015 9/2020 {5/2025},BCCL,COAL,WEST BENGAL CIVIL AVIATION,2015-12,2020-09,384.57,Major,4,1,2,0.0,1700.0,2024-03
611017,N06000194,PATHERDIH 2.5 NLW COAL WASHERY 10-2015 4/2018 {3/2026},BCCL,COAL,JHARKHAND COAL,2015-10,2018-04,334.27,Major,4,0,2,0.0,1660.0000000000002,2024-03
611047,N04000107,JAMMU - CONSTRUCTION OF NEW CIVIL ENCLAVE 7-2022 6/2026,AAI,CIVIL AVIATION,CIVIL AVIATION,2022-07,2026-06,861.37,Major,1,0,0,0.0,0.0,2024-03
611452,N22000434,MUMBAI CENTRAL VIRAR VADODARA AHMEDABAAD TRAIN PROTECTION SYSTEM 500 RKM 3-2010 10/2024 {3/2024},WR,RAILWAYS,MAHARASHTRA CIVIL AVIATION,2010-03,2024-10,311.0,Major,7,2,0,144.0,0.0,2024-03
611586,N18000344,SUNNI DAM HYDRO ELECTRIC PROJECT 1-2023 4/2028 {12/2028} 4-2008 12/2026 {3/2025},SJVN,POWER,HIMACHAL PRADESH,2023-01,2028-04,2614.51,Mega,2,0,1,0.0,4090887.272727273,2024-03
611735,N18000378,TS FOR EVACUATION POWER FROM REZ IN RAJASTHAN (20GW) UNDER PHASE-III PART J 12-2022 3/2025,PGCIL,POWER,RAJASTHAN CIVIL AVIATION,2022-12,2025-03,331.0,Major,1,0,0,0.0,0.0,2024-03
611752,N22000585,DOUBLING BETWEEN GOOTY- PENDAKALLU (29.225) 3-2023 3/2027 {3/2027},SCR,RAILWAYS,ANDHRA PRADESH,2023-03,2027-03,351.83,Major,2,0,0,0.0,0.0,2024-03
611849,N22000608,GC OF NATHDWARA - DEVGARH MADARIYA (82.5KM) 1-2023 6/2028 {12/2026},NWR,RAILWAYS,RAJASTHAN CIVIL AVIATION,2023-01,2028-06,968.92,Major,2,0,0,0.0,0.0,2024-03
611861,N22000606,DOUBLING BETWEEN REWARI- KATHUWAS (27.73 KM) 2-2023 6/2027 {12/2025},NWR,RAILWAYS,HARYANA,2023-02,2027-06,352.41,Major,2,0,0,0.0,0.0,2024-03
611884,N22000604,DOUBLING BETWEEN BHIWANI- DOBH BAHALI 2-2023 2/2028 {12/2025},NWR,RAILWAYS,HARYANA,2023-02,2028-02,471.06,Major,2,0,1,0.0,3921576.292335116,2024-03
611917,N16000458,POLY BUTADIENE RUBBER PLANT AT PANIPAT 3-2022 3/2025,IOCL,PETROLEUM & NATURAL GAS,HARYANA,2022-03,2025-03,1459.0,Mega,2,0,0,0.0,0.0,2024-03
611943,N22000550,NEW BG LINE BETWEEN NALIYA- JAKHAU PORT 2-2023 1/2028,WR,RAILWAYS,GUJARAT CIVIL AVIATION,2023-02,2028-01,410.46,Major,2,0,0,0.0,0.0,2024-03
611945,N22000538,PETLAD-BHADRAN (22.5 KM) 5-2022 5/2030,WR,RAILWAYS,GUJARAT CIVIL AVIATION,2022-05,2030-05,202.5,Major,2,0,1,0.0,0.0,2024-03
611947,N18000379,TS FOR EVACUATION POWER FROM REZ IN RAJASTHAN (20GW) UNDER PHASE-III PART E2 11-2023 6/2025 {9/2025},PGCIL,POWER,RAJASTHAN CIVIL AVIATION,2023-11,2025-06,428.0,Major,1,0,0,0.0,0.0,2024-03
611948,N18000374,TS FOR EVACUATION POWER FROM REZ IN RAJASTHAN (20GW) UNDER PHASE-III PART H 10-2023 4/2025 {8/2025},PGCIL,POWER,RAJASTHAN CIVIL AVIATION,2023-10,2025-04,2211.0,Mega,1,0,0,0.0,0.0,2024-03
611949,N18000375,TS FOR EVACUATION POWER FROM REZ IN RAJASTHAN (20GW) UNDER PHASE-III PART C1 10-2023 4/2025,PGCIL,POWER,RAJASTHAN CIVIL AVIATION,2023-10,2025-04,1796.0,Mega,1,0,0,0.0,0.0,2024-03
611951,N18000373,"TS FOR EVACUATION OF POWER FROM REZ IN RAJASTHAN (20GW) UNDER PHASE-III, PART E1 8-2023 2/2025 {9/2025}",PGCIL,POWER,RAJASTHAN CIVIL AVIATION,2023-08,2025-02,688.74,Major,1,0,0,0.0,0.0,2024-03
611966,N18000377,TS FOR EVACUATION OF 7GW RE INJECTION AT KHAVDA PS UNDER PHASE-IV PART E4 11-2023 7/2025 {9/2025},PGCIL,POWER,MAHARASHTRA CIVIL AVIATION,2023-11,2025-07,224.0,Major,1,0,0,0.0,0.0,2024-03
611967,N18000380,TRANSMISSION SCHEME FOR SOLAR ENERGY ZONE IN ANANTHPURAM (2500MW) AND KURNOOL (1000MW) 9-2023 3/2025 {9/2025},PGCIL,POWER,ANDHRA PRADESH,2023-09,2025-03,1249.0,Mega,1,0,0,0.0,0.0,2024-03
611970,N22000540,SAMLAYA-TIMBA ROAD (53.53 KM) 2-2023 3/2030,WR,RAILWAYS,GUJARAT CIVIL AVIATION,2023-02,2030-03,670.0,Major,2,0,0,0.0,0.0,2024-03
611971,N22000541,SAMNI-JAMBUSAR (24.08 KM) 5-2022 3/2030,WR,RAILWAYS,GUJARAT CIVIL AVIATION,2022-05,2030-03,216.72,Major,2,0,0,0.0,0.0,2024-03
612072,N22000532,4TH LINE BETWEEN BAREJADI NANDEJ (GERATPUR)- SANAND (38.20 KM) (AHMEDABAD BYPASS). 2-2023 3/2027,WR,RAILWAYS,GUJARAT CIVIL AVIATION,2023-02,2027-03,961.67,Major,2,1,1,0.0,550013200.0,2024-03
612096,N22000206,NEW BG LINE FROM BALURGHAT TO HILLY NFR 4-2010 3/2027 {3/2027},NFR,RAILWAYS,MULTI STATE COAL,2010-04,2027-03,1208.67,Mega,11,3,0,119.0,0.0,2024-03
612781,N12000132,REBUILDING OF COKE OVEN BATTERY NO.4 OF DURGAPUR STEEL PLANT 11-2023 12/2026 {12/2026},SAIL,CIVIL AVIATION,WEST BENGAL CIVIL AVIATION,2023-11,2026-12,916.78,Major,1,0,0,0.0,0.0,2024-03
612786,N04000106,KADAPPA AIRPORT- CONSTRUCTION OF NEW DOMESTIC TERMINAL BUILDING AND MISCELLANEOUS WORKS INCLUDING MA 3-2023 1/2026 {1/2026},AAI,CIVIL AVIATION,ANDHRA PRADESH,2023-03,2026-01,265.91,Major,1,0,0,0.0,0.0,2024-03
612787,N04000108,HUBBALI AIRPORT - CONSTRUCTION OF NEW DOMESTIC TERMINAL BUILDING AND MISCELLANEOUS WORKS 6-2023 2/2026 {2/2026},AAI,CIVIL AVIATION,KARNATAKA CIVIL AVIATION,2023-06,2026-02,320.47,Major,1,0,0,0.0,0.0,2024-03
612788,N04000105,BELAGAVI AIRPORT- EXPANSION OF TERMINAL BUILDING AND ASSOCIATED WORKS 6-2023 2/2026 {2/2026},AAI,CIVIL AVIATION,KARNATAKA CIVIL AVIATION,2023-06,2026-02,322.45,Major,1,0,0,0.0,0.0,2024-03
612790,N16000509,POWER SYSTEM UPGRADATION PROJECT 10-2023 2/2026 {2/2026},MANGALORE REFIN,CIVIL AVIATION,KARNATAKA CIVIL AVIATION,2023-10,2026-02,385.0,Major,1,0,0,0.0,0.0,2024-03
612791,N04000109,"NSCBI AIRPORT KOLKATA: RE- CONSTRUCTION OF RIGID POSITIONS OF SECONDARY RUNWAY, 'K' AND 'A' TAXIWAY 4-2023 10/2025 {10/2025}",AAI,CIVIL AVIATION,WEST BENGAL CIVIL AVIATION,2023-04,2025-10,328.3,Major,1,0,0,0.0,0.0,2024-03
612815,N22000573,NIPANIA-BHATAPRA (14.4 KM) 4TH LINE (PB#72/NR/2022-23) 9-2022 12/2026 {12/2026},SECR,RAILWAYS,CHHATTISGARH COAL,2022-09,2026-12,170.49,Major,2,0,1,0.0,0.0,2024-03
612819,N06000269,300 MW SPP part of 510 MW CPSU scheme,NLC India Limited [NLCIL],OTHER CENTRAL SECTOR,RAJASTHAN,2023-03,2024-09,1813.0,Mega,1,0,0,0.0,0.0,2024-03
612885,N42000001,CONSTRUCTION AND DEVELOPMENT OF NATINAL INSTITUTE OF TECHNOLOGY MEGHALAYA PERMANENT CAMPUS AT SOHRA 9-2013 9/2014,RITES OF HIGHER,OTHER CENTRAL SECTOR,MEGHALAYA,2013-09,2014-09,484.32,Major,5,0,0,0.0,0.0,2024-03
612894,N42000011,CONSTRUCTION OF PERMANENT CAMPUSES OF CENTRAL UNIVERSITY OF HIMACHAL PRADESH AT DEHRA AND DHARAMSHAL 3-2021 11/2024,CPWD,OTHER CENTRAL SECTOR,HIMACHAL PRADESH,2021-03,2024-11,512.37,Major,1,0,0,0.0,0.0,2024-03
613793,N06000191,SHYAMSUNDARPUR UG INCLUDING SAPI UNIT 4-2020 3/2026,ECL,COAL,WEST BENGAL CIVIL AVIATION,2020-04,2026-03,483.65,Major,4,0,0,0.0,0.0,2024-03
613798,N06000123,AMERA OC RCE 2-2015 3/2018,SECL,COAL,CHHATTISGARH COAL,2015-02,2018-03,335.97,Major,10,0,2,0.0,0.0,2024-03
613799,N06000135,AMGAON OPENCAST PROJECT RCE 7-2015 3/2020,SECL,COAL,CHHATTISGARH COAL,2015-07,2020-03,316.1,Major,9,0,1,0.0,0.0,2024-03
613800,N06000232,JAGANNATHPUR OC RCE (3.0 MTY) 7-2016 3/2020,SECL,COAL,CHHATTISGARH COAL,2016-07,2020-03,459.49,Major,3,0,0,0.0,0.0,2024-03
613801,N06000164,MAHAMAYA OPENCAST PROJECT 5-2018 3/2026 {3/2026},SECL,COAL,CHHATTISGARH COAL,2018-05,2026-03,410.26,Major,6,0,2,0.0,0.0,2024-03
613802,N06000125,KANCHAN OC EXPANSION 12-2014 3/2021,SECL,COAL,MADHYA PRADESH,2014-12,2021-03,371.04,Major,10,0,2,0.0,0.0,2024-03
613803,N06000166,JHIRIA WEST OPENCAST PROJECT 1-2024 3/2029 {3/2029},SECL,COAL,CHHATTISGARH COAL,2024-01,2029-03,366.94,Major,6,0,2,0.0,0.0,2024-03
613804,N06000250,TAWA III UG MINE 12-2021 3/2027 {3/2027},WCL,COAL,MADHYA PRADESH,2021-12,2027-03,314.09,Major,2,0,0,0.0,0.0,2024-03
613808,N06000096,MURAIDIH UG TURN-KEY PROJECT 2-2011 4/2014 {1/2026},BCCL,COAL,JHARKHAND COAL,2011-02,2014-04,339.88,Major,11,0,2,0.0,0.0,2024-03
615183,N06000208,KHADIA EXPANSION OCP 6-2021 3/2025 {3/2027} 5-2019 1/2022,NCL,COAL,UTTAR PRADESH,2021-06,2025-03,491.67,Major,3,0,1,0.0,0.0,2024-03
615184,N06000251,SAONER UG MINE I EXPANSION 1-2022 3/2028 {3/2028},WCL,COAL,MAHARASHTRA CIVIL AVIATION,2022-01,2028-03,228.64,Major,2,0,0,0.0,0.0,2024-03
615185,N06000257,AMALGAMATED DHANKASA JAMUNIA UG (1.84 MTY) 9-2022 3/2027 {3/2027},WCL,COAL,MADHYA PRADESH,2022-09,2027-03,399.2,Major,2,1,1,58.0,0.0,2024-03
615186,N06000206,SASTI EXPANSION OC 8-2020 3/2026 {3/2026},WCL,COAL,MAHARASHTRA CIVIL AVIATION,2020-08,2026-03,319.04,Major,3,0,0,0.0,0.0,2024-03
615187,N06000260,VISHNUPURI UG TO OC 11-2022 3/2029 {3/2029},WCL,COAL,MADHYA PRADESH,2022-11,2029-03,220.62,Major,2,0,1,0.0,4444537.037037037,2024-03
615188,N06000255,NEW MAJARI UG TO OC (3.0 MTY) 9-2022 3/2027 {3/2027},WCL,COAL,MAHARASHTRA CIVIL AVIATION,2022-09,2027-03,402.27,Major,2,0,0,0.0,0.0,2024-03
615189,N06000253,MAKARDHOKDA I EXPANSION OC 6-2022 3/2026 {3/2026},WCL,COAL,MAHARASHTRA CIVIL AVIATION,2022-06,2026-03,361.87,Major,2,0,0,0.0,0.0,2024-03
615190,N06000252,SINGHORI DEEP OC 5-2022 3/2029 {3/2029},WCL,COAL,MAHARASHTRA CIVIL AVIATION,2022-05,2029-03,335.75,Major,2,0,0,0.0,0.0,2024-03
615192,N06000264,GOKUL EXPANSION OC 4-2021 3/2026 {3/2026},WCL,COAL,MAHARASHTRA CIVIL AVIATION,2021-04,2026-03,309.58,Major,2,0,1,0.0,0.7575757575757576,2024-03
615193,N06000112,BASUNDHARA (WEST) OC EXTN(7.00 MTY) 5-2014 3/2019 {3/2027},MCL,COAL,ODISHA COAL,2014-05,2019-03,479.15,Major,10,0,0,0.0,0.0,2024-03
615194,N06000265,URDHAN OC 1-2023 3/2031 {3/2031},WCL,COAL,MADHYA PRADESH,2023-01,2031-03,206.88,Major,1,0,0,0.0,0.0,2024-03
615195,N06000266,SHARDA UG 9-2023 3/2028 {3/2028} 5-2023 5/2028 {5/2028},WCL,COAL,MADHYA PRADESH,2023-09,2028-03,166.25,Major,1,0,0,0.0,0.0,2024-03
615199,N06000267,KOLGAON EXPANSION (DEEP) OC 9-2023 3/2027 {3/2027},WCL,COAL,MAHARASHTRA CIVIL AVIATION,2023-09,2027-03,198.71,Major,1,0,0,0.0,0.0,2024-03
615206,N06000183,GANDHIGRAM UG MINE 8-2019 3/2026 {3/2026},WCL,COAL,MADHYA PRADESH,2019-08,2026-03,414.16,Major,5,0,0,0.0,0.0,2024-03
615349,N06000241,EPR TAPIN SOUTH OCP 11-2020 3/2028 {3/2028},CCL,COAL,JHARKHAND COAL,2020-11,2028-03,230.41,Major,3,0,2,0.0,0.0,2024-03
615818,N06000259,JAWAHAR KHANI OPENCAST (JK OC) MINE 12-2021 3/2025 {3/2026},SCCL,CIVIL AVIATION,TAMIL NADU CIVIL AVIATION,2021-12,2025-03,297.88,Major,2,0,1,0.0,11.458333333333332,2024-03
615822,N06000239,SIRKA OCP 5-2020 3/2028 {3/2028},CCL,COAL,JHARKHAND COAL,2020-05,2028-03,222.82,Major,3,0,2,0.0,0.0,2024-03
615843,N06000186,TETARIAKHAR EXPANSION OCP 11-2019 3/2023 {3/2027},CCL,COAL,JHARKHAND COAL,2019-11,2023-03,243.52,Major,5,0,0,0.0,0.0,2024-03
615857,N06000203,NAINI COAL MINE 3-2020 3/2024 {3/2027},SCCL,COAL,ODISHA COAL,2020-03,2024-03,494.3,Major,3,0,2,0.0,0.0,2024-03
615858,N06000213,RCE OF KALYANIKHANI OPENCAST PROJECT 3-2016 3/2020 {3/2026},SCCL,COAL,TELANGANA COAL,2016-03,2020-03,384.32,Major,3,0,1,0.0,0.0,2024-03
615860,N06000202,GODAVARIKHANI COAL MINE 7-2019 3/2023 {3/2026},SCCL,COAL,TELANGANA COAL,2019-07,2023-03,438.98,Major,3,0,2,0.0,0.0,2024-03
615861,N06000211,RCE OF INDARAM OPENCAST PROJECT 8-2017 3/2021 {3/2025},SCCL,COAL,TELANGANA COAL,2017-08,2021-03,349.28,Major,3,0,2,0.0,0.0,2024-03
615862,N06000258,GOLETI OPENCAST MINE 7-2021 3/2026 {3/2026},SCCL,COAL,TELANGANA COAL,2021-07,2026-03,345.6,Major,2,0,1,0.0,1.96078431372549,2024-03
615863,N06000204,VENKATESH KHANI COAL MINE 10-2020 3/2023 {3/2027},SCCL,COAL,TELANGANA COAL,2020-10,2023-03,484.51,Major,3,0,0,0.0,0.0,2024-03
615865,N06000214,RCE OF KAKATHIYAKHANI OC - 2 PROJECT 8-2017 3/2020 {3/2026},SCCL,COAL,TELANGANA COAL,2017-08,2020-03,442.42,Major,3,0,2,0.0,5200.0,2024-03
615914,N06000205,GHONSA EXPANSION DEEP OC 3-2021 3/2028 {3/2029},WCL,COAL,MAHARASHTRA CIVIL AVIATION,2021-03,2028-03,184.71,Major,3,0,0,0.0,0.0,2024-03
615918,N06000256,BHANEGAON OC (1.15MTY) 9-2022 3/2028 {3/2028},WCL,COAL,MAHARASHTRA CIVIL AVIATION,2022-09,2028-03,405.2,Major,2,0,0,0.0,0.0,2024-03
615982,N06000154,NILJAI EXPANSION (DEEP) OC 8-2016 3/2022,3.5 MTY,COAL,MULTI STATE COAL,2016-08,2022-03,319.76,Major,7,0,2,0.0,3728.571428571429,2024-03
616044,N06000179,UKNI DEEP OC 1-2019 3/2021,WCL,COAL,MAHARASHTRA CIVIL AVIATION,2019-01,2021-03,237.06,Major,5,0,1,0.0,0.0,2024-03
616050,N06000226,AMALGAMATED INDER- KAMPTEE DEEP OC (3.20 MTY) 9-2018 3/2024,WCL,COAL,MAHARASHTRA CIVIL AVIATION,2018-09,2024-03,235.9,Major,3,0,2,0.0,4275.0,2024-03
616223,N06000219,ADASA UG TO OC (1.50 MTY) 11-2018 3/2024,WCL,COAL,MAHARASHTRA CIVIL AVIATION,2018-11,2024-03,316.0,Major,3,0,0,0.0,0.0,2024-03
616234,N06000045,PELMA OCP(15.00MTY) 10-2022 3/2023 {3/2033},SECL,COAL,CHHATTISGARH COAL,2022-10,2023-03,1624.59,Mega,11,1,3,96.0,1170.0,2024-03
616600,N30000027,I AND D AND STP WORKS FOR BHAGALPUR 10-2017 9/2020,BUIDCO,COAL,CHHATTISGARH COAL,2017-10,2020-09,254.13,Major,5,0,2,0.0,0.0,2024-03
616604,N30000042,"INTERCEPTION AND DIVERSION WITH STP AT HUGHLY- CHINSURAH 5-2018 2/2022 Total 2,793,673.76",KMDA,CIVIL AVIATION,WEST BENGAL CIVIL AVIATION,2018-05,2022-02,160.0,Major,5,0,4,0.0,0.0,2024-03
616611,N30000051,"SEWERAGE SYSTEM AND STP FOR DIGHA ZONE, PATNA 8-2017 6/2022 {12/2025}",BUIDCO,COAL,CHHATTISGARH COAL,2017-08,2022-06,824.0,Major,5,1,1,0.0,0.0,2024-03
616612,N30000050,SEWERAGE SYSTEM AND STP FOR KANKARBAG ZONE PATNA 8-2017 6/2022 {12/2025},BUIDCO,COAL,CHHATTISGARH COAL,2017-08,2022-06,578.89,Major,5,1,2,0.0,0.0,2024-03
616615,N30000026,SEWER NETWORK SPS AND STP BEGUSARAI 3-2018 7/2021,BUIDCO,CIVIL AVIATION,BIHAR CIVIL AVIATION,2018-03,2021-07,230.06,Major,5,0,1,0.0,0.0,2024-03
616616,N30000035,SEWER NETWORKS SPS AND STP HAJIPUR 3-2018 8/2021,BUIDCO,COAL,CHHATTISGARH COAL,2018-03,2021-08,305.19,Major,5,0,0,0.0,0.0,2024-03
616858,N16000450,"PROJECT TO CONSTRUCT A FIELD GAS GATHERING STATION AT BAGHJAN AREA FOR COLLECTION,PROCESSING 12-2020 7/2024",OIL,PETROLEUM & NATURAL GAS,ASSAM,2020-12,2024-07,430.76,Major,2,1,1,4.0,533348233.3333333,2024-03
617253,N12000129,REVAMPING OF OLD SUB SYSTEM OF BLAST FURNACE 3 AT BOKARO STEEL PLANT 9-2023 7/2025,SAIL,COAL,JHARKHAND COAL,2023-09,2025-07,513.82,Major,1,0,0,0.0,0.0,2024-03
617254,N12000134,REBUILDING OF COKE OVEN BATTERY NO.7 AND 8 OF BHILAI STEEL PLANT 11-2023 10/2025 {10/2025},SAIL,COAL,CHHATTISGARH COAL,2023-11,2025-10,884.1,Major,1,0,0,0.0,0.0,2024-03
617255,N12000131,"REPLACEMENT OF CONVERTER VESSELS, TRUNNION RINGS, SUPPORT SYSTEM AND INSTALLATION OF SECONDARY EMISS 10-2023 6/2026 {6/2026}",SAIL,COAL,CHHATTISGARH COAL,2023-10,2026-06,471.83,Major,1,0,0,0.0,0.0,2024-03
617256,N12000133,REBUILDING OF COKE OVEN BATTERY NO.6 OF BOKARO STEEL PLANT 11-2023 11/2026 {11/2026},SAIL,COAL,JHARKHAND COAL,2023-11,2026-11,627.31,Major,1,0,0,0.0,0.0,2024-03
617280,N10000015,"Construction of Basement + Ground Floor+ 10 Storeyed building for State of the Art Director General, GSI Building at plot No.GN-40, Sector-V, Salt Lake, Kolkata Total (1) 255.37 78.34",Central Public Works Department (CPWD),OTHER CENTRAL SECTOR,WEST BENGAL (-),2020-02,2026-08,255.37,Major,3,0,2,0.0,1920.0,2024-03
617302,N16000275,DURGAPUR-HALDIA PIPELINE PROJECT 3-2017 12/2020,GAIL,PETROLEUM & NATURAL GAS,WEST BENGAL CIVIL AVIATION,2017-03,2020-12,1740.0,Mega,7,0,2,0.0,0.0,2024-03
617886,N24001465,WIDENING OF EXISTING SINGLE LANE / INTERMEDIATE LANE ROAD TO 2 LANE FROM KM 101 TO KM 125 OF NH 61 I 6-2020 9/2024,MoRTH,ROAD TRANSPORT & HIGHWAYS,NAGALAND,2020-06,2024-09,252.19,Major,2,0,0,0.0,0.0,2024-03
617887,N24001411,4L+PS OF NH -58 FROM BEAWAR-GOMTI (OLD CH KM 58.245 TO KM. 108.600) PKG-I. 12-2020 10/2023 {12/2025},MoRTH,ROAD TRANSPORT & HIGHWAYS,RAJASTHAN CIVIL AVIATION,2020-12,2023-10,379.23,Major,3,1,1,24.0,0.0,2024-03
617891,N24001866,"CONSTRUCTION OF TWO LANE WITH PAVED SHOULDER FOR FATEHPUR BYPASS, MANDAWA BYPASS AND JHUNJHUNU BYPAS 3-2022 8/2024 {6/2025}",MoRTH,ROAD TRANSPORT & HIGHWAYS,RAJASTHAN CIVIL AVIATION,2022-03,2024-08,186.29,Major,1,0,0,0.0,0.0,2024-03
617892,N24001297,CONSTRUCTION OF 2 LANE ROAD OF POTIN TO PANGIN SECTION OF NH 13 FROM KM 163.59 TO KM 206.66 (PACKAGE 3-2019 3/2027 {3/2027},MoRTH,ROAD TRANSPORT & HIGHWAYS,ARUNACHAL PRADESH,2019-03,2027-03,450.65,Major,4,1,2,76.0,0.0,2024-03
617897,N24001879,CONSTRUCTION OF PROPOSED 4_LANE REVELGUNJ BYPASS NH- 19 IN THE STATE OF BIHAR ON EPC MODE CONNECTING 3-2022 7/2025 {7/2025},MoRTH,ROAD TRANSPORT & HIGHWAYS,BIHAR CIVIL AVIATION,2022-03,2025-07,295.24,Major,1,0,0,0.0,0.0,2024-03
617900,N24001530,UPGRADATION TO TWO LANE PAVED SHOULDER OF KOTHUN- LALSOT-KAROLI-DHOLPUR ROAD NH-23 (OLD NH-11B) IN TH 12-2021 9/2024 {8/2025},MoRTH,ROAD TRANSPORT & HIGHWAYS,RAJASTHAN CIVIL AVIATION,2021-12,2024-09,150.11,Major,2,0,0,0.0,0.0,2024-03
617901,N24001528,WIDENING OF PACHPADRA- BAGUNDI SECTION TO 4 LANE FROM KM 73/60 TO 95/70 OF NH- 25 ON EPC MODE IN THE 1-2022 12/2024,MoRTH,ROAD TRANSPORT & HIGHWAYS,RAJASTHAN CIVIL AVIATION,2022-01,2024-12,194.88,Major,2,0,0,0.0,0.0,2024-03
617904,N24001862,CONSTRUCTION OF BYPASS ROAD TO BALANGIR TOWN FROM KM 72/400 (DESING KM 0/0) TO KM 79/800 (DESIGN KM 2-2022 10/2025,MoRTH,ROAD TRANSPORT & HIGHWAYS,ODISHA COAL,2022-02,2025-10,238.78,Major,2,0,0,0.0,0.0,2024-03
617905,N24001865,CONSTRUCTION OF 4 LANE ROB WITH APPROACHES IN LIEU OF LC NO. RV-172 AT KM 176.00 OF NH-201 (PRESENT 12-2021 5/2025,MoRTH,ROAD TRANSPORT & HIGHWAYS,ODISHA COAL,2021-12,2025-05,324.09,Major,2,0,1,0.0,0.0,2024-03
617906,N24002118,Up-gradation of Dhoraji-Jamkandorna-Kalavad Section of NH-927D from Design Chainage km 0/00 to km 58/115 to Two lane with PS configuration in the State of Gujarat on EPC,MoRTH,ROAD TRANSPORT & HIGHWAYS,GUJARAT,2022-10,2027-01,246.6,Major,1,0,0,0.0,0.0,2024-03
617911,N24000513,UMARIYA TO SHAHDOL SECTION OF NH-78 IN MADYA PRADESH KM 68/4 TO 142/200 3-2015 8/2017,MoRTH,ROAD TRANSPORT & HIGHWAYS,MADHYA PRADESH,2015-03,2017-08,511.83,Major,9,0,0,0.0,0.0,2024-03
617913,N24000987,6 LANING FROM KM 9.90 TO KM 19.948 (ARAMGARH-SAMSHABAD SECTION) OF HYDERABAD- SAMSHABAD SECTION OF NH 1-2018 5/2020 {5/2020},MoRTH,ROAD TRANSPORT & HIGHWAYS,TELANGANA COAL,2018-01,2020-05,283.15,Major,5,0,4,0.0,25233.333333333336,2024-03
617915,N24002019,UPGRADATION OF DINDORI- SAGARTOLA-KABICHABUTRA (MP-CG BORDER) SECTION OF NH -45 FROM KM 0+00(DESIGN) 1-2022 9/2025 {9/2025},MoRTH,ROAD TRANSPORT & HIGHWAYS,MADHYA PRADESH,2022-01,2025-09,329.14,Major,1,0,0,0.0,0.0,2024-03
617917,N24001883,CONSTRUCTION OF 4 LANE FLYOVER AT NAGPUR RTO CHOWK TO NAGPUR UNIVERSITY CAMPUS FROM CH 2/250 TO 5/10 3-2021 3/2024 {4/2024},MoRTH,ROAD TRANSPORT & HIGHWAYS,MAHARASHTRA CIVIL AVIATION,2021-03,2024-03,478.83,Major,1,0,0,0.0,0.0,2024-03
617919,N24001227,CONSTRUCTION OF 4 NOS GRADE SEPARATOR BETWEEN KM. 281.000 TO KM 307.600 KM. 286.400 KUMHARI KM. 299. 3-2018 1/2019 {5/2025},MoRTH,ROAD TRANSPORT & HIGHWAYS,CHHATTISGARH COAL,2018-03,2019-01,349.03,Major,2,0,0,0.0,0.0,2024-03
617921,N24001858,WIDENING AND STRENGTHENING TO 2L+PS INCLUDING LA OF KANDARPUR- BALIKUDA FROM KM 277/500 TO 318/970 OF 3-2022 6/2025 {12/2025},MoRTH,ROAD TRANSPORT & HIGHWAYS,ODISHA COAL,2022-03,2025-06,499.79,Major,2,0,1,0.0,0.0,2024-03
617924,N24001860,CONSTRUCTION OF BYPASS TO NAYAGARH TOWN FROM KM 235.469 TO 252.482 OF NH-57 INCLUDING LAND ACQUISITI 1-2022 4/2025 {8/2025},MoRTH,ROAD TRANSPORT & HIGHWAYS,ODISHA COAL,2022-01,2025-04,300.33,Major,2,0,0,0.0,0.0,2024-03
617925,N24001861,CONSTRUCTION OF BYPASS TO KHORDHA TOWN FROM KM 294/000 TO 300/300 ON NH-57 INCLUDING LA IN THE STATE 2-2022 11/2024,MoRTH,ROAD TRANSPORT & HIGHWAYS,ODISHA COAL,2022-02,2024-11,157.49,Major,2,0,0,0.0,0.0,2024-03
617929,N24000781,CONSTRUCTION OF KUND BYPASS FROM EXISTING KM 33+130 TO KM 41+260 (EXISTING LENGTH: 8.130 KM); DESIGN 5-2018 5/2020,MoRTH,ROAD TRANSPORT & HIGHWAYS,UTTARAKHAND,2018-05,2020-05,248.0,Major,6,0,3,0.0,4827.272727272727,2024-03
617930,N24001859,CONSTRUCTION OF BYPASS ON NH-59 FROM KM 336/350 TO 349/910 (13.56 KM) NEAR BERHAMPUR TOWN INCLUDING 3-2021 3/2024 {8/2025},MoRTH,ROAD TRANSPORT & HIGHWAYS,ODISHA COAL,2021-03,2024-03,196.94,Major,2,1,1,10.0,1471.1864406779662,2024-03
617934,N24001112,NASRATPUR TO BARASGAON 7-2016 9/2019 {9/2019},MoRTH,ROAD TRANSPORT & HIGHWAYS,MAHARASHTRA CIVIL AVIATION,2016-07,2019-09,406.54,Major,5,0,0,0.0,0.0,2024-03
617935,N24001938,"CONSTRUCTION OF ELEVATED CORRIDOR FROM KM. 135.650 TO 136.300 ON 63, FROM KM. 249 TO KM. 250.050 ON 6-2021 6/2024",MoRTH,ROAD TRANSPORT & HIGHWAYS,KARNATAKA CIVIL AVIATION,2021-06,2024-06,298.0,Major,1,0,0,0.0,0.0,2024-03
617936,N24000981,WIDEINING TO TWO/FOUR LANE WITH PAVED SHOULDERS FROM EXISTING KM 180.60 TO KM 223.00 OF NH-63 ON NIZ 10-2016 3/2019 {3/2019},MoRTH,ROAD TRANSPORT & HIGHWAYS,TELANGANA COAL,2016-10,2019-03,248.83,Major,5,0,3,0.0,738.3167220376523,2024-03
617940,N24002004,REHABILITATION AND UPGRADATION OF LB-NAGAR TO MALKAPUR SECTION TO 6- LANE MAIN CARRIAGEWAY WITH SERVI 3-2021 7/2024 {6/2025},MoRTH,ROAD TRANSPORT & HIGHWAYS,TELANGANA COAL,2021-03,2024-07,545.11,Major,1,0,0,0.0,0.0,2024-03
617944,N24001132,BHOGAN KHURD TO KASHEDI 9-2017 6/2021 {12/2023},MoRTH,ROAD TRANSPORT & HIGHWAYS,MAHARASHTRA CIVIL AVIATION,2017-09,2021-06,743.21,Major,5,0,0,0.0,0.0,2024-03
617946,N24000584,4-LANNING OF NH17 AND NEW NO. NH66 FROM KM 161/600 TO 205/400 UNDER HYBRID ANNUITY MODE 3-2016 {12/2023},MoRTH,ROAD TRANSPORT & HIGHWAYS,MAHARASHTRA CIVIL AVIATION,2016-03,2020-02,1142.62,Mega,8,3,0,93.0,0.0,2024-03
617947,N24000585,4-LANNING OF NH17 AND NEW NO. NH66 FROM KM 241/300 TO 281/300 UNDER HYBRID ANNUITY MODE 3-2016,MoRTH,ROAD TRANSPORT & HIGHWAYS,MAHARASHTRA CIVIL AVIATION,2016-03,2019-11,1101.58,Mega,8,3,4,88.0,28325.0,2024-03
617948,N24001134,KANTE TO WAKED 3-2016 11/2019 {12/2024},MoRTH,ROAD TRANSPORT & HIGHWAYS,MAHARASHTRA CIVIL AVIATION,2016-03,2019-11,1230.02,Mega,5,0,0,0.0,0.0,2024-03
617954,N24001937,BALANCE WORK OF REHABILITATION AND UPGRADING TO 2LANE/2LANE WITH PAVED SHOULDER CONFIGURATION AND ST 2-2023 2/2024,MoRTH,ROAD TRANSPORT & HIGHWAYS,KARNATAKA CIVIL AVIATION,2023-02,2024-02,398.48,Major,1,0,0,0.0,0.0,2024-03
617955,N24002012,WIDENING TO TWO LANE WITH PAVED SHOULDERS FROM KM 40.00 TO KM 75.00 (EXISTING CHAINAGES) OF MANGALOR 3-2023 3/2025,MoRTH,ROAD TRANSPORT & HIGHWAYS,KARNATAKA CIVIL AVIATION,2023-03,2025-03,718.52,Major,1,0,0,0.0,0.0,2024-03
617957,N24002120,CONSTRUCTION OF JASRA BYPASS WITH FOUR LANE PAVED SHOULDER CONFIGURATION FROM KM. 379.670 ON NH-76 ( 2-2023 9/2025 {9/2025},MoRTH,ROAD TRANSPORT & HIGHWAYS,UTTAR PRADESH,2023-02,2025-09,274.06,Major,1,0,0,0.0,0.0,2024-03
617958,N24001876,WIDENING and STRENTHENING FROM KM132.895 TO KM 190.15 NH-80 3-2021 3/2024 {9/2025},MoRTH,ROAD TRANSPORT & HIGHWAYS,BIHAR CIVIL AVIATION,2021-03,2024-03,566.15,Major,1,0,0,0.0,0.0,2024-03
617959,N24001875,WIDENING AND STRENTHENING FROM KM 70.15 TO KM 121.025 OF NH-80 3-2021 1/2025 {6/2025},MoRTH,ROAD TRANSPORT & HIGHWAYS,BIHAR CIVIL AVIATION,2021-03,2025-01,477.54,Major,1,0,0,0.0,0.0,2024-03
617960,N24000874,CONSTRUCTION OF NEW ROAD AT THE MISSING LINK PORTION OF NH-81 ALONG THE APPROVED ALIGNMENT BETWEEN H 3-2016 11/2018,MoRTH,ROAD TRANSPORT & HIGHWAYS,WEST BENGAL CIVIL AVIATION,2016-03,2018-11,271.17,Major,5,0,2,0.0,0.0,2024-03
617961,N24000579,FOUR LANING OF GAYA-HISUA- RAJGIRI-NALANDA- BIHARSHARIF SECTION (KM0.00 TO 92.935) ON NH-82 IN BIHAR 1-2014 10/2016,MoRTH,ROAD TRANSPORT & HIGHWAYS,BIHAR CIVIL AVIATION,2014-01,2016-10,1408.85,Mega,8,1,4,65.0,860.8866412008392,2024-03
617965,N24001904,KOPARGAON TO SAVALI VIHIR SECTION 9-2022 7/2024 {7/2024},MoRTH,ROAD TRANSPORT & HIGHWAYS,MAHARASHTRA CIVIL AVIATION,2022-09,2024-07,195.38,Major,1,0,0,0.0,0.0,2024-03
617966,N24000382,REHABILITATION AND UPGRADING TO 2 LANES/2 LANE WITH PAVED SHOULDERS CONFIGURATION OF BIRPUR - BIHPUR 1-2014 10/2019,MoRTH,ROAD TRANSPORT & HIGHWAYS,BIHAR CIVIL AVIATION,2014-01,2019-10,675.0,Major,9,4,0,111.0,0.0,2024-03
617968,N24000779,RECONSTRUCTION WITH GEOMETRIC IMPROVEMENT OF EXISTING SINGLE/INTERMEDIATE LANE TO 2 LANE WITH EAR 2-2018 2/2020,MoRTH,ROAD TRANSPORT & HIGHWAYS,UTTARAKHAND,2018-02,2020-02,418.88,Major,6,0,3,0.0,81100.0,2024-03
617970,N24000775,RECONSTRUCTION WITH GEOMETRIC IMPROVEMENT OF EXISTING 2 LANE/INTERMEDIATE LANE TO 2LANE WITH PAVED S 6-2017 6/2019,MoRTH,ROAD TRANSPORT & HIGHWAYS,UTTARAKHAND,2017-06,2019-06,282.08,Major,6,0,4,0.0,80900.0,2024-03
617973,N24001228,UPGRADATION AND WIDENING OF BILASPUR TO MUNGELI SECTION NH-130A 11-2017 5/2019 {5/2025},MoRTH,ROAD TRANSPORT & HIGHWAYS,CHHATTISGARH COAL,2017-11,2019-05,188.8,Major,5,0,3,0.0,0.0,2024-03
617975,N24000820,Rehabilitation and up gradation to 2 lane with paved shoulder configuration from existing km. 122.00 11-2017 11/2019 {11/2019},MoRTH,ROAD TRANSPORT & HIGHWAYS,ANDAMAN AND NICOBAR ISLANDS,2017-11,2019-11,237.8,Major,6,0,3,0.0,37250.0,2024-03
617980,N24000994,CONSTRUCTION OF SIX LANE ELEVATED CORRIDOR FROM KM.7.950 (UPPAL) TO KM.14.200 OF NH-163 TO DE-CONGES 3-2018 7/2020 {2/2026},MoRTH,ROAD TRANSPORT & HIGHWAYS,TELANGANA COAL,2018-03,2020-07,626.76,Major,5,0,3,0.0,19107.54716981132,2024-03
617982,N24000988,WIDENING AND STRENGTHENING OF EXISTING 2-LANE TO 2-LANE WITH PAVED SHOULDERS FROM KM.159/0 TO 165/4 1-2018 12/2019 {12/2019},MoRTH,ROAD TRANSPORT & HIGHWAYS,TELANGANA COAL,2018-01,2019-12,230.03,Major,5,0,4,0.0,75950.0,2024-03
617984,N24000989,"Gudivada Town 2 RoB, and Road improvement NH-165",MoRTH,ROAD TRANSPORT & HIGHWAYS,ANDHRA PRADESH,2022-03,2025-05,317.22,Major,5,0,2,0.0,68700.0,2024-03
617989,N24001450,"Project Assessment, Infrastructure Monitoring and Analytics for Nation-building 955 Construction of Major Bridge at Km.180.865 across river Krishna on NH 167 Hagari Jadcherla section",PAIMANA,OTHER CENTRAL SECTOR,KARNATAKA,2019-03,2021-11,85.0,Major,2,0,0,0.0,0.0,2024-03
617990,N24002025,Construction of bypass road to Adoni town connecting NH-167 Hagari - Jadcharla road from km.62/700 to 71/400 in Kurnool District in the State of Andhra Pradesh.,MoRTH,ROAD TRANSPORT & HIGHWAYS,ANDHRA PRADESH,2023-03,2025-11,242.0,Major,1,0,0,0.0,0.0,2024-03
618002,N24001418,Widening of existing single lane to intermediate lane road from Mokokchung to Chare via Dikhu in the state of Nagaland on EPC mode,MoRTH,ROAD TRANSPORT & HIGHWAYS,NAGALAND,2021-02,2025-06,192.93,Major,3,0,1,0.0,0.0,2024-03
618009,N24000331,CONSTRUCTION OF RING ROAD FOR RAEBARELI CITY (PHASE - I) ON EASTERN SIDE OF NH 24B 12-2019 4/2022 {6/2025},MoRTH,ROAD TRANSPORT & HIGHWAYS,UTTAR PRADESH,2019-12,2022-04,282.41,Major,9,1,2,73.0,3979.1666666666665,2024-03
618011,N24001527,2L+PS FOR WORK OF NH-325 (BALOTRA TO SANDERAO VIA JALORE) BY CONSTRUCTION OF BYPASSES:(1) ASOTRA- BR 12-2021 5/2024,MoRTH,ROAD TRANSPORT & HIGHWAYS,RAJASTHAN CIVIL AVIATION,2021-12,2024-05,411.4,Major,2,0,0,0.0,0.0,2024-03
618020,N24001965,"REHABILITATION AND UPGRADATION OF KURWAI?MUNGAOLI?CHANDERI ROAD SECTION OF NH-346, FROM DESIGN CHAIN 3-2022 2/2025 {12/2025}",MoRTH,ROAD TRANSPORT & HIGHWAYS,MADHYA PRADESH,2022-03,2025-02,386.49,Major,1,0,0,0.0,0.0,2024-03
618023,N24001961,WORK OF WIDENING/UPGRADATION OF 2- LANE WITH PAVED SHOULDER OF SRI MUKTSAR SAHIB TO MALOUT ROAD FROM 3-2022 10/2023 {4/2025},MoRTH,ROAD TRANSPORT & HIGHWAYS,PUNJAB,2022-03,2023-10,152.58,Major,1,0,0,0.0,0.0,2024-03
618024,N24001960,UP-GRADATION TO TWO LANE WITH PAVED SHOULDER CONFIGURATION OF NH-354 SECTION ARIFKES-FEROZEPUR- MUKTS 3-2021 10/2023 {4/2025},MoRTH,ROAD TRANSPORT & HIGHWAYS,PUNJAB,2021-03,2023-10,263.19,Major,1,0,0,0.0,0.0,2024-03
618025,N24000997,REHABILITATION AND UP GRADATION FROM KM. 121/0 TO 154/0 OF NAKAREKAL ? MALLAMPALLY SECTION OF NH- 365 3-2018 7/2019 {7/2019},MoRTH,ROAD TRANSPORT & HIGHWAYS,TELANGANA COAL,2018-03,2019-07,192.67,Major,5,0,4,0.0,1163.6363636363635,2024-03
618026,N24000996,REHABILITATION AND UP- GRADATION TO TWO LANE WITH PAVED SHOULDERS FROM KM 0/0 TO 72/6 OF NH-365 (NAKR 1-2017 10/2019 {10/2019},MoRTH,ROAD TRANSPORT & HIGHWAYS,TELANGANA COAL,2017-01,2019-10,605.08,Major,5,0,3,0.0,2022.2222222222224,2024-03
618029,N24001941,WIDENING TO 4 LANE FROM KM. 133.00 TO 158.04 (DESIGN CHAINAGE KM. 130.88 TO 155.145) (SHIRUR CROSS T 1-2023 1/2025,MoRTH,ROAD TRANSPORT & HIGHWAYS,KARNATAKA CIVIL AVIATION,2023-01,2025-01,350.69,Major,1,0,0,0.0,0.0,2024-03
618030,N24001940,WIDENING TO 2 LANE WITH PAVED SHOULDERS FROM DESIGN KM 103.200 (EXISTING KM 103.200) TO DESIGN KM 11 1-2023 1/2026,MoRTH,ROAD TRANSPORT & HIGHWAYS,KARNATAKA CIVIL AVIATION,2023-01,2026-01,166.58,Major,1,0,0,0.0,0.0,2024-03
618031,N24002011,BALANCE WORK OF CONSTRUCTION OF TWO/FOUR LANE WITH PAVED SHOULDER FROM KM 422.000 TO 523.600 ( CHITR 12-2021 6/2024,MoRTH,ROAD TRANSPORT & HIGHWAYS,KARNATAKA CIVIL AVIATION,2021-12,2024-06,516.96,Major,1,0,0,0.0,0.0,2024-03
618037,N24001934,NH440 RAYACHOTY TOVEMPALLI 2LPS 12-2021 5/2024 {7/2025},MoRTH,ROAD TRANSPORT & HIGHWAYS,ANDHRA PRADESH,2021-12,2024-05,439.82,Major,1,0,0,0.0,0.0,2024-03
618045,N24001962,"CONSTRUCTION OF MIHONA BYPASS, LAHAR BYPASS, DABOH BYPASS and BHANDER BYPASS (TOTAL LENGTH 20.60 KM) 3-2022 12/2024 {3/2025}",MoRTH,ROAD TRANSPORT & HIGHWAYS,MADHYA PRADESH,2022-03,2024-12,179.19,Major,1,0,0,0.0,0.0,2024-03
618050,N24001422,REHABILITATION AND UPGRADATION TO 2-LANE CONFIGURATION OF ASHYARI- SHRI KYARI SECTION (KM 50.000 TO K 2-2021 9/2021 {9/2021},MoRTH,ROAD TRANSPORT & HIGHWAYS,HIMACHAL PRADESH,2021-02,2021-09,345.89,Major,3,0,2,0.0,0.0,2024-03
618055,N24002016,CONSTRUCTION OF PRATAPGARH BYPASS (EXTENSION) CONNECTING NH- 31 TO NH-330 10-2022 6/2025 {8/2025},MoRTH,ROAD TRANSPORT & HIGHWAYS,UTTAR PRADESH,2022-10,2025-06,225.17,Major,1,0,0,0.0,0.0,2024-03
618056,N24002121,IMPROVEMENT AND UP- GRADATION TO TWO LANE WITH PAVED SHOULDER CONFIGURATION FROM EXISTING KM. 420.00 1-2022 9/2025 {2/2026},MoRTH,ROAD TRANSPORT & HIGHWAYS,UTTAR PRADESH,2022-01,2025-09,509.65,Major,1,0,0,0.0,0.0,2024-03
618057,N24001997,CONSTRUCTION OF SHOHRATGARH BYPASS ON NH- 730 UNDER EPC MODE IN THE STATE OF UTTAR PRADESH 10-2022 5/2025 {8/2025},MoRTH,ROAD TRANSPORT & HIGHWAYS,UTTAR PRADESH,2022-10,2025-05,189.31,Major,1,0,0,0.0,0.0,2024-03
618060,N24001923,WIDENING AND STRENGTHENING OF EXISTING PAVEEMNT TO TWO LANE WITH PAVED SHOULDERS FROM KM 116.00 TO K 1-2022 7/2024 {12/2024},MoRTH,ROAD TRANSPORT & HIGHWAYS,JHARKHAND COAL,2022-01,2024-07,315.21,Major,1,0,0,0.0,0.0,2024-03
618063,N24001587,WIDENING AND STRENGTHENING OF SECTION FROM BHARTHANA CHOWK TO KODARKOOT (KM. 0.00 TO KM. 40.00) OF 3-2020 9/2024 {6/2025},MoRTH,ROAD TRANSPORT & HIGHWAYS,UTTAR PRADESH,2020-03,2024-09,262.37,Major,2,0,0,0.0,0.0,2024-03
618068,N24002020,"CONSTRUCTION OF KAITHI- PADARIA KALA BYPASS, PATNA- TAMOLI BYPASS, JASO BYPASS , NAGOD BYPASS (TOTAL L 3-2022 10/2025 {10/2025}",MoRTH,ROAD TRANSPORT & HIGHWAYS,MADHYA PRADESH,2022-03,2025-10,158.36,Major,1,0,0,0.0,0.0,2024-03
618070,N24001369,WIDENING TO 2 LANES WITH PAVED SHOULDERS FROM KM.87/000 TO 133/720 (NATTUKAL TO THANAU JN. IN PALAKK 2-2017 8/2017,MoRTH,ROAD TRANSPORT & HIGHWAYS,KERALA,2017-02,2017-08,294.28,Major,3,0,1,0.0,0.0,2024-03
618071,N24001442,CONSTRUCTION OF 2-LANE WITH PAVED SHOULDER GANGTOK BYPASS ROAD FROM RANIPOOL TO BURTUK (L=23.316KM),MoRTH,ROAD TRANSPORT & HIGHWAYS,SIKKIM,2021-10,2024-05,385.15,Major,2,0,0,0.0,0.0,2024-03
618072,N24001466,WIDENING TO EXISTING SINGLE LANE /INTERMEDIATE LANE TO 2 LANE FROM KM185.00 TO KM 220.00 OF NH-61 (N 3-2021 7/2024,MoRTH,ROAD TRANSPORT & HIGHWAYS,NAGALAND,2021-03,2024-07,297.24,Major,2,0,0,0.0,0.0,2024-03
618074,N24001870,IMPROVEMENT TO TWO LANE WITH PAVED SHOULDERS OF NH 122B FROM KM 29.730 TO KM 72.348 IN STATE OF BIH 2-2022 11/2024 {11/2025},MoRTH,ROAD TRANSPORT & HIGHWAYS,BIHAR CIVIL AVIATION,2022-02,2024-11,624.43,Major,1,0,0,0.0,0.0,2024-03
618075,N24002031,CONSTRUCTION OF TWO LANE WITH PAVED SHOULDER FROM EXISTING KM.0.000 TO KM.55.610 (DESIGN KM. 0.000 T 12-2021 2/2026 {2/2026},MoRTH,ROAD TRANSPORT & HIGHWAYS,UTTAR PRADESH,2021-12,2026-02,840.93,Major,1,0,0,0.0,0.0,2024-03
618081,N24002115,CONSTRUCTION OF MARIAHU BYPASS WITH FOUR LANE PAVED SHOULDER CONFIGURATION (KM.53.540 TO KM.59.200) 3-2023 8/2025 {2/2026},MoRTH,ROAD TRANSPORT & HIGHWAYS,UTTAR PRADESH,2023-03,2025-08,438.24,Major,1,0,0,0.0,0.0,2024-03
618082,N24001479,WIDENING AND UPGRADATION TO FOUR LANE CONFIGURATION FROM KM.34.900 (BHADOHI) TO KM.73.134 (JAUNPUR) 3-2021 5/2024 {6/2025},MoRTH,ROAD TRANSPORT & HIGHWAYS,UTTAR PRADESH,2021-03,2024-05,395.62,Major,2,0,0,0.0,0.0,2024-03
618084,N24001922,WIDENING TO 2-LANE WITH PAVED SHOULDER FROM KM 0.00 TO 44.00 (KURU-GHAGHRA SECTION) OF NH-143A INCLU 2-2020 8/2023 {12/2024},MoRTH,ROAD TRANSPORT & HIGHWAYS,JHARKHAND COAL,2020-02,2023-08,153.01,Major,1,0,0,0.0,0.0,2024-03
618087,N24001944,WIDENING TO INTERMEDIATE/TWO LANE TO 2 LANE WITH PAVED SHOULDER FROM EXISTING CHANAGES KM 112.750 TO 1-2023 6/2024,MoRTH,ROAD TRANSPORT & HIGHWAYS,KARNATAKA CIVIL AVIATION,2023-01,2024-06,255.88,Major,1,0,0,0.0,0.0,2024-03
618090,N24001002,SARSAM TO KOTHARI 2-2016 7/2019 {12/2023},MoRTH,ROAD TRANSPORT & HIGHWAYS,MAHARASHTRA CIVIL AVIATION,2016-02,2019-07,545.64,Major,5,0,4,0.0,0.0,2024-03
618093,N24001927,UP-GRADATION TO 2 LANE WITH PAVED SHOULDER FROM CHARBHUJA AT DESIGN KM 0.00 (EXISTING KM 150.00) TO 2-2022 9/2025 {9/2025},MoRTH,ROAD TRANSPORT & HIGHWAYS,RAJASTHAN CIVIL AVIATION,2022-02,2025-09,838.43,Major,1,0,0,0.0,0.0,2024-03
618094,N24001106,PEN TO KHOPOLI 3-2018 3/2018 {1/2024},MoRTH,ROAD TRANSPORT & HIGHWAYS,MAHARASHTRA CIVIL AVIATION,2018-03,2018-03,301.39,Major,5,2,2,66.0,0.0,2024-03
618097,N24001057,KARAD PATAN CHIPLUN GUHAGAR 2-2017 6/2019 {10/2023},MoRTH,ROAD TRANSPORT & HIGHWAYS,MAHARASHTRA CIVIL AVIATION,2017-02,2019-06,407.19,Major,5,0,3,0.0,0.0,2024-03
618098,N24001908,UPGRADATION OF EXHISTING 2 LANE FLEXIBLE PAVEMENT TO 2 LANE PAVED SHOULDERS RIGID PAVEMENT FROM DESI 12-2021 5/2024 {5/2024},MoRTH,ROAD TRANSPORT & HIGHWAYS,MAHARASHTRA CIVIL AVIATION,2021-12,2024-05,167.97,Major,1,0,0,0.0,0.0,2024-03
618104,N24002007,WIDENING TO TWO LANE WITH PAVED SHOULDERS FROM KM 0/000 TO KM 79/300 OF KALWAKURTHY - KOLLAPUR SECTI 3-2022 7/2025 {7/2025},MoRTH,ROAD TRANSPORT & HIGHWAYS,TELANGANA COAL,2022-03,2025-07,886.69,Major,1,0,0,0.0,0.0,2024-03
618105,N24002010,WIDENING AND STRENGTHENING TO 4 LANE / 2- LANE WITH PAVED SHOULDERS OF MAHABUBNAGAR- CHINCHOLI SECTION 3-2022 3/2024 {10/2025},MoRTH,ROAD TRANSPORT & HIGHWAYS,TELANGANA COAL,2022-03,2024-03,631.49,Major,1,0,0,0.0,0.0,2024-03
618106,N24002009,WIDENING AND STRENGTHENING TO 2/4 LANE WITH PAVED SHOULDERS OF MAHABUBNAGAR ? CHINCHOLI SECTION FROM 1-2022 1/2025 {7/2025},MoRTH,ROAD TRANSPORT & HIGHWAYS,TELANGANA COAL,2022-01,2025-01,703.68,Major,1,0,0,0.0,0.0,2024-03
618108,N24002014,UPGRADATION AND STRENGTHENING TO 2 LANE PS FROM KM 95/500 TO KM 129/775 OF NH 168 G IDAR BHILODA SA 9-2022 12/2023,MoRTH,ROAD TRANSPORT & HIGHWAYS,GUJARAT CIVIL AVIATION,2022-09,2023-12,237.28,Major,1,0,0,0.0,0.0,2024-03
618109,N24001948,WIDENING TO 4 LANE FROM KM 51.60 TO 76.20 (HEBRI TO PARKALA) AND FROM KM 85.20 TO 88.90 (KARAVALI JU 10-2022 10/2024,MoRTH,ROAD TRANSPORT & HIGHWAYS,KARNATAKA CIVIL AVIATION,2022-10,2024-10,355.72,Major,1,0,0,0.0,0.0,2024-03
618110,N24001469,IMPROVEMENT AND UPGRADATION TO TWO LANE WITH PAVED SHOULDER CONFIGURATION FROM EXISTING KM 55.00 TO 11-2021 5/2024 {7/2025},MoRTH,ROAD TRANSPORT & HIGHWAYS,UTTAR PRADESH,2021-11,2024-05,307.11,Major,2,0,1,0.0,0.0,2024-03
618111,N24002015,IMPROVEMENT AND UPGRADATION TO TWO LANE WITH PAVED SHOULDER CONFIGURATION FROM EXISTING KM 90.00 TO 11-2021 6/2025 {6/2025},MoRTH,ROAD TRANSPORT & HIGHWAYS,UTTAR PRADESH,2021-11,2025-06,403.36,Major,1,0,0,0.0,0.0,2024-03
618121,N24001878,IMPROVEMENT TO TWO LANE WITH PAVED SHOULDERS OF NH-319A FROM KM 0 TO KM 45 IN STATE OF BIHAR UNDER 2-2022 12/2024 {7/2025},MoRTH,ROAD TRANSPORT & HIGHWAYS,BIHAR CIVIL AVIATION,2022-02,2024-12,427.29,Major,1,0,0,0.0,0.0,2024-03
618124,N24002116,REHABILITATION AND UPGRADATION FROM KM 51.600 TO KM 75.700 OF NH-321G TO T 1-2022 8/2025 {8/2025},NUHKHAS TO ETAH SECTION,OTHER CENTRAL SECTOR,UTTAR PRADESH,2022-01,2025-08,343.54,Major,1,0,0,0.0,0.0,2024-03
618133,N24000983,Strengthening and Widening of road Sakoli- Wadsa-Armori-Gadchiroli-Ashti- Allapalli - Sironcha National highway NH 353C in Km 262/00 to 321/00 including 16 minor Bridges and 2 Major Bridge Total length 59 Km section from repanpalli to sironcha in Gadchiroli Dist in the State of Maharashtra.,MoRTH,ROAD TRANSPORT & HIGHWAYS,MAHARASHTRA,2021-03,2024-05,280.57,Major,5,0,2,0.0,3690.0,2024-03
618153,N24000979,Satara to Mhaswad,MoRTH,ROAD TRANSPORT & HIGHWAYS,MAHARASHTRA,2017-01,2019-08,653.46,Major,4,1,2,140.0,1482.2479498311625,2024-03
618172,N24001122,PAITHAN TO SHIRUR 3-2017 6/2019 {3/2024},MoRTH,ROAD TRANSPORT & HIGHWAYS,MAHARASHTRA CIVIL AVIATION,2017-03,2019-06,341.8,Major,5,0,0,0.0,0.0,2024-03
618175,N24001884,REHABILITATION AND UPGRADATION OF SATANA TO MANGRUL (CHANDWAD) SECTION OF NH752 G DESIGN CH: KM 64.0 3-2023 5/2025 {5/2025},MoRTH,ROAD TRANSPORT & HIGHWAYS,MAHARASHTRA CIVIL AVIATION,2023-03,2025-05,428.8,Major,1,0,0,0.0,0.0,2024-03
618177,N24001060,PALPHATA TO PHULAMBARI 3-2018 12/2019 {12/2023},MoRTH,ROAD TRANSPORT & HIGHWAYS,MAHARASHTRA CIVIL AVIATION,2018-03,2019-12,227.19,Major,5,0,2,0.0,0.0,2024-03
618186,N24002003,REHABILITATION AND UP- GRADATION OF VALIGONDA TO THORRUR SECTION TO TWO LANE WITH PAVED SHOULDERS FRO 1-2022 12/2024 {12/2024},MoRTH,ROAD TRANSPORT & HIGHWAYS,TELANGANA COAL,2022-01,2024-12,549.28,Major,1,0,0,0.0,0.0,2024-03
618190,N24002005,WIDENING TO TWO LANE WITH PAVED SHOULDERS OF 'BODHAN BASAR BHAINSA ' SECTION FROM KM 38/900 TO 95/3 3-2022 3/2025 {6/2025},MoRTH,ROAD TRANSPORT & HIGHWAYS,TELANGANA COAL,2022-03,2025-03,644.45,Major,1,0,0,0.0,0.0,2024-03
618191,N24001951,NH167AD FROM MACHERLA TO DACHEPALLI FROM KM.0.000 TO 43.659 TO 2LPS 1-2022 1/2025 {1/2025},MoRTH,ROAD TRANSPORT & HIGHWAYS,ANDHRA PRADESH,2022-01,2025-01,403.22,Major,1,0,0,0.0,0.0,2024-03
618192,N24001942,2LPS FROM KM36.400 TO KM. 107.224 OF NH167BG FROM DUTTALUR TO KAVALI SECTION 3-2021 7/2024 {3/2025},MoRTH,ROAD TRANSPORT & HIGHWAYS,ANDHRA PRADESH,2021-03,2024-07,423.67,Major,1,0,0,0.0,0.0,2024-03
618194,N24000937,REHABILITATION AND UPGRADATION OF NEW NH- 544DD FROM DESIGN CHAINAGE KM 56.00 TO 102.20 OF KALYANDURG 3-2018 8/2018 {11/2024},MoRTH,ROAD TRANSPORT & HIGHWAYS,ANDHRA PRADESH,2018-03,2018-08,289.67,Major,5,0,3,0.0,42.83088235294117,2024-03
618196,N24002008,WIDENING TO 2 LANE WITH PAVED SHOULDERS OF SIDDIPET-ELKATHURTHY SECTION FROM KM 69/978 TO KM 133/6 1-2022 12/2024 {12/2024},MoRTH,ROAD TRANSPORT & HIGHWAYS,TELANGANA COAL,2022-01,2024-12,578.85,Major,1,0,0,0.0,0.0,2024-03
618197,N24002001,WIDENING TO 2 LANE WITH PAVED SHOULDERS OF MEDAK - SIDDIPET SECTION FROM KM 0/0 TO KM 69/978 OF NH- 1-2022 1/2025 {6/2025},MoRTH,ROAD TRANSPORT & HIGHWAYS,TELANGANA COAL,2022-01,2025-01,882.18,Major,1,0,0,0.0,0.0,2024-03
618200,N24001928,CONSTRUCTION OF 2 LANE WITH PAVED SHOULDER NORTHERN BYPASS PHASE-II OF KOTA CITY FROM DESIGN CHAINAG 3-2022 4/2025 {12/2025},MoRTH,ROAD TRANSPORT & HIGHWAYS,RAJASTHAN CIVIL AVIATION,2022-03,2025-04,317.74,Major,1,0,0,0.0,0.0,2024-03
618204,N24001999,CONSTRUCTION OF REALIGNMENT BETWEEN PANDRASS- PASHKYUN (TOTAL LENGTH 27.10 KM) ON ROAD ZOZILA-KARGIL 11-2021 6/2025 {6/2025},BRO,ROAD TRANSPORT & HIGHWAYS,MADHYA PRADESH,2021-11,2025-06,426.14,Major,1,0,0,0.0,0.0,2024-03
618216,N24001915,IMPROVEMENT/CONSTRUCTION OF EXISTING CLASS-5 ROAD TO NH INTERMEDIATE LANE SPECIFICATION WITH HARD SH 3-2021 6/2026 {6/2026},BRO,ROAD TRANSPORT & HIGHWAYS,HIMACHAL PRADESH,2021-03,2026-06,230.54,Major,1,0,0,0.0,0.0,2024-03
618217,N24001916,IMPROVEMENT/CONSTRUCTION OF EXISTING CLASS 5 ROAD TO NH INTERMEDIATE LANE SPECIFICATION WITH HARD SH 3-2021 5/2026 {5/2026},BRO,ROAD TRANSPORT & HIGHWAYS,HIMACHAL PRADESH,2021-03,2026-05,314.67,Major,1,0,0,0.0,0.0,2024-03
618222,N24002119,REHABILITATION AND UPGRADATION TO 2 LANE WITH PAVED SHOULDER FROM DESIGN CHAINAGE KM 162.800 TO KM 10-2022 1/2026 {1/2026},BRO,ROAD TRANSPORT & HIGHWAYS,JAMMU AND KASHMIR,2022-10,2026-01,562.45,Major,1,0,0,0.0,0.0,2024-03
618226,N24001898,REHABILITATION AND UPGRADATION TO 2 LANE WITH PAVED SHOULDER FROM EXISTING CHAINAGE KM 30.000 TO K 7-2020 11/2024 {11/2024},BRO,ROAD TRANSPORT & HIGHWAYS,JAMMU AND KASHMIR,2020-07,2024-11,272.49,Major,1,0,0,0.0,0.0,2024-03
618227,N24001850,DEVELOPMENT TO 4/6-LANNING OF NH-31 (NEW NH-10) WITH BOTH SIDE SERVICE ROADS FROM KM 569.258 TO KM 5 3-2022 9/2025,MoRTH,ROAD TRANSPORT & HIGHWAYS,WEST BENGAL CIVIL AVIATION,2022-03,2025-09,995.04,Major,2,0,1,0.0,0.0,2024-03
618228,N24001201,CONSTRUCTION OF A NEW 4 LANE BRIDGE PARALLEL TO EXISTING MG SETU WITH ITS APPROACHES FROM KM 0.00 2-2019 9/2024 {9/2026},MoRTH,ROAD TRANSPORT & HIGHWAYS,BIHAR CIVIL AVIATION,2019-02,2024-09,2926.42,Mega,5,3,3,189.0,22625.0,2024-03
618229,N24001462,2-LANE WITH PS OF NEAR KARRI VILLAGE TO ETAWAH SECTION OF NH-92 FROM KM.30.000 TO 57.346 UNDER GNHCP 4-2020 7/2024 {7/2025},MoRTH,ROAD TRANSPORT & HIGHWAYS,UTTAR PRADESH,2020-04,2024-07,211.09,Major,2,0,0,0.0,0.0,2024-03
618230,N24001470,REHABILITATION AND UPGRADATION TO 2-LANE CONFIGURATION OF KALWAHAN-MANDI SECTION (KM 208.950 TO KM 2 8-2020 4/2025 {4/2025},MoRTH,ROAD TRANSPORT & HIGHWAYS,HIMACHAL PRADESH,2020-08,2025-04,314.32,Major,2,0,0,0.0,0.0,2024-03
618231,N24001447,REHABILITATION AND UPGRADATION TO 2-LANE CONFIGURATION OF HAMIRPUR- KARNOHAL SECTION (KM 141.000 TO K 8-2020 12/2024 {12/2024},MoRTH,ROAD TRANSPORT & HIGHWAYS,HIMACHAL PRADESH,2020-08,2024-12,371.93,Major,2,0,0,0.0,0.0,2024-03
618233,N24001421,CONSTRUCTION OF 6 LANE BRIDGE ON GANGA ON NH-96 AND ITS APPROACHES IN PHAPHAMAU ALLAHABAD ON EPC MOD 7-2018 2/2024 {8/2025},MoRTH,ROAD TRANSPORT & HIGHWAYS,UTTAR PRADESH,2018-07,2024-02,1948.25,Mega,3,1,2,0.0,0.0,2024-03
618234,N24000943,CONSTRUCTION OF A NEW 4 LANE MAJOR BRIDGE ACROSS RIVER KOSI AT PHULAUT INCLUDING RHABILITATION AND 9-2018 6/2024,MoRTH,ROAD TRANSPORT & HIGHWAYS,BIHAR CIVIL AVIATION,2018-09,2024-06,1478.4,Mega,5,3,3,111.0,23250.0,2024-03
618237,N24000969,CONSTRUCTION OF 2L+PS FROM PASARLAPUDI-DHINDI OF NH-216 1-2017 9/2017 {6/2025},105/700 TO 127.500 OF NH-214,OTHER CENTRAL SECTOR,ANDHRA PRADESH,2017-01,2017-09,263.45,Major,5,1,4,0.0,50850.0,2024-03
618238,N24000964,CONSTRUCTION OF TIMMAPURAM TO GURJANAPALLE SECTION FROM KM 26.150 TO 41.161 OF NH- 214(NH216)(KAKINAD 8-2016 1/2017 {5/2025},MoRTH,ROAD TRANSPORT & HIGHWAYS,ANDHRA PRADESH,2016-08,2017-01,350.61,Major,5,0,4,0.0,2890.4397705544934,2024-03
618240,N24001461,2-LANE WITH PS OF BEWAR TO NEAR KARRI VILLAGE SECTION OF NH-92 FROM KM.0.00 TO 30.00 UNDER GNHCP 4-2020 3/2024 {7/2025},MoRTH,ROAD TRANSPORT & HIGHWAYS,UTTAR PRADESH,2020-04,2024-03,236.47,Major,2,1,1,0.0,51950.0,2024-03
618246,N24001877,CONSTRUCTION OF NEW 4- LANE BRIDGE (PARALLEL TO EXISTING VIKRAMASHILA SETU)FROM KM 8+920 TO KM 13+375 7-2020 5/2027 {5/2027},MoRTH,ROAD TRANSPORT & HIGHWAYS,BIHAR CIVIL AVIATION,2020-07,2027-05,1110.23,Mega,1,0,0,0.0,0.0,2024-03
618258,N24001956,2LPS FROM GONDIGUDA TO ARAKU BHALLAGUDA KM 27.480 TO KM 51.772 SECTION OF NH 516E 8-2020 9/2023 {12/2024},MoRTH,ROAD TRANSPORT & HIGHWAYS,ANDHRA PRADESH,2020-08,2023-09,296.66,Major,1,0,0,0.0,0.0,2024-03
618259,N24001386,REHABILITATION AND UPGRADATION TO 2-LANE WITH PAVED SHOULDERS CONFIGURATION OF PADERU- GONDIGUDA SECT 8-2020 3/2021 {6/2025},MoRTH,ROAD TRANSPORT & HIGHWAYS,ANDHRA PRADESH,2020-08,2021-03,222.61,Major,3,0,1,0.0,0.0,2024-03
618265,N24001457,REHABILITATION AND UPGRADATION TO 2 LANE WITH PS OF MIRANPUR KATRA TO RADHAITA SECTION OF NH-730C F 4-2020 7/2024 {9/2025},MoRTH,ROAD TRANSPORT & HIGHWAYS,UTTAR PRADESH,2020-04,2024-07,172.5,Major,2,0,0,0.0,0.0,2024-03
618266,N24001471,R/U TO 2-LANE WITH PS OF BEWAR TO ALLAHGANJ SECTION OF NH-730C FROM KM.0.00 TO 52.770 UNDER GNHCP 4-2020 11/2024 {6/2025},MoRTH,ROAD TRANSPORT & HIGHWAYS,UTTAR PRADESH,2020-04,2024-11,325.24,Major,2,0,0,0.0,0.0,2024-03
618282,N24002023,BILASIPURA-GUWAHATI ROAD PKG-10 3-2023 6/2026 {6/2026},NHIDCL,ROAD TRANSPORT & HIGHWAYS,ASSAM,2023-03,2026-06,1264.9,Mega,1,0,0,0.0,0.0,2024-03
618283,N24002022,BILASIPURA-GUWAHATI ROAD PKG-9 3-2023 6/2026 {6/2026},NHIDCL,ROAD TRANSPORT & HIGHWAYS,ASSAM,2023-03,2026-06,1000.27,Mega,1,0,0,0.0,0.0,2024-03
618285,N24001368,TULUNGIA-JOGIGHOPA-PAIKAN ROAD PKG-7 3-2021 1/2024 {10/2025},NHIDCL,ROAD TRANSPORT & HIGHWAYS,ASSAM,2021-03,2024-01,286.72,Major,3,0,0,0.0,0.0,2024-03
618286,N24001434,JOGIGHOPA BRIDGE 8-2021 11/2024 {12/2026},NHIDCL,ROAD TRANSPORT & HIGHWAYS,ASSAM,2021-08,2024-11,746.76,Major,2,0,1,0.0,0.0,2024-03
618289,N24001246,4-LANING OF HAPACHARA - TULUNGIA SECTION 3-2020 12/2022 {6/2024},NHIDCL,ROAD TRANSPORT & HIGHWAYS,ASSAM,2020-03,2022-12,220.2,Major,4,2,3,0.0,2780985.39976825,2024-03
618290,N24001258,CONSTRUCTION OF 2-LANE WITH PAVED SHOULDER OF KOHIMA-BYPASS ROAD FROM DSIGN KM32.0 TO KM43.454 [DES 8-2020 4/2022,NHIDCL,ROAD TRANSPORT & HIGHWAYS,NAGALAND,2020-08,2022-04,202.36,Major,4,2,3,23.0,0.0,2024-03
618291,N24001257,CONSTRUCTION OF 2-LANE WITH PAVED SHOULDER OF KOHIMA-BYPASS ROAD FROM DESIGN KM21.0 TO KM32.0 [DESIG 8-2020 10/2022,NHIDCL,ROAD TRANSPORT & HIGHWAYS,NAGALAND,2020-08,2022-10,159.85,Major,1,0,0,0.0,0.0,2021-04
618292,N24001255,CONSTRUCTION OF 2-LANE WITH PAVED SHOULDER OF KOHIMA-BYPASS ROAD FROM DESIGN KM10.500 TO 21.00KM [D 9-2020 10/2022,NHIDCL,ROAD TRANSPORT & HIGHWAYS,NAGALAND,2020-09,2022-10,277.44,Major,4,0,3,0.0,0.0,2024-03
618293,N24001288,CONSTRUCTION OF 2-LANE WITH PAVED SHOULDER OF KOHIMA-BYPASS ROAD FROM DESIGN KM 0.00 TO KM 10.500 [D 8-2020 4/2022,NHIDCL,ROAD TRANSPORT & HIGHWAYS,NAGALAND,2020-08,2022-04,232.29,Major,1,0,0,0.0,0.0,2021-04
618296,N24001287,2 LANING OF KOHIMA - JESSAMI SECTION (PACKAGE V) 4-2020 12/2021,NHIDCL,ROAD TRANSPORT & HIGHWAYS,NAGALAND,2020-04,2021-12,330.8,Major,4,0,2,0.0,0.0,2024-03
618297,N24001282,2 LANING OF KOHIMA - JESSAMI SECTION (PACKAGE II) 3-2020 6/2022 {1/2026},NHIDCL,ROAD TRANSPORT & HIGHWAYS,NAGALAND,2020-03,2022-06,355.79,Major,4,0,0,0.0,0.0,2024-03
618302,N24001332,2-LANING FROM YAINGANGPOKPI TO FINCH CORNER (PKG-II) 3-2020 6/2022,NHIDCL,ROAD TRANSPORT & HIGHWAYS,ASSAM,2020-03,2022-06,217.5,Major,3,0,0,0.0,0.0,2024-03
618303,N24001331,2-LANING FROM YAINGANGPOKPI TO FINCH CORNER (PKG-I) 3-2020 6/2022,NHIDCL,ROAD TRANSPORT & HIGHWAYS,ASSAM,2020-03,2022-06,261.13,Major,3,0,1,0.0,53700.0,2024-03
618325,N24001537,Dillai to Lahorijan Package-7,NHIDCL,ROAD TRANSPORT & HIGHWAYS,ASSAM,2021-11,2024-07,204.1,Major,2,0,0,0.0,0.0,2024-03
618329,N24001281,Construction of 4/6 Laning from Km 132.375 to Km 153.058 Total New Alignment length of 20.683 Km of Daboka-Dimapur Section Dimapur Bypass Nagaland Portion of NH-36 & 39 in the State of Nagaland on EPC basis under PhaseA of SARDP-NE,NHIDCL,ROAD TRANSPORT & HIGHWAYS,NAGALAND,2017-02,2020-09,819.39,Major,4,0,2,0.0,1820938.0121396051,2024-03
618330,N24001263,Construction of 4/6 Laning from existing Km 159.400 of NH-36 to existing Km 102.500 of NH-39 and upto end point of Assam portion [Design Km 118.050 to design Km 132.375] Total New Alignment length of 14.325 Km of Daboka -Dimapur Section Dimapur Bypass in the state of Assam under SARDP-NE 'Phase-A' on EPC mode Assam Portion,NHIDCL,ROAD TRANSPORT & HIGHWAYS,ASSAM,2018-03,2022-11,511.02,Major,4,0,0,0.0,0.0,2024-03
618337,N24001416,Widening to 2 -Lane with Paved shoulder of Imphal to Jiribam section of NH-37 from Design Chainage 33.000 km to 66.390 Km Existing Chainage from km 33.395 to km 67.496 on EPC Mode in Manipur PKG-3,NHIDCL,ROAD TRANSPORT & HIGHWAYS,MANIPUR,2021-03,2023-03,467.0,Major,3,1,1,0.0,0.0,2024-03
618342,N24001278,Rehabilitation and upgradation to 2 Lane with Paved shoulder of Economic corridor of NH-6 from Design chaiange Km 0.000 to Km 13.510 Package-1 in the state of Mizoram under Bharatmala Pariyojana on EPC mode,NHIDCL,ROAD TRANSPORT & HIGHWAYS,MIZORAM,2020-03,2022-06,206.9,Major,4,0,3,0.0,1823705.319148936,2024-03
618345,N24001730,Widening to 2-lane with Hard shoulder of Churachandpur to Tuivai Section from Km 48.587 to Km 69.875 in the State of Manipur on EPC mode under NHO Package-2B,NHIDCL,ROAD TRANSPORT & HIGHWAYS,MANIPUR,2020-06,2022-08,365.53,Major,2,0,0,0.0,0.0,2024-03
618346,N24001270,2-LANING OF CHURACHANDPUR TUIVAI SECTION OF NH-102B 3-2020 6/2022,PKG- 2A,OTHER CENTRAL SECTOR,MANIPUR,2020-03,2022-06,292.24,Major,4,0,2,0.0,0.0,2024-03
618347,N24001269,2-LANING OF CHURACHANDPUR TUIVAI SECTION OF NH-102B 3-2020 3/2022,PKG- IB,OTHER CENTRAL SECTOR,ASSAM,2020-03,2022-03,216.49,Major,4,0,3,0.0,33.14087759815242,2024-03
618351,N24001971,WIDENING AND UPGRADATION TO TWO LANES WITH PAVED SHOULDERS ROAD FROM TAMENGLONG TO MAHUR (NH- 137) IN 3-2023 8/2025 {8/2025},NHIDCL,ROAD TRANSPORT & HIGHWAYS,ASSAM,2023-03,2025-08,890.33,Major,1,0,0,0.0,0.0,2024-03
618352,N24001970,WIDENING AND UPGRADATION TO TWO LANES WITH PAVED SHOULDERS ROAD FROM TAMENGLONG TO MAHUR (NH- 137) IN 3-2023 8/2025 {8/2025},NHIDCL,ROAD TRANSPORT & HIGHWAYS,ASSAM,2023-03,2025-08,860.37,Major,1,0,0,0.0,0.0,2024-03
618353,N24001969,WIDENING AND UPGRADATION TO TWO LANES WITH PAVED SHOULDERS ROAD FROM TAMENGLONG TO MAHUR (NH- 137) I 3-2023 8/2025 {8/2025},NHIDCL,ROAD TRANSPORT & HIGHWAYS,ASSAM,2023-03,2025-08,904.04,Major,1,0,0,0.0,0.0,2024-03
618355,N24001403,TAMENGLONG - MAHUR PKG-2 7-2021 3/2023,NHIDCL,ROAD TRANSPORT & HIGHWAYS,MANIPUR,2021-07,2023-03,483.87,Major,3,0,0,0.0,0.0,2024-03
618356,N24001354,TAMENGLONG - MAHUR PKG-3 3-2021 12/2022,NHIDCL,ROAD TRANSPORT & HIGHWAYS,MANIPUR,2021-03,2022-12,234.08,Major,3,1,1,16.0,0.0,2024-03
618357,N24001436,TAMENGLONG - MAHUR PKG-5 8-2021 5/2023,NHIDCL,ROAD TRANSPORT & HIGHWAYS,MANIPUR,2021-08,2023-05,477.86,Major,2,0,0,0.0,0.0,2024-03
618358,N24001437,TAMENGLONG - MAHUR PKG-6 9-2021 5/2023,NHIDCL,ROAD TRANSPORT & HIGHWAYS,MANIPUR,2021-09,2023-05,311.18,Major,2,1,1,12.0,0.0,2024-03
618362,N24001358,TLABUNG - LUNGLEI PKG-A 3-2021 12/2022 {3/2026},NHIDCL,ROAD TRANSPORT & HIGHWAYS,MULTI STATE COAL,2021-03,2022-12,698.44,Major,3,1,1,0.0,0.0,2024-03
618363,N24001359,TLABUNG - LUNGLEI PKG-B 3-2021 1/2023 {3/2026},NHIDCL,ROAD TRANSPORT & HIGHWAYS,MULTI STATE COAL,2021-03,2023-01,740.58,Major,3,0,0,0.0,0.0,2024-03
618371,N24001831,SRIRAMPUR - DHUBRI PKG-1 3-2022 2/2025 {11/2026},NHIDCL,ROAD TRANSPORT & HIGHWAYS,ASSAM,2022-03,2025-02,613.89,Major,2,0,1,0.0,2321160.251450677,2024-03
618372,N24001544,FOUR LANING OF SRIRAMPUR- DHUBRI PKG-2 3-2022 1/2025 {6/2025},NHIDCL,ROAD TRANSPORT & HIGHWAYS,ASSAM,2022-03,2025-01,909.02,Major,2,1,1,34.0,408.9124257297856,2024-03
618373,N24001326,4-L DHUBRI PHULBARI BRIDGE WITH APPROACH ROAD 11-2020 9/2028 {9/2028},NHIDCL,ROAD TRANSPORT & HIGHWAYS,ASSAM,2020-11,2028-09,4997.04,Mega,3,0,1,0.0,0.0,2024-03
618375,N24001334,IMPROVEMENT/WIDENING TO 2- LANE WITH PAVED SHOULDER FROM (DESIGN KM 45.760 TO KM 63.530) BETWEEN SHIL 11-2020 12/2023 {4/2026},NHIDCL,ROAD TRANSPORT & HIGHWAYS,MEGHALAYA,2020-11,2023-12,445.51,Major,3,0,1,0.0,0.0,2024-03
618376,N24001314,IMPROVEMENT/WIDENING TO 2- LANE WITH PAVED SHOULDER FROM (DESIGN KM 10.670 TO KM 37.550) BETWEEN SHIL 11-2020 12/2023 {8/2026},NHIDCL,ROAD TRANSPORT & HIGHWAYS,MEGHALAYA,2020-11,2023-12,525.68,Major,3,0,1,0.0,0.0,2024-03
618379,N24000861,WIDENING AND UP-GRADATION TO 2-LANE WITH PAVED SHOULDER CONFIGURATION AND GEOMETRIC IMPROVEMENTS FRO 4-2017 4/2023 {6/2025},NHIDCL,ROAD TRANSPORT & HIGHWAYS,MIZORAM,2017-04,2023-04,473.18,Major,6,1,4,43.0,65350.0,2024-03
618380,N24000857,WIDENING AND UP-GRADATION TO 2-LANE WITH PAVED SHOULDER CONFIGURATION AND GEOMETRIC IMPROVEMENTS FRO 4-2017 4/2023 {6/2025},NHIDCL,ROAD TRANSPORT & HIGHWAYS,MIZORAM,2017-04,2023-04,519.09,Major,6,2,4,43.0,65200.0,2024-03
618381,N24000863,WIDENING AND UP-GRADATION TO 2-LANE WITH PAVED SHOULDER CONFIGURATION AND GEOMETRIC IMPROVEMENTS FRO 4-2017 6/2023 {5/2025},NHIDCL,ROAD TRANSPORT & HIGHWAYS,MIZORAM,2017-04,2023-06,518.53,Major,6,2,3,3.0,59550.0,2024-03
618382,N24000864,WIDENING AND UP-GRADATION TO 2-LANE WITH PAVED SHOULDER CONFIGURATION AND GEOMETRIC IMPROVEMENTS FRO 4-2017 4/2024 {5/2025},NHIDCL,ROAD TRANSPORT & HIGHWAYS,MIZORAM,2017-04,2024-04,404.29,Major,6,1,3,55.0,65500.0,2024-03
618383,N24000865,WIDENING AND UP-GRADATION TO 2-LANE WITH PAVED SHOULDER CONFIGURATION AND GEOMETRIC IMPROVEMENTS FRO 4-2017 9/2023 {5/2025},NHIDCL,ROAD TRANSPORT & HIGHWAYS,MIZORAM,2017-04,2023-09,428.11,Major,6,2,4,48.0,65550.0,2024-03
618384,N24000862,WIDENING AND UP-GRADATION TO 2-LANE WITH PAVED SHOULDER CONFIGURATION AND GEOMETRIC IMPROVEMENTS FRO 4-2017 4/2023 {6/2025},NHIDCL,ROAD TRANSPORT & HIGHWAYS,MIZORAM,2017-04,2023-04,537.82,Major,6,1,3,43.0,65400.0,2024-03
618388,N24001974,CONSTRUCTION OF 2-LANING WITH HARD SHOULDER ROAD OF UKHRUL - TOLOI - TADUBI SECTION OF NH-102A FROM 9-2021 1/2025,NHIDCL,ROAD TRANSPORT & HIGHWAYS,MANIPUR,2021-09,2025-01,315.56,Major,1,0,0,0.0,0.0,2024-03
618389,N24001473,CONSTRUCTION OF 2-LANING WITH HARD SHOULDER ROAD OF UKHRUL - TOLOI - TADUBI SECTION OF NH-102A FROM 9-2021 2/2024,NHIDCL,ROAD TRANSPORT & HIGHWAYS,MANIPUR,2021-09,2024-02,310.76,Major,2,0,1,0.0,0.0,2024-03
618390,N24000855,CONSTRUCTION OF 4.5 KM LONG SILKYARA TUNNEL BETWEEN KM 25.40 TO 50.25 KM 3-2018 7/2022 {9/2026},TUNNEL WORK,OTHER CENTRAL SECTOR,UTTARAKHAND,2018-03,2022-07,1383.78,Mega,6,1,4,48.0,36077.777777777774,2024-03
618394,N24001264,UP-GRADATION TO 2-LANE WITH PAVED SHOULDER FROM KM 12.850 TO KM20.300 OF 7.450KM LENGTH ON GOHA-KHEL 7-2020 4/2022,NHIDCL,ROAD TRANSPORT & HIGHWAYS,JAMMU AND KASHMIR,2020-07,2022-04,228.39,Major,4,2,3,3.0,23.16831683168317,2024-03
618398,N24001266,UP-GRADATION TO 2-LANE WITH PAVED SHOULDER FROM KM 20.300 TO KM 29.030 OF 8.730 KM LENGTH ON GOHA-K 7-2020 4/2022,NHIDCL,ROAD TRANSPORT & HIGHWAYS,JAMMU AND KASHMIR,2020-07,2022-04,210.79,Major,4,0,3,0.0,9.495548961424332,2024-03
618399,N24001395,KHELLANI-KHANABAL PKG-4 7-2021 8/2023,NHIDCL,ROAD TRANSPORT & HIGHWAYS,JAMMU AND KASHMIR,2021-07,2023-08,859.67,Major,3,0,0,0.0,0.0,2024-03
618406,N24000868,UP-GRADATION TO 4-LANE WITH PAVED SHOULDER OF JAMMU- AKHNOOR ROAD SECTION OF NH-144A FROM GANESH VIHA 3-2018 7/2021,NHIDCL,ROAD TRANSPORT & HIGHWAYS,JAMMU AND KASHMIR,2018-03,2021-07,253.44,Major,6,1,3,24.0,25075.0,2024-03
618407,N24001543,FOUR LANING OF JAMMU- AKHNOOR PKG-1 7-2022 1/2025 {10/2025},NHIDCL,ROAD TRANSPORT & HIGHWAYS,JAMMU AND KASHMIR,2022-07,2025-01,245.34,Major,2,0,1,0.0,0.0,2024-03
618408,N24001348,KARGIL-ZANSKR PACKAGE-8 3-2021 1/2023,NHIDCL,ROAD TRANSPORT & HIGHWAYS,MADHYA PRADESH,2021-03,2023-01,398.37,Major,3,0,0,0.0,0.0,2024-03
618409,N24001345,KARGIL-ZANSKR PACKAGE-3 8-2020 1/2023,NHIDCL,ROAD TRANSPORT & HIGHWAYS,LADAKH,2020-08,2023-01,381.01,Major,3,0,0,0.0,0.0,2024-03
618410,N24001344,KARGIL-ZANSKR PACKAGE-2 3-2021 1/2023,NHIDCL,ROAD TRANSPORT & HIGHWAYS,LADAKH,2021-03,2023-01,404.89,Major,3,0,2,0.0,0.0,2024-03
618411,N24001914,IMPROVEMENT AND WIDENING TO 2-LANE WITH EARTHEN PAVED SHOULDER FROM UDAIPUR TO SRIMANTAPUR,NHIDCL,ROAD TRANSPORT & HIGHWAYS,TRIPURA,2023-05,2024-11,195.95,Major,1,0,0,0.0,0.0,2024-03
618412,N24001256,CONSTRUCTION OF (I) CONNECTING ROAD FROM Z- MORH TUNNEL TO ZOJILA TUNNEL AND (II) 14.150 KM LONG BI-D 8-2020 9/2026 {9/2026},NHIDCL,ROAD TRANSPORT & HIGHWAYS,JAMMU AND KASHMIR,2020-08,2026-09,6808.69,Mega,4,0,3,0.0,17.74033696729435,2024-03
618413,N24001912,PEREN-DIMAPUR PKG-3 2-2021 6/2025 {12/2025},NHIDCL,ROAD TRANSPORT & HIGHWAYS,NAGALAND,2021-02,2025-06,177.77,Major,1,0,0,0.0,0.0,2024-03
618414,N24001406,PEREN-DIMAPUR SECTION PKG- 2 7-2021 3/2023,NHIDCL,ROAD TRANSPORT & HIGHWAYS,NAGALAND,2021-07,2023-03,258.52,Major,3,0,1,0.0,0.0,2024-03
618415,N24001350,MARIAM - PEREN (PKG 1B) 2-2021 12/2022,NHIDCL,ROAD TRANSPORT & HIGHWAYS,MANIPUR,2021-02,2022-12,188.36,Major,3,0,1,0.0,0.0,2024-03
618416,N24001349,MARIAM - PEREN PKG-1A 2-2021 12/2022,NHIDCL,ROAD TRANSPORT & HIGHWAYS,MANIPUR,2021-02,2022-12,226.32,Major,3,0,1,0.0,2063644.539982803,2024-03
618418,N24001474,REHABITITATION AND UP GRADATION OF NONGSTOIN- RAMBRAI-KYRSHAI ROAD UP TO MEGHALAYA-ASSAM BORDER FROM 9-2021 5/2024,NHIDCL,ROAD TRANSPORT & HIGHWAYS,MEGHALAYA,2021-09,2024-05,359.86,Major,2,1,1,0.0,0.0,2024-03
618423,N24000763,CONSTRUCTION OF TWO LANE WITH HARD SHOULDERS OF MERANGKONG-TAMLU-MON ROAD FROM EXISTING KM 20.456 TO 3-2018 12/2021,NHIDCL,ROAD TRANSPORT & HIGHWAYS,NAGALAND,2018-03,2021-12,215.79,Major,7,1,3,39.0,6475.087993742667,2024-03
618427,N24001261,CONSTRUCTION AND UPGRADATION OFEXISTINGROAD TO 2-LANE WITH PAVED SHOULDER INCLUDING GEOMETRIC IMPROV 8-2020 4/2023 {4/2025},NHIDCL,ROAD TRANSPORT & HIGHWAYS,SIKKIM,2020-08,2023-04,311.0,Major,4,0,2,0.0,0.0,2024-03
618429,N24001262,CONSTRUCTION AND UPGRADATION OFEXISTINGROAD TO 2-LANE WITH PAVED SHOULDER INCLUDING GEOMETRIC IMPROV 7-2020 4/2023,NHIDCL,ROAD TRANSPORT & HIGHWAYS,SIKKIM,2020-07,2023-04,345.38,Major,4,2,3,0.0,0.0,2024-03
618430,N24001251,CONSTUCTION/UPGRADATION OF EXISTING HIGHWAY TO 2 LANE WITH PAVED SHOULDER FROM KM 0.00 TO KM 13.00 N,NHIDCL,ROAD TRANSPORT & HIGHWAYS,WEST BENGAL,2019-03,2022-04,402.94,Major,4,0,2,0.0,0.0,2024-03
618431,N24001252,CONSTUCTION/UPGRADATION OF EXISTING HIGHWAY TO 2 LANE WITH PAVED SHOULDER FROM KM 13.00 TO KM 25.600,NHIDCL,ROAD TRANSPORT & HIGHWAYS,WEST BENGAL,2020-08,2023-04,295.97,Major,4,1,3,14.0,0.0,2024-03
618432,N24001390,Construction of Balance work of 2-Lane with PS of Joram-Koloriang Road NH-713 on EPC basis from Design Km 44.989 to Km 61.547 Existing Km 50.050 to Km 70.000 in the state of Arunachal Pradesh under SARDP-NE Pkg-3 Arunachal Pradesh 02/2017,NHIDCL,ROAD TRANSPORT & HIGHWAYS,ARUNACHAL PRADESH,2017-02,2022-04,228.72,Major,3,0,1,0.0,0.0,2024-03
618433,N24001393,JORAM ? KOLORIANG ROAD FROM EXISTING KM122.600 TO KM138.00 (PKG-7) 8-2020 4/2022,NHIDCL,ROAD TRANSPORT & HIGHWAYS,ASSAM,2020-08,2022-04,184.88,Major,3,0,0,0.0,0.0,2024-03
618434,N24000946,CONSTRUCTION OF 2-LANE ROAD WITH PAVED SHOULDERS FROM KM16.00 OF ROING-HUNLI SECTION TO KM 21.500 OF 3-2017 3/2022,NHIDCL,ROAD TRANSPORT & HIGHWAYS,ARUNACHAL PRADESH,2017-03,2022-03,1718.59,Mega,5,3,3,73.0,40550.0,2024-03
618435,N24000438,4 LANING FROM RANGAGARA TO KALIABHOR TINALI FROM KM 297.00 TO KM 315.315 OF NH-37 ON EPC BASIS. 12-2015 12/2018,NHIDCL,ROAD TRANSPORT & HIGHWAYS,ASSAM,2015-12,2018-12,289.99,Major,9,0,4,0.0,27800.0,2024-03
618436,N24000431,4 LANING FROM JAMUGURI TO BISWANATH CHARIALI FROM KM 182 TO KM 208 OF NH-52 1-1991 6/2019,NHIDCL,ROAD TRANSPORT & HIGHWAYS,ASSAM,1991-01,2019-06,520.01,Major,9,3,4,82.0,28125.0,2024-03
618437,N24000583,4 LANING OF NH 37 SECTION BETWEEN END OF MORAN BYPASS TO BOGIBEEL JUNCTION NEAR LAPETKETA (KM. 561 1-2016 12/2021 {5/2025},NHIDCL,ROAD TRANSPORT & HIGHWAYS,ASSAM,2016-01,2021-12,252.0,Major,8,3,3,139.0,21300.0,2024-03
618438,N24000582,4 LANING OF NH-37 SECTION BETWEEN DEMOW TO END OF MORAN BYPASS (FROM KM. 534.800 TO KM. 561.700) O 1-2016 1/2016 {5/2025},NHIDCL,ROAD TRANSPORT & HIGHWAYS,ASSAM,2016-01,2016-01,294.17,Major,8,3,3,102.0,21275.0,2024-03
618443,N24000319,"Construction of Balance Work of the 4-Laning of the Section from Jorhat to Jhanji of NH-37 Old from Km 463.00 to Km 477.000 14.000 Km, under SARDP- NE under EPC Mode in the state of Assam Pkg-II Road Works",NHIDCL,ROAD TRANSPORT & HIGHWAYS,ASSAM,2024-01,2024-08,438.44,Major,9,1,3,62.0,21025.0,2024-03
618446,N24001337,CONSTRUCTION AND UPGRADATION OF EXISTING ROAD TO 2-LANE WITH PAVED SHOULDER FROM NEW ROLEP BRIDGE AT,NHIDCL,ROAD TRANSPORT & HIGHWAYS,TRIPURA,2020-10,2023-11,493.42,Major,3,2,2,0.0,0.0,2024-03
618449,N24001336,CONSTRUCTION AND UPGRADATION OF EXISTING ROAD TO 2-LANE WITH PAVED SHOULDER FROM KM27.200 (END OF RO,NHIDCL,ROAD TRANSPORT & HIGHWAYS,TRIPURA,2020-08,2023-04,230.45,Major,3,0,1,0.0,0.0,2024-03
618450,N24001327,REHABILITATION AND UPGRADATION OF EXISTING ROAD TO 2-LANE WITH PAVED SHOULDER INCLUDING GEOMETRIC IM,NHIDCL,ROAD TRANSPORT & HIGHWAYS,TRIPURA,2020-08,2022-05,292.8,Major,3,0,2,0.0,0.0,2024-03
618454,N24002030,"Earthwork in Formation, Road Work, Construction of Bridges, Blanketing, P. Way Linking works including Supply of P. Way Fittings and Track Ballast in connection with Construction of Railway Siding from Jogighopa Railway Station to MMLP at Jogighopa from Ch. 00 to 3760 on Item Rate basis Package -3, Railway Siding from Jogighopa Railway Station to MMLP",NHIDCL,ROAD TRANSPORT & HIGHWAYS,ASSAM,2020-02,2022-06,693.97,Major,1,0,0,0.0,0.0,2024-03
618456,N24001568,DELHI-VADODARA GREENFIELD ALIGNMENT (NH-148N) (PKG-14) [JUNCTION WITH N 11-2019 5/2023,CH. 388.420 TO CH. 419.000,CIVIL AVIATION,RAJASTHAN CIVIL AVIATION,2019-11,2023-05,1119.35,Mega,2,0,0,0.0,0.0,2024-03
618457,N24001567,DELHI-VADODARA GREENFIELD ALIGNMENT (NH-148N) (PKG-10) [END OF INTERCHA 11-2019 10/2022,CH. 292.950 TO CH. 319.400,CIVIL AVIATION,RAJASTHAN CIVIL AVIATION,2019-11,2022-10,1272.97,Mega,2,0,0,0.0,0.0,2024-03
618458,N24001612,DELHI-VADODARA GREENFIELD ALIGNMENT (NH-148N) (PKG-15) [JUNCTION WITH NH 7-2020 1/2024,CH. 419.000 TO CH.427.300,CIVIL AVIATION,RAJASTHAN CIVIL AVIATION,2020-07,2024-01,1788.69,Mega,2,0,0,0.0,0.0,2024-03
618463,N24000834,CONSTRUCTION OF EIGHT LANE VADODARA KIM EXPRESSWAY FROM KM 254.430 TO KM 279.000 (KIM TO ANKLESHWAR 3-2018 10/2021,NHAI,ROAD TRANSPORT & HIGHWAYS,GUJARAT CIVIL AVIATION,2018-03,2021-10,1161.39,Mega,6,3,2,174.0,229.3636756671776,2024-03
618465,N24001789,CONSTRUCTION OF EIGHT LANE EXPRESSWAY FROM KM 190.000 TO KM 217.500 GANDEVA TO ENA SECTION OF VADODA 7-2020 8/2023 {4/2025},NHAI,ROAD TRANSPORT & HIGHWAYS,GUJARAT CIVIL AVIATION,2020-07,2023-08,1710.3,Mega,2,0,0,0.0,0.0,2024-03
618468,N24001504,VADODARA MUMBAI EXPRESSWAY (PHASE II - PKG XI) [KM. 77.000 TO KM. 103.400] 5-2022 5/2024,GANJAD - TALSARI,CIVIL AVIATION,MAHARASHTRA CIVIL AVIATION,2022-05,2024-05,1260.0,Mega,2,0,0,0.0,0.0,2024-03
618469,N24001506,VADODARA MUMBAI EXPRESSWAY (PHASE II - PKG XIII) [KM. 26.582 TO KM. 50.700] 2-2022 2/2024,SHIRSAD - MASVAN,CIVIL AVIATION,MAHARASHTRA CIVIL AVIATION,2022-02,2024-02,2747.0,Mega,2,0,0,0.0,0.0,2024-03
618470,N24001507,VADODARA MUMBAI EXPRESSWAY (PHASE II - PKG XIV) [KM. 3.000 TO KM. 20.200 OF SPUR] (SHIRSAD - AKLOLI) 11-2022 5/2024,NHAI,ROAD TRANSPORT & HIGHWAYS,MAHARASHTRA CIVIL AVIATION,2022-11,2024-05,1124.0,Mega,2,0,0,0.0,0.0,2024-03
618471,N24001521,VADODARA MUMBAI EXPRESSWAY (PHASE II - PKG XV) [KM. 20.200 TO KM. 43.000 OF SPUR] (AKLOLI - AMNE) 11-2022 10/2024,NHAI,ROAD TRANSPORT & HIGHWAYS,MAHARASHTRA CIVIL AVIATION,2022-11,2024-10,990.0,Major,2,0,0,0.0,0.0,2024-03
618472,N24001508,VADODARA MUMBAI EXPRESSWAY (PHASE II - PKG XVI) [KM. 43.000 TO KM. 69.800 OF SPUR] (AMNE - BHOJ) 11-2022 10/2024,NHAI,ROAD TRANSPORT & HIGHWAYS,MAHARASHTRA CIVIL AVIATION,2022-11,2024-10,1450.0,Mega,2,0,0,0.0,0.0,2024-03
618473,N24001608,VADODARA MUMBAI EXPRESSWAY (PHASE II - PKG XVII) [KM. 69.800 TO KM. 79.783 OF SPUR] (BHOJ - MORBE) 9-2021 7/2025 {7/2025},NHAI,ROAD TRANSPORT & HIGHWAYS,MAHARASHTRA CIVIL AVIATION,2021-09,2025-07,2208.68,Mega,2,0,0,0.0,0.0,2024-03
618475,N24001985,BANGALORE CHENNAI EXPRESSWAY (PHASE-II PKG-II) FROM KM.96.000 TO KM 127.000 (BAIREDDYPALLE TO BANGAR 3-2021 6/2025 {6/2025},NHAI,ROAD TRANSPORT & HIGHWAYS,ANDHRA PRADESH,2021-03,2025-06,1942.94,Mega,1,0,0,0.0,0.0,2024-03
618476,N24001821,BANGALORE CHENNAI EXPRESSWAY (PHASE-II PKG-III) FROM KM.127.000 TO KM 156.000 (BANGARUPALEM TO GUDIP 11-2020 10/2024 {10/2024},NHAI,ROAD TRANSPORT & HIGHWAYS,ANDHRA PRADESH,2020-11,2024-10,1137.74,Mega,2,0,0,0.0,0.0,2024-03
618477,N24001720,BANGALORE CHENNAI EXPRESSWAY PHASE-III ? PACKAGE I (GUDIPALA TO WALAJAJHPET) FROM KM 156.000 TO KM 1 10-2020 5/2024 {8/2025},NHAI,ROAD TRANSPORT & HIGHWAYS,TAMIL NADU CIVIL AVIATION,2020-10,2024-05,1023.91,Mega,2,0,0,0.0,0.0,2024-03
618478,N24001718,BANGALORE CHENNAI EXPRESSWAY PHASE-III PACKAGE II (WALAJAHPET TO ARAKKONAM) FROM KM 180.000 TO KM 2 12-2020 7/2024 {8/2025},NHAI,ROAD TRANSPORT & HIGHWAYS,TAMIL NADU CIVIL AVIATION,2020-12,2024-07,843.48,Major,2,0,0,0.0,0.0,2024-03
618479,N24001717,BANGALORE CHENNAI EXPRESSWAY PHASE-III PACKAGE III (ARAKKONAM TO KANCHEEPURAM) FROM KM 204.500 TO K 11-2020 8/2024 {3/2026},NHAI,ROAD TRANSPORT & HIGHWAYS,TAMIL NADU CIVIL AVIATION,2020-11,2024-08,1155.49,Mega,2,0,0,0.0,0.0,2024-03
618481,N24001719,4L BANGALORE-CHENNAI EXPRESSWAY FROM KM. 230.000 TO KM. 261.705 OF KANCHEPURAM TO SRIPERUMBUDUR SECT 2-2021 7/2024 {10/2025},NHAI,ROAD TRANSPORT & HIGHWAYS,TAMIL NADU CIVIL AVIATION,2021-02,2024-07,2948.31,Mega,2,1,1,0.0,6442.625,2024-03
618495,N24002061,4/6L ACCESS CONTROL EXPRESSWAY FROM DESIGN CHAINAGE KM 515.000 TO 528.300 (KUNJWANI TO SIDHRA SECTIO 8-2022 6/2025 {8/2025},NHAI,ROAD TRANSPORT & HIGHWAYS,JAMMU AND KASHMIR,2022-08,2025-06,2474.47,Mega,1,0,0,0.0,0.0,2024-03
618497,N24002060,DELHI AMRITSAR KATRA EXPRESSWAY (PHASE-II PKG XVIII) DEVELOPMENT AND UPGRADATION OF FOUR LANE ACCESS 3-2023 11/2025 {11/2025},NHAI,ROAD TRANSPORT & HIGHWAYS,JAMMU AND KASHMIR,2023-03,2025-11,1107.0,Mega,1,0,0,0.0,0.0,2024-03
618498,N24001731,6L GREENFIELD KANPUR - LUCKNOW (EXPRESSWAY) PKG II FROM KM. 28.500 TO KM. 73.744 12-2021 5/2025,NHAI,ROAD TRANSPORT & HIGHWAYS,UTTAR PRADESH,2021-12,2025-05,2470.64,Mega,2,0,0,0.0,0.0,2024-03
618500,N24001772,4 LANE CONNECTOR FROM DELHI MEERUT EXPRESSWAY KM 50.000 TO KM 8.520 OF NH 235 IN THE STATE OF UTTAR 8-2021 3/2024,NHAI,ROAD TRANSPORT & HIGHWAYS,UTTAR PRADESH,2021-08,2024-03,1147.26,Mega,2,1,1,6.0,32350.0,2024-03
618501,N24001443,CONSTRUCTION OF FOUR LANE EXPRESSWAY FROM START OF SARDAR PATEL RING ROAD TO SINDHREJ VILLAGE (CH. 0 5-2020 3/2024,NHAI,ROAD TRANSPORT & HIGHWAYS,GUJARAT CIVIL AVIATION,2020-05,2024-03,690.3,Major,2,0,0,0.0,0.0,2024-03
618502,N24001444,CONSTRUCTION OF FOUR LANE EXPRESSWAY FROM START OF SINDHREJ VILLAGE (CH. 22.00 TO CH. 48.52) SECTION 5-2020 1/2024,NHAI,ROAD TRANSPORT & HIGHWAYS,GUJARAT CIVIL AVIATION,2020-05,2024-01,882.0,Major,2,0,0,0.0,0.0,2024-03
618503,N24001445,CONSTRUCTION OF FOUR LANE EXPRESSWAY FROM START OF VEJALLKA VILLAGE TO START OF DSIR ZONE OF AHMEDAB 5-2020 7/2023,NHAI,ROAD TRANSPORT & HIGHWAYS,GUJARAT CIVIL AVIATION,2020-05,2023-07,691.52,Major,2,1,1,6.0,6.149253731343284,2024-03
618504,N24001446,CONSTRUCTION OF FOUR LANE EXPRESSWAY FROM START OF DSIR ZONE OF AHMEDABAD DISTRICT TO ADHELAI VILLAG 5-2020 12/2023,NHAI,ROAD TRANSPORT & HIGHWAYS,GUJARAT CIVIL AVIATION,2020-05,2023-12,894.0,Major,2,1,1,10.0,0.0,2024-03
618505,N24002058,ADDITIONAL STRUCTURES ON 6LGURGAON-JAIPUR SECTION OF NH-48 BETWEEN KM 42.700 TO KM 273.00 8-2022 6/2024,NHAI,ROAD TRANSPORT & HIGHWAYS,SIKKIM,2022-08,2024-06,409.64,Major,1,0,0,0.0,0.0,2024-03
618509,N24001777,DEVELOPMENT OF 6L UER-II (PACKAGE-I) (NH-1 NEAR BAKOLI TILL KARALA KANJHAWALA ROAD) FROM KM. (-)0.70 7-2020 10/2023 {6/2025},NHAI,ROAD TRANSPORT & HIGHWAYS,DELHI,2020-07,2023-10,2171.8,Mega,2,0,0,0.0,0.0,2024-03
618512,N24001486,TUNNEL AT KHAMBATAKI GHAT SECTION AND ITS APPROACHES FROM EXISTING KM. 771.730 TO EXISTING KM. 782.0 2-2019 2/2022,NHAI,ROAD TRANSPORT & HIGHWAYS,MAHARASHTRA CIVIL AVIATION,2019-02,2022-02,493.0,Major,2,0,0,0.0,0.0,2024-03
618513,N24001546,6L OF KAGAL-SATARA SECTION FROM KM 592.240 TO KM 658.000 OF NH-48 (PKG-I) 1-2023 1/2025 {1/2025},NHAI,ROAD TRANSPORT & HIGHWAYS,MAHARASHTRA CIVIL AVIATION,2023-01,2025-01,1025.2,Mega,2,0,0,0.0,0.0,2024-03
618514,N24001493,6L OF KAGAL-SATARA SECTION FROM KM 658.000 TO KM 725.000 OF NH-48 (PKG-II) 12-2022 12/2024 {11/2025},NHAI,ROAD TRANSPORT & HIGHWAYS,MAHARASHTRA CIVIL AVIATION,2022-12,2024-12,1749.86,Mega,2,0,0,0.0,0.0,2024-03
618515,N24001679,6L FROM BELGAUM TO SANKESHWAR BYPASS FROM KM 515.000 TO KM 555.017 OF NH 48 10-2022 4/2025,NHAI,ROAD TRANSPORT & HIGHWAYS,KARNATAKA CIVIL AVIATION,2022-10,2025-04,1479.3,Mega,2,0,0,0.0,0.0,2024-03
618516,N24001598,6L FROM SANKESHWAR BYPASS TO MH KNT BORDER FROM KM. 555.017 TO KM. 592.853 OF NH- 48 (PKG II) 1-2022 4/2025,NHAI,ROAD TRANSPORT & HIGHWAYS,KARNATAKA CIVIL AVIATION,2022-01,2025-04,1388.7,Mega,2,0,0,0.0,0.0,2024-03
618517,N24001994,4/6L OF BANGALORE - PUNE SECTION OF BYPASS CONNECTING DHARWAD - HUBLI FROM KM. 403.80 TO KM. 433.20 5-2022 3/2023 {9/2025},NHAI,ROAD TRANSPORT & HIGHWAYS,KARNATAKA CIVIL AVIATION,2022-05,2023-03,1135.39,Mega,1,0,0,0.0,0.0,2024-03
618519,N24001968,CONSTRUCTION OF STRR (WEST SIDE)-NH948A- BALAGONDAPALLI (TAMIL NADU) TO KARNATAKA/TAMIL NADU BORDER F 4-2022 5/2025 {5/2025},NHAI,ROAD TRANSPORT & HIGHWAYS,TAMIL NADU CIVIL AVIATION,2022-04,2025-05,1260.74,Mega,1,0,0,0.0,0.0,2024-03
618521,N24001723,KARAIPETTAI TO WALAJAPET FROM KM 71.015 TO 107.091 10-2018 2/2021 {6/2025},NHAI,ROAD TRANSPORT & HIGHWAYS,TAMIL NADU CIVIL AVIATION,2018-10,2021-02,707.9,Major,2,1,1,0.0,0.0,2024-03
618523,N24000738,REHABILITATION AND UPGRADATION OF SIX LANING OF BHADRAK BALESHWAR SECTION (KM 136.50) TO (KM 199.141 1-2018 9/2021 {7/2025},NHAI,ROAD TRANSPORT & HIGHWAYS,ODISHA COAL,2018-01,2021-09,999.0,Major,7,3,2,62.0,828.937728937729,2024-03
618527,N24001301,6-LANING OF VIJAYAWADA BYPASS FROM GOLLAPUDI (DESIGN CH. 30+000) TO CHINNAKAKANI (DESIGN CH. 47+881) 11-2019 1/2024 {7/2024},NHAI,ROAD TRANSPORT & HIGHWAYS,ANDHRA PRADESH,2019-11,2024-01,1601.1,Mega,4,1,1,35.0,0.0,2024-03
618529,N24001826,VARANASI RING ROAD (PKG-II) CONNECTING SANDAHA VILLAGE (KM 11.70 / NH-29) WITH REVASA VILLAGE (KM 81 2-2019 2/2022,NHAI,ROAD TRANSPORT & HIGHWAYS,UTTAR PRADESH,2019-02,2022-02,927.77,Major,2,0,0,0.0,0.0,2024-03
618530,N24000182,VARANASI-AURANGABAD KM.786 TO KM.978.40 9-2011 3/2014 {6/2025},NHAI,ROAD TRANSPORT & HIGHWAYS,MULTI STATE COAL,2011-09,2014-03,2848.0,Mega,11,0,0,0.0,0.0,2024-03
618531,N24001703,6 L OF AURANGABAD TO BIHAR- JHARKHAND BORDER (CHORDAHA) SECTION FROM KM. 180.000 TO KM. 209.827 OF N 2-2022 5/2025 {5/2025},NHAI,ROAD TRANSPORT & HIGHWAYS,BIHAR CIVIL AVIATION,2022-02,2025-05,786.81,Major,2,0,0,0.0,0.0,2024-03
618532,N24001700,SIX LANNING OF AURANGABAD TO BIHAR/JHARKHAND BORDER SECTION OF NH-19 (OLD NH-2) FROM KM. 209.827 TO 12-2021 3/2024,NHAI,ROAD TRANSPORT & HIGHWAYS,BIHAR CIVIL AVIATION,2021-12,2024-03,552.55,Major,2,0,0,0.0,0.0,2024-03
618533,N24000515,SIX-LANING OF BARWA ADDA- PANAGARH 4-2014 9/2016 {3/2025},NHAI,ROAD TRANSPORT & HIGHWAYS,WEST BENGAL CIVIL AVIATION,2014-04,2016-09,1665.0,Mega,9,5,4,30.0,0.0047498980751038,2024-03
618537,N24002104,CONSTRUCTION OF RING ROAD AROUND KANPUR FROM KM.000 TO KM. 23.325 (CHACHENDI SACHENDI I TO MAHARAJPU 1-2023 6/2026 {6/2026},NHAI,ROAD TRANSPORT & HIGHWAYS,UTTAR PRADESH,2023-01,2026-06,1754.0,Mega,1,0,0,0.0,0.0,2024-03
618541,N24001511,CONSTRUCTION OF FOUR LANE RINGROAD BYPASS SRINAGAR CITY 3-2021 2/2024,NHAI,ROAD TRANSPORT & HIGHWAYS,JAMMU AND KASHMIR,2021-03,2024-02,2919.96,Mega,2,0,0,0.0,0.0,2024-03
618543,N24001627,4L OF TWIN TUBE TUNNEL CONFIGURATION INCLUDING APPROACHES FROM MAROG TO DIGDOL (FROM KM.154.210 TO K 7-2021 2/2025,NHAI,ROAD TRANSPORT & HIGHWAYS,JAMMU AND KASHMIR,2021-07,2025-02,1912.17,Mega,2,1,1,38.0,0.0,2024-03
618544,N24001622,4L TWIN TUBE TUNNEL INCLUDING APPROACHES FROM DIGDOL TO KHUNI NALLAH (NORTH BOUND CONNECTING WITH EX 7-2021 6/2024,NHAI,ROAD TRANSPORT & HIGHWAYS,JAMMU AND KASHMIR,2021-07,2024-06,1401.87,Mega,2,0,0,0.0,0.0,2024-03
618545,N24001621,"4L OF KM.165.092 TO KM.171.855 (NORTH BOUND) AND FROM KM.166.895 TO KM.173.638 (SOUTH BOUND), EXCL. 7-2021 8/2024",NHAI,ROAD TRANSPORT & HIGHWAYS,JAMMU AND KASHMIR,2021-07,2024-08,614.48,Major,2,0,0,0.0,0.0,2024-03
618546,N24001620,CONSTRUCTION OF TUNNELS/VIADUCTS AT IDENTIFIED SLIDING/SLIP ZONES AT KM 130.550 TO KM.130.750; KM. 9-2021 10/2023,NHAI,ROAD TRANSPORT & HIGHWAYS,JAMMU AND KASHMIR,2021-09,2023-10,442.14,Major,2,0,0,0.0,0.0,2024-03
618547,N24002059,2L NH-1 FROM KM 8.660 TO KM 33.775 (SUMBAL TO WAYUL) TO 4L DUAL CARRIAGEWAY NH STANDARD AS PART OF S 9-2022 6/2026,NHAI,ROAD TRANSPORT & HIGHWAYS,JAMMU AND KASHMIR,2022-09,2026-06,1183.6,Mega,1,0,0,0.0,0.0,2024-03
618548,N24000717,CONSTRUCTION OF STAND ALONE RING ROAD/ BYPASS AROUND JAMMU CITY IN THE STATE OF J AND K ON EPC MODE 12-2017 7/2021,NHAI,ROAD TRANSPORT & HIGHWAYS,JAMMU AND KASHMIR,2017-12,2021-07,1471.75,Mega,7,4,0,103.0,0.0,2024-03
618550,N24001619,CORRIDOR EFFICIENCY IMPROVEMENT INCLUDING REMOVAL OF BLACK SPOTS IN LAKHANPUR - SAMBA SECTION OF NH- 8-2022 6/2024,NHAI,ROAD TRANSPORT & HIGHWAYS,JAMMU AND KASHMIR,2022-08,2024-06,200.05,Major,2,0,0,0.0,0.0,2024-03
618552,N24001637,DEVELOPMENT OF 6 LANE JALANDHAR BYPASS FROM KAHLWAN NATIONAL HIGHWAY 03 DESIGN KM 0.00 ENDING AT K 3-2021 1/2025 {1/2025},NHAI,ROAD TRANSPORT & HIGHWAYS,PUNJAB,2021-03,2025-01,1754.84,Mega,2,0,0,0.0,0.0,2024-03
618553,N24001852,6L OF AGRA BYPASS (NORTHERN) CONNECTING KM. 174.500 OF NH-2 (NEW NH-19) TO KM. 141.000 OF YAMUNA EXP 10-2021 2/2025 {2/2025},NHAI,ROAD TRANSPORT & HIGHWAYS,UTTAR PRADESH,2021-10,2025-02,957.62,Major,2,0,0,0.0,0.0,2024-03
618554,N24001853,CONSTRUCTION OF LEFT OUT PORTION OF AGRA INNER RING ROAD CONNECTING VILLAGE DEORI TO NH-44 VILLAGE B 10-2021 9/2024,NHAI,ROAD TRANSPORT & HIGHWAYS,UTTAR PRADESH,2021-10,2024-09,772.05,Major,2,0,0,0.0,0.0,2024-03
618555,N24000442,"CONSTRUCTION OF FLYOVER AT KM.544.650 INCLUDING ROB ,SERVICE ROADS ,FOOTPATH FOR RCC DRAINS ON URBAN 12-2015 3/2019",NHAI,ROAD TRANSPORT & HIGHWAYS,MAHARASHTRA CIVIL AVIATION,2015-12,2019-03,649.5,Major,9,1,3,41.0,106.92187643440742,2024-03
618557,N24002071,4L OF INDORA CHOWK TO PACHPAOLI AND AGRASEN CHOWK - ASHOKA CHOWK 3-2023 6/2026 {6/2026},NHAI,ROAD TRANSPORT & HIGHWAYS,MAHARASHTRA CIVIL AVIATION,2023-03,2026-06,998.27,Major,1,0,0,0.0,0.0,2024-03
618558,N24001555,"6 LANING OF EXISTING 4-LANE STRETCH FROM KALKALLU AT KM.454+000 TO GUNDLA POCHAMPALLY AT KM.471+000, 3-2022 1/2025 {1/2025}",NHAI,ROAD TRANSPORT & HIGHWAYS,TELANGANA COAL,2022-03,2025-01,955.49,Major,2,1,1,0.0,7750.0,2024-03
618559,N24001556,6L OF EXISTING 4L FROM GUNDLAPOCHAMPALLY TO BOWENPALLY FROM KM 471.300 TO KM 481.331 OF NH-44 12-2021 7/2024 {7/2024},NHAI,ROAD TRANSPORT & HIGHWAYS,TELANGANA COAL,2021-12,2024-07,521.53,Major,2,0,0,0.0,0.0,2024-03
618560,N24002082,IMPROVEMENT OF GEOMETRICS OF THONDUPALLY TO KOTHUR FROM KM 22.300 TO KM 34.14 OF NH-44-RCW 2-2022 9/2024 {1/2026},NHAI,ROAD TRANSPORT & HIGHWAYS,TRIPURA,2022-02,2024-09,541.58,Major,1,0,0,0.0,0.0,2024-03
618563,N24001606,4-LANING OF VADIPPATTI - THAMARAIPATTI SECTION OF NH-744A (MADURAI RING ROAD) 12-2018 3/2022,NHAI,ROAD TRANSPORT & HIGHWAYS,TAMIL NADU CIVIL AVIATION,2018-12,2022-03,854.94,Major,2,1,1,39.0,1456.6200707809248,2024-03
618566,N24002096,CONSTRUCTION OF 4 LANE GREEN FIELD NORTHERN EAST SIDE GORAKHPUR BYPASS (26.616 KMS) STARTING FROM NH 2-2023 1/2026 {1/2026},NHAI,ROAD TRANSPORT & HIGHWAYS,UTTAR PRADESH,2023-02,2026-01,1973.98,Mega,1,0,0,0.0,0.0,2024-03
618569,N24002063,BALANCE WORK - WB-10 (GANDAK BRIDGE) KM 402.00 TO KM 440.00 (DEVANPUR - KOTWA) 12-2021 1/2024 {6/2025},NHAI,ROAD TRANSPORT & HIGHWAYS,BIHAR CIVIL AVIATION,2021-12,2024-01,210.05,Major,1,0,0,0.0,0.0,2024-03
618570,N24001702,CONSTRUCTION OF 4 LANE ELEVATED HIGHWAY AND AT- GRADE IMPROVEMENTS AT GOPALGANJ TOWN FROM DESIGN CH: 12-2021 9/2024 {5/2025},NHAI,ROAD TRANSPORT & HIGHWAYS,BIHAR CIVIL AVIATION,2021-12,2024-09,184.9,Major,2,0,0,0.0,0.0,2024-03
618571,N24002064,PERMANENT RECTIFICATION OF 3 NOS. OF BLACK SPOTS IN PROJECT HIGHWAY NH-27 OF U.P BORDER - DEWAPUR - 12-2022 12/2025 {12/2025},NHAI,ROAD TRANSPORT & HIGHWAYS,BIHAR CIVIL AVIATION,2022-12,2025-12,381.8,Major,1,0,0,0.0,0.0,2024-03
618575,N24001548,"6L STANDALONE FLYOVERS AT BONGAIGAON, CHAPAGURI, PATHSALA, SIMLAGURI CHOWK AND BAIHATA BYPASS JUNCTI 3-2022 6/2024 {5/2025}",NHAI,ROAD TRANSPORT & HIGHWAYS,ASSAM,2022-03,2024-06,457.72,Major,2,0,0,0.0,0.0,2024-03
618576,N24001545,"6L Standalone Flyovers at Raha, Demow, Borghat, Kathiatali junctions and ROB at Jagiroad on stretches of NH 36 and NH 27",National Highways Authority of India [NHAI],OTHER CENTRAL SECTOR,ASSAM,2022-03,2024-06,280.75,Major,2,0,0,0.0,0.0,2024-03
618578,N24001773,6L ACCESS CONTROLLED HIGHWAY FROM DND MAHARANI BAGH JN. WITH JAITPUR PUSHTA ROAD OF NH 148NA FROM 5-2020 7/2024 {9/2025},NHAI,ROAD TRANSPORT & HIGHWAYS,DELHI,2020-05,2024-07,1467.44,Mega,1,0,0,0.0,0.0,2024-03
618580,N24001535,4-LANING OF GOHANA-SONIPAT (PKG-2) SECTION FROM KM 40.601 TO KM 78.837 (LENGTH = 38.236KM) OF NH-352 7-2020 7/2022,NHAI,ROAD TRANSPORT & HIGHWAYS,HARYANA,2020-07,2022-07,899.0,Major,2,0,0,0.0,0.0,2024-03
618581,N24001693,FOUR LANING OF NERALURU TO THORAPALLI AGRAHARAM SECTION OF NH-844 (PKG-I) FROM KM.0+000 TO KM.23+350 9-2021 10/2024 {10/2024},NHAI,ROAD TRANSPORT & HIGHWAYS,TAMIL NADU CIVIL AVIATION,2021-09,2024-10,1751.18,Mega,2,0,1,0.0,0.0,2024-03
618588,N24001798,4L MITIGATION MEASURE STRUCTURES ON CH/MH BORDER TO WAINGANGA BRIDGE SECTION OF NH-53 2-2021 11/2023 {5/2025},NHAI,ROAD TRANSPORT & HIGHWAYS,MAHARASHTRA CIVIL AVIATION,2021-02,2023-11,540.21,Major,2,0,0,0.0,0.0,2024-03
618589,N24002045,CONSTRUCTION OF 6 LANE DURG RAIPUR ARANG BYPASS PKG 1 SECTION OF NH 53 FROM CH 0.000 TO CH 44.50 6-2022 7/2025 {7/2025},NHAI,ROAD TRANSPORT & HIGHWAYS,CHHATTISGARH COAL,2022-06,2025-07,1828.0,Mega,1,0,0,0.0,0.0,2024-03
618590,N24002046,CONSTRUCTION OF 6 LANE DURG RAIPUR ARANG BYPASS PKG 2 SECTION OF NH 53 FROM CH 44+500 TO CH.92+230 I 6-2022 5/2025 {5/2025},NHAI,ROAD TRANSPORT & HIGHWAYS,CHHATTISGARH COAL,2022-06,2025-05,1958.94,Mega,1,0,0,0.0,0.0,2024-03
618594,N24001609,BALANCE WORK OF 4 LANING OF PANVEL TO INDAPUR SECTION OF NH-66(OLD NH- 17) FROM KM 0.000 (PANVEL) TO 1-2023 12/2023,NHAI,ROAD TRANSPORT & HIGHWAYS,MAHARASHTRA CIVIL AVIATION,2023-01,2023-12,151.26,Major,2,0,0,0.0,0.0,2024-03
618595,N24001664,SIX LANING OF CHENGALA TO NEELESHWARAM SECTION OF NH-17 (NEW NH-66) FROM CH. 56+200 (EXISTING KM 57+ 6-2020 4/2024,NHAI,ROAD TRANSPORT & HIGHWAYS,LADAKH,2020-06,2024-04,1746.45,Mega,2,0,0,0.0,0.0,2024-03
618596,N24001660,SIX LANING OF THALIPARAMBHA- MUZHAPILANGAD SECTION FROM KM 137.900 TO KM. 170.600 OF NH-17 (NEW NH 8-2020 2/2024,NHAI,ROAD TRANSPORT & HIGHWAYS,KERALA,2020-08,2024-02,2714.6,Mega,2,0,1,0.0,0.0,2024-03
618597,N24001661,6L OF AZHIYUR-VENGALAM FROM KM. 189.200 TO KM. 230.400 OF NH-66 10-2020 4/2024,NHAI,ROAD TRANSPORT & HIGHWAYS,KERALA,2020-10,2024-04,3219.47,Mega,2,0,0,0.0,0.0,2024-03
618598,N24001652,6L MINOR BRIDGE (PALOLI PALAM) AT KM. 203.160 and MAJOR BRIDGE (MORAD) AT KM. 204.895 AND ALLIED WOR 3-2020 6/2022,NHAI,ROAD TRANSPORT & HIGHWAYS,KERALA,2020-03,2022-06,210.37,Major,2,0,0,0.0,0.0,2024-03
618599,N24001658,SIX LANING OF RAMANATTUKARA JUNCTION TO START OF VALANCHERY BYPASS SECTION OF NH-66 (OLD NH-17) FROM 1-2021 7/2024,NHAI,ROAD TRANSPORT & HIGHWAYS,KERALA,2021-01,2024-07,4265.42,Mega,2,0,1,0.0,0.0,2024-03
618601,N24001655,SIX LANING FROM KAPPIRIKKAD TO THALIKULAM SECTION OF NH ? 66 (OLD NH-17) FROM DESIGN CH. 335+850 (EX 6-2021 2/2025 {11/2025},NHAI,ROAD TRANSPORT & HIGHWAYS,KERALA,2021-06,2025-02,3606.0,Mega,2,1,1,0.0,36366043.93939394,2024-03
618602,N24001656,SIX LANING FROM THALIKULAM TO KODUNGALLUR SECTION OF NH ? 66 (OLD NH-17) FROM DESIGN CH.369+015 (EX. 6-2021 3/2025 {12/2025},NHAI,ROAD TRANSPORT & HIGHWAYS,KERALA,2021-06,2025-03,2595.0,Mega,2,0,0,0.0,0.0,2024-03
618603,N24001653,SIX LANING FROM KODUNGALLUR TO EDAPALLY SECTION OF NH ?66 (OLD NH-17) FROM DESIGN CHAINAGE 397+750 ( 11-2021 4/2025 {4/2025},NHAI,ROAD TRANSPORT & HIGHWAYS,KERALA,2021-11,2025-04,3565.82,Mega,2,0,0,0.0,0.0,2024-03
618604,N24001648,CONSTRUCTION OF 6 LANE ELEVATED CORRIDOR ALONG WITH DEVELOPMENT OF EXISTING 4 LANE ROAD AT GROUND LE 8-2022 1/2026 {1/2026},NHAI,ROAD TRANSPORT & HIGHWAYS,KERALA,2022-08,2026-01,2429.52,Mega,2,0,0,0.0,0.0,2024-03
618605,N24001651,SIX LANING OF THURAVOOR (DESIGN KM. 378+612) TO PARAVOOR (DESIGN KM.417+000) SECTION OF NEW NH-66 (O 9-2021 9/2024,NHAI,ROAD TRANSPORT & HIGHWAYS,KERALA,2021-09,2024-09,2878.97,Mega,2,0,0,0.0,0.0,2024-03
618606,N24001649,SIX LANING OF PARAVOOR(DESIGN KM. 417+000) TO KOTTUKULANGARA(DESIGN KM. 454+500) SECTION OF NEW NH-6 12-2021 2/2025,NHAI,ROAD TRANSPORT & HIGHWAYS,KERALA,2021-12,2025-02,3273.61,Mega,2,0,0,0.0,0.0,2024-03
618607,N24001657,SIX LANING OF KOTTUKULANGARA (DESIGN KM. 454+500) TO START OF KOLLAM BYPASS (DESIGN KM. 486+000) SEC 6-2021 10/2024,NHAI,ROAD TRANSPORT & HIGHWAYS,KERALA,2021-06,2024-10,2842.14,Mega,2,0,0,0.0,0.0,2024-03
618608,N24002113,4L OF LEFT-OVER WORKS INCLUDING ADDITIONAL STRUCTURES FROM KERALA/TAMIL NADU BORDER TO KANYAKUMARI S 3-2023 8/2025 {8/2025},NHAI,ROAD TRANSPORT & HIGHWAYS,TAMIL NADU CIVIL AVIATION,2023-03,2025-08,1141.78,Mega,1,0,0,0.0,0.0,2024-03
618610,N24002075,6L OF JODHPUR ROMANA (BATHINDA) - MANDI DABWALI SECTION OF NH-54 FROM KM. 0. 12-2020 8/2025,PUNJAB HARYANA BORDER,OTHER CENTRAL SECTOR,PUNJAB,2020-12,2025-08,757.13,Major,1,0,0,0.0,0.0,2024-03
618612,N24001563,DEOGARH (NEAR DHANDHANIYA)- RAJASTHAN/GUJARAT BORDER 10-2019 8/2023,PHASE-I) (AJ/DRGB-PACKAGE-6,CIVIL AVIATION,RAJASTHAN CIVIL AVIATION,2019-10,2023-08,846.59,Major,2,0,0,0.0,0.0,2024-03
618613,N24001564,DEOGARH (NEAR DHANDHANIYA)- RAJASTHAN/GUJARAT BORDER 10-2019 7/2023,PHASE-I) (AJ/DRGB-PACKAGE-7,CIVIL AVIATION,RAJASTHAN CIVIL AVIATION,2019-10,2023-07,662.08,Major,2,0,1,0.0,0.0,2024-03
618614,N24001790,SANCHORE - SANTALPUR FROM KM 67.000- KM 99.000 OF NH- 754K (AJ-RGBS-PACKAGE-3) 2-2020 8/2023,NHAI,ROAD TRANSPORT & HIGHWAYS,GUJARAT CIVIL AVIATION,2020-02,2023-08,752.3,Major,2,0,1,0.0,2440.2985074626868,2024-03
618615,N24001794,SANCHORE - SANTALPUR FROM KM 99.000- KM 130.073 OF NH- 754K (AJ-RGBS-PACKAGE-4) 2-2020 3/2023,NHAI,ROAD TRANSPORT & HIGHWAYS,GUJARAT CIVIL AVIATION,2020-02,2023-03,778.15,Major,2,0,1,0.0,0.0,2024-03
618617,N24001640,6L AMRITSAR BATHINDA GREENFIELD SECTION FROM VILLAGE TIBA ON NE 5A TO JN. WITH MOGA JALANDHAR ROAD N 3-2021 11/2024 {11/2024},NHAI,ROAD TRANSPORT & HIGHWAYS,PUNJAB,2021-03,2024-11,1229.38,Mega,2,0,0,0.0,0.0,2024-03
618618,N24002076,6L AMRITSAR-BATHINDA GREENFIELD SECTION FROM JN. WITH BHAGTA BHAI KA- BHADAUR ROAD NEAR DYALPURA BHAI 3-2021 10/2025,NHAI,ROAD TRANSPORT & HIGHWAYS,PUNJAB,2021-03,2025-10,2029.17,Mega,1,0,0,0.0,0.0,2024-03
618621,N24002070,INDORE - EDLABAD (PKG-II) 1-2022 1/2025 {1/2025},TEJAJINAGAR TO BALWARA,CIVIL AVIATION,MAHARASHTRA CIVIL AVIATION,2022-01,2025-01,1162.8,Mega,1,0,0,0.0,0.0,2024-03
618622,N24001767,4L OF INDORE - BOREGAON (PKG-III) [BALWARA TO DHANGAON] FROM KM. 42.260 TO KM. 82.660 OF NH347BG AND 1-2021 4/2024 {4/2024},NHAI,ROAD TRANSPORT & HIGHWAYS,MADHYA PRADESH,2021-01,2024-04,1001.69,Mega,2,0,0,0.0,0.0,2024-03
618630,N24001676,6L OF MH/KN BORDER (NIMBAL VILLAGE) TO KN/TS BORDER (SINGNODI VILLAGE) FROM KM. 26.000 TO KM. 97.000 12-2022 6/2025,NHAI,ROAD TRANSPORT & HIGHWAYS,KARNATAKA CIVIL AVIATION,2022-12,2025-06,2718.46,Mega,2,0,0,0.0,0.0,2024-03
618632,N24001626,6L ACCESS CONTROLLED GREENFIELD HIGHWAY OF NANDINNE VILLAGE TO JULEKAL VILLAGE FROM KM 202.900 TO KM 2-2022 1/2025 {1/2025},NHAI,ROAD TRANSPORT & HIGHWAYS,TELANGANA COAL,2022-02,2025-01,972.06,Major,2,0,0,0.0,0.0,2024-03
618634,N24001819,6L OF VEERA KAVERI RAJA PURAM TO PONDAVAKKAM FROM KM 61.380 TO KM 96.040 OF NH 716B (PKG-III) 3-2021 1/2025 {1/2025},NHAI,ROAD TRANSPORT & HIGHWAYS,ANDHRA PRADESH,2021-03,2025-01,1102.63,Mega,2,0,0,0.0,0.0,2024-03
618635,N24001818,6L OF PONDAVAKKAM TO KANNIGAIPAIR FROM KM 96.040 TO KM 116.100 OF NH 716B (PKG- IV) 2-2021 1/2025 {1/2025},NHAI,ROAD TRANSPORT & HIGHWAYS,ANDHRA PRADESH,2021-02,2025-01,818.73,Major,2,0,0,0.0,0.0,2024-03
618637,N24001804,BAL. WORKS OF FAGNE (KM. 510.000) TO MAHARASHTRA/GUJARAT BORDER (KM. 650.794) 12-2019 9/2022,NHAI,ROAD TRANSPORT & HIGHWAYS,MAHARASHTRA CIVIL AVIATION,2019-12,2022-09,1654.07,Mega,2,0,0,0.0,0.0,2024-03
618639,N24001611,4 LANE OF BILASPUR TO URGA PROJECT (KM 0.00 TO KM 70.2) OF NH-130A 4-2020 3/2024 {9/2025},NHAI,ROAD TRANSPORT & HIGHWAYS,CHHATTISGARH COAL,2020-04,2024-03,1855.59,Mega,2,0,0,0.0,0.0,2024-03
618642,N24001595,4L OF PALMA TO GUMLA SECTION OF NH23 FROM KM. 26.00 TO KM. 89.170 ON HAM MODE IN THE STATE OF JHARKH 8-2020 3/2024,NHAI,ROAD TRANSPORT & HIGHWAYS,JHARKHAND COAL,2020-08,2024-03,1034.0,Mega,2,0,0,0.0,0.0,2024-03
618644,N24001854,FOUR LANING WITH PAVED SHOULDER OF SECTION FROM KM 53.600 (GOLA ON NH-320) TO KM 81.446 (ORMANJHI ON 6-2023 6/2025 {6/2025},NHAI,ROAD TRANSPORT & HIGHWAYS,JHARKHAND COAL,2023-06,2025-06,1214.93,Mega,2,0,0,0.0,0.0,2024-03
618645,N24002056,BHARATMALA PARIYOJANA OF BOKARO JAINA MORE - GOLA SECTION OF NH-320 FROM KM. 21.110 TO KM. 53.600 IN 6-2020 6/2025 {6/2025},NHAI,ROAD TRANSPORT & HIGHWAYS,JHARKHAND COAL,2020-06,2025-06,964.64,Major,1,0,0,0.0,0.0,2024-03
618647,N24002091,6L ACCESS CONTROLLED LUDHIANA-BATHINDA GREENFIELD HIGHWAY FROM JN. WITH AMRITSAR-BATHANDA GREENFIELD 6-2021 9/2025,NHAI,ROAD TRANSPORT & HIGHWAYS,PUNJAB,2021-06,2025-09,906.51,Major,1,0,0,0.0,0.0,2024-03
618654,N24001967,4L GREENFIELD RUDHI TO DESHGAON (PKG V OF BETUL- KHANDWA/DESHGAON) - 11-2018 10/2025 {10/2025},NHAI,ROAD TRANSPORT & HIGHWAYS,MADHYA PRADESH,2018-11,2025-10,521.21,Major,1,0,0,0.0,0.0,2024-03
618663,N24002077,CONSTRUCTION OF (I) 4-LANE HIGHWAY FROM VIDISHA TO HINOTIYA FROM KM. 0.000 TO KM. 27.000 (LENGTH=27 9-2022 12/2025 {12/2025},NHAI,ROAD TRANSPORT & HIGHWAYS,MAHARASHTRA CIVIL AVIATION,2022-09,2025-12,1000.63,Mega,1,0,0,0.0,0.0,2024-03
618664,N24001614,4LBERKHEDI TO GODPEHRA NH- 44 2-2022 11/2024 {11/2024},NHAI,ROAD TRANSPORT & HIGHWAYS,MADHYA PRADESH,2022-02,2024-11,524.84,Major,2,0,1,0.0,0.0,2024-03
618665,N24001615,4L OF SAGAR - MOHARI FROM KM.8 TO KM.50 (PKG-I) 3-2021 4/2024,NHAI,ROAD TRANSPORT & HIGHWAYS,MADHYA PRADESH,2021-03,2024-04,790.78,Major,2,0,1,0.0,34950.0,2024-03
618673,N24001593,DEVELOPMENT OF SIX LANE JHANKI SARGI OF NH 130 CD FROM KM.0+000 TO 42+800 UNDER RAIPUR VISAKHAPATTNA 11-2021 9/2024 {6/2025},NHAI,ROAD TRANSPORT & HIGHWAYS,CHHATTISGARH COAL,2021-11,2024-09,1368.19,Mega,2,0,1,0.0,898.4615384615385,2024-03
618674,N24001588,DEVELOPMENT OF SIX LANE SARGI-BASANWAHI OF NH 130 CD FROM KM.42+800 TO 99+500 UNDER RAIPUR VISAKHAPA 12-2021 1/2025 {9/2025},NHAI,ROAD TRANSPORT & HIGHWAYS,CHHATTISGARH COAL,2021-12,2025-01,1470.73,Mega,2,0,0,0.0,0.0,2024-03
618675,N24002017,DEVELOPMENT OF SIX LANE BASANWAHI-MARANGPURI OF NH 130 CD FROM KM.99+500 TO 124+661 UNDER RAIPUR VIS 3-2022 10/2025 {9/2026},NHAI,ROAD TRANSPORT & HIGHWAYS,CHHATTISGARH COAL,2022-03,2025-10,1307.16,Mega,1,0,0,0.0,0.0,2024-03
618676,N24001669,6L OF DHANARA - HATIBENA SECTION FROM KM 124.611 TO KM 146.50 OF NH-130-CD 2-2021 3/2024 {6/2025},PACKAGE ? OD-1,COAL,ODISHA COAL,2021-02,2024-03,586.0,Major,2,0,0,0.0,0.0,2024-03
618681,N24001838,6L ALURU - JAKKUVA SECTION OF NH-130CD ROAD FROM KM 365.033 TO KM 396.800 (PKG. 1) 2-2021 3/2024 {9/2025},NHAI,ROAD TRANSPORT & HIGHWAYS,ANDHRA PRADESH,2021-02,2024-03,922.5,Major,2,0,0,0.0,0.0,2024-03
618687,N24002068,CONSTRUCTION OF 4-LANE FROM BARELA TO MANEGAON SECTION OF NH-30 FROM DESIGN CH. 2.900 TO DESIGN CH. 12-2022 3/2025 {12/2025},NHAI,ROAD TRANSPORT & HIGHWAYS,MADHYA PRADESH,2022-12,2025-03,652.33,Major,1,0,0,0.0,0.0,2024-03
618689,N24001746,2-LANE EXISTING RAMPUR BYPASS OF RAMPUR TO BE DEVELOPED TO 4-LANE ON EPC MODE IN THE STATE OF UTTAR 3-2021 4/2024,NHAI,ROAD TRANSPORT & HIGHWAYS,UTTAR PRADESH,2021-03,2024-04,364.47,Major,2,0,0,0.0,0.0,2024-03
618693,N24000656,4-LANNING OF BODHRE-DHULE SECTION(KM 390.000 TO 452.800) 3-2017 3/2020,NHAI,ROAD TRANSPORT & HIGHWAYS,MAHARASHTRA CIVIL AVIATION,2017-03,2020-03,744.64,Major,8,0,3,0.0,28550.0,2024-03
618694,N24001766,INDORE - HARDA (PKG-I) [INDORE TO RAGHAV GARH FROM KM. 0.25 TO KM. 26.903] 1-2022 10/2024 {5/2025},NHAI,ROAD TRANSPORT & HIGHWAYS,MADHYA PRADESH,2022-01,2024-10,1011.29,Mega,2,0,0,0.0,0.0,2024-03
618695,N24001762,INDORE - HARDA (PKG-III) [NANASA TO PIDGAON SECTION FROM KM 95.000 TO KM 142.445] 10-2021 1/2024,NHAI,ROAD TRANSPORT & HIGHWAYS,MADHYA PRADESH,2021-10,2024-01,1146.22,Mega,2,0,0,0.0,0.0,2024-03
618700,N24001824,RENIGUNTA - POYYA - NAIDUPETA KM 124.60 TO KM 183.4 OF NH 71 - 3-2020 1/2024,NHAI,ROAD TRANSPORT & HIGHWAYS,ANDHRA PRADESH,2020-03,2024-01,1863.09,Mega,2,0,0,0.0,0.0,2024-03
618701,N24002067,BALANCE WORK OF 4L OF NAURADEHI SANCTUARY DE- SCOPED STRETCH OF HIRAN RIVER TO SINDOOR RIVER FROM KM. 1-2021 7/2023 {4/2025},NHAI,ROAD TRANSPORT & HIGHWAYS,MADHYA PRADESH,2021-01,2023-07,178.18,Major,1,0,0,0.0,0.0,2024-03
618702,N24001425,4L OF ADDAHOLE TO BANTWAL CROSS SECTION INCLUDING FLYOVER AT KALLADKA TOWN 3-2021 11/2021,NHAI,ROAD TRANSPORT & HIGHWAYS,KARNATAKA CIVIL AVIATION,2021-03,2021-11,1100.88,Mega,3,0,1,0.0,0.0,2024-03
618708,N24002074,WIDENING/DEVELOPMENT OF EXISTING NH-85 FROM KM 0.000 TO KM 124.636 SECTION TO 2L/@L+PS SECTION IN TH 8-2022 6/2025 {6/2025},NHAI,ROAD TRANSPORT & HIGHWAYS,LADAKH,2022-08,2025-06,1231.74,Mega,1,0,0,0.0,0.0,2024-03
618709,N24001989,FOUR LANING OF LEFT OVER WORKS OF HOSPET BELLARY KARNATAKA/ AP BORDER FROM KM.280.080 TO KM. 375.450 3-2023 5/2025 {5/2025},NHAI,ROAD TRANSPORT & HIGHWAYS,KARNATAKA CIVIL AVIATION,2023-03,2025-05,830.28,Major,1,0,0,0.0,0.0,2024-03
618710,N24001830,SIX LANE ACCESS CONTROLLED OF DELHI SAHARANPUR HIGHWAY FROM DELHI UP BORDER TO EPE JUNCTION CH.14.75 6-2020 11/2023,NHAI,ROAD TRANSPORT & HIGHWAYS,UTTAR PRADESH,2020-06,2023-11,2002.79,Mega,2,0,0,0.0,0.0,2024-03
618711,N24001629,6L WITH ACCESS CONTROL PROVISION SAHARANPUR BYPASS TO GANESHPUR SECTION FROM 13.89 KM TO 41.820 KM O 4-2022 11/2024,NHAI,ROAD TRANSPORT & HIGHWAYS,MULTI STATE COAL,2022-04,2024-11,796.65,Major,2,0,1,0.0,27800.0,2024-03
618722,N24002036,DEVELOPMENT OF SIX-LANE ACCESS CONTROLLED HIGHWAY FROM GOGWAN JALALPUR (SHAMLI DISTRICT) TO RANIPUR 4-2022 5/2025 {5/2025},NHAI,ROAD TRANSPORT & HIGHWAYS,UTTAR PRADESH,2022-04,2025-05,1843.59,Mega,1,0,0,0.0,0.0,2024-03
618723,N24002040,DEVELOPMENT OF SIX-LANE ACCESS CONTROLLED HIGHWAY FROM RANIPUR BARSI (SAHARANPUR DISTRICT) TO ADHOYA 4-2022 5/2025 {5/2028},NHAI,ROAD TRANSPORT & HIGHWAYS,HIMACHAL PRADESH,2022-04,2025-05,1554.21,Mega,1,0,0,0.0,0.0,2024-03
618735,N24001759,4L OF CHANDESARA TO KHEDAKHAJURIYA FROM KM. 0.000 TO (-) 750 AND KM 0.000 TO KM 41.400 OF NH-752D 1-2020 6/2024,NHAI,ROAD TRANSPORT & HIGHWAYS,MADHYA PRADESH,2020-01,2024-06,909.84,Major,2,0,0,0.0,0.0,2024-03
618738,N24002062,CONSTRUCTION OF 6- LANE BRIDGE AND ITS APPROACHES ACROSS RIVER GANGA AS PART OF PATNA RING ROAD (NH- 3-2023 9/2027 {9/2027},NHAI,ROAD TRANSPORT & HIGHWAYS,BIHAR CIVIL AVIATION,2023-03,2027-09,3012.27,Mega,1,0,0,0.0,0.0,2024-03
618739,N24002065,4L GREENFIELD ALIGNMENT OF AMAS TO SHIVRAMPUR FROM 0.000 KM. TO 55.002 KM. OF NH 119 D (PKG-I) 2-2022 3/2025 {3/2025},NHAI,ROAD TRANSPORT & HIGHWAYS,BIHAR CIVIL AVIATION,2022-02,2025-03,1390.92,Mega,1,0,0,0.0,0.0,2024-03
618740,N24002066,4L GREENFIELD ALIGNMENT OF SHIVRAMPUR TO RAMNAGAR FROM KM. 55.002 TO KM. 109.300 OF NH 119 D (PKG-I 2-2022 7/2025 {7/2025},NHAI,ROAD TRANSPORT & HIGHWAYS,BIHAR CIVIL AVIATION,2022-02,2025-07,1494.31,Mega,1,0,0,0.0,0.0,2024-03
618741,N24001697,4L GREENFIELD ALIGNMENT FROM KALYANAPUR TO TAL DASHRAHA OF NH-119D (PKG-III) 2-2023 2/2025 {12/2025},NHAI,ROAD TRANSPORT & HIGHWAYS,BIHAR CIVIL AVIATION,2023-02,2025-02,1358.0,Mega,2,0,0,0.0,0.0,2024-03
618744,N24002084,4L OF THIRUMANGALAM TO VADUGAPATTI SECTION FROM KM 0.000 TO KM 36.000 OF NH- 744 3-2022 2/2025 {8/2025},NHAI,ROAD TRANSPORT & HIGHWAYS,TAMIL NADU CIVIL AVIATION,2022-03,2025-02,1076.97,Mega,1,0,0,0.0,0.0,2024-03
618745,N24002114,4L OF VADUGAPATTI TO THERKUVENGANALLUR (RAJAPALYAM) SECTION FROM KM 36.000 TO KM 71.600 OF NH744 UND 2-2022 4/2025 {10/2025},NHAI,ROAD TRANSPORT & HIGHWAYS,TAMIL NADU CIVIL AVIATION,2022-02,2025-04,1097.59,Mega,1,0,0,0.0,0.0,2024-03
618751,N24001921,2- LANE WITH PAVED SHOULDERS OF HINOTIYA TO MEHULWA FROM DESIGN KM 27+000 9OF EXISTING SH-19 KM 26+5 8-2021 9/2025 {9/2025},NHAI,ROAD TRANSPORT & HIGHWAYS,MADHYA PRADESH,2021-08,2025-09,581.65,Major,1,0,0,0.0,0.0,2024-03
618756,N24001605,"4-LANING OF MELUR - PILLAYARPATTI - KARAIKUDI SECTION OF NH-338, NH-36, NH- 383 6-2018 3/2022 {6/2025}",NHAI,ROAD TRANSPORT & HIGHWAYS,TAMIL NADU CIVIL AVIATION,2018-06,2022-03,1103.86,Mega,2,0,0,0.0,0.0,2024-03
618759,N24001849,4L PS MYDUKUR BADVEL FROM KM 585.820 TO KM 630.960 SECTION OF NH 67 5-2022 7/2025 {9/2025},NHAI,ROAD TRANSPORT & HIGHWAYS,ANDHRA PRADESH,2022-05,2025-07,1063.72,Mega,2,0,0,0.0,0.0,2024-03
618760,N24001638,4L GREENFIELD A. MALOUT BYPASS FROM CH. KM 44.500 TO CH. KM 35.500 ON NH-07 AND CH. KM 0.000 TO KM 6 11-2021 7/2024,NHAI,ROAD TRANSPORT & HIGHWAYS,PUNJAB,2021-11,2024-07,646.42,Major,2,0,0,0.0,0.0,2024-03
618761,N24001754,SPUR OF MEERUT-GARH- MUKTESHWAR SECTION(NH- 709A) CONNECTING NH-119 AND NH-58 BYPASSING MEERUT TOWN 1-2022 10/2024 {10/2024},NHAI,ROAD TRANSPORT & HIGHWAYS,UTTAR PRADESH,2022-01,2024-10,953.79,Major,2,1,1,82.0,17420.0,2024-03
618764,N24001639,FOUR LANING OF MOGA TO BAJAKHANA LAMBWALI SECTION OF 105B GREENFIELD ALIGNMENT FROM DESIGN CHAINAGE 5-2020 12/2024,NHAI,ROAD TRANSPORT & HIGHWAYS,PUNJAB,2020-05,2024-12,864.23,Major,2,1,1,50.0,0.0,2024-03
618765,N24002083,FOUR LANING OF KARIMNAGAR- WARANGAL SECTION OF NH-563 FROM DESIGN CH.48.860 KM NEAR SH-1 CH.170.400 K 3-2022 7/2025 {7/2025},NHAI,ROAD TRANSPORT & HIGHWAYS,TRIPURA,2022-03,2025-07,2146.86,Mega,1,0,0,0.0,0.0,2024-03
618770,N24001729,4L SPUR OF PANIPAT - SHAMLI CONNECTING NH-709AD (PANIPAT ? SHAMLI ? MUZAFFARNAGAR) AND NH- 709A (KARN 8-2022 4/2024 {7/2025},NHAI,ROAD TRANSPORT & HIGHWAYS,UTTAR PRADESH,2022-08,2024-04,326.79,Major,2,0,0,0.0,0.0,2024-03
618771,N24001820,6L OF VARADHARAJULA TO KUMARAJAPET FROM KM 0.000 TO KM 43.800 OF NH-716B (PKG- I) 2-2021 12/2024 {12/2024},NHAI,ROAD TRANSPORT & HIGHWAYS,ANDHRA PRADESH,2021-02,2024-12,1484.83,Mega,2,0,0,0.0,0.0,2024-03
618772,N24001988,6L OF CHITTOOR TO THATCHUR FROM KUMARAJAPET TO VEERA KAVERI RAJA PURAM FROM KM 43.800 TO KM 61.380 O 2-2021 10/2025 {10/2025},NHAI,ROAD TRANSPORT & HIGHWAYS,ANDHRA PRADESH,2021-02,2025-10,591.99,Major,1,0,0,0.0,0.0,2024-03
618774,N24001712,FOUR LANING OF PARARIA TO MOHANIA SECTION OF NH 319 (OLD NH 30) FROM KM. 54+530 (DESIGN CHAINAGE) TO 8-2020 7/2023,NHAI,ROAD TRANSPORT & HIGHWAYS,BIHAR CIVIL AVIATION,2020-08,2023-07,690.0,Major,2,1,1,125.0,0.0,2024-03
618777,N24001986,4L OF PILERU TO KALUR SECTION FROM KM 55.900 TO KM 92.800 AND KM 94.500 TO KM 95.717 10-2023 4/2025 {4/2025},NHAI,ROAD TRANSPORT & HIGHWAYS,ANDHRA PRADESH,2023-10,2025-04,1047.32,Mega,1,0,0,0.0,0.0,2024-03
618778,N24001823,4L OF MADANAPALLE TO PILERU SECTION FROM KM 0.000 TO KM 55.900 OF NH-71(PACKAGE-I) - 1-2022 1/2025,NHAI,ROAD TRANSPORT & HIGHWAYS,ANDHRA PRADESH,2022-01,2025-01,1852.12,Mega,2,0,0,0.0,0.0,2024-03
618779,N24001795,FOUR LANING OF AURANGABAD- PAITHAN SECTION OF NH-752E ON EPC MODE IN THE STATE OF MAHARASHTRA . 10-2022 7/2024,NHAI,ROAD TRANSPORT & HIGHWAYS,MAHARASHTRA CIVIL AVIATION,2022-10,2024-07,490.4,Major,2,1,1,35.0,342882685.71428573,2024-03
618785,N24001630,4/6L GREENFIELD LUDHIANA RUPNAGAR HIGHWAY FROM JUNCTION WITH NE 05 VILLAGR NEAR TO MANEWAL (LUDHIANA 7-2021 2/2025 {2/2025},NHAI,ROAD TRANSPORT & HIGHWAYS,PUNJAB,2021-07,2025-02,1501.02,Mega,2,0,0,0.0,0.0,2024-03
618787,N24001785,UP-GRADATION TO 4-LANE WITH PAVED SHOULDER OF BHIMASAR JUNCTION OF NH-41 TO ANJAR BHUJ UPTO AIRPORT 3-2022 6/2025 {6/2025},NHAI,ROAD TRANSPORT & HIGHWAYS,GUJARAT CIVIL AVIATION,2022-03,2025-06,1373.06,Mega,2,0,1,0.0,0.0,2024-03
618788,N24002043,CONSTRUCTION OF 4-LANE GREENFIELD JALBEHRA - SHAHBAD SECTION OF NH ? 152G FROM KM 0+000 TO KM 22+850 3-2022 6/2025 {6/2025},NHAI,ROAD TRANSPORT & HIGHWAYS,HIMACHAL PRADESH,2022-03,2025-06,927.22,Major,1,0,0,0.0,0.0,2024-03
618789,N24001631,6L OF IT CITY CHOWK TO KURALI CHANDIGARH ROAD 3-2021 10/2024 {10/2024},NHAI,ROAD TRANSPORT & HIGHWAYS,PUNJAB,2021-03,2024-10,1525.31,Mega,2,0,0,0.0,0.0,2024-03
618792,N24002042,CONSTRUCTION OF 4-LANING OF BHIWANI HANSI ROAD SECTION OF NH 148B (DESIGN LENGTH 42.934 KM) UNDER BH 11-2022 12/2025 {12/2025},NHAI,ROAD TRANSPORT & HIGHWAYS,HIMACHAL PRADESH,2022-11,2025-12,1322.13,Mega,1,0,0,0.0,0.0,2024-03
618794,N24001644,AMRITSAR AIRPORT JUNCTION RAMDAS FROM KM. 100.835 TO KM. 139.813 PKG IV 12-2020 9/2023,NHAI,ROAD TRANSPORT & HIGHWAYS,PUNJAB,2020-12,2023-09,524.88,Major,2,0,0,0.0,0.0,2024-03
618795,N24001642,FOUR LANING OF AMRITSAR BYPASS FROM NEW TARN TARAN ROAD TO AJNALA ROAD FROM DESIGN KM. 0.750 TO DESI 2-2021 8/2024,NHAI,ROAD TRANSPORT & HIGHWAYS,PUNJAB,2021-02,2024-08,1474.77,Mega,2,0,0,0.0,0.0,2024-03
618796,N24000795,CONSTRUCTION/ UP-GRATION OF FOUR/TWO LANE WITH PAVED SHOULDER OF NH68 FROM TANOT-RAMGARH BHADASAR-JA 2-2018 4/2021,NHAI,ROAD TRANSPORT & HIGHWAYS,RAJASTHAN CIVIL AVIATION,2018-02,2021-04,741.86,Major,6,2,3,44.0,2030.8823529411764,2024-03
618798,N24002095,FOUR LANING OF SONAULI GORAKHPUR SECTION OF NH 29E (NEW NH 24) FROM DESIGN CH. 0.000 TO DESIGN CH. 7 12-2021 3/2025 {3/2025},NHAI,ROAD TRANSPORT & HIGHWAYS,UTTAR PRADESH,2021-12,2025-03,2555.5,Mega,1,0,0,0.0,0.0,2024-03
618799,N24001599,BELAKERI PORT TO KUMTA - SIRSI ROAD FROM KM 0.00 - KM 4.265 OF BELEKERI PORT ROAD LINK RD. AND KM 4. 3-2018 12/2022,NHAI,ROAD TRANSPORT & HIGHWAYS,KARNATAKA CIVIL AVIATION,2018-03,2022-12,440.16,Major,2,0,1,0.0,0.0,2024-03
618800,N24002109,CONSTRUCTION OF NEW DOUBLE TIER 4L ELEVATED CORRIDOR FROM CHENNAI PORT TO MADURAVOYAL IN CHENNAI DIS 3-2023 5/2026 {5/2026},NHAI,ROAD TRANSPORT & HIGHWAYS,TAMIL NADU CIVIL AVIATION,2023-03,2026-05,1301.37,Mega,1,0,0,0.0,0.0,2024-03
618803,N24001856,CONSTRUCTION OF 4-LANE HIGHWAY FROM SAMARLAKOTA TO ACHAMPETA JUNCTION (FROM KM. 0.000 TO KM. 12.250 5-2023 8/2025 {8/2025},NHAI,ROAD TRANSPORT & HIGHWAYS,ANDHRA PRADESH,2023-05,2025-08,648.75,Major,2,1,1,75.0,0.0,2024-03
618804,N24000811,CONSTRUCTION OF SIX LANING OF DEDICATED PORT ROAD TO KRISHNAPATNAM PORT (PACKAGE-I) KM 0+000 TO KM 1 3-2018 12/2020,NHAI,ROAD TRANSPORT & HIGHWAYS,ANDHRA PRADESH,2018-03,2020-12,314.43,Major,6,3,3,18.0,0.0,2024-03
618807,N24001979,4L GREENFIELD ROAD CONNECTING NORTH AND SOUTH INDUSTRIAL CLUSTER OF KHANDALERU CREEK NEAR KRISHNAPAT 8-2022 9/2025 {9/2025},NHAI,ROAD TRANSPORT & HIGHWAYS,ANDHRA PRADESH,2022-08,2025-09,609.43,Major,1,0,0,0.0,0.0,2024-03
618809,N24002101,4L OF BEAS-MEHTA-BATALA- DERA BABA NANAK FROM INTERSECTION WITH JALANDHAR-AMRITSAR HIGHWAY (NH-3) NEA 8-2021 6/2025,NHAI,ROAD TRANSPORT & HIGHWAYS,RAJASTHAN CIVIL AVIATION,2021-08,2025-06,809.51,Major,1,0,0,0.0,0.0,2024-03
618810,N24002100,4L OF EXISTING BEAS ? BABA BAKALA - DERA BABA NANAK SECTION FROM START OF BATALA BYPASS TILL INTERSE 10-2021 6/2025 {6/2025},NHAI,ROAD TRANSPORT & HIGHWAYS,RAJASTHAN CIVIL AVIATION,2021-10,2025-06,1003.38,Mega,1,0,0,0.0,0.0,2024-03
618819,N24001647,Balance work of Panikoili Rimoli Section of new NH-20 from Km 0.00 to Km. 163.000,National Highways Authority of India [NHAI],OTHER CENTRAL SECTOR,ODISHA,2020-09,2022-03,183.03,Major,2,1,1,0.0,0.0,2024-03
618820,N24002079,REHABILITATION AND UP GRADATION FROM 4 TO 8 LANING OF CHANDIKHOLE PARADIP SECTION OF NH 53 FROM KM 12-2023 12/2025 {12/2025},NHAI,ROAD TRANSPORT & HIGHWAYS,ODISHA COAL,2023-12,2025-12,742.25,Major,1,0,0,0.0,0.0,2024-03
618821,N24002080,REHABILITATION AND UP GRADATION FROM 4 TO 8 LANING OF CHANDIKHOLE PARADIP SECTION OF NH 53 FROM KM 12-2023 12/2025 {12/2025},NHAI,ROAD TRANSPORT & HIGHWAYS,ODISHA COAL,2023-12,2025-12,762.75,Major,1,0,0,0.0,0.0,2024-03
618825,N24001750,CONSTRUCTION OF NEW 4 LANE BRIDGE OVER RIVER GANGA AT DOWNSTREAM OF FARAKKA BARRAGE INCLUDING APPROA 8-2018 12/2021 {7/2025},NHAI,ROAD TRANSPORT & HIGHWAYS,WEST BENGAL CIVIL AVIATION,2018-08,2021-12,622.04,Major,2,0,0,0.0,0.0,2024-03
618826,N24001980,4 LANING OF NH 544D FROM EXISTING KM 346.300 OF NH 44 TO KM 39.380 (DESIG 10-2022 7/2025 {7/2025},DESIGN CHAINAGE KM 0.000,OTHER CENTRAL SECTOR,ANDHRA PRADESH,2022-10,2025-07,907.76,Major,1,0,0,0.0,0.0,2024-03
618827,N24001983,4 LANING FROM EXISTING KM 39.380 (DESIGN CH. 37.000) TO KM 74.450 (DESIGN CH. 69.000) OF MUCHUKOTA ? 10-2022 8/2025 {8/2025},NHAI,ROAD TRANSPORT & HIGHWAYS,ANDHRA PRADESH,2022-10,2025-08,972.63,Major,1,0,0,0.0,0.0,2024-03
618828,N24002053,FOUR LANING OF KHAJURI TO WYNDHAMGANJ FROM KM 219.600 TO KM 260.483 ON NH-75 PKG SEC-V ON HAM 4-2022 9/2025 {9/2025},NHAI,ROAD TRANSPORT & HIGHWAYS,JHARKHAND COAL,2022-04,2025-09,1232.0,Mega,1,0,0,0.0,0.0,2024-03
618829,N24001590,4L from km 196.87 Sankha to km 219.6 Khajuri on NH-75 [Rehla / Garhwa Bypass],National Highways Authority of India [NHAI],OTHER CENTRAL SECTOR,JHARKHAND,2020-09,2023-10,1129.48,Mega,2,0,0,0.0,0.0,2024-03
618830,N24002054,FOUR LANING OF BHOGU TO SANKHA FROM KM 147.450 TO KM 196.870 ON NH-75 PKG SEC- III 10-2022 11/2025 {11/2025},NHAI,ROAD TRANSPORT & HIGHWAYS,JHARKHAND COAL,2022-10,2025-11,1390.77,Mega,1,0,0,0.0,0.0,2024-03
618833,N24000592,4-LANNING OF KODINAR TO VERAVAL SECTION OF NH-8E FROM KM 221.610 TO KM 263.000 7-2016 7/2020 {5/2025},NHAI,ROAD TRANSPORT & HIGHWAYS,GUJARAT CIVIL AVIATION,2016-07,2020-07,829.97,Major,8,3,2,43.0,20650.0,2024-03
618834,N24001827,4L KODINAR - VERAVAL (PACKAGE VI) FROM KM. 222.400 TO KM. 230.00 (KODINAR BYPASS) OF NH-8E (NH 51 NE 3-2022 3/2023 {3/2025},NHAI,ROAD TRANSPORT & HIGHWAYS,GUJARAT CIVIL AVIATION,2022-03,2023-03,162.73,Major,2,0,0,0.0,0.0,2024-03
618835,N24001792,4L of Bal Works of Talaja - Mahuva from 54.990 km. to 100.450 km. of Old NH-8E Package-II,National Highways Authority of India [NHAI],OTHER CENTRAL SECTOR,GUJARAT,2020-08,2022-09,698.4,Major,2,0,0,0.0,0.0,2024-03
618836,N24001834,4L OF RATNAGIRI - KOLHAPUR SECTION FROM KM 67.140 TO KM 112.340 OF NH-166 (PKG ? II) 5-2023 5/2025 {5/2025},NHAI,ROAD TRANSPORT & HIGHWAYS,MAHARASHTRA CIVIL AVIATION,2023-05,2025-05,839.0,Major,2,0,0,0.0,0.0,2024-03
618837,N24001835,4L OF RATNAGIRI - KOLHAPUR SECTION FROM KM 112.340 TO KM 145.300 OF NH-166 (PKG?III) 5-2023 5/2025 {5/2025},NHAI,ROAD TRANSPORT & HIGHWAYS,MAHARASHTRA CIVIL AVIATION,2023-05,2025-05,986.0,Major,2,0,1,0.0,9.657102869139258,2024-03
618838,N24001558,4L OF KARWAR (KM. 281.980 OF NH-62 NAGAUR ROAD) TO DANGIYAVAS OF JODHPUR RING ROAD (PKG-II) 11-2021 8/2024,NHAI,ROAD TRANSPORT & HIGHWAYS,RAJASTHAN CIVIL AVIATION,2021-11,2024-08,736.75,Major,2,0,0,0.0,0.0,2024-03
618839,N24000696,SIX LANNING OF AUNTA- SIMARIA(GANGA BRIDGE WITH APPROACH ROADS) SECTION OF NH-31 8-2017 2/2022,NHAI,ROAD TRANSPORT & HIGHWAYS,BIHAR CIVIL AVIATION,2017-08,2022-02,950.64,Major,7,3,4,50.0,0.0,2024-03
618840,N24000480,FOUR OF SIMARIA - KHAGARIA SECTION OF NH-31 12-2015 4/2019,NHAI,ROAD TRANSPORT & HIGHWAYS,BIHAR CIVIL AVIATION,2015-12,2019-04,1041.1,Mega,9,1,0,44.0,0.0,2024-03
618841,N24001699,CONSTRUCTION OF 4 LANE ELEVATED SECTION AND AT- GRADE IMPROVEMENTS AT BEGUSARAI TOWN SECTION OF NH-3 3-2022 12/2024 {12/2025},NHAI,ROAD TRANSPORT & HIGHWAYS,BIHAR CIVIL AVIATION,2022-03,2024-12,312.58,Major,2,0,0,0.0,0.0,2024-03
618845,N24001429,FOUR LANING OF PUDUCHERRY (KM.29/000) TO POONDIYANKUPPAM (KM.67/000) SECTION OF NH-45A ON HAM UNDER 3-2018 11/2021,NHAI,ROAD TRANSPORT & HIGHWAYS,TAMIL NADU CIVIL AVIATION,2018-03,2021-11,1294.47,Mega,2,0,0,0.0,0.0,2024-03
618847,N24001431,FOUR LANING OF SATTANATHAPURAM (KM.123/800) TO NAGAPATTINAM (KM.179/555) SECTION OF NH- 45A ON HAM UN 3-2018 10/2020,NHAI,ROAD TRANSPORT & HIGHWAYS,TAMIL NADU CIVIL AVIATION,2018-03,2020-10,1872.68,Mega,2,0,0,0.0,0.0,2024-03
618849,N24001809,CONVERSION OF PARTIALLY EXCAVATED ESCAPE TUNNEL TO UNIDIRECTIONAL TWO LANE TUNNEL (INCLUDING CONSTRU 5-2022 3/2024,NHAI,ROAD TRANSPORT & HIGHWAYS,HIMACHAL PRADESH,2022-05,2024-03,469.95,Major,2,0,0,0.0,0.0,2024-03
618850,N24000613,FOUR LANNING OF NERCHOWK- PANDOH BYPASS SECTION OF NH-21(PACKAGE-I KM 190.000 TO KM 221.305) UNDER NH 9-2016 7/2020 {3/2025},NHAI,ROAD TRANSPORT & HIGHWAYS,HIMACHAL PRADESH,2016-09,2020-07,1273.71,Mega,8,4,3,45.0,423.1578947368421,2024-03
618852,N24001810,4L SUNDER NAGAR BYPASS FROM KM173.900 TO KM 179.600 OF NH-21 IN THE STATE OF HP 2-2022 6/2024 {6/2024},NHAI,ROAD TRANSPORT & HIGHWAYS,HIMACHAL PRADESH,2022-02,2024-06,190.6,Major,2,0,0,0.0,0.0,2024-03
618854,N24001306,TWO / FOUR LANING OF RAEBARELI - JAGDISHPUR SECTION OF NH-330A FROM KM. 0.000 TO KM. 47.800 (DESIGN 10-2020 3/2023 {5/2024},NHAI,ROAD TRANSPORT & HIGHWAYS,UTTAR PRADESH,2020-10,2023-03,724.6,Major,4,0,2,0.0,0.0,2024-03
618855,N24001727,"IMPROVEMENT AND UP- GRADATION OF EXISTING ROAD TO 2/4L PS FROM KM 40.000 TO 88.750, START OF KHUTAR B 3-2022 2/2025 {2/2025}",NHAI,ROAD TRANSPORT & HIGHWAYS,UTTAR PRADESH,2022-03,2025-02,762.62,Major,2,0,0,0.0,0.0,2024-03
618856,N24002094,"IMPROVEMENT AND UP- GRADATION OF EXISTING ROAD TO 4L PS FROM KM 123.650 TO 175.080, FROM START OF SHA 9-2022 11/2025 {11/2025}",NHAI,ROAD TRANSPORT & HIGHWAYS,UTTAR PRADESH,2022-09,2025-11,1212.26,Mega,1,0,0,0.0,0.0,2024-03
618859,N24001732,"IMPROVEMENT AND UP- GRADATION OF EXISTING ROAD TO 4L PS FROM KM 229.070 TO 260.800, END OF HARDOI DIS 12-2021 10/2024 {7/2025}",NHAI,ROAD TRANSPORT & HIGHWAYS,UTTAR PRADESH,2021-12,2024-10,540.97,Major,2,0,0,0.0,0.0,2024-03
618861,N24001709,BAKHTIYARPUR RAJAULI PKG-II FROM KM 54.405 TO KM 101.630 NH20 9-2020 4/2023,NHAI,ROAD TRANSPORT & HIGHWAYS,BIHAR CIVIL AVIATION,2020-09,2023-04,897.45,Major,2,0,0,0.0,0.0,2024-03
618864,N24001851,4L FROM MATHURA BYPASS (START) AT EXISTING KM. 154.20 OF NH-44 TO GAJU VILLAGE AT KM 32.982 OF NH-53 1-2022 3/2025 {3/2025},NHAI,ROAD TRANSPORT & HIGHWAYS,UTTAR PRADESH,2022-01,2025-03,1738.2,Mega,2,1,1,0.0,600046175.0,2024-03
618878,N24002050,REHABILITATION AND UPGRADATION TO 4L CONFIGURATION and STRENGTHENING OF SIHUNI TO RAJOL FROM KM 51.0 2-2022 9/2025 {9/2025},NHAI,ROAD TRANSPORT & HIGHWAYS,JAMMU AND KASHMIR,2022-02,2025-09,696.65,Major,1,0,0,0.0,0.0,2024-03
618883,N24002086,CONSTRUCTION OF FOUR LANE HIGHWAY FORM GHAZIPUR BALLIA UP BIHAR STATE BORDER (GREENFIELD) SECTION OF 10-2022 7/2025 {7/2025},NHAI,ROAD TRANSPORT & HIGHWAYS,UTTAR PRADESH,2022-10,2025-07,1706.47,Mega,1,0,0,0.0,0.0,2024-03
618884,N24002087,CONSTRUCTION OF FOUR LANE HIGHWAY FROM GHAZIPUR BALLIA UP BIHAR STATE BORDER (GREENFIELD) SECTION OF 10-2022 10/2025 {10/2025},NHAI,ROAD TRANSPORT & HIGHWAYS,UTTAR PRADESH,2022-10,2025-10,1493.14,Mega,1,0,0,0.0,0.0,2024-03
618885,N24002089,CONSTRUCTION OF FOUR LANE HIGHWAY FROM GHAZIPUR BALLIA UP BIHAR STATE BORDER GREENFIELD SECTION OF N 10-2022 6/2025 {6/2025},NHAI,ROAD TRANSPORT & HIGHWAYS,UTTAR PRADESH,2022-10,2025-06,617.87,Major,1,0,0,0.0,0.0,2024-03
618887,N24001687,FOUR LANING OF BETTADAHALLI TO SRIRAMPURA SECTION FROM KM. 166+100 (DESIGN KM. 170+415) TO KM. 217+0 10-2021 10/2023,NHAI,ROAD TRANSPORT & HIGHWAYS,KARNATAKA CIVIL AVIATION,2021-10,2023-10,1331.77,Mega,2,0,0,0.0,0.0,2024-03
618888,N24002052,REHABILITATION AND UP- GRADATION OF EXISTING ROAD TO 2L PS FROM END OF HAMIRPUR BYPASS (NEAR CHILBAHA 2-2022 4/2025 {4/2025},NHAI,ROAD TRANSPORT & HIGHWAYS,JAMMU AND KASHMIR,2022-02,2025-04,1146.19,Mega,1,0,0,0.0,0.0,2024-03
618889,N24001808,REHABILITATION AND UPGRADING FROM 2 L TO 4 L FROM BHANGBAR(NEAR RANITAL) TO KANGRA BYPASS SECTION OF 3-2021 12/2024,NHAI,ROAD TRANSPORT & HIGHWAYS,HIMACHAL PRADESH,2021-03,2024-12,1322.95,Mega,2,0,0,0.0,0.0,2024-03
618890,N24002051,CONSTRUCTION OF NEW 2 LANE WITH PAVED SHOULDER OF HAMIRPUR BYPASS (PACKAGE IVA) OF NH-88 (NEW NH-103 7-2022 10/2025 {10/2025},NHAI,ROAD TRANSPORT & HIGHWAYS,JAMMU AND KASHMIR,2022-07,2025-10,739.39,Major,1,0,0,0.0,0.0,2024-03
618894,N24001602,4-LANING OF MADATHUKULAM - POLLACHI SECTION OF NH-209 1-2019 12/2022,NEW NH-83,CIVIL AVIATION,TAMIL NADU CIVIL AVIATION,2019-01,2022-12,1409.38,Mega,2,1,1,0.0,700.0,2024-03
618895,N24001601,4-LANING OF KAMALAPURAM - ODDANCHATRAM SECTION OF NH-209 1-2019 1/2023,NHAI,ROAD TRANSPORT & HIGHWAYS,TAMIL NADU CIVIL AVIATION,2019-01,2023-01,1051.69,Mega,2,0,0,0.0,0.0,2024-03
618896,N24001680,4L OF SANNUR TO BIKARNAKATTE SECTION FROM KARKALA TO MANGALORE 3-2021 10/2024,NHAI,ROAD TRANSPORT & HIGHWAYS,KARNATAKA CIVIL AVIATION,2021-03,2024-10,1409.68,Mega,2,0,0,0.0,0.0,2024-03
618897,N24000708,4-LANNING OF STHIYATHOPU- CHOLOPURAM 9-2017 8/2020,NHAI,ROAD TRANSPORT & HIGHWAYS,TAMIL NADU CIVIL AVIATION,2017-09,2020-08,1227.87,Mega,7,3,0,55.0,0.0,2024-03
618902,N24000723,REHABILITATION AND UPGRADATION OF TWO LANING OF MAHESHKHUNT - SAHARSA - PURNEA SECTION PKG - I 1-2018 12/2021,NHAI,ROAD TRANSPORT & HIGHWAYS,BIHAR CIVIL AVIATION,2018-01,2021-12,573.7,Major,7,2,3,47.0,0.0,2024-03
618903,N24000665,TWO-LANNING WITH PAVED SHOULDER OF MAHSHKUNT- SAHARSA-PURNEA SECTION FROM EXISTING KM.89.020 (DESIGN 3-2017 3/2020,NHAI,ROAD TRANSPORT & HIGHWAYS,BIHAR CIVIL AVIATION,2017-03,2020-03,672.89,Major,8,0,3,0.0,908.7620759379914,2024-03
618904,N24000187,4-LANNING OF CHAPRA- HAJIPUR 1-2011 7/2013,NHAI,ROAD TRANSPORT & HIGHWAYS,BIHAR CIVIL AVIATION,2011-01,2013-07,575.0,Major,11,0,0,0.0,0.0,2024-03
618906,N24001643,4L OF AMRITSAR GHOMAN TANDA UNA SECTION FROM KM 8.270 TO KM 54.000 OF NH 503A PACKAGE I 12-2020 6/2024,NHAI,ROAD TRANSPORT & HIGHWAYS,PUNJAB,2020-12,2024-06,857.91,Major,2,0,0,0.0,0.0,2024-03
618908,N24002081,3L MAJOR BRIDGE OVER RIVER BRAHMANI AT KM. 401.250 (DUBURI CHANDIKHOLE SECTION) OF NH 200 (NEW NH 5 8-2022 1/2025 {12/2026},NHAI,ROAD TRANSPORT & HIGHWAYS,ODISHA COAL,2022-08,2025-01,153.61,Major,1,0,0,0.0,0.0,2024-03
618909,N24000788,REHABILITATION AND UP GRADATION OF EXISTING ROAD TO 2-LANE WITH PAVED SHOULDER CONFIGURATION IN PURU 3-2018 9/2022,NHAI,ROAD TRANSPORT & HIGHWAYS,WEST BENGAL CIVIL AVIATION,2018-03,2022-09,841.57,Major,2,0,0,0.0,0.0,2024-03
618910,N24001749,FOUR LANING OF PURULIYA BYPASS SECTION OF NH 32 IN THE STATE OF WEST BENGAL ON EPC MODE 8-2021 8/2023 {6/2025},NHAI,ROAD TRANSPORT & HIGHWAYS,WEST BENGAL CIVIL AVIATION,2021-08,2023-08,557.55,Major,2,0,0,0.0,0.0,2024-03
618911,N24002090,CONSTRUCTION OF FOUR-LANE ?WESTERN SIDE SPUR OF RAMPUR-RUDRAPUR SECTION CONNECTING NH-24 TO NH-87 BY 3-2021 11/2024,NHAI,ROAD TRANSPORT & HIGHWAYS,UTTAR PRADESH,2021-03,2024-11,646.27,Major,1,0,0,0.0,0.0,2024-03
618913,N24000739,REHABILITATION AND UP- GRADATION TO 4-LANING OF RAJAMUNDA-BARKOTE SECTION OF NH-23 (NEW NH NO. 143) ( 1-2018 6/2021,NHAI,ROAD TRANSPORT & HIGHWAYS,ODISHA COAL,2018-01,2021-06,503.88,Major,7,3,3,87.0,34775.0,2024-03
618915,N24001304,BALANCE WORK OF 4- LANING OF PATNA-GAYA-DOBHI SECTION (KM. 39.00 TO KM. 83.00) OF NH-83 IN THE STATE 10-2013 11/2020,NHAI,ROAD TRANSPORT & HIGHWAYS,BIHAR CIVIL AVIATION,2013-10,2020-11,446.97,Major,4,0,2,0.0,0.0,2024-03
618916,N24001305,BALANCE WORK OF 4- L ANING OF PATNA-GAYA-DOBHI SECTION (KM.83.00 TO KM. 127.217) OF NH-83 IN THE STA 10-2013 11/2020,NHAI,ROAD TRANSPORT & HIGHWAYS,BIHAR CIVIL AVIATION,2013-10,2020-11,464.09,Major,4,0,2,0.0,0.0,2024-03
618919,N24001984,4L PS FROM MANDLEM (EXISTING KM. 38.000/DESIGN KM.30.600) TO ATMAKUR (EXISTING KM.73.000/DESIGN KM 6 3-2023 10/2025 {10/2025},NHAI,ROAD TRANSPORT & HIGHWAYS,ANDHRA PRADESH,2023-03,2025-10,887.28,Major,1,0,0,0.0,0.0,2024-03
618921,N24002049,PKG NAME: 4L OF KATHLIGHAT TO SHAKRAL VILLAGE FROM KM 128.835 TO KM 146.300 OF NH- 5 (SHIMLA BYPASS 3-2022 4/2026 {4/2026},NHAI,ROAD TRANSPORT & HIGHWAYS,JAMMU AND KASHMIR,2022-03,2026-04,1703.48,Mega,1,0,0,0.0,0.0,2024-03
618925,N24001738,"2LPS OF BIJNOR TO KOTAWALI SECTION OF NH-709AD, PKG-IV 9-2021 10/2023",NHAI,ROAD TRANSPORT & HIGHWAYS,UTTAR PRADESH,2021-09,2023-10,300.79,Major,2,0,0,0.0,0.0,2024-03
618935,N24002044,4L AMBALA - KALAAMB FROM KM. -0.800 TO KM. 33.015 OF OLD NH-72 6-2023 6/2025 {6/2025},NHAI,ROAD TRANSPORT & HIGHWAYS,HIMACHAL PRADESH,2023-06,2025-06,629.16,Major,1,0,0,0.0,0.0,2024-03
618936,N24001635,4 LANING OF JAGADHRI TAJEWALA ROAD SECTION OF NH 907 (OLD NH 73A) UNDER NH(O) (PKG 1) IN THE STATE O 3-2022 2/2025 {2/2025},NHAI,ROAD TRANSPORT & HIGHWAYS,HARYANA,2022-03,2025-02,1269.5,Mega,2,0,0,0.0,0.0,2024-03
618937,N24001799,4L OF NAGPUR-KATOL SECTION FROM KM. 13.00 TO KM. 62.900 OF NH-353J 2-2021 10/2023 {9/2025},NHAI,ROAD TRANSPORT & HIGHWAYS,MAHARASHTRA CIVIL AVIATION,2021-02,2023-10,1166.96,Mega,2,0,0,0.0,0.0,2024-03
618938,N24001796,4L OF RAJURA-KORPANA- ADILABAD ROAD UPTO M.S. BORDER FROM KM 32.910 TO KM 89.090 OF NH-353B 3-2022 10/2024,NHAI,ROAD TRANSPORT & HIGHWAYS,MAHARASHTRA CIVIL AVIATION,2022-03,2024-10,1013.33,Mega,2,0,0,0.0,0.0,2024-03
618942,N24001677,BALANCE WORK OF 2L PS FROM KM 30.800 TO 70.800 AND 2L WITH RIGID CARRIAGEWAY FROM 70.800 TO KM 84.12 11-2022 5/2024,NHAI,ROAD TRANSPORT & HIGHWAYS,KARNATAKA CIVIL AVIATION,2022-11,2024-05,226.76,Major,2,0,0,0.0,0.0,2024-03
618945,N24001522,4L OF KODAD (DESIGN KM 0.00/EXISTING KM 185.00 OF NH- 65) TO KHAMMAM (DESIGN KM 31.800/EXISTING KM 29 1-2021 1/2024,NHAI,ROAD TRANSPORT & HIGHWAYS,TELANGANA COAL,2021-01,2024-01,1307.95,Mega,2,0,0,0.0,0.0,2024-03
618946,N24002057,FOUR LANING OF MEHGAMA HANSDIHA SECTION OF NH-33 FROM EXISTING KM 41.900 TO 93.000 IN THE STATE OF J 12-2022 5/2025 {5/2025},NHAI,ROAD TRANSPORT & HIGHWAYS,JHARKHAND COAL,2022-12,2025-05,1443.77,Mega,1,0,0,0.0,0.0,2024-03
618947,N24001596,4L OF MIRZA CHAUKI TO FARKKA SECTION OF NH80 FROM KM 215.00 TO KM 260.00 ON HAM MODE IN THE STATE OF 11-2021 7/2023,NHAI,ROAD TRANSPORT & HIGHWAYS,JHARKHAND COAL,2021-11,2023-07,1302.72,Mega,2,0,0,0.0,0.0,2024-03
618949,N24002055,FOUR LANING OF BASUKINATH- DEOGHAR SECTION OF NH-114A FROM KM 85.081 TO KM 130.240 UNDER NHDP PHASE-I 3-2023 12/2025 {12/2025},NHAI,ROAD TRANSPORT & HIGHWAYS,JHARKHAND COAL,2023-03,2025-12,1444.94,Mega,1,0,0,0.0,0.0,2024-03
618951,N24001589,HARIHARGANJ TO PARWA MODE SECTION FROM KM 23.284 TO KM 57.049 OF NH-98 9-2020 3/2024,NHAI,ROAD TRANSPORT & HIGHWAYS,JHARKHAND COAL,2020-09,2024-03,755.26,Major,2,0,0,0.0,0.0,2024-03
618952,N24000714,CONSTRUCTION OF NEW LINK (NH-133B) FROM KM 0/00 (KM 200/87 OF SAHIBANJ BYPASS) IN JHARKHAND TO KM 15 12-2017 10/2024,NHAI,ROAD TRANSPORT & HIGHWAYS,BIHAR CIVIL AVIATION,2017-12,2024-10,2598.0,Mega,7,3,3,81.0,350.5,2024-03
618953,N24001371,CONSTRUCTION OF 2 LANE BRIDGE ACROSS RIVER KOSI WITH APPROACH ROAD FROM BHEJA TO BAKAUR SECTION OF N 10-2019 8/2023,NHAI,ROAD TRANSPORT & HIGHWAYS,BIHAR CIVIL AVIATION,2019-10,2023-08,1101.99,Mega,3,1,1,42.0,0.0,2024-03
618955,N24000813,DEVELOPMENT OF NEWLY DECLARED NH-527C FROM MAJHAULI TO CHAROUT SECTION TO 2 LANE WITH PAVED SHOULDER 3-2018 11/2021,NHAI,ROAD TRANSPORT & HIGHWAYS,BIHAR CIVIL AVIATION,2018-03,2021-11,496.2,Major,6,5,4,111.0,71450.0,2024-03
618960,N24002105,CONSTRUCTION OF NEW 4 LANE PRAYAGRAJ SOUTHERN BYPASS (PHASE-I) FROM DESIGN KM 43+200 (AT MAHUWARI VI 8-2023 6/2026 {6/2026},NHAI,ROAD TRANSPORT & HIGHWAYS,UTTAR PRADESH,2023-08,2026-06,1378.36,Mega,1,0,0,0.0,0.0,2024-03
618968,N24001735,6L ACCESS CONTROL GREENFIELD HIGHWAY OF VILL- KHYAWARI TO VILL-LATIFPUR AT SAHARANPUR BYPASS FROM KM 3-2022 8/2024 {7/2025},NHAI,ROAD TRANSPORT & HIGHWAYS,UTTAR PRADESH,2022-03,2024-08,1428.19,Mega,2,1,1,79.0,0.0,2024-03
618969,N24001628,4/6L OF SPUR TO HARIDWAR (GREENFIELD) FROM KM. 0.000 TO KM. 49.000 11-2021 2/2025,NHAI,ROAD TRANSPORT & HIGHWAYS,MULTI STATE COAL,2021-11,2025-02,2155.95,Mega,2,0,0,0.0,0.0,2024-03
618970,N24001734,6L ACCESS CONTROL GREENFIELD HIGHWAY OF VILL- LOHADDA TO VILL-KARAUNDA MAHAJAN FROM KM. 27.000 TO KM. 3-2022 8/2024 {7/2025},NHAI,ROAD TRANSPORT & HIGHWAYS,UTTAR PRADESH,2022-03,2024-08,1335.45,Mega,2,0,0,0.0,0.0,2024-03
619003,N24000852,"FOUR LANING OF SOLAN- KAITHLIGHAT SECTION OF NH- 22 (NOW NH-5) FROM KM 106.139 TO KM 129.050, ON EPC M 3-2018 5/2021",NHAI,ROAD TRANSPORT & HIGHWAYS,HIMACHAL PRADESH,2018-03,2021-05,478.74,Major,6,2,0,18.0,0.0,2024-03
619010,N24002027,KEIFANG - TUVAI PKG-3 12-2021 2/2025 {12/2025},NHIDCL,ROAD TRANSPORT & HIGHWAYS,MULTI STATE COAL,2021-12,2025-02,500.88,Major,1,0,0,0.0,0.0,2024-03
619013,N24000320,"Construction of Balance Work of 4-Laning of the Section from Jhanji to Demow of NH- 37 Old from Km 501.800 to Km 514.800 13.000 Km, under SARDP- NE under EPC Mode in the state of Assam Pkg-II Road Works",NHIDCL,ROAD TRANSPORT & HIGHWAYS,ASSAM,2014-10,2025-10,508.76,Major,9,1,3,69.0,72.28388147846451,2024-03
619038,N24001396,KHELLANI-KHANABAL PKG-5 7-2021 2/2023,NHIDCL,ROAD TRANSPORT & HIGHWAYS,JAMMU AND KASHMIR,2021-07,2023-02,497.09,Major,3,0,0,0.0,0.0,2024-03
619042,N24001907,"CONSTRUCTION OF SIX LANE FLYOVER AT KATRAJ JUNCTION AT KM, 3/880 OF NH 548-DD (VADGAON - KATRAJ - KO 6-2021 2/2024 {3/2024}",MoRTH,ROAD TRANSPORT & HIGHWAYS,MAHARASHTRA CIVIL AVIATION,2021-06,2024-02,169.15,Major,1,0,0,0.0,0.0,2024-03
619059,N24000765,CONSTRUCTION OF TWO LANE WITH HARD SHOULDERS OF MERANGKONG-TAMLU-MON ROAD FROM EXISTING KM 60.345 TO 3-2018 9/2018,NHIDCL,ROAD TRANSPORT & HIGHWAYS,NAGALAND,2018-03,2018-09,323.98,Major,6,0,3,0.0,2132.165050956997,2024-03
619063,N24001557,4L GREENFIELD SPUR FROM DELHI-VADODARA GREENFIELD EXPRESSWAY NEAR BANDIKUI TO JAIPUR 3-2022 11/2024,NHAI,ROAD TRANSPORT & HIGHWAYS,RAJASTHAN CIVIL AVIATION,2022-03,2024-11,1636.15,Mega,2,0,0,0.0,0.0,2024-03
619064,N24001786,CONSTRUCTION OF EIGHT LANE ACCESS CONTROLLED EXPRESSWAY FROM KM 103.400 TO KM 128.000 OF VADODARA MU 3-2021 3/2024 {3/2026},NHAI,ROAD TRANSPORT & HIGHWAYS,GUJARAT CIVIL AVIATION,2021-03,2024-03,1259.0,Mega,2,0,0,0.0,0.0,2024-03
619068,N24002048,CONSTRUCTION OF GREENFIELD CONNECTIVITY TO JEWAR INTERNATIONAL AIRPORT FROM DND FARIDABAD BALLABHGAR 7-2022 6/2025 {3/2026},NHAI,ROAD TRANSPORT & HIGHWAYS,HIMACHAL PRADESH,2022-07,2025-06,2414.67,Mega,1,0,0,0.0,0.0,2024-03
619071,N24001681,TUMKUR - NELAMANGALA(6L) 8-2022 8/2025,NHAI,ROAD TRANSPORT & HIGHWAYS,KARNATAKA CIVIL AVIATION,2022-08,2025-08,2032.15,Mega,2,0,0,0.0,0.0,2024-03
619072,N24001674,BANGALORE/TN BORDER TO HOSKOTE 2-2023 2/2025,NHAI,ROAD TRANSPORT & HIGHWAYS,KARNATAKA CIVIL AVIATION,2023-02,2025-02,1240.6,Mega,2,0,0,0.0,0.0,2024-03
619078,N24000726,SIX LANING OF BIHAR - JHARKHAND BORDER (CHORDAHA) TO GORHAR SECTION 1-2018 11/2021,NHAI,ROAD TRANSPORT & HIGHWAYS,JHARKHAND COAL,2018-01,2021-11,1155.16,Mega,7,2,0,134.0,0.0,2024-03
619087,N24002035,WIDENING TO 6L OF EXISTING 4L JETPUR - GONDAL - RAJKOT SECTION FROM KM. 117.600 TO KM. 185.00 ON NH- 9-2023 9/2025 {9/2025},NHAI,ROAD TRANSPORT & HIGHWAYS,GUJARAT CIVIL AVIATION,2023-09,2025-09,2070.44,Mega,1,0,0,0.0,0.0,2024-03
619089,N24001547,BALANCE WORK OF 4L OF NARIMBANGLO?JATINGA JUNCTION- HARANGAJO ROAD SECTION FROM KM 0.000 TO KM 49.23 3-2022 1/2026 {1/2026},NHAI,ROAD TRANSPORT & HIGHWAYS,ASSAM,2022-03,2026-01,1909.98,Mega,2,0,0,0.0,0.0,2024-03
619090,N24001781,8L OF DWARKA EXPRESSWAY PKG-II (RUB NEAR DWARKA SECTOR 21-DL/HR BORDER) FROM 5.300 KM.TO 9.500 KM. O 1-2018 10/2021 {5/2025},NHAI,ROAD TRANSPORT & HIGHWAYS,DELHI,2018-01,2021-10,2067.67,Mega,2,0,0,0.0,0.0,2024-03
619094,N24001694,FOUR LANING OF THORAPALLI AGRAHARAM TO JITTANDAHALLI SECTION OF NH-844 (PKG-II) FROM KM.23+350 TO KM 2-2019 12/2023,NHAI,ROAD TRANSPORT & HIGHWAYS,TAMIL NADU CIVIL AVIATION,2019-02,2023-12,1243.57,Mega,2,0,0,0.0,0.0,2024-03
619095,N24001607,BALANCE WORKS OF 4L PANVEL- INDAPUR SECTION OF NH-66 (OLD NH-17) FROM KM 42.300 (KASU) TO KM 84.600 ( 10-2022 5/2024,NHAI,ROAD TRANSPORT & HIGHWAYS,MAHARASHTRA CIVIL AVIATION,2022-10,2024-05,332.0,Major,2,0,1,0.0,0.0,2024-03
619096,N24000462,4-LANING OF GOA/KARNATAKA BORDER-KUNDAPUR SECTION 7-2012 8/2016,NHAI,ROAD TRANSPORT & HIGHWAYS,KARNATAKA CIVIL AVIATION,2012-07,2016-08,1655.01,Mega,9,0,3,0.0,25525.0,2024-03
619098,N24000784,6-LANING OF KOZHIKODE BYPASS (CALICUT BYPASS) (I.E. VENGALAM JN. TO RAMANATTUKARA JN.) SECTION OF NH 2-2018 2/2023,NHAI,ROAD TRANSPORT & HIGHWAYS,KERALA,2018-02,2023-02,1424.77,Mega,6,2,0,148.0,0.0,2024-03
619109,N24001668,6L OF BADAKUMARI - KARKI SECTION FROM KM 179.000 TO KM 226.500 OF NH-130-CD 3-2021 4/2024 {6/2025},PACKAGE ? OD-3,COAL,ODISHA COAL,2021-03,2024-04,1249.0,Mega,2,0,0,0.0,0.0,2024-03
619111,N24001837,6L JAKKUVA ? KORLAM SECTION OF NH-130CD ROAD FROM KM 396.800 TO KM 421.100 (PKG 2) 2-2021 3/2024,NHAI,ROAD TRANSPORT & HIGHWAYS,ANDHRA PRADESH,2021-02,2024-03,663.6,Major,2,0,1,0.0,27366.666666666668,2024-03
619112,N24001836,6L KANTAKAPALLE ? SABBAVARAM SECTION OF NH- 130CD ROAD FROM KM 445.100 TO KM 464.662 (PKG-4) 2-2021 10/2024 {3/2026},NHAI,ROAD TRANSPORT & HIGHWAYS,ANDHRA PRADESH,2021-02,2024-10,824.29,Major,2,0,0,0.0,0.0,2024-03
619118,N24000619,DEVELOPMENT OF FOUR LANNING OF ANGUL- SAMBALPUR SECTION OF NATIONAL HIGHWAY NH-42 (NEW NH-55 IN THE S 9-2016 8/2019 {5/2025},NHAI,ROAD TRANSPORT & HIGHWAYS,ODISHA COAL,2016-09,2019-08,2510.04,Mega,8,1,1,34.0,57144230.95238095,2024-03
619119,N24000715,REHABILITATION AND UPGRADATION OF CUTTACK ANGUL SECTION OF NH-42 (NEW NH-55) TO 4 LANE (KM. 0+400 TO 12-2017 7/2020 {6/2025},NHAI,ROAD TRANSPORT & HIGHWAYS,ODISHA COAL,2017-12,2020-07,686.65,Major,7,4,3,54.0,34525.0,2024-03
619122,N24001771,SIX LANE ACCESS CONTROLLED OF DELHI SAHARANPUR HIGHWAY FROM AKSHARDHAM NH 9 JUNCTION TO DELHI UP BOR 6-2020 12/2024 {12/2024},NHAI,ROAD TRANSPORT & HIGHWAYS,DELHI,2020-06,2024-12,1479.22,Mega,2,0,0,0.0,0.0,2024-03
619129,N24001721,FOUR LANING OF MAMALLAPURAM TO MUGAIYUR SECTION OF NH332A FROM KM 0.000 TO KM 31.000 2-2019 5/2024,NHAI,ROAD TRANSPORT & HIGHWAYS,TAMIL NADU CIVIL AVIATION,2019-02,2024-05,1008.99,Mega,2,0,0,0.0,0.0,2024-03
619130,N24002111,FOUR LANING OF MUGAIYUR TO MARAKKANAM SECTION OF NH- 332A FROM KM 31.000 TO KM 62.000 2-2019 12/2025,NHAI,ROAD TRANSPORT & HIGHWAYS,TAMIL NADU CIVIL AVIATION,2019-02,2025-12,825.94,Major,1,0,0,0.0,0.0,2024-03
619131,N24000826,FOUR LANINIG OF CHETTIKULAM TO NATHAM SECTION OF NH-785 FROM CHETTIKULUM (KM 7.300) TO NATHAM (KM. 3 3-2018 10/2022,NHAI,ROAD TRANSPORT & HIGHWAYS,TAMIL NADU CIVIL AVIATION,2018-03,2022-10,505.35,Major,6,3,3,25.0,20365.75342465753,2024-03
619132,N24001774,CONSTRUCTION OF GURGAON - PATAUDI - REWARI SECTION OF NH-352W (DESIGN LENGTH 46.11 KM) AS FEEDER ROU 12-2020 11/2023 {6/2024},NHAI,ROAD TRANSPORT & HIGHWAYS,HARYANA,2020-12,2023-11,1524.03,Mega,2,0,0,0.0,0.0,2024-03
619134,N24002098,6L OF AMBALA-CHANDIGARH GREENFIELD SECTION FROM KM. 0.000 TO KM. 25.000 WITH 4L SPUR TO LALRU FROM K 3-2022 10/2025 {10/2025},NHAI,ROAD TRANSPORT & HIGHWAYS,PUNJAB,2022-03,2025-10,1641.66,Mega,1,0,0,0.0,0.0,2024-03
619138,N24001682,UPGRADATION 2/4 LANE NH CONNECTIVITY UNDER SAGARMALA SCHEME SH 2 HAVERI YEKAMBI SH 69 YEKAMBI KUMTA 11-2021 3/2024,NHAI,ROAD TRANSPORT & HIGHWAYS,KARNATAKA CIVIL AVIATION,2021-11,2024-03,294.62,Major,2,0,0,0.0,0.0,2024-03
619140,N24001981,CONSTRUCTION OF SIX LANING OF NAIDUPETA JUNCTION - TURPUKANUPUR SECTION FROM KM.57+046 TO KM.91+927 7-2022 10/2025 {10/2025},NHAI,ROAD TRANSPORT & HIGHWAYS,ANDHRA PRADESH,2022-07,2025-10,1398.84,Mega,1,0,0,0.0,0.0,2024-03
619141,N24002033,CONSTRUCTION OF 4 LANE ACCESS CONTROLLED HIGHWAY FROM CHILLAKURU CROSS ROAD TO TURPUKANUPUR KM 0+000 7-2022 12/2025 {12/2025},NHAI,ROAD TRANSPORT & HIGHWAYS,ANDHRA PRADESH,2022-07,2025-12,909.47,Major,1,0,0,0.0,0.0,2024-03
619146,N24000569,FOUR LANING OF KAGAVADAR - UNA SECTION OF NH-8E FROM KM 139.915 TO KM 180.478 (PACKAGE-IV) IN THE ST 5-2016 9/2019,NHAI,ROAD TRANSPORT & HIGHWAYS,GUJARAT CIVIL AVIATION,2016-05,2019-09,723.64,Major,8,3,4,40.0,1066.4224707858343,2024-03
619147,N24001793,4L OF BAL WORKS OF MAHUVA TO KAGVADAR FROM 100.450 KM. TO 140.470 KM. OF NH-8E 3-2021 9/2022 {5/2025},PKG- III,CIVIL AVIATION,GUJARAT CIVIL AVIATION,2021-03,2022-09,485.75,Major,2,0,0,0.0,0.0,2024-03
619149,N24001495,4L OF RATNAGIRI - KOLHAPUR SECTION OF NH-166 FROM KM 0.000 TO KM 19.769 AND KM 31.000 TO KM 67.140 ( 11-2022 11/2024 {9/2025},NHAI,ROAD TRANSPORT & HIGHWAYS,MAHARASHTRA CIVIL AVIATION,2022-11,2024-11,930.0,Major,2,0,0,0.0,0.0,2024-03
619152,N24000507,FOUR LANING OF BAKHTIYARPUR - MOKAMA SECTION OF NH-31 12-2015 12/2019 {12/2024},NHAI,ROAD TRANSPORT & HIGHWAYS,BIHAR CIVIL AVIATION,2015-12,2019-12,1167.45,Mega,9,4,2,48.0,0.0,2024-03
619153,N24001812,4L OF HP/PUNJAB BO4L OF HP/PUNJAB BORDER - MO FROM KM. 11.00 TO KM. 42.00 OF OLD NH-20 (NEW NH-154) 3-2021 5/2024 {12/2025},NHAI,ROAD TRANSPORT & HIGHWAYS,HIMACHAL PRADESH,2021-03,2024-05,1002.11,Mega,2,1,1,16.0,32975.0,2024-03
619155,N24001526,UPGRADATION AND 4L OF HARIDWAR BYPASS FROM KM 0.000 (KM 188.100 OF NH-58) TO KM. 15.100 (KM 5.100 OF 8-2021 10/2024,NHAI,ROAD TRANSPORT & HIGHWAYS,UTTARAKHAND,2021-08,2024-10,1377.79,Mega,2,0,0,0.0,0.0,2024-03
619157,N24000734,REHABILITATION AND UP- GRADATION OF EXISTING 2- LANE TO FOUR LANE FROM TALCHAR TO END OF KAMAKHYANAG 1-2018 8/2021 {6/2025},NHAI,ROAD TRANSPORT & HIGHWAYS,ODISHA COAL,2018-01,2021-08,614.48,Major,7,3,3,53.0,69400.0,2024-03
619158,N24000733,REHABILITATION AND UP- GRADATION OF EXISTING 2- LANE TO 4 LANE OF DUBURI (KM 388.376) TO CHANDIKHOLE ( 1-2018 8/2022 {12/2025},NHAI,ROAD TRANSPORT & HIGHWAYS,ODISHA COAL,2018-01,2022-08,633.68,Major,7,3,3,62.0,69350.0,2024-03
619162,N24001753,4 LANING OF NAJIBABAD BYPASS OF NH-119 FROM KM. 105.423 TO KM. 118.373 (EXCLUDING 2.45 KM. OF NH-74 2-2022 6/2024,NHAI,ROAD TRANSPORT & HIGHWAYS,UTTAR PRADESH,2022-02,2024-06,570.98,Major,2,0,0,0.0,0.0,2024-03
619163,N24001502,4L OF BARAMATI TO INDAPUR (PKG-II) FROM KM. 41.400 TO KM. 84.550 OF NH-965G (SAINT TUKARAM MARG) 9-2021 9/2023,NHAI,ROAD TRANSPORT & HIGHWAYS,MAHARASHTRA CIVIL AVIATION,2021-09,2023-09,624.45,Major,2,0,0,0.0,0.0,2024-03
619168,N24001733,6L ACCESS CONTROLLED GREENFIELD HIGHWAY OF JUNCTION OF EPE (VILL.- MAVIKALAN) TO VILL.-LOHADDA FROM K 3-2022 8/2024 {7/2025},NHAI,ROAD TRANSPORT & HIGHWAYS,UTTAR PRADESH,2022-03,2024-08,1602.48,Mega,2,0,0,0.0,0.0,2024-03
626030,N24001419,OLD NH-37 and Strengthening of existing NH-315 OLD NH-38 from Km 0000 NHO-NE Package-3,NHIDCL,ROAD TRANSPORT & HIGHWAYS,ASSAM,2023-01,2025-09,458.59,Major,3,0,1,0.0,1856158.2366589329,2024-03
63117,N24001484,KHAMMAM-DEVARAPALLE PKG III [4L ACCESS CONTROLLED (GREENFIELD) FROM CHINTAGUDEM VILLAGE TO RECHERLA 9-2022 2/2024,NHAI,ROAD TRANSPORT & HIGHWAYS,TELANGANA COAL,2022-09,2024-02,804.69,Major,2,0,0,0.0,0.0,2024-03
64535,N24001901,Rehabilitation and up-gradation to 2 lane with paved shoulder from existing chainage Akhnoor-Poonch road NH-144A under Project Sampark BRO in the UT of Jammu & Kashmir on EPC mode Package-III Job no NH-144A-J&K-2019-20-79,MoRTH,ROAD TRANSPORT & HIGHWAYS,JAMMU AND KASHMIR,2020-03,2023-09,152.93,Major,1,0,0,0.0,0.0,2024-03
67880,N24001917,UP GRADATION OF NH 930 SHERPAR TO KOHKA FROM KM 67.880 TO KM 114.860 TO TWO LANE WITH PAVED SHOULDER 3-2020 5/2024 {6/2025},MoRTH,ROAD TRANSPORT & HIGHWAYS,CHHATTISGARH COAL,2020-03,2024-05,278.97,Major,1,0,0,0.0,0.0,2024-03
68617,N24001323,Construction & Upgradation to 2 lane with paved shoulder from Design Km. 31.449 on Khellani - Kishtwar - Chattroo section of NH-244 in the UT of J&K on EPC Mode under NHO-Gen PKG- 1,NHIDCL,ROAD TRANSPORT & HIGHWAYS,JAMMU AND KASHMIR,2021-02,2021-09,486.45,Major,3,1,2,0.0,18.058690744920995,2024-03
69000,N24001082,PUNE RAIGARH DISTRICT BORDER TO MANGAON 3-2018 12/2019 {12/2023},MoRTH,ROAD TRANSPORT & HIGHWAYS,MAHARASHTRA CIVIL AVIATION,2018-03,2019-12,223.46,Major,5,0,0,0.0,0.0,2024-03
696890,N24001515,DELHI VADODARA GREENFIELD ALIGNMENT SECTION OF NH 148N PACKAGE 26 9-2020 2/2024 {3/2026},NHAI,ROAD TRANSPORT & HIGHWAYS,GUJARAT CIVIL AVIATION,2020-09,2024-02,1542.02,Mega,2,0,0,0.0,0.0,2024-03
69875,N24001978,WIDENING TO 2 LANE WITH HARD SHOULDER OF AKEGWO- AVANGKHU SECTION OF NH- 202K FOR PACKAGE-III (DESIGN 12-2022 2/2026 {2/2026},NHIDCL,ROAD TRANSPORT & HIGHWAYS,ODISHA COAL,2022-12,2026-02,497.18,Major,1,0,0,0.0,0.0,2024-03
701101,N04000082,"CONSTRUCTION OF NEW DORNESTIC TERMINAL BUILDING AND OTHER STRUCTURES, PHASE I AND II 5-2018 10/2022",AAI,CIVIL AVIATION,BIHAR CIVIL AVIATION,2018-05,2022-10,1216.9,Mega,5,0,2,0.0,0.0,2024-03
701105,N04000095,EXTENSION OF EXISTING INTEGRATED TERMINAL BUILDING AND ALLIED WORKS AT GOA AIRPORT. 11-2017 9/2021,AAI,CIVIL AVIATION,CIVIL AVIATION,2017-11,2021-09,255.69,Major,3,1,2,0.0,0.0,2024-03
701107,N04000091,C/O OF NITB AND ASSOCIATED WORK AT VIJAYAWADA AIRPORT 4-2020 3/2023,AAI,CIVIL AVIATION,ANDHRA PRADESH,2020-04,2023-03,611.8,Major,4,0,0,0.0,0.0,2024-03
701121,N04000103,RAJAHMUNDRY AIRPORT: CONSTRUCTION OF NEW DOMESTIC TERMINAL BUILDING AND MISCELLANEOUS WORKS INCLUD 12-2022 8/2025 {8/2025},AAI,CIVIL AVIATION,ANDHRA PRADESH,2022-12,2025-08,347.15,Major,1,0,0,0.0,0.0,2024-03
701126,N04000099,"DEVELOPMENT OF NEW GREENFIELD AIRPORT AT DHOLERA, AHMEDABAD (GUJARAT). PHASE-1. 6-2022 12/2025 {12/2025}",AAI,CIVIL AVIATION,GUJARAT CIVIL AVIATION,2022-06,2025-12,1305.0,Mega,2,0,0,0.0,0.0,2024-03
701127,N04000101,CONSTRUCTION OF NEW TERMINAL BUILDING AT JODHPUR AIRPORT 5-2022 11/2024,AAI,CIVIL AVIATION,RAJASTHAN CIVIL AVIATION,2022-05,2024-11,480.0,Major,2,0,0,0.0,0.0,2024-03
701128,N04000104,UDAIPUR AIRPORT- CONSTRUCTION OF NEW INTEGRATED PASSENGER TERMINAL BUILDING 6-2023 3/2026 {3/2026} 3-2023 9/2024 {9/2025},AAI,CIVIL AVIATION,RAJASTHAN CIVIL AVIATION,2023-06,2026-03,887.0,Major,1,0,0,0.0,0.0,2024-03
701167,N28000150,C/O AIIMS AT AWANTIPORA (KASHMIR) JAMMU AND KASHMIR 3-2019 9/2025,CPWD FOR HEALTH,OTHER CENTRAL SECTOR,JAMMU AND KASHMIR,2019-03,2025-09,1828.0,Mega,4,0,0,0.0,0.0,2024-03
701171,N21000031,"COMPREHENSIVE PLANNING, DESIGNING, EXECUTION OF ALL INDIA INSTITUTE OF MEDICAL SCIENCES AT BIBINAGAR 12-2018 7/2024 {12/2025}",HITES,COAL,TELANGANA COAL,2018-12,2024-07,1110.55,Mega,2,0,1,0.0,0.5154639175257731,2024-03
701173,N21000032,"ALL INDIA INSTITUTE OF MEDICAL SCIENCES AT MANETHI, HARYANA. 3-2019 3/2023 1-2020 10/2023",HITES,OTHER CENTRAL SECTOR,HARYANA,2019-03,2023-03,1294.34,Mega,1,0,0,0.0,0.0,2024-03
701228,N16000285,KOCHI-KOOTTANAD- BANGALORE-MANGALORE PIPELINE PHASE-II 6-2009 12/2012,GAIL,PETROLEUM & NATURAL GAS,MULTI STATE COAL,2009-06,2012-12,2915.0,Mega,7,0,0,0.0,0.0,2024-03
701263,N16000513,RAJASTHAN REFINERY PROJECT 10-2017 10/2022,HPCLRRL(JV),CIVIL AVIATION,RAJASTHAN CIVIL AVIATION,2017-10,2022-10,43129.0,Mega,1,0,0,0.0,0.0,2024-03
701289,N16000412,CAPACITY EXPANSION OF PANIPAT REFINERY FROM 15 TO 25 MMTPA 2-2021 9/2024,IOCL,PETROLEUM & NATURAL GAS,HARYANA,2021-02,2024-09,34627.0,Mega,3,0,0,0.0,0.0,2024-03
701324,N16000386,BARAUNI REFINERY CAPACITY EXPANSION FROM 6.0 TO 9.0 MMTPA 1-2020 4/2023,IOCL,PETROLEUM & NATURAL GAS,BIHAR CIVIL AVIATION,2020-01,2023-04,14810.0,Mega,5,0,2,0.0,5083.333333333334,2024-03
701329,N16000409,PETROCHEMICAL AND LUBE INTEGRATION PROJECT AT GUJARAT REFINERY 9-2020 8/2024,IOCL,PETROLEUM & NATURAL GAS,GUJARAT CIVIL AVIATION,2020-09,2024-08,18936.0,Mega,4,1,2,0.0,0.0,2024-03
701343,N16000388,SRIKAKULAM ANGUL PIPELINE PROJECT 9-2019 7/2022,GAIL,PETROLEUM & NATURAL GAS,MULTI STATE COAL,2019-09,2022-07,2658.34,Mega,4,0,2,0.0,0.0,2024-03
701344,N16000391,DHAMRA HALDIA PIPELINE PROJECT 3-2020 11/2022,GAIL,PETROLEUM & NATURAL GAS,MULTI STATE COAL,2020-03,2022-11,1030.65,Mega,4,2,2,0.0,0.0,2024-03
701346,N16000439,NORTH EAST GAS GRID 11-2020 3/2024,IGGL,COAL,MULTI STATE COAL,2020-11,2024-03,9265.0,Mega,3,0,2,0.0,0.0,2024-03
701349,N16000394,NUMALIGARH REFINERY EXPANSION PROJECT COIT AND PIPELINES 1-2019 10/2024 {9/2025},NRL,PETROLEUM & NATURAL GAS,ASSAM,2019-01,2024-10,10228.0,Mega,4,0,0,0.0,0.0,2024-03
701350,N16000449,UPGRADATION OF FACILITIES OF NUMALIGARH-SILIGURI PRODUCT PIPELINE (NSPL) FOR TRANSPORTATION OF ADDIT 6-2021 12/2024,OIL,PETROLEUM & NATURAL GAS,ASSAM,2021-06,2024-12,860.0,Major,2,0,0,0.0,0.0,2024-03
701354,N16000398,MUMBAI NAGPUR JHARSUGUDA PIPELINE PROJECT 6-2020 5/2023,GAIL,PETROLEUM & NATURAL GAS,MULTI STATE COAL,2020-06,2023-05,7844.25,Mega,4,2,2,0.0,0.0,2024-03
701415,N30000002,POLAVARAM IRRIGATION PROJECT 2-2009 3/2020 2-2019 8/2022,PPA,OTHER CENTRAL SECTOR,ARUNACHAL PRADESH,2009-02,2020-03,10151.04,Mega,5,0,2,0.0,0.0,2024-03
701565,N25000072,JAL MARG VIKAS PROJECT 1-2018 3/2023,IWAI,COAL,MULTI STATE COAL,2018-01,2023-03,5369.18,Mega,5,2,2,0.0,0.0,2024-03
702625,N28000124,BHOPAL METRO RAIL 11-2018 2/2023,MPMRCL,CIVIL AVIATION,MAHARASHTRA CIVIL AVIATION,2018-11,2023-02,6941.4,Mega,5,0,2,0.0,0.0,2024-03
702626,N28000125,INDORE METRO RAIL 11-2018 2/2023,MPMRCL,CIVIL AVIATION,MAHARASHTRA CIVIL AVIATION,2018-11,2023-02,7500.8,Mega,5,0,0,0.0,0.0,2024-03
702627,N28000148,PATNA METRO RAIL CORPORATION LIMITED 2-2019 6/2024 {9/2024},PATNA METRO RAI,CIVIL AVIATION,BIHAR CIVIL AVIATION,2019-02,2024-06,13365.77,Mega,4,0,0,0.0,0.0,2024-03
702628,N28000144,KANPUR METRO RAIL PROJECT 5-2019 3/2024 {12/2026},LMRCL,OTHER CENTRAL SECTOR,UTTAR PRADESH,2019-05,2024-03,11076.48,Mega,4,0,2,0.0,0.0,2024-03
702629,N28000145,AGRA METRO RAIL PROJECT 5-2019 3/2024 {12/2026},LMRCL,OTHER CENTRAL SECTOR,UTTAR PRADESH,2019-05,2024-03,8379.62,Mega,4,1,3,0.0,0.0,2024-03
702630,N28000138,SURAT METRO RAIL PROJECT 3-2019 3/2024 {6/2026},AMR,CIVIL AVIATION,GUJARAT CIVIL AVIATION,2019-03,2024-03,12020.32,Mega,5,1,2,0.0,0.0,2024-03
702631,N28000137,AHMEDABAD METRO RAIL PROJECT PHASE II 3-2019 3/2024 {12/2025},AMR,CIVIL AVIATION,GUJARAT CIVIL AVIATION,2019-03,2024-03,5384.17,Mega,5,0,2,0.0,0.0,2024-03
702632,N28000135,DELHI METRO PHASE IV THREE PRIORITY CORRIDORS 7-2019 3/2025 {3/2026},DMRC,OTHER CENTRAL SECTOR,DELHI,2019-07,2025-03,24948.65,Mega,5,0,0,0.0,0.0,2024-03
702633,N28000134,DELHI GHAZIABAD MEERUT RRTS CORRIDOR 3-2019 6/2025 {6/2025} 8-2023 11/2027 {11/2027} 4-2006 3/2026 {12/2029},NCRTC,OTHER CENTRAL SECTOR,NAGALAND,2019-03,2025-06,30274.0,Mega,5,0,0,0.0,0.0,2024-03
702635,N28000058,BANGALORE METRO RAIL PROJECT PHASE-2 2-2014 2/2021 {3/2025},BMRCL,CIVIL AVIATION,KARNATAKA CIVIL AVIATION,2014-02,2021-02,26405.14,Mega,11,1,0,24.0,0.0,2024-03
702637,N28000086,MUMBAI METRO LINE 3 (COLABA- BANDRA-SEEPZ) 7-2013 3/2020,MMRCL,CIVIL AVIATION,MAHARASHTRA CIVIL AVIATION,2013-07,2020-03,23136.0,Mega,10,1,2,62.0,60733.333333333336,2024-03
702639,N28000122,AHMEDABAD METRO RAIL PROJECT PHASE 1 11-2014 12/2018 {8/2025},AMR,CIVIL AVIATION,GUJARAT CIVIL AVIATION,2014-11,2018-12,10773.0,Mega,5,0,4,0.0,0.0,2024-03
702658,N28000155,NAGPUR METRO RAIL PROJECT PHASE II 12-2022 12/2027 {12/2027},NMRCL,OTHER CENTRAL SECTOR,MANIPUR,2022-12,2027-12,6708.0,Mega,2,0,1,0.0,6.402793946449361,2024-03
702665,N28000151,BANGALORE METRO RAIL PROJECT LIMITED. PHASE. 2A AND 2B 6-2021 6/2026 {6/2026},BMRCL,CIVIL AVIATION,KARNATAKA CIVIL AVIATION,2021-06,2026-06,14788.1,Mega,3,0,1,0.0,90350.0,2024-03
703585,N22000543,YESHVANTHPUR- CHANNASANDRA (21.7 KM) 4-2019 3/2026 {3/2026},NCRTC,CIVIL AVIATION,KARNATAKA CIVIL AVIATION,2019-04,2026-03,169.65,Major,2,0,1,0.0,2273.2718894009217,2024-03
703586,N22000542,BAIYYAPPANAHALLI-HOSUR (48 KM) 4-2019 3/2026 {3/2026},NCRTC,CIVIL AVIATION,KARNATAKA CIVIL AVIATION,2019-04,2026-03,375.67,Major,2,0,0,0.0,0.0,2024-03
705237,N22000464,WESTERN DEDICATED FREIGHT CORRIDOR 11-2007 3/2022 {3/2020},DFCC,COAL,MULTI STATE COAL,2007-11,2022-03,51101.0,Mega,6,2,2,0.0,0.0,2024-03
705357,N22000615,BARAMATI - LONAND 2-1999 3/2027 {3/2027},CR,RAILWAYS,MAHARASHTRA CIVIL AVIATION,1999-02,2027-03,736.44,Major,2,0,1,0.0,4824596.271929825,2024-03
705362,N22000181,JAYNAGAR-BIJALPURA INCLUDING EXTENSION BIJALPURA-BARDIBAS(NEPAL) GC 4-2009 3/2022 {3/2026},ECR,RAILWAYS,BIHAR CIVIL AVIATION,2009-04,2022-03,819.0,Major,11,3,0,194.0,0.0,2024-03
705368,N22000177,ARARIA-SUPAUL (NL) 4-2008 3/2024 {5/2025},ECR,RAILWAYS,BIHAR CIVIL AVIATION,2008-04,2024-03,1605.17,Mega,11,3,0,212.0,0.0,2024-03
705373,N22000476,"FATUHA-ISLAMPUR INCL. MM FOR EXTENSION OF NEW LINE FORM BIHARSHARIF-BARBIGHA, DANIYAWAN-BIHARSHARIF, 4-1991 3/2023 {5/2025}",ECR,RAILWAYS,BIHAR CIVIL AVIATION,1991-04,2023-03,1473.3,Mega,6,3,1,36.0,0.0,2024-03
705385,N22000219,PIRPAINTI-JASIDIH 4-2013 3/2028,ER,RAILWAYS,MULTI STATE COAL,2013-04,2028-03,2555.03,Mega,11,1,0,131.0,0.0,2024-03
705392,N22000124,Dimapur [Dhansiri]-Sukhobi Kohima [Zubza] NL [82.5 Km],Northeast Frontier Railway [NFR],OTHER CENTRAL SECTOR,"MULTI-STATES (ASSAM, NAGALAND)",2015-08,2025-03,2.0,Major,11,1,1,60.0,0.0,2024-03
705401,N22000208,MURKONGSELEK-PASIGHAT NL 4-2011 3/2025 {11/2025},NFR,RAILWAYS,MULTI STATE COAL,2011-04,2025-03,435.06,Major,11,3,2,143.0,0.0,2024-03
705419,N22000148,GWALIOR-SEOPURKALA WITH EXTENSION TO KOTA (GC) 4-2011 3/2025 {12/2024},NCR,RAILWAYS,MULTI STATE COAL,2011-04,2025-03,2912.96,Mega,11,1,2,25.0,0.0,2024-03
705424,N22000467,CHANDIGARH-BADDI 4-2007 6/2025,NR,RAILWAYS,MULTI STATE COAL,2007-04,2025-06,1540.13,Mega,6,0,0,0.0,0.0,2024-03
705428,N22000273,Bhanupalli-Bilaspur-Beri New Railway Line Project,RVNL - II,OTHER CENTRAL SECTOR,"(HIMACHAL PRADESH, PUNJAB) MULTI-STATES",2009-03,2026-12,4.0,Major,11,5,2,248.0,0.0,2024-03
705429,N22000406,Rishikesh-Karnaprayag New Rail Line- 125 km,RVNL - II,OTHER CENTRAL SECTOR,UTTARAKHAND,2018-08,2025-12,38953.0,Mega,8,1,2,0.0,0.0,2024-03
705432,N22000102,Sivok-Rangpo New Rail Line,Indian Railway Construction International Limited [IRCON],OTHER CENTRAL SECTOR,"MULTI-STATES (SIKKIM, WEST BENGAL)",2009-10,2015-05,5.0,Major,11,0,2,0.0,0.0,2024-03
705433,N22000602,Dallirajhra- Rowghat New Railway Line - Phase I [95 km],RVNL - II,OTHER CENTRAL SECTOR,CHHATTISGARH,2009-12,2025-09,1628.0,Mega,2,0,0,0.0,0.0,2024-03
705437,N22000032,Manoharabad-Kothapalli New Rail Line [151 km],South Central Railway [SCR] - II,OTHER CENTRAL SECTOR,TELANGANA,2017-01,2027-03,1160.0,Mega,11,3,0,119.0,0.0,2024-03
705450,N22000207,NEW BG LINE FROM JAGBANI TO BIRATNAGAR 4-2010 3/2022,NFR,RAILWAYS,MULTI STATE COAL,2010-04,2022-03,401.65,Major,11,5,0,84.0,0.0,2024-03
705453,N22000139,"DAHOD-INDORE VIA SARDARPUR, JHABUA AND DHAR (NL) 4-2007 2/2027",WR,RAILWAYS,MULTI STATE COAL,2007-04,2027-02,1942.0,Mega,11,2,0,155.0,0.0,2024-03
705454,N22000138,CHOTTAUDEPUR-DHAR(NL) 4-2007 12/2026,WR,RAILWAYS,MULTI STATE COAL,2007-04,2026-12,1793.65,Mega,11,2,0,155.0,0.0,2024-03
705457,N22000120,RATLAM-MHOW-KHANDWA- AKOLA (GC) 4-2008 2/2027,WR,RAILWAYS,MADHYA PRADESH,2008-04,2027-02,5677.88,Mega,11,1,0,120.0,0.0,2024-03
705458,N22000142,MIYAGAM-KARJAN-DABHOI- SAMLAYA (GC) 4-2011 3/2021,WR,RAILWAYS,GUJARAT CIVIL AVIATION,2011-04,2021-03,844.1,Major,11,6,4,210.0,0.0,2024-03
705479,N22000480,WADSA-GADHCHIROLI NEW LINE (52.36 KM) 6-2018 3/2027 {12/2026},SECR,RAILWAYS,MAHARASHTRA CIVIL AVIATION,2018-06,2027-03,1886.05,Mega,6,0,1,0.0,1066.9213139801377,2024-03
705482,N22000158,DHOLPUR-SIRMUTTRA WITH EXTENSION TO GANGAPURCITY AND MOHARI-TANTPUR AND TANPUR-BANSI PAHARPUR 4-2010 2/2019 {12/2026},NCR,RAILWAYS,MULTI STATE COAL,2010-04,2019-02,746.83,Major,11,5,2,94.0,0.0,2024-03
705490,N22000299,GADAG-WADI NL 4-2013 3/2027 {12/2027},SWR,RAILWAYS,KARNATAKA CIVIL AVIATION,2013-04,2027-03,2841.84,Mega,11,2,2,248.0,0.0,2024-03
705491,N22000308,MARIKUPPAM - KUPPAM 4-2012 3/2016 {12/2027},SWR,RAILWAYS,KARNATAKA CIVIL AVIATION,2012-04,2016-03,279.54,Major,11,1,0,206.0,0.0,2024-03
705492,N22000486,KADUR CHIKMAGALUR SAKLESHPUR NEW LINE (93 KM) 3-1996 6/2025 {3/2026},SWR,RAILWAYS,KARNATAKA CIVIL AVIATION,1996-03,2025-06,825.31,Major,6,0,0,0.0,0.0,2024-03
705494,N22000279,RAYADURGA-TUMKUR NL 4-2007 9/2015 {2/2028},SWR,RAILWAYS,MULTI STATE COAL,2007-04,2015-09,2495.59,Mega,11,8,0,188.0,0.0,2024-03
705495,N22000258,BAGALKOT-KUDACHI NL 4-2010 3/2027 {3/2027},SWR,RAILWAYS,KARNATAKA CIVIL AVIATION,2010-04,2027-03,1378.0,Mega,11,3,2,59.0,0.0,2024-03
705496,N22000256,TUMKUR-CHITRADURGA- DAVENGERE NL 4-2011 3/2019 {12/2027},SWR,RAILWAYS,KARNATAKA CIVIL AVIATION,2011-04,2019-03,1876.0,Mega,11,5,2,393.0,0.0,2024-03
705498,N22000233,KALYAN-KASARA 3RD LINE 4-2011 12/2025 {12/2026},CR,RAILWAYS,MAHARASHTRA CIVIL AVIATION,2011-04,2025-12,792.89,Major,11,2,2,288.0,15266.666666666666,2024-03
705500,N22000250,WARDHA-SEWAGRAM NGP 3RD LINE 4-2012 12/2025 {2/2026},CR,RAILWAYS,MAHARASHTRA CIVIL AVIATION,2012-04,2025-12,540.02,Major,11,1,2,131.0,14866.666666666666,2024-03
705502,N22000356,WARDHA-BALHARSHAH - 3RD LINE (132 KM) 2-2015 12/2025 {3/2026},CR,RAILWAYS,MAHARASHTRA CIVIL AVIATION,2015-02,2025-12,1384.72,Mega,8,0,0,0.0,0.0,2024-03
705503,N22000359,PUNE-MIRAJ-LONDA (467 KM) 2-2015 2/2025 {5/2025},CR,RAILWAYS,MAHARASHTRA CIVIL AVIATION,2015-02,2025-02,3627.47,Mega,8,1,2,12.0,0.0,2024-03
705504,N22000360,DAUND - MANMAD (236 KM) 2-2016 12/2025 {1/2026},CR,RAILWAYS,MAHARASHTRA CIVIL AVIATION,2016-02,2025-12,2081.27,Mega,8,0,2,0.0,92.3728813559322,2024-03
705505,N22000362,WARDHA - NAGPUR - 4TH LINE 2-2016 12/2025 {2/2026},76 KM,CIVIL AVIATION,MAHARASHTRA CIVIL AVIATION,2016-02,2025-12,638.0,Major,8,1,2,12.0,11275.0,2024-03
705506,N22000361,MANMAD - JALGAON - 3RD LINE 2-2016 12/2024 {3/2026},160 KM,CIVIL AVIATION,MAHARASHTRA CIVIL AVIATION,2016-02,2024-12,1035.16,Mega,8,2,0,12.0,0.0,2024-03
705507,N22000358,ITARSI-NAGPUR (BAL.) - 3RD LINE (267 KM) 2-2015 3/2027 {3/2027},CR,RAILWAYS,MAHARASHTRA CIVIL AVIATION,2015-02,2027-03,2449.91,Mega,8,0,1,0.0,14833.333333333334,2024-03
705510,N22000316,BHADRAK - NERGUNDI 3RD LINE 3-2013 11/2024,ECOR,RAILWAYS,ODISHA COAL,2013-03,2024-11,1284.39,Mega,10,3,2,119.0,16733.333333333336,2024-03
705511,N22000376,JAGADALPUR-KORAPUT DOUBLING 4-2015 3/2024 {3/2022},ECOR,RAILWAYS,ODISHA COAL,2015-04,2024-03,1547.38,Mega,8,1,2,12.0,0.0,2024-03
705512,N22000377,KOTTAVALSA - KORAPUT DOUBLING 4-2015 3/2022 {3/2022},ECOR,RAILWAYS,ANDHRA PRADESH,2015-04,2022-03,2499.71,Mega,8,3,2,12.0,0.0,2024-03
705513,N22000379,KORAPUT - SINGAPUR ROAD DOUBLING 4-2015 12/2027,ECOR,RAILWAYS,ODISHA COAL,2015-04,2027-12,2362.0,Mega,8,2,2,60.0,0.0,2024-03
705514,N22000380,JARAPADA - BUDHAPANK WITH FLY OVER AT TALCHER ROAD 3RD AND 4TH LINE 4-2015 3/2027 {8/2026},ECOR,RAILWAYS,ODISHA COAL,2015-04,2027-03,820.61,Major,8,1,2,0.0,16433.333333333336,2024-03
705515,N22000381,BUDHAPANK - SALEGAON VIA RAJATGARH 3RD AND 4TH LINE. 4-2015 3/2026,ECOR,RAILWAYS,ODISHA COAL,2015-04,2026-03,1172.92,Mega,8,1,0,0.0,0.0,2024-03
705526,N22000329,SAMASTIPUR-DARBANGHA 5-2015 3/2025 {10/2025},ECR,RAILWAYS,BIHAR CIVIL AVIATION,2015-05,2025-03,519.33,Major,9,5,0,118.0,0.0,2024-03
705527,N22000472,SAGAULI VALMIKINAGAR DOUBLING 109.7 KM 4-2016 12/2024 {6/2025},ECR,RAILWAYS,BIHAR CIVIL AVIATION,2016-04,2024-12,1215.54,Mega,6,0,0,0.0,0.0,2024-03
705528,N22000473,MUZAFFARPUR SAGAULI DOUBLING 100.60 KM 4-2016 6/2024 {5/2025},ECR,RAILWAYS,BIHAR CIVIL AVIATION,2016-04,2024-06,1586.22,Mega,6,0,0,0.0,0.0,2024-03
705562,N22000134,CHHAPRA-BALLIA UP 3-2013 2/2025 {12/2025},NER,RAILWAYS,MULTI STATE COAL,2013-03,2025-02,941.05,Major,11,5,2,153.0,0.0,2024-03
705567,N22000468,BURHWAL - GONDA - 3RD RUNNING LINE. 4-2016 3/2025 {9/2025},NER,RAILWAYS,UTTAR PRADESH,2016-04,2025-03,1015.59,Mega,6,3,1,40.0,18166.666666666664,2024-03
705572,N22000388,Doubling of New Bonggigaon to Kamakhya via Goalpara - 176 km,Northeast Frontier Railway [NFR],OTHER CENTRAL SECTOR,ASSAM,2016-09,2026-03,4060.0,Mega,8,1,2,12.0,209.6590909090909,2024-03
705583,N22000281,Anand Vihar-Tilak Bridge 3rd & 4th line,CAO/C/NR,OTHER CENTRAL SECTOR,DELHI,2013-03,2023-03,667.0,Major,11,4,2,126.0,19366.666666666664,2024-03
705588,N22000583,JANGHAI PRATAPGARH AMETHI DOUBLING 11-2017 3/2025 {12/2025},NR,RAILWAYS,UTTAR PRADESH,2017-11,2025-03,721.72,Major,2,0,1,0.0,3859651.403508772,2024-03
705598,N22000496,JHANSI BINA DOUBLING 9-2016 3/2022 {3/2027},NCR,RAILWAYS,UTTAR PRADESH,2016-09,2022-03,2002.0,Mega,6,0,0,0.0,0.0,2024-03
705608,N22000495,JHANSI MANIKPUR AND KHAIRAR BHIMSEN DOUBLING 3-2018 3/2026 {3/2027},NCR,RAILWAYS,UTTAR PRADESH,2018-03,2026-03,4329.53,Mega,6,0,2,0.0,0.0,2024-03
705610,N22000587,RENIGUNTA WADI GOOTY - BYPASS 4-2016 12/2025 {12/2025},SCR,RAILWAYS,ANDHRA PRADESH,2016-04,2025-12,302.0,Major,2,0,1,0.0,0.0,2024-03
705612,N22000261,KAZIPET-VIJAYAWADA 3RD LINE WITH ELECTRIFICATION 4-2012 2/2025 {3/2025},SCR,RAILWAYS,MULTI STATE COAL,2012-04,2025-02,1953.0,Mega,11,3,2,311.0,20600.0,2024-03
705613,N22000367,KAZIPET-BALHRSHA 4-2015 1/2025 {1/2025},SCR,RAILWAYS,MULTI STATE COAL,2015-04,2025-01,2594.59,Mega,8,0,2,0.0,0.0,2024-03
705616,N22000484,JHARSUGUDA-BILASPUR 4TH LINE 4-2015 10/2024,SECR,RAILWAYS,CHHATTISGARH COAL,2015-04,2024-10,2140.34,Mega,6,0,0,0.0,0.0,2024-03
705617,N22000420,RAJNANDGAON - NAGPUR - 3RD LINE (SECR) 9-2016 12/2024 {12/2025},SECR,RAILWAYS,MAHARASHTRA CIVIL AVIATION,2016-09,2024-12,3544.92,Mega,8,1,0,15.0,0.0,2024-03
705628,N22000396,BONDAMUNDA RANCHI DOUBLING 3-2016 6/2024 {6/2026},SER,RAILWAYS,JHARKHAND COAL,2016-03,2024-06,3029.04,Mega,8,0,2,0.0,0.0,2024-03
705629,N22000506,NARAYANGARH TO BHADRAK 3RD LINE (155 KM) 3-2019 12/2024 {6/2026},SER,RAILWAYS,MULTI STATE COAL,2019-03,2024-12,2400.0,Mega,3,0,0,0.0,0.0,2024-03
705632,N22000586,VIJAYAWADA KAZIPET BYEPASS LINE 4-2016 12/2025 {12/2025},SCR,RAILWAYS,ANDHRA PRADESH,2016-04,2025-12,647.37,Major,2,0,0,0.0,0.0,2024-03
705633,N22000368,GUNTUR-GUNTAKAL 4-2016 12/2025 {12/2025},SCR,RAILWAYS,ANDHRA PRADESH,2016-04,2025-12,3733.37,Mega,8,1,2,83.0,0.0,2024-03
705635,N22000399,TRIVANDRUM-KANYAKUMARI DOUBLING 2-2015 3/2024 {12/2027},SR,RAILWAYS,KERALA,2015-02,2024-03,1431.9,Mega,8,3,0,142.0,0.0,2024-03
705638,N22000620,KUMBALAM-THURAVUR - PATCH DOUBLING (15.59 KM) 12-2011 3/2027 {12/2026},SR,RAILWAYS,KERALA,2011-12,2027-03,812.85,Major,2,0,0,0.0,0.0,2024-03
705639,N22000619,ERNAKULAM-KUMBALAM - PATCH DOUBLING (7.71 KM) 12-2010 3/2028 {12/2026},SR,RAILWAYS,KERALA,2010-12,2028-03,600.82,Major,2,0,0,0.0,0.0,2024-03
705648,N22000369,VIJAYAWADA-GUDUR 4-2015 11/2024 {12/2024},RVNL,RAILWAYS,ANDHRA PRADESH,2015-04,2024-11,6654.0,Mega,8,1,0,33.0,0.0,2024-03
705650,N22000297,HOSPET-HUBLI-LONDA- VASCODAGAMA DL 4-2010 3/2027 {12/2026},RVNL,RAILWAYS,KARNATAKA CIVIL AVIATION,2010-04,2027-03,5060.36,Mega,11,3,2,155.0,0.0,2024-03
705659,N22000554,SATNA - REWA (50 KM) 11-2015 3/2026 {3/2026},WCR,RAILWAYS,MADHYA PRADESH,2015-11,2026-03,500.0,Major,2,0,0,0.0,0.0,2024-03
705660,N22000351,KATNI - SINGRAULI DOUBLING PROJECT 12-2015 12/2026,WCR,RAILWAYS,MADHYA PRADESH,2015-12,2026-12,2445.29,Mega,8,1,2,0.0,0.0,2024-03
705661,N22000416,KATNI GRADE SEPARATOR/BYE PASS 8-2016 9/2024,WCR,RAILWAYS,MADHYA PRADESH,2016-08,2024-09,1247.64,Mega,8,1,2,24.0,0.0,2024-03
705662,N22000333,HOTGI-KUDGI-GADAG 3-2015 12/2024 {2/2026},SWR,RAILWAYS,MULTI STATE COAL,2015-03,2024-12,1877.81,Mega,9,1,0,46.0,0.0,2024-03
705663,N22000621,BANGALORE-WHITEFIELD- BANGALORE CITY- KRISHNARAJAPURAM QUADRUPLING 3-2018 6/2025 {6/2025},SWR,RAILWAYS,KARNATAKA CIVIL AVIATION,2018-03,2025-06,492.87,Major,2,0,0,0.0,0.0,2024-03
705667,N22000501,MATHURA-JHANSI-3RD LINE 6-2016 12/2024 {12/2024},273.80 KM,OTHER CENTRAL SECTOR,UTTAR PRADESH,2016-06,2024-12,5323.39,Mega,4,0,0,0.0,0.0,2024-03
705668,N22000595,KHARAGPUR-ADITYAPUR - 3RD LINE (132 KM) 12-2015 3/2025 {3/2025},RVNL,RAILWAYS,JHARKHAND COAL,2015-12,2025-03,3249.98,Mega,2,0,0,0.0,0.0,2024-03
705728,N22000463,MUMBAI AHMEDABAD HIGH SPEED RAIL PROJECT 12-2015 8/2027 {8/2027},NHSRCL,COAL,MULTI STATE COAL,2015-12,2027-08,108000.0,Mega,6,0,0,0.0,0.0,2024-03
705730,N22000111,NEW WORK FOR CONSTRUCTION OF METRO RAILWAY FROM JOKA TO BINOY BADAL DINESH BAGH. 4-2010 12/2026 {12/2026},RVNL,RAILWAYS,WEST BENGAL CIVIL AVIATION,2010-04,2026-12,4834.54,Mega,11,0,2,0.0,0.0,2024-03
705735,N22000513,SOLAPUR-TULJAPUR- OSMANABAD (UMBRELLA WORK) 1-2019 3/2028 {12/2027},CR,RAILWAYS,MAHARASHTRA CIVIL AVIATION,2019-01,2028-03,904.92,Major,2,0,1,0.0,0.0,2024-03
705741,N22000517,JEYPORE NABARANGPUR NEWLINE 7-2017 7/2028 {7/2028},ECOR,RAILWAYS,ODISHA COAL,2017-07,2028-07,748.0,Major,2,1,1,0.0,0.0,2024-03
705742,N22000516,JEYPORE MALKANGIRI NEW LINE 2-2018 7/2033 {7/2033},ECOR,RAILWAYS,ODISHA COAL,2018-02,2033-07,2344.0,Mega,2,0,0,0.0,0.0,2024-03
705752,N22000593,GUDHA THATHANA MITHRI TEST TRACK FOR RDSO 4-2019 3/2025 {6/2025},NWR,RAILWAYS,RAJASTHAN CIVIL AVIATION,2019-04,2025-03,528.48,Major,2,0,0,0.0,0.0,2024-03
705761,N22000559,SHIMOGA-SHIKARIPURA- RANEBENNUR (UMBRELLA WORK PB#23/2018-19/NR) 9-2019 12/2027 {12/2027},SWR,RAILWAYS,KARNATAKA CIVIL AVIATION,2019-09,2027-12,1453.73,Mega,2,0,1,0.0,0.0,2024-03
705763,N22000601,INDORE BUDNI (INDORE JABALPUR) 9-2018 9/2030 {9/2030},RVNL,RAILWAYS,MADHYA PRADESH,2018-09,2030-09,7474.01,Mega,2,0,1,0.0,244451022.2222222,2024-03
705764,N22000503,NIMACH BADI SADRI NEW LINE PROJECT 4-2017 3/2022 {3/2026},WR,RAILWAYS,MADHYA PRADESH,2017-04,2022-03,495.18,Major,3,0,2,0.0,0.0,2024-03
705765,N22000611,GOMOH - FLYOVER FOR DOWN TRAINS 1-2018 3/2023 {3/2026},ECR,RAILWAYS,JHARKHAND COAL,2018-01,2023-03,686.03,Major,2,0,0,0.0,0.0,2024-03
705766,N22000546,LALITPUR - BIRARI WITH FLYOVER AT LALITPUR 3-2017 12/2024 {6/2025},NCR,RAILWAYS,UTTAR PRADESH,2017-03,2024-12,356.09,Major,2,0,0,0.0,0.0,2024-03
705771,N22000563,ALLAHABAD-BAMHRAULI - 4TH LINE (10 KM) WITH FLY-OVER AT SUBEDARGANJ 4-2019 3/2026 {3/2026},NCR,RAILWAYS,UTTAR PRADESH,2019-04,2026-03,494.11,Major,2,0,1,0.0,12850.0,2024-03
705772,N22000544,MUGHALSARAI - ALLAHABAD - 3RD LINE 8-2019 12/2026 {12/2026},NCR,RAILWAYS,UTTAR PRADESH,2019-08,2026-12,2649.44,Mega,2,0,0,0.0,0.0,2024-03
705774,N22000562,ALIGARH-DAUD KHAN - 3RD LINE 6.9 KM AND CONSTRUCTION OF FLYOVER AT DAUD KHAN 4-2019 12/2025 {12/2025},NCR,RAILWAYS,UTTAR PRADESH,2019-04,2025-12,451.99,Major,2,0,0,0.0,0.0,2024-03
705777,N22000564,BHANDAI - FLYOVER FOR ETAWAH BOUND DOWN TRAINS 4-2019 12/2025 {3/2026},NCR,RAILWAYS,UTTAR PRADESH,2019-04,2025-12,187.21,Major,2,0,0,0.0,0.0,2024-03
705780,N22000598,BHATNI - AUNRIHAR WITH ELECTRIFICATION (125 KM) (EXCL INDARA - MAU (116.95 KM)) 5-2018 12/2024 {2/2025},RVNL,RAILWAYS,UTTAR PRADESH,2018-05,2024-12,2529.46,Mega,2,0,1,0.0,376.0,2024-03
705782,N22000590,BARABANKI MALHAUR 3RD AND 4TH LINE (32.84 KM) 1-2019 3/2025,NR,RAILWAYS,UTTAR PRADESH,2019-01,2025-03,323.85,Major,2,0,0,0.0,0.0,2024-03
705783,N22000584,"Project Assessment, Infrastructure Monitoring and Analytics for Nation-building 655 Ludhiana- Killa Raipur Railway Doubling Project",PAIMANA,OTHER CENTRAL SECTOR,PUNJAB,2019-03,2022-12,59.0,Major,2,0,0,0.0,0.0,2024-03
705785,N22000508,LODHMA TO PISKA LINK LINE BY PASSING HATIA/RANCHI WITH Y CONNECTION (17.2 KM) 4-2018 6/2026 {6/2026},SER,RAILWAYS,JHARKHAND COAL,2018-04,2026-06,501.52,Major,3,1,2,42.0,3609.302325581396,2024-03
705799,N22000629,NAGPUR- NAGBHIR RAILWAY LINE GAUGE CONVERSION PROJECT 10-2019 6/2024 {10/2025},MRIDC,CIVIL AVIATION,MAHARASHTRA CIVIL AVIATION,2019-10,2024-06,1400.0,Mega,1,0,0,0.0,0.0,2024-03
705918,N22000545,ALIGARH-HARDUAGANJ FLYOVER (22 KM) 4-2020 6/2026 {6/2026},NCR,RAILWAYS,UTTAR PRADESH,2020-04,2026-06,1456.89,Mega,2,0,0,0.0,0.0,2024-03
705919,N22000553,AGRA FORT-BANDIKUI 6-2022 6/2027,NCR,RAILWAYS,RAJASTHAN CIVIL AVIATION,2022-06,2027-06,1389.81,Mega,2,0,0,0.0,0.0,2024-03
705933,N22000536,NIMACH-RATLAM (133 KM) 10-2021 10/2027,WR,RAILWAYS,MADHYA PRADESH,2021-10,2027-10,1095.88,Mega,2,0,1,0.0,0.0,2024-03
706718,N04000100,"CONSTRUCTION OF NEW INTEGRATED TERMINAL BUILDING, CONTROL TOWER CUM TECHNICAL BLOCK, APRON, LINK TAX 11-2021 7/2024 4-2003 12/2026",AAI,CIVIL AVIATION,CIVIL AVIATION,2021-11,2024-07,499.0,Major,2,0,1,0.0,50001150.0,2024-03
706724,N04000083,CONSTRUCTION OF NEW INTEGRATED TERMINAL BUILDING AT LGBI AIRPORT GUWAHATI 12-2016 3/2021,AAI,CIVIL AVIATION,CIVIL AVIATION,2016-12,2021-03,1142.0,Mega,5,0,0,0.0,0.0,2024-03
706757,N22000622,MODASA- SHAMLAJI NEW LINE ( MM OF AHMEDABAD- HIMMATNAGAR-UDAIPUR (299.2 KM)) 9-2012 3/2027,WR,RAILWAYS,GUJARAT CIVIL AVIATION,2012-09,2027-03,261.68,Major,2,1,1,227.0,0.0,2024-03
706759,N22000350,RAMPUR DUMRA - TAL - RAJENDRAPUL DOUBLING INCLUDING GANGA BRIDGE 12-2015 12/2024 {12/2025},ECR,RAILWAYS,BIHAR CIVIL AVIATION,2015-12,2024-12,2373.64,Mega,8,1,0,0.0,0.0,2024-03
706763,N22000535,RAJKOT-KANALUS (111.20 KM) 10-2021 10/2026,WR,RAILWAYS,GUJARAT CIVIL AVIATION,2021-10,2026-10,1080.58,Mega,2,0,1,0.0,0.0,2024-03
706776,N22000108,NEW WORK FOR CONSTRUCTION OF METRO RAILWAY FROM NOAPARA- BARASAI VIA BIMANBANDER 4-2010 8/2026 {3/2016},MTP,CIVIL AVIATION,WEST BENGAL CIVIL AVIATION,2010-04,2026-08,4829.6,Mega,11,0,0,0.0,0.0,2024-03
706777,N22000109,NEW WORK FOR CONSTRUCTION OF METRO RAILWAY FROM BARANAGAR TO BARRACKPORE AND DAKSHINESHWAR (MTP) 4-2010 12/2026 {12/2025},RVNL,RAILWAYS,WEST BENGAL CIVIL AVIATION,2010-04,2026-12,2298.42,Mega,11,1,3,0.0,0.0,2024-03
706779,N22000092,MUMBAI URBAN TRANSPORT PROJECT PHASE-II 4-2008 3/2014 {3/2014},MRTP,CIVIL AVIATION,MAHARASHTRA CIVIL AVIATION,2008-04,2014-03,8087.11,Mega,11,0,0,0.0,0.0,2024-03
706780,N22000627,MUMBAI URBAN TRANSPORT PROJECT IIIA 4-2019 12/2027 {12/2027},MRVC,RAILWAYS,MAHARASHTRA CIVIL AVIATION,2019-04,2027-12,33690.0,Mega,1,0,0,0.0,0.0,2024-03
706811,N12000124,NMDC SLURRY PIPE LINE PROJECT - PHASE-1 11-2015 6/2023,NMDC,COAL,CHHATTISGARH COAL,2015-11,2023-06,2907.0,Mega,4,0,2,0.0,0.0,2024-03
706835,N22000557,BELGAUM-DHARWAD VIA KITTUR (73.10 KM) (UMBRELLA WORK PB#22/2019-20/NR) 9-2020 12/2027 {12/2027},SWR,RAILWAYS,KARNATAKA CIVIL AVIATION,2020-09,2027-12,1590.8,Mega,2,0,0,0.0,0.0,2024-03
706837,N22000529,DOUBLING OF PRADHANKHUNTA JN - PATHERDIH BAZAR-BHOJUDIH 11-2022 11/2027 {3/2026},ECR,RAILWAYS,JHARKHAND COAL,2022-11,2027-11,202.0,Major,2,0,0,0.0,0.0,2024-03
706854,N22000580,DOUBLING OF BORIDAND - AMBIKAPUR ( SURAJPUR) 6-2022 6/2030 {3/2027},SECR,RAILWAYS,CHHATTISGARH COAL,2022-06,2030-06,1376.2,Mega,2,0,1,0.0,0.0,2024-03
706860,N22000524,BARAUNI- BACHWARA 3RD AND 4TH LINE 7-2022 7/2027 {12/2025},ECR,RAILWAYS,BIHAR CIVIL AVIATION,2022-07,2027-07,486.0,Major,2,0,0,0.0,0.0,2024-03
706866,N22000607,SAWAIMADHOPUR - BYPASS LINE (6.98 KM) (UMBRELLA WORK PB#57/2019-20/NR) 12-2022 6/2026 {1/2026},NWR,RAILWAYS,RAJASTHAN CIVIL AVIATION,2022-12,2026-06,304.0,Major,2,0,0,0.0,0.0,2024-03
709747,N18000297,Bagodara Solar Power Project 5-2021 10/2022 {12/2025},SJVN,POWER,GUJARAT CIVIL AVIATION,2021-05,2022-10,339.35,Major,3,0,1,0.0,0.0,2024-03
709749,N26000114,PHASE-I OF CONSOLIDATION OF EXISTING CDR DATA CENTERS AND NIB-P3 DATA CENTERS WITH STATE OF THE ART 3-2020 6/2021,BSNL,COAL,MULTI STATE COAL,2020-03,2021-06,461.42,Major,5,0,2,0.0,56233.333333333336,2024-03
709752,N16000432,HP CRUDE TO OLEFINS AND AROMATICS TECHNOLOGY DEMO UNIT AT VISAKH REFINERY 9-2021 6/2024,HPCL,PETROLEUM & NATURAL GAS,ANDHRA PRADESH,2021-09,2024-06,160.0,Major,3,0,2,0.0,0.0,2024-03
709753,N16000478,HALDIA PANAGARH PIPELINE PROJECT 11-2022 11/2025 {11/2025},HPCL,PETROLEUM & NATURAL GAS,WEST BENGAL CIVIL AVIATION,2022-11,2025-11,1010.0,Mega,2,0,0,0.0,0.0,2024-03
709754,N16000484,"CONSTRUCTION OF LPG FACILITIES AT KAMARDANGA, ASSAM 3-2023 7/2027",HPCL,PETROLEUM & NATURAL GAS,ASSAM,2023-03,2027-07,156.36,Major,2,0,1,0.0,6374594.820717132,2024-03
709755,N16000494,"SETTING UP OF NEW RAIL FED POL FACILITY AT KAMARDANGA, ASSAM 3-2023 7/2027",HPCL,PETROLEUM & NATURAL GAS,ASSAM,2023-03,2027-07,384.04,Major,2,0,0,0.0,0.0,2024-03
709757,N16000497,CGD PROJECT IN BIHAR JHARKHAND 6-2022 6/2030 {6/2030},HPCL,PETROLEUM & NATURAL GAS,JHARKHAND COAL,2022-06,2030-06,1377.0,Mega,1,0,0,0.0,0.0,2024-03
709758,N16000498,CGD PROJECT IN WEST BENGAL 11TH ROUND 6-2022 6/2030 {6/2030},HPCL,PETROLEUM & NATURAL GAS,WEST BENGAL CIVIL AVIATION,2022-06,2030-06,2628.0,Mega,1,0,0,0.0,0.0,2024-03
709759,N16000512,SETTING UP OF PETROCHEMICAL EVACUATION MARKETING TERMINAL (PEMT) AT BARMER 12-2023 12/2026 {12/2026},HPCL,PETROLEUM & NATURAL GAS,RAJASTHAN CIVIL AVIATION,2023-12,2026-12,461.05,Major,1,0,0,0.0,0.0,2024-03
709766,N16000485,"CGD PROJECT AT KURNOOL, GUNTUR AND PRAKASAM DISTRICTS 3-2022 3/2030 {3/2030}",IOCL,PETROLEUM & NATURAL GAS,ANDHRA PRADESH,2022-03,2030-03,1420.0,Mega,2,0,1,0.0,5948035.687732343,2024-03
709770,N16000488,CGD PROJECT AT PATHANKOT DISTRICT 3-2022 3/2030,IOCL,PETROLEUM & NATURAL GAS,PUNJAB,2022-03,2030-03,151.0,Major,2,0,0,0.0,0.0,2024-03
709771,N16000487,"CGD PROJECT AT BEED, JALGAON AND JALNA DISTRICTS 3-2022 3/2030 {9/2031}",IOCL,PETROLEUM & NATURAL GAS,MAHARASHTRA CIVIL AVIATION,2022-03,2030-03,865.0,Major,2,0,0,0.0,0.0,2024-03
709772,N16000491,"CGD PROJECT AT EAST MEDNIPORE, WEST MEDNIPORE AND JHARGRAM DISTRICTS 3-2022 3/2030 {6/2031}",IOCL,PETROLEUM & NATURAL GAS,WEST BENGAL CIVIL AVIATION,2022-03,2030-03,609.0,Major,2,0,0,0.0,0.0,2024-03
709774,N16000437,"REVAMPING, AUGMENTATION OF FACILITIES AT EXISTING PORT TERMINAL AT MANGALORE 1-2022 7/2025",IOCL,PETROLEUM & NATURAL GAS,KARNATAKA CIVIL AVIATION,2022-01,2025-07,463.0,Major,3,0,0,0.0,0.0,2024-03
709776,N16000441,"REVAMPING OF FACILITIES AT EXISTING GUWAHATI TERMINAL, ASSAM 3-2022 7/2026",IOCL,PETROLEUM & NATURAL GAS,ASSAM,2022-03,2026-07,277.0,Major,3,0,0,0.0,0.0,2024-03
709777,N16000453,INSTALLATION OF BITUMEN MANUFACTURING UNIT ALONG WITH ALLIED FACILITIES AT BARAUNI 1-2022 4/2025 {5/2026},IOCL,PETROLEUM & NATURAL GAS,BIHAR CIVIL AVIATION,2022-01,2025-04,389.0,Major,2,1,0,7.0,0.0,2024-03
709778,N16000454,INSTALLATION OF NEW BITUMEN UNIT ALONG WITH ALLIED FACILITIES AT GUJARAT 1-2022 9/2024 {5/2025},IOCL,PETROLEUM & NATURAL GAS,GUJARAT CIVIL AVIATION,2022-01,2024-09,328.0,Major,2,0,0,0.0,0.0,2024-03
709779,N16000457,CAPACITY EXPANSION OF DIGBOI REFINERY FROM 0.65 TO 1.0 MMTPA 6-2022 10/2025 {3/2026},IOCL,PETROLEUM & NATURAL GAS,ASSAM,2022-06,2025-10,768.0,Major,2,0,0,0.0,0.0,2024-03
709780,N16000504,CONSTRUCTION OF ADDITIONAL TANKAGES AND ALLIED FACILITIES AT JNPT TERMINAL 4-2022 10/2024,IOCL,PETROLEUM & NATURAL GAS,MAHARASHTRA CIVIL AVIATION,2022-04,2024-10,341.43,Major,1,0,0,0.0,0.0,2024-03
709781,N16000505,AUGMENTATION OF FACILITIES AT MATHURA BITUMEN PLANT 4-2022 4/2025,IOCL,PETROLEUM & NATURAL GAS,UTTAR PRADESH,2022-04,2025-04,260.12,Major,1,0,0,0.0,0.0,2024-03
709782,N16000456,ATF PIPELINE FROM JAWAHARLAL NEHRU PORT TRUST (JNPT) TO NAVI MUMBAI INTERNATIONAL AIRPORT 9-2022 8/2025 {3/2026},NMIA,CIVIL AVIATION,MAHARASHTRA CIVIL AVIATION,2022-09,2025-08,165.0,Major,2,0,0,0.0,0.0,2024-03
709785,N16000480,LAYING OF NATURAL GAS PIPELINE FROM HAZARIBAGH TO RANCHI 3-2023 2/2026 {2/2026},IOCL,PETROLEUM & NATURAL GAS,JHARKHAND COAL,2023-03,2026-02,202.07,Major,2,1,1,0.0,0.0,2024-03
709811,N22000520,GANDHAMARDAN IRON ORE MINES TO GOALDIH STATION 9-2022 9/2027 {3/2028},ECOR,RAILWAYS,ODISHA COAL,2022-09,2027-09,189.93,Major,2,0,0,0.0,0.0,2024-03
709812,N22000539,NADIAD-PETLAD (37.26 KM) 5-2022 6/2030 {12/2025},WR,RAILWAYS,GUJARAT CIVIL AVIATION,2022-05,2030-06,335.34,Major,2,0,1,0.0,1690.123456790123,2024-03
709813,N22000551,NEW BG LINE INTERSECTION (5 NOS) BETWEEN GERATPUR- SANAND AND BOTAD- AHMEDABAD (16.51 KM) (PB29/NR/20 10-2022 10/2027,WR,RAILWAYS,GUJARAT CIVIL AVIATION,2022-10,2027-10,437.21,Major,2,0,1,0.0,0.0,2024-03
709815,N22000574,4TH LINE - BHATAPARA- HATHBAND (8.8 KM) 12-2022 12/2026 {12/2026},PB#72/NR/2022-23,COAL,CHHATTISGARH COAL,2022-12,2026-12,177.03,Major,2,0,1,0.0,0.0,2024-03
709816,N22000575,4TH LINE - BHILAI-BHILAI NAGAR 9-2022 9/2026 {9/2026},8.8 KM) (PB#72/NR/2022-23,COAL,CHHATTISGARH COAL,2022-09,2026-09,169.06,Major,2,0,0,0.0,0.0,2024-03
709817,N22000576,4TH LINE - DADHAPARA-BELHA 9-2022 9/2026 {9/2026},9.2 KM) (PB#72/NR/2022-23,COAL,CHHATTISGARH COAL,2022-09,2026-09,169.06,Major,2,0,0,0.0,0.0,2024-03
709818,N22000577,4TH LINE - RAJNANDGAON- DONGARHGARH (31.2 KM) 9-2022 9/2026 {9/2026},PB#72/NR/2022-23,COAL,CHHATTISGARH COAL,2022-09,2026-09,328.34,Major,2,0,0,0.0,0.0,2024-03
709819,N22000579,3RD AND 4TH LINE - SARAGBUNDIA AND MADWARANI 9-2022 9/2026 {9/2026},SECR,RAILWAYS,CHHATTISGARH COAL,2022-09,2026-09,167.64,Major,2,1,1,0.0,83266.0,2024-03
709826,N12000127,SCREENING PLANT-III AT KIRANDUL 3-2021 8/2024 {1/2026},NMDC,COAL,CHHATTISGARH COAL,2021-03,2024-08,2092.97,Mega,2,0,1,0.0,0.0,2024-03
709827,N12000130,CONSTRUCTION OF RESIDENTIAL TOWERS AT BIOM KIRANDUL COMPLEX 7-2021 11/2024 {12/2025},NMDC,COAL,CHHATTISGARH COAL,2021-07,2024-11,282.44,Major,1,0,0,0.0,0.0,2024-03
709830,N10000012,CONVERSION OF FLAT BOTTOM SETTLERS AND WASHERS WITH A SINGLE TRAIN OF HRDS AND DCWS IN STREAMS 1 AND 12-2015 11/2020,NALCO,COAL,ODISHA COAL,2015-12,2020-11,355.0,Major,7,0,0,0.0,0.0,2024-03
709831,N10000013,SOURCING OF BAUXITE ARRANGEMENT FOR 5TH STREAM ALUMINA REFINERY FROM SOUTH BLOCK MINING LEASE OF PAN 11-2017 4/2021,NALCO,COAL,ODISHA COAL,2017-11,2021-04,483.0,Major,7,2,0,37.0,0.0,2024-03
709832,N10000014,"Project Assessment, Infrastructure Monitoring and Analytics for Nation-building 291 25.5 MW WIND POWER PROJECT AT KAYATHAR IN TAMILNADU Total (9) 6040.77",PAIMANA,OTHER CENTRAL SECTOR,TAMIL NADU,2017-09,2017-12,46.0,Major,6,0,2,0.0,707.8431372549019,2024-03
709838,N16000444,COMMERCIAL POLYMER FLOODING PROJECT IN BECHRAJI FIELD 1-2022 11/2024 {11/2025},ONGC,PETROLEUM & NATURAL GAS,GUJARAT CIVIL AVIATION,2022-01,2024-11,621.4,Major,2,0,0,0.0,0.0,2024-03
709839,N16000470,DAMAN UPSIDE DEVELOPMENT PROJECT (DUDP) IN TAPTI DAMAN BLOCK 6-2022 10/2025 {2/2026},ONGC,PETROLEUM & NATURAL GAS,MAHARASHTRA CIVIL AVIATION,2022-06,2025-10,4144.41,Mega,2,0,1,0.0,0.0,2024-03
709840,N16000477,"RESTORATION OF GAS TERMINAL, PHASE-I (PART-A), HAZIRA PLANT 5-2022 2/2025 {9/2025}",ONGC,PETROLEUM & NATURAL GAS,GUJARAT CIVIL AVIATION,2022-05,2025-02,249.43,Major,2,0,0,0.0,0.0,2024-03
709841,N16000483,OLD PIPE LINE REPLACEMENT (OPRP) GROUP-A 7-2021 7/2025 {7/2025},ONGC,PETROLEUM & NATURAL GAS,GUJARAT CIVIL AVIATION,2021-07,2025-07,173.03,Major,2,0,0,0.0,0.0,2024-03
709842,N16000481,KALOL REDEVELOPMENT PROJECT 8-2022 3/2027 {3/2027},ONGC,PETROLEUM & NATURAL GAS,GUJARAT CIVIL AVIATION,2022-08,2027-03,1487.41,Mega,2,0,1,0.0,0.0,2024-03
709845,N16000514,"REVAMPING OF SV STATIONS, GAS TERMINAL AND KRIBHCO TERMINAL 11-2022 8/2026 {8/2026}",ONGC,PETROLEUM & NATURAL GAS,GUJARAT CIVIL AVIATION,2022-11,2026-08,837.34,Major,1,0,0,0.0,0.0,2024-03
709846,N16000515,PART REPLACEMENT PIPELINE PROJECT (PRPP) 11-2022 5/2024,ONGC,PETROLEUM & NATURAL GAS,MAHARASHTRA CIVIL AVIATION,2022-11,2024-05,1219.48,Mega,1,0,0,0.0,0.0,2024-03
709856,N26000116,MPLS-IP BASED ACCESS AND AGGREGATION NETWORK (MAAN) IN BSNL ALONG WITH TEST AND MEASURING EQUIPMENT 5-2023 8/2024,BSNL,COAL,MULTI STATE COAL,2023-05,2024-08,645.13,Major,2,0,0,0.0,0.0,2024-03
709857,N26000117,PLANNIN ENGINEERING SUPPLY INSTALLATION TESTING COMMISSIONING INTEGARTION and ANNUAL MAINTENANCE OF 6-2023 6/2025 {6/2025},BSNL,COAL,MULTI STATE COAL,2023-06,2025-06,24556.35,Mega,2,0,0,0.0,0.0,2024-03
709859,N28000115,SETTING UP PHYSICAL INFRASTRUCTURE FOR THE NATIONAL INSTITUTE OF COMMUNICATION FINANCE(NICF) AT GHIT 10-2014 3/2018 {10/2025},CPWD FOR TELECO,OTHER CENTRAL SECTOR,DELHI,2014-10,2018-03,248.2,Major,7,3,2,68.0,0.0,2024-03
709864,N16000511,DCU REVAMP PROJECT 8-2021 3/2025 {10/2025},NRL,PETROLEUM & NATURAL GAS,ASSAM,2021-08,2025-03,370.0,Major,1,0,0,0.0,0.0,2024-03
709865,N16000510,POWER RECOVERY TURBINE IN PFCCU 3-2023 7/2025 {7/2025},NRL,PETROLEUM & NATURAL GAS,ASSAM,2023-03,2025-07,293.5,Major,1,0,0,0.0,0.0,2024-03
72000,N24001844,6L ACCESS CONTROLLED GREENFIELD HIGHWAY FROM ODULAPALLE 72.000 KM. TO NALLACHERUVUPALLI 96.300 KM. 12-2022 10/2025 {10/2025},NHAI,ROAD TRANSPORT & HIGHWAYS,ANDHRA PRADESH,2022-12,2025-10,1058.9,Mega,2,0,1,0.0,6.307977736549166,2024-03
756052,N24001519,DELHI VADODARA GREENFIELD ALIGNMENT SECTION OF NH 148N PACKAGE 28 9-2020 11/2023 {4/2025},NHAI,ROAD TRANSPORT & HIGHWAYS,GUJARAT CIVIL AVIATION,2020-09,2023-11,1198.55,Mega,2,1,1,16.0,16216489.18918919,2024-03
803420,N24001518,DELHI VADODARA GREENFIELD ALIGNMENT SECTION OF NH 148N PACKAGE 30 11-2019 9/2023 {4/2025},NHAI,ROAD TRANSPORT & HIGHWAYS,GUJARAT CIVIL AVIATION,2019-11,2023-09,1669.56,Mega,2,0,0,0.0,0.0,2024-03
81740,N24001313,IMPROVEMENT/WIDENING TO 2- L WITH PAVED SHOULDER FROM (DESIGN KM 0.00 TO KM 10.670) / 4-LANING FROM ( 11-2020 12/2023,NHIDCL,ROAD TRANSPORT & HIGHWAYS,MEGHALAYA,2020-11,2023-12,351.12,Major,3,0,1,0.0,0.0,2024-03
82000,N24001362,RISHI BORDER- ROLEP- MENLA PKG- 3B,NHIDCL,ROAD TRANSPORT & HIGHWAYS,SIKKIM,2020-12,2024-02,410.6,Major,3,0,2,0.0,39466.66666666667,2024-03
824920,N24001520,DELHI VADODARA GREENFIELD ALIGNMENT SECTION OF NH 148N PACKAGE 31 11-2019 5/2024 {6/2025},NHAI,ROAD TRANSPORT & HIGHWAYS,GUJARAT CIVIL AVIATION,2019-11,2024-05,1604.06,Mega,2,0,0,0.0,0.0,2024-03
83905,N24001341,KHELLANI-KHANABAL PKG-3 3-2021 12/2022,NHIDCL,ROAD TRANSPORT & HIGHWAYS,JAMMU AND KASHMIR,2021-03,2022-12,398.51,Major,3,1,1,0.0,0.0028415078974128,2024-03
87900,N24001964,UPGRADATION and WIDENING OF JHARKHEDA- BERASIA - DHOLKHEDI FROM DESIGN KM 0+000 TO KM 87+900 (DESIGN 3-2022 5/2025 {5/2025},MoRTH,ROAD TRANSPORT & HIGHWAYS,MADHYA PRADESH,2022-03,2025-05,365.21,Major,1,0,0,0.0,0.0,2024-03
900808,N18000352,TRANSMISSION SYSTEM FOR KURNOOL WIND ENERGY ZONE SOLAR ENERGY ZONE (AP) PART-A PART B 3-2023 11/2024 {8/2025},PGCIL,POWER,MULTI STATE COAL,2023-03,2024-11,3546.94,Mega,2,1,1,28.0,163639463.63636366,2024-03
91400,N24001634,CONSTRUCTION OF FOUR LANE GREENFIELD PROJECT OF DELHI-AMRITSAR-KATRA EXPRESSWAY (PHASE-I PKG-IV) FRO 1-2021 12/2023,NHAI,ROAD TRANSPORT & HIGHWAYS,HARYANA,2021-01,2023-12,1306.95,Mega,2,0,0,0.0,0.0,2024-03
96300,N24001845,6L ACCESS CONTROLLED GREENFIELD HIGHWAY FROM NALLACHERUVU PALLI 96.300 KM. TO YERRAGUDIPADU 129.000 2-2023 10/2025 {10/2025},NHAI,ROAD TRANSPORT & HIGHWAYS,ANDHRA PRADESH,2023-02,2025-10,1253.24,Mega,2,0,0,0.0,0.0,2024-03
99930,N24002021,BILASIPURA-GUWAHATI ROAD PKG-8 3-2023 12/2026 {12/2026},NHIDCL,ROAD TRANSPORT & HIGHWAYS,ASSAM,2023-03,2026-12,1457.59,Mega,1,0,0,0.0,0.0,2024-03
N04000073,N04000073,"CONSTRUCTION OF NEW INTEGRATED TERMINAL BUILDING AT VSI AIRPORT, PORTBLAIR 10-2013 9/2018 3-2019 3/2025",AAI,CIVIL AVIATION,CIVIL AVIATION,2013-10,2018-09,417.23,Major,10,0,2,0.0,0.0,2024-03
N04000074,N04000074,"MODERNIZATION OF CHENNAI AIRPORT PHASE II, CHENNAI 6-2018 2/2022",AAI,CIVIL AVIATION,TAMIL NADU CIVIL AVIATION,2018-06,2022-02,2467.0,Mega,5,0,1,0.0,0.0,2024-03
N04000076,N04000076,"CONSTRUCTION OF COMBINED OPERATIONAL OFFICES FOR DGCA, BCAS, AAIB, AERA AND AAI AT SAFDARJUNG AIRPOR 11-2016 4/2020 11-2017 12/2019 7-2018 4/2022",AAI,CIVIL AVIATION,CIVIL AVIATION,2016-11,2020-04,303.8,Major,4,0,2,0.0,0.0,2024-03
N04000077,N04000077,"CCS INTERNATIONAL AIRPORT , LUCKNOW 6-2018 9/2021",AAI,CIVIL AVIATION,UTTAR PRADESH,2018-06,2021-09,1383.0,Mega,5,0,0,0.0,0.0,2024-03
N04000079,N04000079,"CONSTRUCTION OF NEW INTEGRATED TERMINAL BUILDING, RECONSTRUCTION OF OLD TERMINAL BUILDING, MODIFICAT 3-2017 4/2021",AAI,CIVIL AVIATION,MAHARASHTRA CIVIL AVIATION,2017-03,2021-04,475.39,Major,5,2,2,0.0,0.0,2024-03
N04000080,N04000080,CONSTRUCTION OF ATC TOWER AND TECHNICAL BLOCK AT NSCBI AIRPORT KOLKATA 1-2016 3/2020,AAI,CIVIL AVIATION,WEST BENGAL CIVIL AVIATION,2016-01,2020-03,458.0,Major,5,0,0,0.0,0.0,2024-03
N04000081,N04000081,"AIRSIDE CAPACITY ENHANCEMENT OF NSBI AIRPORT, KOLKATA 1-2019 11/2021",AAI,CIVIL AVIATION,WEST BENGAL CIVIL AVIATION,2019-01,2021-11,389.71,Major,5,0,0,0.0,0.0,2024-03
N04000085,N04000085,"CONSTRUCTION OF DOMESTIC PASSENGER TERMINAL BUILDING AT DEHRADUN AIRPORT, DEHRADUN 7-2018 9/2020",AAI,CIVIL AVIATION,CIVIL AVIATION,2018-07,2020-09,456.86,Major,5,1,1,65.0,0.0,2024-03
N04000087,N04000087,UPGRADATION OF JABALPUR AIRPORT 6-2016 6/2021,AAI,CIVIL AVIATION,MADHYA PRADESH,2016-06,2021-06,412.24,Major,4,0,0,0.0,0.0,2024-03
N04000088,N04000088,"C/O NEW GREENFIELD AIRPORT AT HISSAR, RAJKOT, GUJARAT 1-2018 8/2022",AAI,CIVIL AVIATION,GUJARAT CIVIL AVIATION,2018-01,2022-08,1405.0,Mega,4,0,0,0.0,0.0,2024-03
N04000090,N04000090,DEVELOPMENT OF TUTICORIN AIRPORT 6-2019 3/2022,AAI,CIVIL AVIATION,TAMIL NADU CIVIL AVIATION,2019-06,2022-03,380.87,Major,4,0,2,0.0,0.0,2024-03
N04000092,N04000092,CONSTRUCTION OF NEW GREEN FIELD AIRPORT AT HOLLONGI ITANAGAR ARUNACHAL PRADESH 2-2019 8/2022,AAI,CIVIL AVIATION,CIVIL AVIATION,2019-02,2022-08,645.63,Major,3,0,2,0.0,0.0,2024-03
N04000093,N04000093,"EXTENSION OF TERMINAL BUILDING, PTT, APRON AND CAR PARK AT SURAT AIRPORT. 8-2018 2/2021",AAI,CIVIL AVIATION,GUJARAT CIVIL AVIATION,2018-08,2021-02,353.25,Major,3,0,2,0.0,0.0,2024-03
N04000094,N04000094,DEVELOPMENT OF AYODHYA AIRPORT PHASE-01 3-2021 12/2022,AAI,CIVIL AVIATION,UTTAR PRADESH,2021-03,2022-12,242.14,Major,3,0,0,0.0,0.0,2024-03
N04000096,N04000096,"EXTENSION OF RUNWAY WITH BLAST PAD, RESA, TAXIWAY, APRON, GSE AREA, ISOLATION BAY, NEW DOMESTIC TERM 6-2017 12/2020 {4/2024}",AAI,CIVIL AVIATION,MAHARASHTRA CIVIL AVIATION,2017-06,2020-12,255.68,Major,3,0,0,0.0,0.0,2024-03
N04000098,N04000098,DEVELOPMENT OF GWALIOR AIRPORT PHASE 01 10-2021 8/2023,AAI,CIVIL AVIATION,MADHYA PRADESH,2021-10,2023-08,446.12,Major,2,0,0,0.0,0.0,2024-03
N04000102,N04000102,"PRAYAGRAJ AIRPORT - CONSTRUCTION OF NEW TERMINAL BUILDING, SECOND LINK TAXI TRACK, APRON EXPANSION, 5-2023 11/2024",AAI,CIVIL AVIATION,UTTAR PRADESH,2023-05,2024-11,185.75,Major,1,0,0,0.0,0.0,2024-03
N06000104,N06000104,CHHAL OC SEAM -III (6.00 MTY) 12-2013 3/2022,SECL,COAL,CHHATTISGARH COAL,2013-12,2022-03,610.63,Major,11,0,0,0.0,0.0,2024-03
N06000161,N06000161,KAKATIYAKHANI OPENCAST III PROJECT PHASE-1 3-2017 3/2022 {3/2026},SCCL,COAL,TELANGANA COAL,2017-03,2022-03,413.84,Major,6,1,0,36.0,0.0,2024-03
N06000189,N06000189,TALABIRA II AND III OCP 7-2017 1/2027 {1/2027},NLC,COAL,ODISHA COAL,2017-07,2027-01,2401.07,Mega,5,1,1,78.0,0.0,2024-03
N06000198,N06000198,JAMPALI OCP RCE 5-2020 3/2024,SECL,COAL,CHHATTISGARH COAL,2020-05,2024-03,278.64,Major,4,0,0,0.0,0.0,2024-03
N06000210,N06000210,RCE OF RAMAGUNDAM OPENCAST II EXTENSION PROJECT 11-2015 3/2023 {3/2026},SCCL,COAL,TELANGANA COAL,2015-11,2023-03,489.62,Major,3,0,2,0.0,0.0,2024-03
N10000011,N10000011,UTKAL D AND E COAL BLOCK 5-2016 1/2020,NALCO,COAL,ODISHA COAL,2016-05,2020-01,534.0,Major,8,0,2,0.0,0.0,2024-03
N10000017,N10000017,CONSTRUCTION OF RED MUD POND - II AT NALCO DAMANJODI ODISHA 9-2019 3/2023,NALCO,COAL,ODISHA COAL,2019-09,2023-03,225.79,Major,1,0,0,0.0,0.0,2024-03
N12000122,N12000122,REBUILDING OF COKE OVEN BATTERY-2 ALONGWITH AUGMENTATION OF COKE HANDLING AND GAS HANDLING FACILITY 11-2020 5/2023,SAIL,COAL,ODISHA COAL,2020-11,2023-05,377.18,Major,4,0,2,0.0,0.0,2024-03
N12000125,N12000125,INSTALLATION OF 4TH SLAB CASTER ALONG WITH ITS AUXILIARIES AND A NEW LADLE FURNACE IN SMS-II AT RSP 1-2022 5/2025 {7/2025},SAIL,COAL,ODISHA COAL,2022-01,2025-05,970.18,Major,3,0,0,0.0,0.0,2024-03
N16000361,N16000361,ADDITIONAL STORAGE TANKS AT PARADIP 11-2018 9/2021,IOCL,PETROLEUM & NATURAL GAS,ODISHA COAL,2018-11,2021-09,462.3,Major,5,0,1,0.0,0.0,2024-03
N16000369,N16000369,CONSTRUCTION OF 80000MT LPG CAVERN AT MANGALORE 12-2018 12/2022,HPCL,PETROLEUM & NATURAL GAS,KARNATAKA CIVIL AVIATION,2018-12,2022-12,854.0,Major,5,0,0,0.0,0.0,2024-03
N16000382,N16000382,ACRYLICS OR OXO-ALCOHOL PROJECT AT GUJARAT REFINERY 11-2019 5/2023,IOCL,PETROLEUM & NATURAL GAS,GUJARAT CIVIL AVIATION,2019-11,2023-05,5251.0,Mega,5,0,1,0.0,0.0,2024-03
N16000392,N16000392,CITY GAS DISTRIBUTION IN WEST BENGAL 3-2019 3/2031,HPCL,PETROLEUM & NATURAL GAS,WEST BENGAL CIVIL AVIATION,2019-03,2031-03,5830.2,Mega,4,0,2,0.0,0.0,2024-03
N16000411,N16000411,AUGUMENTATION OF SALAYA MATHURA CRUDE OIL PIPELINE SYSTEM 10-2020 8/2023,IOCL,PETROLEUM & NATURAL GAS,GUJARAT CIVIL AVIATION,2020-10,2023-08,1614.0,Mega,4,1,2,21.0,0.0,2024-03
N16000423,N16000423,"CGD PROJECT AT KHAGARIA, SAHARSA AND MADHEPURA 6-2019 12/2029",IOCL,PETROLEUM & NATURAL GAS,BIHAR CIVIL AVIATION,2019-06,2029-12,163.0,Major,3,0,0,0.0,0.0,2024-03
N16000426,N16000426,CGD PROJECT AT NAWADA AND KODERMA DISTRICTS 6-2019 12/2029,IOCL,PETROLEUM & NATURAL GAS,MULTI STATE COAL,2019-06,2029-12,169.0,Major,3,0,2,0.0,0.0,2024-03
N16000429,N16000429,60 KTA POLYPROPYLENE PROJECT 3-2019 4/2024,GAIL,PETROLEUM & NATURAL GAS,UTTAR PRADESH,2019-03,2024-04,910.56,Major,3,0,0,0.0,0.0,2024-03
N16000440,N16000440,BHATINDA SANGRUR PIPELINE 11-2021 5/2024,HPCL,PETROLEUM & NATURAL GAS,PUNJAB,2021-11,2024-05,367.0,Major,3,1,0,1.0,0.0,2024-03
N16000442,N16000442,DEBOTTLENECKING AND AUGMENTATION OF CRYOGENIC FACILITIES AT URAN LPG IMPORT TERMINAL 4-2021 6/2024 {4/2025},BPCL,PETROLEUM & NATURAL GAS,MAHARASHTRA CIVIL AVIATION,2021-04,2024-06,1164.69,Mega,2,0,0,0.0,0.0,2024-03
N16000446,N16000446,EXPANSION OF CRYOGENICS GROUP BY SETTING UP NEW MANUFACTURING FACILITY 9-2021 10/2023,IOCL,PETROLEUM & NATURAL GAS,MAHARASHTRA CIVIL AVIATION,2021-09,2023-10,378.0,Major,2,0,1,0.0,7.662835249042145,2024-03
N16000452,N16000452,CONSTRUCTION OF LUBE OIL BLENDING AND FILLING PLANT AT RASAYANI 5-2022 3/2024 {9/2024},BPCL,PETROLEUM & NATURAL GAS,MAHARASHTRA CIVIL AVIATION,2022-05,2024-03,423.39,Major,2,0,0,0.0,0.0,2024-03
N16000486,N16000486,CGD PROJECT AT DHARMAPURI AND KRISHNAGIRI DISTRICTS 3-2022 3/2030 {12/2030},IOCL,PETROLEUM & NATURAL GAS,TAMIL NADU CIVIL AVIATION,2022-03,2030-03,501.0,Major,2,0,0,0.0,0.0,2024-03
N16000496,N16000496,"CGD PROJECT IN TONK, SAWAI MADHOPUR, DAUSA, KARAULI 3-2022 3/2030 {3/2030}",HPCL,PETROLEUM & NATURAL GAS,RAJASTHAN CIVIL AVIATION,2022-03,2030-03,1751.0,Mega,1,0,0,0.0,0.0,2024-03
N16000499,N16000499,MULTI-PRODUCT PIPELINE FROM KRISHNAPATNAM COASTAL INSTALLATION TO THE PROPOSED INSTALLATION AT HYDER 9-2019 3/2025 {10/2025},BPCL,PETROLEUM & NATURAL GAS,ANDHRA PRADESH,2019-09,2025-03,1932.0,Mega,1,0,0,0.0,0.0,2024-03
N16000500,N16000500,SETTING UP A COMMON USER PETROLEUM TERMINAL AT JAMMU FOR RE-SITEMENT OF EXISTING DEPOTS OF PSU OMCS 4-2021 3/2025 {3/2025},BPCL,PETROLEUM & NATURAL GAS,JAMMU AND KASHMIR,2021-04,2025-03,676.89,Major,1,0,0,0.0,0.0,2024-03
N16000507,N16000507,INSTALLATION OF INDEPENDENT DE- AROMATIZED SOLVENTS PRODUCTION FACILITIES AT MUMBAI REFINERY 3-2023 7/2025 {7/2025},BPCL,PETROLEUM & NATURAL GAS,MAHARASHTRA CIVIL AVIATION,2023-03,2025-07,405.0,Major,1,0,0,0.0,0.0,2024-03
N16000508,N16000508,REPLACEMENT AND EXTENSION OF JETTY PIPELINES AT KOCHI REFINERY 3-2023 3/2026 {3/2026},BPCL,PETROLEUM & NATURAL GAS,KERALA,2023-03,2026-03,621.87,Major,1,0,0,0.0,0.0,2024-03
N18000142,N18000142,LATA-TAPOVAN HYDRO ELECTRIC POWER PROJECT 3X57 MW 7-2012 8/2017 {8/2017} 4-2011 12/2025 {3/2025},NTPC,POWER,UTTARAKHAND,2012-07,2017-08,1527.0,Mega,11,0,2,0.0,12666.666666666668,2024-03
N18000177,N18000177,NORTH KARANPURA STPP 2-2014 6/2019,3X660 MW,COAL,JHARKHAND COAL,2014-02,2019-06,16242.9,Mega,10,1,0,4.0,0.0,2024-03
N18000272,N18000272,KHURJA SUPER THERMAL POWER PROJECT 3-2019 9/2023 {6/2025},THDCIL,OTHER CENTRAL SECTOR,UTTAR PRADESH,2019-03,2023-09,11089.42,Mega,6,0,0,0.0,0.0,2024-03
N18000286,N18000286,SAMBHU KI BHURJ-II SOLAR 300MW 3-2020 9/2021 {3/2025},NTPC,POWER,RAJASTHAN CIVIL AVIATION,2020-03,2021-09,1782.0,Mega,4,0,2,0.0,25.333333333333336,2024-03
N18000293,N18000293,BHENSARA 320 MW 1-2021 7/2022 {3/2025},NTPC,POWER,RAJASTHAN CIVIL AVIATION,2021-01,2022-07,1221.73,Mega,3,0,2,0.0,21.25,2024-03
N18000295,N18000295,GUJARAT 200 MW (GUVNL TENDER) 1-2021 7/2022 {3/2026},NTPC,POWER,GUJARAT CIVIL AVIATION,2021-01,2022-07,842.27,Major,3,0,2,0.0,89.5,2024-03
N18000296,N18000296,"150 MW SOLAR PV PROJECT IN GUJARAT (LIMBDI, MESANKA AND RADHANPUR) 5-2021 9/2022 {4/2025}",NTPC,POWER,GUJARAT CIVIL AVIATION,2021-05,2022-09,674.92,Major,3,2,2,0.0,630.0066666666667,2024-03
N18000319,N18000319,DAYAPAR WIND ENERGY PROJECT 150MW 11-2021 5/2023 {5/2025},NTPC,POWER,GUJARAT CIVIL AVIATION,2021-11,2023-05,937.8,Major,3,0,2,0.0,154.0,2024-03
N18000320,N18000320,NOKH PLOT-1 SOLAR PV PROJECT 245MW 3-2022 8/2023 {6/2025},NTPC,POWER,RAJASTHAN CIVIL AVIATION,2022-03,2023-08,1352.71,Mega,3,0,2,0.0,52.6530612244898,2024-03
N18000321,N18000321,NOKH PLOT-2 SOLAR PV PROJECT 245MW 3-2022 8/2023 {3/2025},NTPC,POWER,RAJASTHAN CIVIL AVIATION,2022-03,2023-08,1409.52,Mega,3,0,2,0.0,52.24489795918368,2024-03
N18000322,N18000322,NOKH PLOT-3 SOLAR PV PROJECT 245MW 3-2022 8/2023 {5/2025},NTPC,POWER,RAJASTHAN CIVIL AVIATION,2022-03,2023-08,1426.94,Mega,3,2,2,0.0,51.02040816326531,2024-03
N18000328,N18000328,TS FOR EVACUATION OF POWER FROM PAKALDUL HEP IN CHENAB VALLEY HEPS - LTA SYSTEM 2-2022 4/2025 {6/2025},PGCIL,POWER,MULTI STATE COAL,2022-02,2025-04,318.12,Major,3,0,0,0.0,0.0,2024-03
N18000330,N18000330,TRANSMISSION SYSTEM STRENGTHENING FOR SRINAGAR-LEH TRANSMISSION SYSTEM 3-2022 12/2024 {7/2025},PGCIL,POWER,MULTI STATE COAL,2022-03,2024-12,288.71,Major,3,0,0,0.0,0.0,2024-03
N18000331,N18000331,TRANSMISSION SYSTEM STRENGTHENING SCHEME FOR EVACUATION OF POWER FROM SOLAR ENERGY ZONES IN RAJASTHA 2-2022 9/2023 {6/2025},PGCIL,POWER,MULTI STATE COAL,2022-02,2023-09,359.47,Major,3,0,0,0.0,0.0,2024-03
N18000332,N18000332,TRANSMISSION SYSTEM STRENGTHENING SCHEME FOR EVACUATION OF POWER FROM SOLAR ENERGY ZONES IN RAJASTHA 5-2022 11/2023 {8/2025},PGCIL,POWER,MULTI STATE COAL,2022-05,2023-11,1666.0,Mega,2,0,0,0.0,0.0,2024-03
N18000335,N18000335,BIKANER SOLAR POWER PROJECT 4-2022 5/2024 {9/2025},SJVN,POWER,MAHARASHTRA CIVIL AVIATION,2022-04,2024-05,5491.89,Mega,2,0,1,0.0,0.0,2024-03
N18000343,N18000343,SYSTEM STRENGTHENING SCHEME FOR EASTERN AND NORTH EASTERN REGION 10-2022 10/2025 {10/2025},PGCIL,POWER,MULTI STATE COAL,2022-10,2025-10,307.87,Major,2,0,1,0.0,4205587.61682243,2024-03
N18000345,N18000345,DAYAPAR WIND ENERGY PROJECT 200MW 7-2022 3/2025 {3/2026},NTPC,POWER,GUJARAT CIVIL AVIATION,2022-07,2025-03,1316.02,Mega,2,0,0,0.0,0.0,2024-03
N18000346,N18000346,KHAWDA 1255MW SOLAR PROJECT (KHAWDA SOLAR PARK) 9-2022 9/2024 {6/2025},NTPC,POWER,GUJARAT CIVIL AVIATION,2022-09,2024-09,7179.54,Mega,2,0,1,0.0,0.0,2024-03
N18000347,N18000347,BHADLA-II 500MW SOLAR PV PROJECT 6-2022 3/2024 {9/2025},NTPC,POWER,RAJASTHAN CIVIL AVIATION,2022-06,2024-03,2598.92,Mega,2,0,0,0.0,0.0,2024-03
N18000348,N18000348,SHAJAPUR 325MW SOLAR PV PROJECT 6-2022 3/2024 {6/2025},NTPC,POWER,MADHYA PRADESH,2022-06,2024-03,1530.49,Mega,2,0,1,0.0,0.0,2024-03
N18000349,N18000349,BHUJ SOLAR 300MW (TRANCHE- IV WIND SOLAR HYBRID) 11-2022 3/2024 {1/2026},NTPC,POWER,GUJARAT CIVIL AVIATION,2022-11,2024-03,1442.6,Mega,2,0,1,0.0,0.0,2024-03
N18000350,N18000350,WESTERN REGION EXPANSION SCHEME XXV 2-2023 11/2023 {6/2025},PGCIL,POWER,CHHATTISGARH COAL,2023-02,2023-11,385.84,Major,2,0,0,0.0,0.0,2024-03
N18000351,N18000351,EASTERN REGION EXPANSION SCHEME XXIX 3-2023 11/2025 {11/2025},PGCIL,POWER,ODISHA COAL,2023-03,2025-11,524.04,Major,2,1,1,32.0,163639454.54545453,2024-03
N18000353,N18000353,ER WR TRANSMISSION LIMITED 3-2023 3/2025 {5/2025},PGCIL,POWER,MULTI STATE COAL,2023-03,2025-03,281.16,Major,2,0,1,0.0,4225334.976525822,2024-03
N18000356,N18000356,TRANSMISSION SYSTEM SCHEME FOR EVACUATION OF POWER FROM REZ RAJASTHAN (8.1 GW) UNDER PHASE-II PART 3-2023 9/2024 {9/2025},PGCIL,POWER,RAJASTHAN CIVIL AVIATION,2023-03,2024-09,1433.28,Mega,2,0,0,0.0,0.0,2024-03
N18000357,N18000357,ESTABLISHMENT OF KHAVDA POOLING STATION 3 (KPS3) IN KHAVDA RE PARK 3-2023 12/2024 {5/2025},PGCIL,POWER,GUJARAT CIVIL AVIATION,2023-03,2024-12,922.3,Major,2,1,1,21.0,0.0,2024-03
N18000358,N18000358,TRANSMISSION NETWORK EXPANSION IN GUJARAT ASSOCIATED WITH INTEGRATION OF RE PROJECTS FROM KHAVDA POT 3-2023 3/2025 {6/2025},PGCIL,POWER,GUJARAT CIVIL AVIATION,2023-03,2025-03,815.12,Major,2,0,0,0.0,0.0,2024-03
N18000359,N18000359,"KHAVDA-2, GUJARAT- ESTABLISHMENT OF KHAVDA POOLING STATION-2 (KPS2) IN KHAVDA RE PARK 3-2023 12/2024 {5/2025}",PGCIL,POWER,GUJARAT CIVIL AVIATION,2023-03,2024-12,966.79,Major,2,0,0,0.0,0.0,2024-03
N18000360,N18000360,"KHAVDA PHASE-II-PART B, GUJARAT- TRANSMISSION SCHEME FOR EVACUATION OF 4.5 GW RE INJECTION AT KHAVDA 3-2023 3/2025 {9/2025}",PGCIL,POWER,GUJARAT CIVIL AVIATION,2023-03,2025-03,1167.55,Mega,2,0,0,0.0,0.0,2024-03
N18000361,N18000361,"KHAVDA PHASE-II-PART C, GUJARAT- TRANSMISSION SCHEME FOR EVACUATION OF 4.5 GW RE INJECTION AT KHAVDA 3-2023 3/2025 {6/2025}",PGCIL,POWER,GUJARAT CIVIL AVIATION,2023-03,2025-03,2820.99,Mega,2,0,1,0.0,0.0,2024-03
N18000365,N18000365,KHAVDA 1200MW (4X300MW) IN KHAVDA RE PARK 6-2023 12/2024 {2/2026},NTPC,POWER,GUJARAT CIVIL AVIATION,2023-06,2024-12,6283.81,Mega,2,0,1,0.0,0.0,2024-03
N18000366,N18000366,DAYAPAR WIND- III (HYBRID TRANCHE-V) 5-2023 1/2025 {12/2025},NTPC,POWER,GUJARAT CIVIL AVIATION,2023-05,2025-01,1095.01,Mega,2,1,1,0.0,11.57249705482142,2024-03
N18000368,N18000368,300 MW SOLAR POWER PROJECT UNDER CPSU SCHEME 5-2022 11/2023 {8/2025},NHPC,POWER,RAJASTHAN CIVIL AVIATION,2022-05,2023-11,1677.12,Mega,2,0,1,0.0,0.0,2024-03
N18000370,N18000370,KERANDARI COAL MINING PROJECT 9-2015 11/2019,NTPC,POWER,JHARKHAND COAL,2015-09,2019-11,1553.0,Mega,1,0,0,0.0,0.0,2024-03
N18000376,N18000376,TS FOR EVACUATION POWER FROM REZ IN RAJASTHAN (20GW) UNDER PHASE-III PART B1 9-2023 4/2025 {8/2025},PGCIL,POWER,RAJASTHAN CIVIL AVIATION,2023-09,2025-04,2191.0,Mega,1,0,0,0.0,0.0,2024-03
N21000027,N21000027,"ALL INDIA INSTITUTE OF MEDICAL SCIENCE AT GUWAHATI, ASSAM 5-2017 5/2021",HITES,OTHER CENTRAL SECTOR,ASSAM,2017-05,2021-05,875.0,Major,6,0,0,0.0,0.0,2024-03
N21000029,N21000029,"CONSTRUCTION OF AIIMS AT JAMMU VIJAYPUR, SAMBA JAMMU AND KASHMIR 3-2019 9/2023",CPWD FOR HEALTH,OTHER CENTRAL SECTOR,JAMMU AND KASHMIR,2019-03,2023-09,1404.0,Mega,5,0,0,0.0,0.0,2024-03
N22000087,N22000087,"NEW B.G. LINE FROM ARARIA TO GALGALIA (THAKURGUNG), NEFR 9-2006 12/2024 {9/2025}",NFR,RAILWAYS,BIHAR CIVIL AVIATION,2006-09,2024-12,2650.0,Mega,11,3,2,24.0,0.0,2024-03
N22000171,N22000171,SAKRI-HASANPUR ROAD (NL) 4-1999 {3/2027},ECR,RAILWAYS,BIHAR CIVIL AVIATION,1999-04,,325.0,Major,11,4,2,275.0,0.0,2024-03
N22000183,N22000183,NEW BONGAIGAON-RANGIA- KAMAKGHYA DOUBLING 4-2013 8/2024 {10/2024},NFR,RAILWAYS,MULTI STATE COAL,2013-04,2024-08,2047.51,Mega,11,1,2,95.0,0.0,2024-03
N22000274,N22000274,DEOBAND (MUZAFFARNAGAR)- ROORKEE NL 4-2007 3/2024 {3/2025},NR,RAILWAYS,MULTI STATE COAL,2007-04,2024-03,1053.23,Mega,11,4,0,286.0,0.0,2024-03
N22000349,N22000349,KIUL - GAYA DOUBLING PROJECT 12-2015 9/2024 {2/2025},ECR,RAILWAYS,BIHAR CIVIL AVIATION,2015-12,2024-09,2462.11,Mega,8,1,0,0.0,0.0,2024-03
N22000401,N22000401,VARANASI-MODHOSINGH- ALLAHABAD DOUBLING 4-2015 12/2024 {12/2024},RVNL,RAILWAYS,UTTAR PRADESH,2015-04,2024-12,2018.23,Mega,8,1,2,0.0,0.0,2024-03
N22000417,N22000417,2880.4 8-2015 8/2024 {1/2025},ECR,RAILWAYS,UTTAR PRADESH,2015-08,2024-08,2880.4,Mega,8,0,1,0.0,0.0,2024-03
N22000418,N22000418,EXECUTION OF RAIL CONNECTIVITY PROJECT FOR COAL TRANSPORTATION IN ODISHA FOR MCRL 4-2016 3/2020 {12/2025},IRCON,COAL,ODISHA COAL,2016-04,2020-03,5200.0,Mega,7,0,0,0.0,0.0,2024-03
N22000419,N22000419,KARAILA ROAD - SHAKTINAGAR DOUBLING 8-2015 8/2024 {12/2024},ECR,RAILWAYS,UTTAR PRADESH,2015-08,2024-08,762.97,Major,8,3,2,60.0,0.0,2024-03
N22000470,N22000470,"SHAHGANJ-BHATNI-PHEPHNA- INDARA, MAU-SHAHGANJ (EXCL. MAU-INDARA) PATCH DOUBLING. 4-2016 12/2024 {5/2025}",NER,RAILWAYS,UTTAR PRADESH,2016-04,2024-12,1177.96,Mega,6,0,0,0.0,0.0,2024-03
N22000485,N22000485,ANUPPUR-KATNI 4-2015 12/2021,SECR,RAILWAYS,MADHYA PRADESH,2015-04,2021-12,1860.94,Mega,6,0,0,0.0,0.0,2024-03
N22000502,N22000502,"MANSA-BHATINDA (PHASE-I), INCL. NEW MATERIAL MODIFICATION FOR RAMA MANDI (RAMAN) - SADA SINGHWALA VI 6-2009 8/2016 {8/2025}",NR,RAILWAYS,PUNJAB,2009-06,2016-08,404.0,Major,4,0,0,0.0,0.0,2024-03
N22000504,N22000504,ANAND GODHRA DOUBLING PROJECT 79 KMS 4-2017 12/2024,WR,RAILWAYS,GUJARAT CIVIL AVIATION,2017-04,2024-12,692.26,Major,3,0,0,0.0,0.0,2024-03
N22000505,N22000505,MEHSANA PALANPUR DOUBLING PROJECT 65.10 KMS 4-2018 3/2024,WR,RAILWAYS,GUJARAT CIVIL AVIATION,2018-04,2024-03,537.31,Major,3,0,0,0.0,0.0,2024-03
N22000510,N22000510,PURULIA TO KOTSHILA DOUBLING (39.1 KM) 4-2018 12/2024 {3/2025},SER,RAILWAYS,WEST BENGAL CIVIL AVIATION,2018-04,2024-12,393.83,Major,3,0,1,0.0,1501.0230179028133,2024-03
N22000511,N22000511,PACHORA-JAMNER WITH EXTENSION UPTO MALKAPUR NG TO BG 8-2022 8/2027 {3/2029},CR,RAILWAYS,MAHARASHTRA CIVIL AVIATION,2022-08,2027-08,955.0,Major,2,0,1,0.0,0.0,2024-03
N22000515,N22000515,KALYAN-MURBAD VIA ULHASNAGAR (UMBRELLA WORK) 2-2023 3/2027 {3/2027},CR,RAILWAYS,MAHARASHTRA CIVIL AVIATION,2023-02,2027-03,836.12,Major,2,0,1,0.0,0.0,2024-03
N22000518,N22000518,TALCHER - ANGUL NEW LINE WITH Y CONNECTION AT TALCHER 7-2018 12/2026 {12/2026},ECOR,RAILWAYS,ODISHA COAL,2018-07,2026-12,278.96,Major,2,0,1,0.0,0.0,2024-03
N22000519,N22000519,KODINGAMALI BAUXITE MINES TO SINGARAM RAILWAY STATION 8-2022 8/2027 {8/2027},ECOR,RAILWAYS,ODISHA COAL,2022-08,2027-08,190.9,Major,2,0,1,0.0,275006387.5,2024-03
N22000522,N22000522,BAGHUAPAL FLY OVER (20 KM) 8-2019 8/2027,ECOR,RAILWAYS,ODISHA COAL,2019-08,2027-08,183.0,Major,2,0,0,0.0,0.0,2024-03
N22000523,N22000523,DARBHANGA - BYPASS LINE CONNECTING SHISHO HALT AND KAKARGHATI EXCL DARBHANGA YARD (7.64 KM) 6-2019 6/2025 {10/2024},ECR,RAILWAYS,BIHAR CIVIL AVIATION,2019-06,2025-06,983.62,Major,2,0,1,0.0,0.0,2024-03
N22000525,N22000525,SURFACE TRIANGLE LINE BETWEEN BHADURA STATION AND NEW CROSSING STN KARMA DOUBLING 10-2022 10/2027 {10/2027},ECR,RAILWAYS,UTTAR PRADESH,2022-10,2027-10,199.96,Major,2,0,0,0.0,0.0,2024-03
N22000526,N22000526,JHAJHA - BATIA (UMBRELLA WORK PB#23/2018-19/NR) 2-2019 6/2028 {12/2026},ECR,RAILWAYS,BIHAR CIVIL AVIATION,2019-02,2028-06,496.47,Major,2,0,0,0.0,0.0,2024-03
N22000528,N22000528,SONENAGAR BYE PASS LINE FROM CHIRALAPOTHU TO BAGHA BISHUNPUR 10-2022 10/2027 {12/2026},ECR,RAILWAYS,BIHAR CIVIL AVIATION,2022-10,2027-10,234.0,Major,2,1,1,60.0,15700.0,2024-03
N22000533,N22000533,QUADRUPLING BETWEEN GANDHIDHAM - ADIPUR WITH Y CONNECTION AT ADIPUR FOR PROVIDING DIRECT ENTRY TOWAR 2-2023 12/2025,WR,RAILWAYS,GUJARAT CIVIL AVIATION,2023-02,2025-12,152.44,Major,2,0,1,0.0,0.0,2024-03
N22000537,N22000537,HIMMATNAGAR-KHEDBRAHMA 6-2022 2/2030,54.83 KM,CIVIL AVIATION,GUJARAT CIVIL AVIATION,2022-06,2030-02,354.99,Major,2,0,1,0.0,1140.1969724603318,2024-03
N22000547,N22000547,VIJAPUR-AMBLIYASAN (41.53 KM) 5-2022 3/2030,WR,RAILWAYS,GUJARAT CIVIL AVIATION,2022-05,2030-03,309.81,Major,2,0,1,0.0,1525.3310859619553,2024-03
N22000548,N22000548,ADRAJ MOTI-VIAJAPUR (39.75 KM) 5-2022 5/2030,WR,RAILWAYS,GUJARAT CIVIL AVIATION,2022-05,2030-05,296.54,Major,2,0,0,0.0,0.0,2024-03
N22000555,N22000555,"PENUKONDA-DHARMAVARAM, EXCL. DHARMAVARAM (41.5 KM) 4-2019 3/2026 {12/2025}",SWR,RAILWAYS,ANDHRA PRADESH,2019-04,2026-03,294.67,Major,2,0,0,0.0,0.0,2024-03
N22000556,N22000556,MALUGUR-PALASAMUDRAM 9-2022 12/2025 {12/2026},17.98 KM) (PB#29/NR/2022-23,OTHER CENTRAL SECTOR,ANDHRA PRADESH,2022-09,2025-12,323.14,Major,2,1,1,164.0,0.0,2024-03
N22000566,N22000566,BAHRAICH - NANPARA - NEPALGANJ (56.15 KM) 7-2020 12/2024 {6/2025},NER,RAILWAYS,UTTAR PRADESH,2020-07,2024-12,950.0,Major,2,0,1,0.0,0.0,2024-03
N22000568,N22000568,CHENNAI BEACH-CHENNAI EGMORE (4.3 KM) (UMBRELLA WORK PB#57/2019-20/NR) 3-2022 3/2026,SR,RAILWAYS,TAMIL NADU CIVIL AVIATION,2022-03,2026-03,359.6,Major,2,1,1,0.0,0.0,2024-03
N22000570,N22000570,KATIHAR-KUMEDPUR AND KATIHAR-MUKURIA (64.5 KM) (UMBRELLA WORK PB#57/2019- 20/NR) 8-2022 8/2027 {8/2026},NFR,RAILWAYS,BIHAR CIVIL AVIATION,2022-08,2027-08,745.0,Major,2,0,1,0.0,0.0,2024-03
N22000571,N22000571,ROURKELA-BONDAMUNDA A- CABIN 5TH LINE (10 KM) (UMBRELLA WORK PB#57/2019- 20/NR) 9-2022 9/2026 {2/2026},SER,RAILWAYS,ODISHA COAL,2022-09,2026-09,209.75,Major,2,0,1,0.0,12380.0,2024-03
N22000589,N22000589,9-2020 3/2025 {6/2025},NR,RAILWAYS,PUNJAB,2020-09,2025-03,235.0,Major,2,0,1,0.0,3832755.226480837,2024-03
N22000591,N22000591,DOUBLING BETWEEN JAUNPUR JN-ZAFFARABAD (6.28 KM) 3-2023 12/2026 {12/2026},NR,RAILWAYS,UTTAR PRADESH,2023-03,2026-12,177.33,Major,2,1,1,0.0,0.0,2024-03
N22000594,N22000594,DEDICATED TEST TRACK FOR RDSO (PHASE II) 11-2021 11/2026 {12/2025},NWR,RAILWAYS,RAJASTHAN CIVIL AVIATION,2021-11,2026-11,466.42,Major,2,0,0,0.0,0.0,2024-03
N22000596,N22000596,JANGHAI-PHAPHAMAU - DOUBLING WITH ELECTRIFICATION (46.79 KM) 11-2018 3/2025 {3/2025},RVNL,RAILWAYS,UTTAR PRADESH,2018-11,2025-03,357.48,Major,2,0,1,0.0,1131.03227185296,2024-03
N22000599,N22000599,3RD LINE BETWEEN DHANBAD SONNAGAR 11-2016 3/2026 {3/2026},RVNL,RAILWAYS,JHARKHAND COAL,2016-11,2026-03,8975.0,Mega,2,0,0,0.0,0.0,2024-03
N22000600,N22000600,JUNAGARH -VISAVADAR (42.28) KM 6-2022 9/2028 {12/2026},RVNL,RAILWAYS,GUJARAT CIVIL AVIATION,2022-06,2028-09,493.0,Major,2,0,1,0.0,0.0,2024-03
N22000605,N22000605,DOUBLING BETWEEN CHURU- RATANGARH (42.81 KM) 2-2023 2/2028 {6/2025},NWR,RAILWAYS,RAJASTHAN CIVIL AVIATION,2023-02,2028-02,422.6,Major,2,0,0,0.0,0.0,2024-03
N22000609,N22000609,AZIMGANJ-MURSHIDABAD (JIYAGANJ) INCL. RLY. BRIDGE OVER RIVER BHAGIRATHI 10-2001 2/2024 {2/2024},ER,RAILWAYS,WEST BENGAL CIVIL AVIATION,2001-10,2024-02,164.33,Major,1,0,0,0.0,0.0,2023-08
N22000610,N22000610,GARHWA ROAD - RAIL OVER RAIL 3-2017 6/2024 {2/2026},ECR,RAILWAYS,JHARKHAND COAL,2017-03,2024-06,262.71,Major,2,0,1,0.0,0.0,2024-03
N22000612,N22000612,MATHURA - VRINDAVAN (11 KM) 8-2022 6/2025 {6/2025},NCR,RAILWAYS,UTTAR PRADESH,2022-08,2025-06,402.88,Major,2,0,1,0.0,0.0,2024-03
N22000613,N22000613,DOMINGARH - GORAKHPUR - GORAKHPUR CANTT - KUSUMHI - 3RD RUNNING LINE (21.15 KM) 11-2016 2/2025 {7/2025},NER,RAILWAYS,UTTAR PRADESH,2016-11,2025-02,351.03,Major,2,0,1,0.0,0.0,2024-03
N22000614,N22000614,FEROZPUR - PATTI (25.72 KM) 4-2017 3/2027 {3/2027},NR,RAILWAYS,PUNJAB,2017-04,2027-03,299.74,Major,2,0,1,0.0,0.0,2024-03
N22000616,N22000616,CHIRIMIRI-NAGPUR HALT 10-2018 6/2030 {6/2030},SECR,RAILWAYS,CHHATTISGARH COAL,2018-10,2030-06,241.0,Major,2,0,1,0.0,0.0,2024-03
N22000618,N22000618,MORAPPUR-DHARMAPURI 2-2019 3/2028,SR,RAILWAYS,TAMIL NADU CIVIL AVIATION,2019-02,2028-03,358.95,Major,2,0,0,0.0,0.0,2024-03
N22000625,N22000625,KARAIKAL PERALAM(23KM)-NEW LINE PROJECT 1-2019 3/2026,SR,RAILWAYS,TAMIL NADU CIVIL AVIATION,2019-01,2026-03,304.22,Major,2,0,1,0.0,0.0,2024-03
N22000628,N22000628,EAST WEST METRO CORRIDOR KOLKATA 2-2009 9/2016 {9/2016},KOMRCL,CIVIL AVIATION,WEST BENGAL CIVIL AVIATION,2009-02,2016-09,4874.58,Mega,1,0,0,0.0,0.0,2024-03
N24000165,N24000165,PATNA-MUZZAFFARPUR 8-2010 2/2013 {12/2024},NHAI,ROAD TRANSPORT & HIGHWAYS,BIHAR CIVIL AVIATION,2010-08,2013-02,671.3,Major,11,0,4,0.0,0.0,2024-03
N24000245,N24000245,REHABILITATION AND UPGRADATION OF NH -565 FROM KM 1.00 TO 86.057 (NAKREKAL TO NAGARJUNSAGAR DAM SECT 1-2014 3/2016,MoRTH,ROAD TRANSPORT & HIGHWAYS,TELANGANA COAL,2014-01,2016-03,270.0,Major,9,0,3,0.0,1648.8408845300207,2024-03
N24000247,N24000247,REHABILITATION AND UPGRADATION OF NH-221 FROM KM 121/0 TO 165/00 (OF VIJAYAWADA-JAGDALPUR RUDRAMPUR 10-2014 2/2017 {2/2017},MoRTH,ROAD TRANSPORT & HIGHWAYS,TELANGANA COAL,2014-10,2017-02,295.47,Major,7,0,3,0.0,1023.1404958677684,2024-03
N24000248,N24000248,EPC- CORRIDOR APPROACH WORKS - NH (O): WIDENING EXISTING 2 LANE TO 2 LANE WITH PAVED SHOULDERS IN KM 3-2015 1/2017 {1/2017},MoRTH,ROAD TRANSPORT & HIGHWAYS,TELANGANA COAL,2015-03,2017-01,153.21,Major,9,0,3,0.0,75200.0,2024-03
N24000301,N24000301,REHABILITATION AND UPGRADATION OF NH-219 FROM KM 58-600 TO KM 140-750 IN THE STATE OF ANDHRA PRADES 3-2015 10/2015,MoRTH,ROAD TRANSPORT & HIGHWAYS,ANDHRA PRADESH,2015-03,2015-10,271.45,Major,9,0,3,0.0,1200.0,2024-03
N24000332,N24000332,REHABILITATION AND UPGRADATION OF END OF AHMEDNAGAR BYPASS TO KHARWANDI KASAR SECTION OF NH-222 FROM 1-2015,MoRTH,ROAD TRANSPORT & HIGHWAYS,MAHARASHTRA CIVIL AVIATION,2015-01,,225.81,Major,9,4,3,100.0,0.0,2024-03
N24000334,N24000334,STRENGTHENING AND WIDENING TO TWO LANE WITH PAVED SHOULDERS FROM KM.106.00 TO 153.00 OF NH-218 BIJAP 3-2015 11/2015,MoRTH,ROAD TRANSPORT & HIGHWAYS,KARNATAKA CIVIL AVIATION,2015-03,2015-11,165.67,Major,9,0,3,0.0,33966.66666666667,2024-03
N24000463,N24000463,4 LANING OF NH-31D FROM GHOSHPUKUR - SALSALABARI ( KM 0.00 TO KM . 83.785) 12-2015 6/2018,NHAI,ROAD TRANSPORT & HIGHWAYS,WEST BENGAL CIVIL AVIATION,2015-12,2018-06,1083.0,Mega,9,0,0,0.0,0.0,2024-03
N24000465,N24000465,4-LANING OF KASHIPUR- SITARGANJ SECTION 11-2012 8/2016 {8/2016},AMR,OTHER CENTRAL SECTOR,UTTARAKHAND,2012-11,2016-08,605.84,Major,2,0,0,0.0,0.0,2024-03
N24000488,N24000488,FOUR LANING OF UDHAMBUR - RAMBAN SECTION OF NH-1A 12-2015 12/2018,NHAI,ROAD TRANSPORT & HIGHWAYS,JAMMU AND KASHMIR,2015-12,2018-12,2136.97,Mega,9,0,2,0.0,0.0,2024-03
N24000531,N24000531,REHABILITATION AND UPGRADING TO 2 LANES/2 LANE WITH PAVED SHOULDERS (KM 40 TO KM 219.945) OF NH-104 2-2016 11/2018 {5/2025},MoRTH,ROAD TRANSPORT & HIGHWAYS,BIHAR CIVIL AVIATION,2016-02,2018-11,319.68,Major,9,5,3,126.0,29433.33333333333,2024-03
N24000560,N24000560,NAGPUR RING ROAD PACKAGE- 2 3-2016 7/2019,NHAI,ROAD TRANSPORT & HIGHWAYS,MAHARASHTRA CIVIL AVIATION,2016-03,2019-07,591.66,Major,9,1,0,40.0,0.0,2024-03
N24000564,N24000564,4-LANNING OF HARIDWAR- NAGINA SECTION OF NH 74 FROM (KM 204.300 OF NH 58) TO KM 73.00 3-2016 7/2020,NHAI,ROAD TRANSPORT & HIGHWAYS,UTTAR PRADESH,2016-03,2020-07,1408.0,Mega,9,5,4,76.0,39000.0,2024-03
N24000567,N24000567,FOUR LANING OF BHAVNAGAR- TALAJA SECTION OF NH-8E FROM KM. 7.090 TO KM. 53.585 (DESIGN CH FROM KM. 6. 5-2016 8/2019 {6/2024},NHAI,ROAD TRANSPORT & HIGHWAYS,GUJARAT CIVIL AVIATION,2016-05,2019-08,998.18,Major,8,3,0,39.0,0.0,2024-03
N24000570,N24000570,FOUR LANING OF UNA TO KODINAR OF NH-8E FROM KM. 180.478 TO KM 221.610 (PACKAGE-V) IN THE STATE OF GU 5-2016 8/2019 {3/2025},NHAI,ROAD TRANSPORT & HIGHWAYS,GUJARAT CIVIL AVIATION,2016-05,2019-08,763.08,Major,8,3,2,39.0,424.71769412338335,2024-03
N24000576,N24000576,CONSTRUCTION OF REHABILITATION AND UPGRADING TO 2 LANES/2 LANE(FOR LOT-I-KM 40.00 TO KM 65.400 AND K 2-2016 5/2016 {5/2025},MoRTH,ROAD TRANSPORT & HIGHWAYS,BIHAR CIVIL AVIATION,2016-02,2016-05,178.85,Major,8,0,3,0.0,44400.0,2024-03
N24000578,N24000578,"PROCUREMENT, AND CONSTRUCTION OF REHABILITATION AND UPGRADING TO 2 LANES/2 LANE(FOR LOT-III-KM 156.5 2-2016 5/2016 {5/2025}",MoRTH,ROAD TRANSPORT & HIGHWAYS,BIHAR CIVIL AVIATION,2016-02,2016-05,553.3,Major,8,0,3,0.0,44500.0,2024-03
N24000603,N24000603,HOSPET-BELLARY-KARNATAKA AP BORDER 8-2016 3/2019,NHAI,ROAD TRANSPORT & HIGHWAYS,KARNATAKA CIVIL AVIATION,2016-08,2019-03,1167.42,Mega,8,1,3,30.0,0.0,2024-03
N24000649,N24000649,SIX LANNING FROM KM. 401.200 TO 494.410 OF NH-8 ON HYBRID ANNUITY MODE UNDER NHDP- V(PKG VI)REG. 1-2017 12/2020,NHAI,ROAD TRANSPORT & HIGHWAYS,GUJARAT CIVIL AVIATION,2017-01,2020-12,1251.11,Mega,8,5,0,170.0,0.0,2024-03
N24000659,N24000659,4-LANNING OF WARANGA- MAHAGAON SECTION(KM 253.7000 TO 320.580) 3-2017 3/2017,NHAI,ROAD TRANSPORT & HIGHWAYS,MAHARASHTRA CIVIL AVIATION,2017-03,2017-03,1059.73,Mega,8,3,3,14.0,28625.0,2024-03
N24000683,N24000683,TWO LANING OF JORAM KOLORIANG ROAD (NH 713) ON EPC BASIS FROM DESIGN KM. 138+000 TO KM. 154+036 [EX 2-2017 11/2023,NHIDCL,ROAD TRANSPORT & HIGHWAYS,ARUNACHAL PRADESH,2017-02,2023-11,180.57,Major,8,1,3,79.0,13.32398316970547,2024-03
N24000686,N24000686,FOUR LANING OF DIMAPUR KOHIMA ROAD FROM DESIGN KM 123.840 TO KM 138.775 (EXISTING KM 124.100 TO KM 1 3-2016 9/2019,NHIDCL,ROAD TRANSPORT & HIGHWAYS,NAGALAND,2016-03,2019-09,373.07,Major,8,1,3,37.0,973.966408268734,2024-03
N24000688,N24000688,FOUR LANING OF EXISTING DIMAPUR KOHIMA ROAD FROM DESIGN KM 152.490 TO KM 166.700 (EXISTING KM 156.00 3-2016 8/2022,NHIDCL,ROAD TRANSPORT & HIGHWAYS,NAGALAND,2016-03,2022-08,429.52,Major,7,1,2,72.0,773.499901632894,2024-03
N24000697,N24000697,FOUR LANNING OF CHOLOPURAM-THANJAVUR 8-2017 9/2020 {5/2025},NHAI,ROAD TRANSPORT & HIGHWAYS,TAMIL NADU CIVIL AVIATION,2017-08,2020-09,1176.37,Mega,7,4,3,58.0,0.0,2024-03
N24000704,N24000704,4-LANNING OF THALSERRY - MAHE BYPASS 9-2017 5/2020,NHAI,ROAD TRANSPORT & HIGHWAYS,KERALA,2017-09,2020-05,1124.11,Mega,7,4,3,134.0,26375.0,2024-03
N24000709,N24000709,BALANCE WORK FOR FOUR LANING OF ITARSI TO BETUL SECTION OF NH69 FROM KM 63.000 TO KM 137.00 (DESIGN 12-2017 2/2020,NHAI,ROAD TRANSPORT & HIGHWAYS,MADHYA PRADESH,2017-12,2020-02,950.27,Major,7,4,3,62.0,2249.2753623188405,2024-03
N24000736,N24000736,REHABILITATION AND UPGRADATION OF CUTTACK- ANGUL SECTION TO 4 LANE (KM 60.20) TO (KM 112.0) PKG II ON 1-2018 9/2020 {6/2025},NHAI,ROAD TRANSPORT & HIGHWAYS,ODISHA COAL,2018-01,2020-09,686.65,Major,7,4,3,53.0,34700.0,2024-03
N24000741,N24000741,CONSTRUCTION AND UPGRADATION OF EXISTING ROAD TO 2 LANE WITH PAVED SHOULDER FROM KM 368.00 TO KM 399 3-2018 11/2020,NHIDCL,ROAD TRANSPORT & HIGHWAYS,UTTARAKHAND,2018-03,2020-11,274.31,Major,7,1,3,30.0,80600.0,2024-03
N24000742,N24000742,2 LANE WITH PAVED SHOULDER FROM KM 399.00 TO KM 430.00 OF KARANPARYAG TO CHAMOLI UNDER CHARDHAM PARI 3-2018 11/2020 {3/2024},NHIDCL,ROAD TRANSPORT & HIGHWAYS,UTTARAKHAND,2018-03,2020-11,403.36,Major,7,1,3,29.0,80650.0,2024-03
N24000743,N24000743,2 LANE WITH PAVED SHOULDER FROM KM 430.00 TO KM 468.00 OF CHAMOLI TO PAINI UNDER CHARDHAM PARIYOJNA 3-2018 11/2020 {3/2024},NHIDCL,ROAD TRANSPORT & HIGHWAYS,UTTARAKHAND,2018-03,2020-11,417.24,Major,7,1,3,30.0,80700.0,2024-03
N24000745,N24000745,"2 LANE WITH HARD SHOLDER , REHABILITATION AND UP GRADATION OF SECTION FROM KM 242.0 TO KM 298.0 OF N 3-2017 12/2019",NHIDCL,ROAD TRANSPORT & HIGHWAYS,ANDAMAN AND NICOBAR ISLANDS,2017-03,2019-12,409.85,Major,7,1,3,24.0,37050.0,2024-03
N24000749,N24000749,REHABILITATION AND UP GRADATION OF SECTION FROM KM 206.00 TO KM 242.00 O 3-2018 9/2020,NIMBUTALA TO AUSTIN CREEK,OTHER CENTRAL SECTOR,ANDAMAN AND NICOBAR ISLANDS,2018-03,2020-09,234.27,Major,7,2,3,23.0,420.3883495145631,2024-03
N24000752,N24000752,(I) CONSTRUCTION OF FOUR/SIX LANING FROM KM 132.375 TO KM 158.058 (TOTAL NEW ALIGNMENT LENGTH OF 20. 2-2017 9/2020,NHIDCL,ROAD TRANSPORT & HIGHWAYS,NAGALAND,2017-02,2020-09,387.0,Major,7,2,4,60.0,907.7431539187912,2024-03
N24000753,N24000753,(II) CONSTRUCTION OF DIMAPUR BYPASS (ASSAM PORTION) OF 4/6 LANE PAVEMENT ON EPC BASIS FROM EXISTING 3-2018 11/2022,NHIDCL,ROAD TRANSPORT & HIGHWAYS,NAGALAND,2018-03,2022-11,500.09,Major,7,1,4,50.0,33275.0,2024-03
N24000767,N24000767,CONSTRUCTION OF 2-LANE WITH PAVED SHOULDER INCLUDING GEOMETRIC IMPROVEMENT FROM KM 0.000 TO KM 16.00,NHIDCL,ROAD TRANSPORT & HIGHWAYS,SIKKIM,2017-03,2022-04,375.8,Major,6,3,4,65.0,1200038250.0,2024-03
N24000768,N24000768,CONSTRUCTION OF 2-LANE WITH PAVED SHOULDER INCLUDING GEOMETRIC IMPROVEMENT FROM KM 16.000 TO KM 32.5,NHIDCL,ROAD TRANSPORT & HIGHWAYS,SIKKIM,2017-11,2020-10,290.05,Major,6,3,4,72.0,73250.0,2024-03
N24000771,N24000771,WIDENING TO 2-LANE WITH GEOMETRIC IMPROVEMENTS OF TURA DALU ROAD UNDER JICA FUNDING FROM KM 85.000 T 4-2017 9/2021,NHIDCL,ROAD TRANSPORT & HIGHWAYS,MEGHALAYA,2017-04,2021-09,553.51,Major,6,3,2,44.0,64950.0,2024-03
N24000772,N24000772,RECONSTRUCTION WITH GEOMETRIC IMPROVEMENT OF EXISTING 2 LANE/INTERMEDIATE LANE TO 2LANE WITH PAVED S 12-2017 12/2019 {12/2019},MoRTH,ROAD TRANSPORT & HIGHWAYS,UTTARAKHAND,2017-12,2019-12,257.34,Major,6,0,2,0.0,72750.0,2024-03
N24000773,N24000773,RECONSTRUCTION WITH GEOMETRIC IMPROVEMENT OF EXISTING 2 LANE/INTERMEDIATE LANE TO 2LANE WITH PAVED S 12-2017 12/2019 {12/2019},MoRTH,ROAD TRANSPORT & HIGHWAYS,UTTARAKHAND,2017-12,2019-12,200.34,Major,6,0,3,0.0,80800.0,2024-03
N24000774,N24000774,WIDENING OF EXISTING SINGLE LANE ROAD TO TWO LANE WITH PAVED SHOULDERS CONFIGURATION FROM KM. 235.00 12-2017 12/2019 {12/2019},MoRTH,ROAD TRANSPORT & HIGHWAYS,UTTARAKHAND,2017-12,2019-12,248.22,Major,6,0,3,0.0,588.9361702127659,2024-03
N24000776,N24000776,RECONSTRUCTION WITH GEOMETIC IMPROVEMENT OF EXISTING TWO LANE TO 2- LANE WITH PAVED SHOULDERS CONFIG 11-2017 11/2019 {11/2019},MoRTH,ROAD TRANSPORT & HIGHWAYS,UTTARAKHAND,2017-11,2019-11,232.81,Major,6,0,3,0.0,80950.0,2024-03
N24000777,N24000777,RECONSTRUCTION WITH GEOMETIC IMPROVEMENT OF SINGLE LANE TO 2- LANE WITH PAVED SHOULDER CONFIGURATION 11-2017 11/2019 {11/2019},MoRTH,ROAD TRANSPORT & HIGHWAYS,UTTARAKHAND,2017-11,2019-11,283.51,Major,6,0,4,0.0,81000.0,2024-03
N24000778,N24000778,RECONSTRUCTION WITH GEOMETRIC IMPROVEMENT OF EXISTING SINGLE/INTERMEDIATE LANE TO 2LANE WITH PAVED S 11-2017 11/2019 {11/2019},MoRTH,ROAD TRANSPORT & HIGHWAYS,UTTARAKHAND,2017-11,2019-11,266.52,Major,6,0,4,0.0,81050.0,2024-03
N24000780,N24000780,REHABILITATION AND UP GRADATION OF 2 LANE/ 2 LANE WITH PAVED SHOULDER FROM EXISTING KM. 172.900 TO K 2-2018,MoRTH,ROAD TRANSPORT & HIGHWAYS,UTTARAKHAND,2018-02,,293.68,Major,6,2,3,59.0,81150.0,2024-03
N24000782,N24000782,REHABILITATION AND UPGRADATION OF 2 LANE WITH PAVED SHOULDER FROM EXISTING KM. 195.175 TO KM. 220.00 3-2018,MoRTH,ROAD TRANSPORT & HIGHWAYS,UTTARAKHAND,2018-03,,460.73,Major,6,1,2,0.0,81250.0,2024-03
N24000798,N24000798,SIX LANING OF HAPUR BYPASS TO MORADABAD SECTION INCLUDING HAPUR BYPASS FROM KM 50.000 (DESIGN CHAINA 3-2018 11/2021 {6/2025},NHAI,ROAD TRANSPORT & HIGHWAYS,UTTAR PRADESH,2018-03,2021-11,2140.93,Mega,6,2,4,44.0,48001496.0,2024-03
N24000821,N24000821,RECONSTRUCTION WITH GEOMETRIC IMPROVEMENT OF EXISTING 2 LANE/INTERMEDIATE LANE TO 2LANE WITH PAVED S 11-2017 11/2019 {11/2019},MoRTH,ROAD TRANSPORT & HIGHWAYS,ANDAMAN AND NICOBAR ISLANDS,2017-11,2019-11,257.34,Major,6,0,3,0.0,37300.0,2024-03
N24000851,N24000851,CONSTRUCTION OF 8 LANING OF EXISTING 4 LANE VADAPE TO THANE FROM KM 539.202 TO KM 563.000 SECTION OF 3-2018 7/2021 {6/2025},NHAI,ROAD TRANSPORT & HIGHWAYS,MAHARASHTRA CIVIL AVIATION,2018-03,2021-07,1162.92,Mega,6,2,3,0.0,14362.5,2024-03
N24000858,N24000858,WIDENING AND UP-GRADATION TO 2-LANE WITH PAVED SHOULDER CONFIGURATION AND GEOMETRIC IMPROVEMENTS FRO 4-2017 7/2023 {5/2024},NHIDCL,ROAD TRANSPORT & HIGHWAYS,MIZORAM,2017-04,2023-07,640.07,Major,6,1,2,46.0,65250.0,2024-03
N24000880,N24000880,UPGRADATION OF NH-81 WITH A MINIMUM OF 2-LANE WITH PAVED SHOULDER CONFIGURATION STARTING FROM KM 19. 2-2018 9/2020,MoRTH,ROAD TRANSPORT & HIGHWAYS,WEST BENGAL CIVIL AVIATION,2018-02,2020-09,426.18,Major,6,0,3,0.0,82100.0,2024-03
N24000907,N24000907,WIDENING AND PAVED SHOULDER OF TOHANA (IN HARYANA) PUNJAB/HARYANA BORDER TO MOONAK-JAKHAL- BUDHLADA 3-2018 8/2020 {7/2024},MoRTH,ROAD TRANSPORT & HIGHWAYS,PUNJAB,2018-03,2020-08,293.1,Major,5,0,3,0.0,0.0,2024-03
N24000909,N24000909,JALANDHAR-HOSHIARPUR SECTION OF NH-70 [NEW NH NO. 3] FROM EXISTING KM 11.400 TO KM 49.200 10-2017 10/2019 {12/2025},MoRTH,ROAD TRANSPORT & HIGHWAYS,PUNJAB,2017-10,2019-10,1069.59,Mega,6,0,3,0.0,47200.0,2024-03
N24000910,N24000910,REHABILITATION AND UP GRADATION TO 2 LANE WITH PAVED SHOULDER OF NH-703A FROM MAKHU (DESIGN CH 0 000 3-2018 11/2020 {6/2024},MoRTH,ROAD TRANSPORT & HIGHWAYS,PUNJAB,2018-03,2020-11,170.57,Major,6,0,3,0.0,70900.0,2024-03
N24000912,N24000912,WIDENING TO 2LPS FROM 0/0 TO 119/0 OF NH-157 IN THE STATE OF ODISHA. 8-2016 2/2017 {8/2025},MoRTH,ROAD TRANSPORT & HIGHWAYS,ODISHA COAL,2016-08,2017-02,287.7,Major,5,0,3,0.0,69800.0,2024-03
N24000914,N24000914,WIDENING TO 2LPS FROM 239/9 TO 294/3 OF NH-57 (NAYAGARH TO KHURDA) IN THE STATE OF ODISHA 12-2016 8/2018 {9/2025},MoRTH,ROAD TRANSPORT & HIGHWAYS,ODISHA COAL,2016-12,2018-08,223.5,Major,5,0,4,0.0,69900.0,2024-03
N24000917,N24000917,WIDENING TO 2LPS FROM 269/30 TO 328/20 OF NH-49 IN THE STATE OF ODISHA 3-2018 8/2018 {6/2025},MoRTH,ROAD TRANSPORT & HIGHWAYS,ODISHA COAL,2018-03,2018-08,199.16,Major,5,0,3,0.0,70050.0,2024-03
N24000925,N24000925,CONSTRUCTION OF MISSING LINKS (SINGLE LANE) IN LAKHPAT GADULI HAJIPIR ODMA KHAVDA DHOLAVIRA MAUVANA 10-2018 11/2020,MoRTH,ROAD TRANSPORT & HIGHWAYS,GUJARAT CIVIL AVIATION,2018-10,2020-11,400.76,Major,5,1,4,18.0,0.0,2024-03
N24000931,N24000931,REHABILITATION AND UPGRADATION OF EXISTING NH- 167 FROM KM 14.900 TO KM 70.00 (DESIGN CH.14.900 TO 69 11-2016 5/2017 {11/2024},MoRTH,ROAD TRANSPORT & HIGHWAYS,ANDHRA PRADESH,2016-11,2017-05,290.15,Major,5,0,4,0.0,5081.208053691275,2024-03
N24000980,N24000980,WIDEINING TO TWO/FOUR LANE WITH PAVED SHOULDERS FROM EXISTING KM 182.120 TO KM 227.600 OF NH-167 ON 10-2016 2/2019 {2/2019},MoRTH,ROAD TRANSPORT & HIGHWAYS,TELANGANA COAL,2016-10,2019-02,298.32,Major,5,0,3,0.0,730.770920272348,2024-03
N24000982,N24000982,WIDENING TO TWO LANE WITH PAVED SHOULDERS FROM KM 40/410 TO KM 84/037OF THIRUMALAGIRI TO SURYAPET SE 1-2017 5/2019 {5/2019},MoRTH,ROAD TRANSPORT & HIGHWAYS,TELANGANA COAL,2017-01,2019-05,244.54,Major,5,0,3,0.0,3687.5,2024-03
N24000984,N24000984,WIDENING TO TWO LANE WITH PAVED SHOULDERS FROM KM 15.525 TO KM 62.880 OF JADCHERLA-KALWAKURTHY SECTI 1-2017 12/2019 {12/2019},MoRTH,ROAD TRANSPORT & HIGHWAYS,TELANGANA COAL,2017-01,2019-12,283.0,Major,5,0,3,0.0,9671.336553945248,2024-03
N24000986,N24000986,WIDENING TO TWO LANE WITH PAVED SHOULDERS FROM KM 67.00 TO 114.425 OF KALWAKURTHY-MALLEPALLY SECTION 1-2017 5/2019 {5/2019},MoRTH,ROAD TRANSPORT & HIGHWAYS,TELANGANA COAL,2017-01,2019-05,300.0,Major,5,0,3,0.0,2167.1641791044776,2024-03
N24000990,N24000990,REHABILITATION AND UPGRADATION OF NH-167 FROM DESIGN KM.113.900 TO 154.479 (MALLEPALLY - HALIYA SECT 2-2018 11/2019 {11/2019},MoRTH,ROAD TRANSPORT & HIGHWAYS,TELANGANA COAL,2018-02,2019-11,294.13,Major,5,0,3,0.0,1237.137840210711,2024-03
N24000993,N24000993,REHABILITATION AND UPGRADATION OF NH-167 FROM DESIGN KM.187.723 TO 234.434 (MIRYALAGUDA TO KODAD SEC 3-2018 9/2020 {9/2020},MoRTH,ROAD TRANSPORT & HIGHWAYS,TELANGANA COAL,2018-03,2020-09,322.81,Major,5,1,4,31.0,712.8998577691599,2024-03
N24000998,N24000998,WIDENING AND STRENGTHENING/ RECONSTRUCTION OF EXISTING PAVEMENT TO FOUR ALNE WITH PAVED SHOULDERS FR 1-2019,MoRTH,ROAD TRANSPORT & HIGHWAYS,TELANGANA COAL,2019-01,2022-06,193.19,Major,5,1,2,99.0,0.0,2024-03
N24001003,N24001003,AKOLA TO AKOT 1-2017 6/2019 {12/2023},MoRTH,ROAD TRANSPORT & HIGHWAYS,MAHARASHTRA CIVIL AVIATION,2017-01,2019-06,313.95,Major,5,0,0,0.0,0.0,2024-03
N24001008,N24001008,AJANTHA TO BULDHANA 2-2017 7/2019 {12/2023},MoRTH,ROAD TRANSPORT & HIGHWAYS,ANDAMAN AND NICOBAR ISLANDS,2017-02,2019-07,401.0,Major,5,0,4,0.0,0.0,2024-03
N24001013,N24001013,DIGRAS DARWAH KARANJA 1-2017 6/2019 {12/2023},MoRTH,ROAD TRANSPORT & HIGHWAYS,MAHARASHTRA CIVIL AVIATION,2017-01,2019-06,391.06,Major,5,1,1,54.0,0.0,2024-03
N24001017,N24001017,DAHEGAON TO KUHI 1-2017 6/2019 {12/2023},MoRTH,ROAD TRANSPORT & HIGHWAYS,MAHARASHTRA CIVIL AVIATION,2017-01,2019-06,228.89,Major,5,0,0,0.0,0.0,2024-03
N24001018,N24001018,BHANDARA TO GHOTITOK 1-2017 6/2019 {6/2019},MoRTH,ROAD TRANSPORT & HIGHWAYS,MAHARASHTRA CIVIL AVIATION,2017-01,2019-06,392.83,Major,5,0,0,0.0,0.0,2024-03
N24001021,N24001021,AMDI TO SAONER 1-2017 6/2019 {12/2023},MoRTH,ROAD TRANSPORT & HIGHWAYS,MAHARASHTRA CIVIL AVIATION,2017-01,2019-06,396.91,Major,5,0,0,0.0,0.0,2024-03
N24001022,N24001022,WADI TO ASOLA 1-2017 9/2019 {12/2023},MoRTH,ROAD TRANSPORT & HIGHWAYS,MAHARASHTRA CIVIL AVIATION,2017-01,2019-09,363.82,Major,5,0,2,0.0,0.0,2024-03
N24001046,N24001046,RALEGAON TO RAMTIRTH 1-2017 7/2019 {8/2023},MoRTH,ROAD TRANSPORT & HIGHWAYS,MAHARASHTRA CIVIL AVIATION,2017-01,2019-07,210.81,Major,5,0,0,0.0,0.0,2024-03
N24001050,N24001050,VITA TO NAGAJ 3-2018 12/2019 {12/2023},MoRTH,ROAD TRANSPORT & HIGHWAYS,MAHARASHTRA CIVIL AVIATION,2018-03,2019-12,304.58,Major,5,0,0,0.0,0.0,2024-03
N24001058,N24001058,KARWANDI TO RAJURI 3-2018 12/2019 {3/2024},MoRTH,ROAD TRANSPORT & HIGHWAYS,MAHARASHTRA CIVIL AVIATION,2018-03,2019-12,276.95,Major,5,0,0,0.0,0.0,2024-03
N24001069,N24001069,NANDED TO JALKOT 12-2017 9/2019 {9/2019},MoRTH,ROAD TRANSPORT & HIGHWAYS,MAHARASHTRA CIVIL AVIATION,2017-12,2019-09,456.93,Major,5,0,0,0.0,0.0,2024-03
N24001078,N24001078,PUNE TO MALE VILLAGE 3-2018 12/2019 {12/2023},MoRTH,ROAD TRANSPORT & HIGHWAYS,MAHARASHTRA CIVIL AVIATION,2018-03,2019-12,228.31,Major,5,0,0,0.0,0.0,2024-03
N24001079,N24001079,ARDHAPUR TO HIMAYATNAGAR 12-2017 6/2020 {12/2023},MoRTH,ROAD TRANSPORT & HIGHWAYS,MAHARASHTRA CIVIL AVIATION,2017-12,2020-06,426.06,Major,5,0,0,0.0,0.0,2024-03
N24001080,N24001080,MALE VILLAGE TO PUNE RAIGARH DISTRICT BORDER 3-2018 12/2019 {10/2023},MoRTH,ROAD TRANSPORT & HIGHWAYS,MAHARASHTRA CIVIL AVIATION,2018-03,2019-12,256.15,Major,5,0,0,0.0,0.0,2024-03
N24001090,N24001090,KOLDE TO KHETIYA 1-2017 7/2019 {12/2023},MoRTH,ROAD TRANSPORT & HIGHWAYS,MAHARASHTRA CIVIL AVIATION,2017-01,2019-07,509.18,Major,5,0,0,0.0,0.0,2024-03
N24001092,N24001092,SATARA TO MHASWAD 1-2017 7/2019 {12/2023},MoRTH,ROAD TRANSPORT & HIGHWAYS,MAHARASHTRA CIVIL AVIATION,2017-01,2019-07,653.46,Major,5,0,4,0.0,0.0,2024-03
N24001099,N24001099,MHASWAD TO TEMBHURNI 1-2017 7/2019 {12/2023},MoRTH,ROAD TRANSPORT & HIGHWAYS,MAHARASHTRA CIVIL AVIATION,2017-01,2019-07,488.6,Major,5,0,0,0.0,0.0,2024-03
N24001101,N24001101,KURUDWADI TO PANDHARPUR 1-2017 7/2019 {11/2023},MoRTH,ROAD TRANSPORT & HIGHWAYS,MAHARASHTRA CIVIL AVIATION,2017-01,2019-07,307.63,Major,5,0,0,0.0,0.0,2024-03
N24001102,N24001102,PANDHARPUR TO SANGOLA 7-2017 7/2019 {12/2023},MoRTH,ROAD TRANSPORT & HIGHWAYS,MAHARASHTRA CIVIL AVIATION,2017-07,2019-07,218.38,Major,5,0,0,0.0,0.0,2024-03
N24001114,N24001114,INDAPUR TO VADPALE 1-2017 12/2019 {3/2024},MoRTH,ROAD TRANSPORT & HIGHWAYS,MAHARASHTRA CIVIL AVIATION,2017-01,2019-12,1202.52,Mega,5,0,0,0.0,0.0,2024-03
N24001124,N24001124,AURANGABAD TO SILLOD 2-2017 6/2019 {12/2023},MoRTH,ROAD TRANSPORT & HIGHWAYS,MAHARASHTRA CIVIL AVIATION,2017-02,2019-06,456.32,Major,5,0,2,0.0,0.0,2024-03
N24001125,N24001125,SILLOD TO FARDAPUR 2-2017 6/2019 {12/2023},MoRTH,ROAD TRANSPORT & HIGHWAYS,MAHARASHTRA CIVIL AVIATION,2017-02,2019-06,337.46,Major,5,0,0,0.0,0.0,2024-03
N24001130,N24001130,RECONSTRUCTION WITH GEOMETRIC IMPROVMENT OF EXISTING INTERMEDIATE LANE TO 2 LANE WITH PAVED SHOULDER 8-2016 12/2017 {12/2017},MoRTH,ROAD TRANSPORT & HIGHWAYS,UTTARAKHAND,2016-08,2017-12,234.88,Major,5,2,4,0.0,1200056400.0,2024-03
N24001138,N24001138,PARLI PIMPLA DAHIGUDA 2-2017 6/2019 {8/2023},MoRTH,ROAD TRANSPORT & HIGHWAYS,MAHARASHTRA CIVIL AVIATION,2017-02,2019-06,205.72,Major,5,0,0,0.0,0.0,2024-03
N24001156,N24001156,WIDENING TO TWO LANE WITH PAVED SHOULDER FROM KM 544.200 TO KM 594.000 OF NH- 150A HOSMANE CROSS ? PA 1-2017 9/2017,MoRTH,ROAD TRANSPORT & HIGHWAYS,KARNATAKA CIVIL AVIATION,2017-01,2017-09,166.67,Major,5,0,3,0.0,90.92245497978682,2024-03
N24001157,N24001157,IMPROVEMENTS AND RECONSTRUCTION TO TWO LANE WITH PAVED SHOULDERS FROM KM 243.20 TO KM 290.20 OF NH 8-2016 2/2017,MoRTH,ROAD TRANSPORT & HIGHWAYS,KARNATAKA CIVIL AVIATION,2016-08,2017-02,175.5,Major,5,0,3,0.0,327.6315789473684,2024-03
N24001158,N24001158,RECONSTRUCTION TO TWO LANE WITH PAVED SHOULDERS FROM DS. CH. 442+180 (EX. KM 448.00) TO DS. CH.485+2 3-2018 6/2019,MoRTH,ROAD TRANSPORT & HIGHWAYS,KARNATAKA CIVIL AVIATION,2018-03,2019-06,159.97,Major,5,0,3,0.0,135.52036199095022,2024-03
N24001159,N24001159,WIDENING TO TWO LANE WITH PAVED SHOULDERS FROM KM 20.150 TO KM 40.00 OF BC ROAD KOTTIGEHARA SECTION 1-2018 7/2018 {3/2022},MoRTH,ROAD TRANSPORT & HIGHWAYS,KARNATAKA CIVIL AVIATION,2018-01,2018-07,159.7,Major,5,0,2,0.0,5071.215880893301,2024-03
N24001160,N24001160,WIDENING TO TWO LANE WITH PAVED SHOULDER FROM KM 194.900 TO KM 243.200 OF NH- 234 BANAVARA-HULIYAR 9-2017 10/2018,MoRTH,ROAD TRANSPORT & HIGHWAYS,KARNATAKA CIVIL AVIATION,2017-09,2018-10,191.6,Major,5,0,3,0.0,435.1462288353002,2024-03
N24001161,N24001161,WIDENING TO TWO LANE WITH PAVED SHOULDERS FROM 24.600 TO 70.063 OF MUDIGERE TO KADUR SECTION OF NH- 12-2017 1/2019,MoRTH,ROAD TRANSPORT & HIGHWAYS,KARNATAKA CIVIL AVIATION,2017-12,2019-01,297.3,Major,5,0,3,0.0,4143.90243902439,2024-03
N24001162,N24001162,IMPROVEMENT AND RECONSTRUCTION TO TWO LANE WITH PAVED SHOULDERS FROM KM 489.845 (NEW KM.58.125) AN 3-2018 10/2018,MoRTH,ROAD TRANSPORT & HIGHWAYS,KARNATAKA CIVIL AVIATION,2018-03,2018-10,325.86,Major,5,0,4,0.0,113.33278894344129,2024-03
N24001164,N24001164,WIDENING TO 2 LANE WITH PAVED SHOULDERS FROM KM 0 TO 54 OF NH-50 UNDER EPC MODE IN THE STATE OF KARN 10-2016 3/2017,MoRTH,ROAD TRANSPORT & HIGHWAYS,KARNATAKA CIVIL AVIATION,2016-10,2017-03,396.96,Major,5,0,3,0.0,52250.0,2024-03
N24001165,N24001165,WIDENING TO 2 LANE WITH PAVED SHOULDERS FROM KM 34.00 TO 70.900 OF NH-150 UNDER EPC MODE IN THE STAT 11-2016 3/2017,MoRTH,ROAD TRANSPORT & HIGHWAYS,KARNATAKA CIVIL AVIATION,2016-11,2017-03,314.9,Major,5,2,4,19.0,52300.0,2024-03
N24001166,N24001166,WIDENING TWO LANE WITH PAVED SHOULDERS FROM FROM KM.56.00 TO 106.00 OF NH- 218 (218-KNT-2014-15-775) 3-2015 1/2016 {7/2024},MoRTH,ROAD TRANSPORT & HIGHWAYS,KARNATAKA CIVIL AVIATION,2015-03,2016-01,159.12,Major,5,0,3,0.0,1773.2142857142858,2024-03
N24001168,N24001168,ESTIMATE FOR WIDENING TWO LANE TO FOUR LANE FROM FROM KM.129.00 TO 144.00 OF NH-63 ANKOLA-GOOTY SECT 5-2018 5/2018,MoRTH,ROAD TRANSPORT & HIGHWAYS,KARNATAKA CIVIL AVIATION,2018-05,2018-05,171.6,Major,5,4,3,43.0,714.7286821705427,2024-03
N24001172,N24001172,WIDENING TO TWO LANE WITH PAVED SHOULDER FROM KM 4.40 TO KM 56.00 OF NH-218 BIJAPURA-HUBLI SECTION U 1-2017 8/2017 {6/2022},MoRTH,ROAD TRANSPORT & HIGHWAYS,KARNATAKA CIVIL AVIATION,2017-01,2017-08,291.49,Major,5,0,3,0.0,23831.81818181818,2024-03
N24001173,N24001173,CONSTRUCTION OF MAJOR BRIDGE AT KM 180.865 ACROSS RIVER KRISHNA ON NH-167 HAGARI ? JADERCELA SECTION 2-2017 5/2019 {10/2025},MoRTH,ROAD TRANSPORT & HIGHWAYS,KARNATAKA CIVIL AVIATION,2017-02,2019-05,157.32,Major,5,0,4,0.0,482.7550935780831,2024-03
N24001179,N24001179,CONSTRUCTION OF 2 LANE WITH PAVED SHOULDER FROM KM. 168 TO 183.783 (YESEMYONG TO UNGER) ON MOKOKCHUN 3-2017 11/2020,MoRTH,ROAD TRANSPORT & HIGHWAYS,NAGALAND,2017-03,2020-11,217.35,Major,5,0,3,0.0,67450.0,2024-03
N24001180,N24001180,WIDENING OF EXISTING SINGLE/INTERMEDIATE LANE ROAD TO 2 LANE ROAD FROM KM. 83.00 TO KM 101.00 ON NH- 3-2019 12/2022,MoRTH,ROAD TRANSPORT & HIGHWAYS,NAGALAND,2019-03,2022-12,237.51,Major,5,2,4,0.0,67500.0,2024-03
N24001216,N24001216,WIDENING TO 2 LANE WITH PAVED SHOULDERS AND GEOMETRIC IMPROVEMENT OF NH-114A FROM KM 141 TO KM 184 I 12-2016 9/2021 {12/2024},MoRTH,ROAD TRANSPORT & HIGHWAYS,JHARKHAND COAL,2016-12,2021-09,196.0,Major,5,0,3,0.0,50900.0,2024-03
N24001217,N24001217,REHABILITATION AND UPGRADATION OF NH 43 KANKER TO BEDMA SECTION KM. 130 TO 180 1-2016 8/2016 {6/2025},MoRTH,ROAD TRANSPORT & HIGHWAYS,CHHATTISGARH COAL,2016-01,2016-08,497.14,Major,5,0,3,0.0,2039.53488372093,2024-03
N24001221,N24001221,REHABILITATION AND UPGRADATION OF NH 78 FROM KM 373.505 TO 469.300 AMBIKAPUR TO PATHALGAON SECTION 1-2016 10/2016 {3/2025},MoRTH,ROAD TRANSPORT & HIGHWAYS,CHHATTISGARH COAL,2016-01,2016-10,624.98,Major,5,0,3,0.0,1084.6153846153848,2024-03
N24001222,N24001222,REHABILITATION AND UPGRADATION OF NH 78 FROM KM 469.000 TO 531.000 PATTHALGAON TO KUNKURI 3-2016 7/2016 {12/2025},MoRTH,ROAD TRANSPORT & HIGHWAYS,CHHATTISGARH COAL,2016-03,2016-07,452.94,Major,5,0,2,0.0,1085.897435897436,2024-03
N24001244,N24001244,CONSTRUCTION OF 2-LANING WITH HARD SHOULDERS OF ARROWA-KHUPA-HAYULIANG SECTION OF NH-113 FROM CH.68. 8-2020 4/2022,NHIDCL,ROAD TRANSPORT & HIGHWAYS,ARUNACHAL PRADESH,2020-08,2022-04,301.06,Major,4,0,3,0.0,39.48967193195625,2024-03
N24001254,N24001254,CONSTUCTION/UPGRADATION OF EXISTING HIGHWAY TO 2 LANE WITH PAVED SHOULDER FROM KM 26.10 TO KM 40.00,NHIDCL,ROAD TRANSPORT & HIGHWAYS,SIKKIM,2020-03,2022-06,242.97,Major,4,0,1,0.0,0.0,2024-03
N24001259,N24001259,UPGRADATION OF EXISTING ROAD TO 2-LANE WITH PAVED SHOULDER FROM KOHIMA TO MAO FROM KM 185.540 TO KM 9-2020 4/2022,NHIDCL,ROAD TRANSPORT & HIGHWAYS,NAGALAND,2020-09,2022-04,315.63,Major,4,0,2,0.0,0.0,2024-03
N24001271,N24001271,2-LANING OF CHURACHANDPUR TUIVAI SECTION OF NH-102B 6-2020 8/2022,PKG- 2B,OTHER CENTRAL SECTOR,MANIPUR,2020-06,2022-08,365.53,Major,4,0,2,0.0,0.0,2024-03
N24001272,N24001272,2-LANING OF CHURACHANDPUR TUIVAI SECTION OF NH-102B 3-2020 6/2022,PKG- 4A,OTHER CENTRAL SECTOR,MANIPUR,2020-03,2022-06,167.95,Major,4,0,2,0.0,0.0,2024-03
N24001273,N24001273,2-LANING OF CHURACHANDPUR TUIVAI SECTION OF NH-102B 7-2020 8/2022,PKG- 4B,OTHER CENTRAL SECTOR,MANIPUR,2020-07,2022-08,177.76,Major,4,0,3,0.0,0.0,2024-03
N24001286,N24001286,2-LANING OF CHANGTONGYA TO LONGLENG ROAD OF NH-702 3-2020 6/2022,PKG-I,OTHER CENTRAL SECTOR,NAGALAND,2020-03,2022-06,278.95,Major,4,0,2,0.0,0.0,2024-03
N24001303,N24001303,BALANCE WORK OF 4- LANING OF PATNA-GAYA-DOBHI SECTION (KM. 0.00 TO KM. 127.217) OF NH-83 IN THE STAT 10-2013 12/2020,NHAI,ROAD TRANSPORT & HIGHWAYS,BIHAR CIVIL AVIATION,2013-10,2020-12,649.9,Major,4,0,2,0.0,0.0,2024-03
N24001309,N24001309,KAILASHAHAR TO KHOWAI PKG-4,NHIDCL,ROAD TRANSPORT & HIGHWAYS,TRIPURA,2020-11,2022-06,159.13,Major,3,0,1,0.0,0.0,2024-03
N24001317,N24001317,2-LANING FROM JOLAIBARI - BELONIA,NHIDCL,ROAD TRANSPORT & HIGHWAYS,TRIPURA,2020-06,2022-01,201.99,Major,3,0,0,0.0,0.0,2024-03
N24001322,N24001322,CONSTRUCTION OF 2-LANE ROAD WITH PAVED SHOULDER (GREENFIELD ALIGNMENT) OF EXISTING STRETCH BETWEEN L,NHIDCL,ROAD TRANSPORT & HIGHWAYS,TRIPURA,2020-09,2022-05,183.31,Major,3,0,1,0.0,0.0,2024-03
N24001325,N24001325,CONSTRUCTION OF 2-LANE SPECIFICATION ROAD WITH PAVED SHOULDER AS REALIGNMENT,GREENFIELD ALIGNMENT,OTHER CENTRAL SECTOR,TRIPURA,2020-09,2023-05,262.84,Major,3,0,1,0.0,0.0,2024-03
N24001339,N24001339,RANIKOR-MAHESHKHOLA- BAGHMARA (RMB) PKG-4 (KANAI- RONGARA) 10-2020 4/2022,NHIDCL,ROAD TRANSPORT & HIGHWAYS,MEGHALAYA,2020-10,2022-04,157.86,Major,3,0,1,0.0,2028753.677092139,2024-03
N24001343,N24001343,KARGIL-ZANSKR PACKAGE-1 3-2021 1/2023,NHIDCL,ROAD TRANSPORT & HIGHWAYS,LADAKH,2021-03,2023-01,384.23,Major,3,0,0,0.0,0.0,2024-03
N24001353,N24001353,IMPHAL - KHONGSANG PKG-2 3-2021 12/2022,NHIDCL,ROAD TRANSPORT & HIGHWAYS,MANIPUR,2021-03,2022-12,195.14,Major,3,0,0,0.0,0.0,2024-03
N24001356,N24001356,DULTE- KWALKULH - CHAMPAI PKG.2 3-2021 12/2022,NHIDCL,ROAD TRANSPORT & HIGHWAYS,MULTI STATE COAL,2021-03,2022-12,233.25,Major,3,1,2,0.0,55650.0,2024-03
N24001360,N24001360,RANIKOR-MAHESHKHOLA- BAGHMARA (RMB) PKG-3 3-2021 12/2022,NHIDCL,ROAD TRANSPORT & HIGHWAYS,MEGHALAYA,2021-03,2022-12,260.21,Major,3,0,1,0.0,2027041.891891892,2024-03
N24001361,N24001361,RISHI BORDER- ROLEP- MENLA PKG- 2A,NHIDCL,ROAD TRANSPORT & HIGHWAYS,SIKKIM,2021-01,2023-09,332.2,Major,3,0,1,0.0,0.0,2024-03
N24001363,N24001363,MANU-SIMLUNG ( PKG 4),NHIDCL,ROAD TRANSPORT & HIGHWAYS,TRIPURA,2021-03,2022-12,354.79,Major,3,0,1,0.0,0.0,2024-03
N24001366,N24001366,DABOKA KATHKATI PACKAGE-5 3-2021 1/2023 {11/2024},NHIDCL,ROAD TRANSPORT & HIGHWAYS,ASSAM,2021-03,2023-01,288.85,Major,3,0,0,0.0,0.0,2024-03
N24001370,N24001370,WIDENING TO 2-LANE WITH PAVED SHOULDERS FROM KM 119/017 TO KM 161/300 ON NH 85 2-2017 9/2017,OLD NH 49,OTHER CENTRAL SECTOR,KERALA,2017-02,2017-09,380.76,Major,3,1,2,0.0,6.396588486140725,2024-03
N24001381,N24001381,REHABILITATION AND UPGRADATION TO 2-LANE/2- LANE WITH PAVED SHOULDERS/4-LANE CONFIGURATION OF PAONTA 8-2020 4/2021 {4/2021},MoRTH,ROAD TRANSPORT & HIGHWAYS,HIMACHAL PRADESH,2020-08,2021-04,272.98,Major,3,0,1,0.0,0.0,2024-03
N24001382,N24001382,REHABILITATION AND UPGRADATION TO 2-LANE CONFIGURATION OF HEWNA- ASHYARI SECTION (KM 25.000 TO KM 50. 8-2020 3/2021 {3/2021},MoRTH,ROAD TRANSPORT & HIGHWAYS,HIMACHAL PRADESH,2020-08,2021-03,242.8,Major,3,0,1,0.0,0.0,2024-03
N24001383,N24001383,REHABILITATION AND UPGRADATION TO INTERMEDIATE LANE CONFIGURATION OF SHRI KYARI-GUMMA SECTION (KM 75 8-2020 4/2021 {4/2021},MoRTH,ROAD TRANSPORT & HIGHWAYS,HIMACHAL PRADESH,2020-08,2021-04,349.2,Major,3,0,1,0.0,0.0,2024-03
N24001387,N24001387,WIDENING TO 2-LANE WIH PAVED SHOULDER FROM KM. 544.20 TO 594.00 (HOSAMANE CROSS TO PANDAVAPURA) SECT 1-2017 9/2017,MoRTH,ROAD TRANSPORT & HIGHWAYS,KARNATAKA CIVIL AVIATION,2017-01,2017-09,264.34,Major,3,0,1,0.0,0.0,2024-03
N24001388,N24001388,CONSTRUCTION OF MAJOR BRIDGE ACROSS SHARAVATHI BACKWATERS AND APPROCHES BETWEEN AMBARGODU AND KALASA 3-2019 12/2019,MoRTH,ROAD TRANSPORT & HIGHWAYS,KARNATAKA CIVIL AVIATION,2019-03,2019-12,423.15,Major,3,0,1,0.0,2583472.443487621,2024-03
N24001389,N24001389,CHANGTONGYA TO LONGLENG ROAD PKG-2 3-2020 6/2022,NHIDCL,ROAD TRANSPORT & HIGHWAYS,NAGALAND,2020-03,2022-06,206.53,Major,3,0,0,0.0,0.0,2024-03
N24001391,N24001391,JORAM ? KOLORIANG ROAD FROM EXISTING KM 70.00 TO KM 88.700 (PKG-4) 8-2020 4/2022,NHIDCL,ROAD TRANSPORT & HIGHWAYS,ASSAM,2020-08,2022-04,294.04,Major,3,0,1,0.0,0.0,2024-03
N24001397,N24001397,GOHA-KHELLANI PKG-3 2-2021 3/2023,NHIDCL,ROAD TRANSPORT & HIGHWAYS,JAMMU AND KASHMIR,2021-02,2023-03,431.28,Major,3,0,1,0.0,0.0,2024-03
N24001401,N24001401,IMPHAL - KHONGSANG PKG-3 7-2021 3/2023,NHIDCL,ROAD TRANSPORT & HIGHWAYS,MANIPUR,2021-07,2023-03,467.0,Major,3,0,0,0.0,0.0,2024-03
N24001402,N24001402,TAMENGLONG - MAHUR PKG-1 7-2021 3/2023,NHIDCL,ROAD TRANSPORT & HIGHWAYS,MANIPUR,2021-07,2023-03,185.8,Major,3,0,0,0.0,0.0,2024-03
N24001404,N24001404,TAMENGLONG - MAHUR PKG-4 7-2021 3/2023,NHIDCL,ROAD TRANSPORT & HIGHWAYS,MANIPUR,2021-07,2023-03,198.77,Major,3,2,2,0.0,0.0,2024-03
N24001405,N24001405,CHURACHANPUR TUIVAI PKG-3 7-2021 10/2023,NHIDCL,ROAD TRANSPORT & HIGHWAYS,MANIPUR,2021-07,2023-10,673.27,Major,3,0,2,0.0,0.0,2024-03
N24001408,N24001408,CONSTRUCTION OF 2-LANE MAJOR BRIDGE INCLUDING APPROACHESOVER BRAHMAPUTRA BETWEEN MAJULI ON NORTH BAN 2-2021 7/2025 {7/2025},MoRTH,ROAD TRANSPORT & HIGHWAYS,ASSAM,2021-02,2025-07,925.47,Major,3,0,0,0.0,0.0,2024-03
N24001424,N24001424,CONSTRUCTION OF FOUR-LANE ELEVATED VIADUCT FROM KM.4+634 TO KM.6+345 ON NH- 24A INCLUDING RETAINING W 3-2021 9/2023 {1/2025},MoRTH,ROAD TRANSPORT & HIGHWAYS,UTTAR PRADESH,2021-03,2023-09,185.09,Major,3,1,1,18.0,0.0,2024-03
N24001426,N24001426,4L OF ADDAHOLE TO BANTWAL CROSS SECTION 3-2021 10/2021,NHAI,ROAD TRANSPORT & HIGHWAYS,KARNATAKA CIVIL AVIATION,2021-03,2021-10,317.9,Major,3,0,1,0.0,0.0,2024-03
N24001427,N24001427,CONSTRUCTION OF ROB WITH APPROACHES IN LIEU OF L C NO 165 OF AHMEDABAD PALANPUR BETWEEN RAILWAY STAT 6-2020 4/2023,MoRTH,ROAD TRANSPORT & HIGHWAYS,GUJARAT CIVIL AVIATION,2020-06,2023-04,166.21,Major,2,0,0,0.0,0.0,2024-03
N24001428,N24001428,FOUR LANING OF VILUPPURAM TO PUDHUCHERRY (DESIGN CH. KM. 00/000 TO KM. 29/000) SECTION OF NH-45A ON 3-2018 11/2021,NHAI,ROAD TRANSPORT & HIGHWAYS,TAMIL NADU CIVIL AVIATION,2018-03,2021-11,998.7,Major,2,0,0,0.0,0.0,2024-03
N24001430,N24001430,FOUR LANING OF POONDIYANKUPPAM (KM.67/000) TO SATTANATHAPOURAM (KM.123/800) SECTION OF NH- 45A ON HAM 3-2018 1/2022,NHAI,ROAD TRANSPORT & HIGHWAYS,TAMIL NADU CIVIL AVIATION,2018-03,2022-01,2120.4,Mega,2,0,0,0.0,0.0,2024-03
N24001439,N24001439,MARAM - PEREN PKG-3 8-2021 5/2023,NHIDCL,ROAD TRANSPORT & HIGHWAYS,MANIPUR,2021-08,2023-05,467.41,Major,2,0,0,0.0,0.0,2024-03
N24001440,N24001440,KEIFANG - TUVAI PKG-1 9-2021 5/2023 {5/2024},NHIDCL,ROAD TRANSPORT & HIGHWAYS,MULTI STATE COAL,2021-09,2023-05,492.94,Major,2,0,0,0.0,0.0,2024-03
N24001448,N24001448,UPGRADATION OF ADHALGAON- JAMKHED SECTION OF NH-548 D FROM KM 132/600 TO KM 195/375 TO TWO LANE WITH 11-2021 2/2022 {2/2022},MoRTH,ROAD TRANSPORT & HIGHWAYS,MAHARASHTRA CIVIL AVIATION,2021-11,2022-02,223.35,Major,2,0,1,0.0,0.0,2024-03
N24001453,N24001453,IMPHAL - KHONGSANG PKG-4 8-2021 12/2023,NHIDCL,ROAD TRANSPORT & HIGHWAYS,MANIPUR,2021-08,2023-12,579.63,Major,2,0,0,0.0,0.0,2024-03
N24001455,N24001455,CONSTRUCTION OF 4 LANE WITH PAVED SHOULDERS THIRUVAYARU BYPASS IN BETWEEN EXISTING KM.55/926 TO 62/6 2-2022 8/2022 {3/2025},MoRTH,ROAD TRANSPORT & HIGHWAYS,TAMIL NADU CIVIL AVIATION,2022-02,2022-08,191.33,Major,2,0,0,0.0,0.0,2024-03
N24001456,N24001456,REHABILITATION AND UPGRADATION TO 2 LANE WITH PS OF RADHAITA TO PILIBHIT SECTION OF 46.130 KM 4-2020 2/2024 {1/2025},MoRTH,ROAD TRANSPORT & HIGHWAYS,UTTAR PRADESH,2020-04,2024-02,199.39,Major,2,0,0,0.0,0.0,2024-03
N24001464,N24001464,PROJECTS- REHABILITATION AND UPGRADATION OF NH-731A FROM KM 0.00 TO KM.35.00 3-2021 8/2023 {5/2025},MoRTH,ROAD TRANSPORT & HIGHWAYS,UTTAR PRADESH,2021-03,2023-08,264.86,Major,2,0,0,0.0,0.0,2024-03
N24001467,N24001467,WIDENING TO EXISTING SINGRE/INTERMEDIATE RANE TO 2 LANE FROM KM 135 TO KM 147 AND FROM KM 156.00 TO 3-2021 2/2024,MoRTH,ROAD TRANSPORT & HIGHWAYS,NAGALAND,2021-03,2024-02,226.44,Major,2,0,1,0.0,0.0,2024-03
N24001468,N24001468,REPANPALLI TO SIRONCHA 3-2022 6/2022 {6/2024},MoRTH,ROAD TRANSPORT & HIGHWAYS,MAHARASHTRA CIVIL AVIATION,2022-03,2022-06,282.07,Major,2,0,1,0.0,3260969.0217391304,2024-03
N24001472,N24001472,BALANCE WORKS OF FOUR LANING FROM RAMBAN KM 151.00 TO BANIHAL KM 187.00 OF NH-1A (NOW NH-44) WITH VA 9-2021 12/2023,NHAI,ROAD TRANSPORT & HIGHWAYS,JAMMU AND KASHMIR,2021-09,2023-12,811.19,Major,2,0,0,0.0,0.0,2024-03
N24001475,N24001475,CONSTRUCTION OF 2 LANE WITH HARD SHOULDER FROM DESIGN CHAINAGE KM 283.000 TO KM 325.440 (5- LEGGED J 3-2022 12/2024 {1/2025},NHIDCL,ROAD TRANSPORT & HIGHWAYS,NAGALAND,2022-03,2024-12,605.36,Major,2,1,1,33.0,0.0,2024-03
N24001480,N24001480,WIDENING AND STRENGTHENING FROM KM 0.00 TO KM 15.089 OF NH-334A (PURKAJI-LAKSAR-HARIDWAR ROAD) TO TW 10-2021 4/2024 {3/2025},MoRTH,ROAD TRANSPORT & HIGHWAYS,UTTAR PRADESH,2021-10,2024-04,227.06,Major,2,0,0,0.0,0.0,2024-03
N24001488,N24001488,DHARAMPURI-LONAND FROM KM. 117.00 TO 166.40 (PKG-IV) ON MOHOL-ALANDI SECTION 9-2021 9/2023,NHAI,ROAD TRANSPORT & HIGHWAYS,MAHARASHTRA CIVIL AVIATION,2021-09,2023-09,618.45,Major,2,0,0,0.0,0.0,2024-03
N24001503,N24001503,4L OF INDAPUR TO TONDLE (PKG-III) FROM KM.84.550 TO KM. 131.00 OF NH-965G (SAINT TUKARAM MARG) 9-2021 9/2023,NHAI,ROAD TRANSPORT & HIGHWAYS,MAHARASHTRA CIVIL AVIATION,2021-09,2023-09,667.66,Major,2,0,1,0.0,33300.0,2024-03
N24001505,N24001505,VADODARA MUMBAI EXPRESSWAY (PHASE II - PKG XII) [KM. 50.700 TO KM. 77.000] 3-2022 3/2024,MASVAN - GANJAD,CIVIL AVIATION,MAHARASHTRA CIVIL AVIATION,2022-03,2024-03,1549.02,Mega,2,0,0,0.0,0.0,2024-03
N24001516,N24001516,DELHI VADODARA GREENFIELD ALIGNMENT SECTION OF NH 148N PACKAGE 27 9-2020 2/2024,NHAI,ROAD TRANSPORT & HIGHWAYS,GUJARAT CIVIL AVIATION,2020-09,2024-02,1185.69,Mega,2,0,0,0.0,0.0,2024-03
N24001523,N24001523,6L ACCESS-CONTROLLED HIGHWAY FROM (GANESHPUR) TO(NEAR MOHAND) OF GANESHPUR ? DEHRADUN SECTION FROM K 3-2021 10/2023,NHAI,ROAD TRANSPORT & HIGHWAYS,UTTAR PRADESH,2021-03,2023-10,836.24,Major,2,0,0,0.0,0.0,2024-03
N24001524,N24001524,6L OF ACCESS-CONTROLLED HIGHWAY FROM MOHAND TO DAAT KALI TUNNEL OF GANESHPUR ? DEHRADUN SECTION FROM 3-2021 10/2023,NHAI,ROAD TRANSPORT & HIGHWAYS,UTTAR PRADESH,2021-03,2023-10,990.28,Major,2,0,0,0.0,0.0,2024-03
N24001525,N24001525,6L ACCESS-CONTROLLED HIGHWAY OF DAAT KALI TUNNEL - DEHRADUN OF GANESHPUR ? DEHRADUN SECTION FROM KM. 3-2021 3/2024,NHAI,ROAD TRANSPORT & HIGHWAYS,UTTARAKHAND,2021-03,2024-03,169.08,Major,2,0,0,0.0,0.0,2024-03
N24001529,N24001529,44 LANE DIVIDED CARRIAGEWAY OF BARMER BYPASS OF NH-15 (NEW NH-68) IN THE STATE OF RAJASTHAN ON EPC M 12-2021 8/2024,MoRTH,ROAD TRANSPORT & HIGHWAYS,RAJASTHAN CIVIL AVIATION,2021-12,2024-08,451.66,Major,2,0,0,0.0,0.0,2024-03
N24001532,N24001532,"CONSTRUCTION OF 4-LANE NH- 344P-PACKAGE-4 (FROM KM 0+000 TO KM 29+600, 29.6KM), STARTING FROM BAWANA 11-2021 11/2023",NHAI,ROAD TRANSPORT & HIGHWAYS,HARYANA,2021-11,2023-11,694.0,Major,2,1,1,35.0,0.0,2024-03
N24001533,N24001533,CONSTRUCTION OF 4-LANE GREEN FIELD DELHI-AMRITSAR- KATRA EXPRESSWAY (NE-05) FROM JUSSUR KHERI ON KMP 11-2020 12/2023 {5/2025},NHAI,ROAD TRANSPORT & HIGHWAYS,HARYANA,2020-11,2023-12,1690.23,Mega,2,0,0,0.0,0.0,2024-03
N24001534,N24001534,CONSTRUCTION OF FOUR-LANE GREENFIELD DELHI-AMRITSAR- KATRA EXPRESSWAY FROM JUNCTION WITH ROHTAK-PANIP 12-2020 1/2024,NHAI,ROAD TRANSPORT & HIGHWAYS,HARYANA,2020-12,2024-01,1334.04,Mega,2,0,0,0.0,0.0,2024-03
N24001536,N24001536,FOUR LANING OF JIND GOHANA GREENFIELD ALIGNMENT PACKAGE 1 IN THE STATE OF HARYANA UNDER HYBRID ANNUI 7-2020 7/2022 {6/2025},NHAI,ROAD TRANSPORT & HIGHWAYS,HARYANA,2020-07,2022-07,817.0,Major,2,0,0,0.0,0.0,2024-03
N24001538,N24001538,IMPHAL - KHONGSANG PKG-5 12-2021 5/2024,NHIDCL,ROAD TRANSPORT & HIGHWAYS,MANIPUR,2021-12,2024-05,410.68,Major,2,0,0,0.0,0.0,2024-03
N24001539,N24001539,IMPHAL - KHONGSANG PKG-6 12-2021 2/2025,NHIDCL,ROAD TRANSPORT & HIGHWAYS,MANIPUR,2021-12,2025-02,504.76,Major,2,0,0,0.0,0.0,2024-03
N24001540,N24001540,AKASH BRIDGE - JESSAMI SECTION PKG-2 3-2022 2/2025,NHIDCL,ROAD TRANSPORT & HIGHWAYS,MANIPUR,2022-03,2025-02,152.11,Major,2,0,0,0.0,0.0,2024-03
N24001541,N24001541,RANIKOR- MAHESHKHOLA- BAGHMARA PKG-2 11-2021 6/2024,NHIDCL,ROAD TRANSPORT & HIGHWAYS,MEGHALAYA,2021-11,2024-06,283.5,Major,2,0,0,0.0,0.0,2024-03
N24001542,N24001542,2 LANING FROM MANU-SIMLUNG PKG-2,NHIDCL,ROAD TRANSPORT & HIGHWAYS,TRIPURA,2022-02,2025-01,456.88,Major,2,1,1,35.0,4144.444444444444,2024-03
N24001553,N24001553,4L MEDINIPUR TO BALLUPUR FROM KM. 458.65 TO KM. 487.65 OF NH-07(PKG-2) 3-2022 2/2025,NHAI,ROAD TRANSPORT & HIGHWAYS,UTTARAKHAND,2022-03,2025-02,1092.9,Mega,2,0,0,0.0,0.0,2024-03
N24001559,N24001559,2L PS SRIGANGANAGAR TO RAISINGHNAGAR (DESIGN CHAINAGE -0.500 KM TO DESIGN CHAINAGE 101.000 KM) (PACK 9-2021 6/2024,NHAI,ROAD TRANSPORT & HIGHWAYS,RAJASTHAN CIVIL AVIATION,2021-09,2024-06,672.35,Major,2,0,0,0.0,0.0,2024-03
N24001573,N24001573,DELHI-VADODARA GREENFIELD ALIGNMENT (NH-148N) (PKG-09) [JUNCTION WITH M 11-2019 12/2022,CH. 247.310 TO CH. 292.950,CIVIL AVIATION,RAJASTHAN CIVIL AVIATION,2019-11,2022-12,1658.06,Mega,2,1,1,23.0,576.8832639197768,2024-03
N24001594,N24001594,ELEVATED CORRIDOR IN RANCHI CITY FROM KM 0.00 TO KM 3.260 OF NH-75 INCLUDING DOWN RAMP ON NH-23 FROM 2-2022 1/2025,NHAI,ROAD TRANSPORT & HIGHWAYS,JHARKHAND COAL,2022-02,2025-01,534.73,Major,2,1,1,137.0,0.0,2024-03
N24001600,N24001600,BALANCE WORK 2-LANE WITH PAVED SHOULDERS OF NAGAPATTINAM - THANJAVUR SECTION OF NH-67 (NEW NH-83) 10-2020 5/2023,NHAI,ROAD TRANSPORT & HIGHWAYS,TAMIL NADU CIVIL AVIATION,2020-10,2023-05,434.12,Major,2,0,0,0.0,0.0,2024-03
N24001603,N24001603,4-LANING OF ODDANCHATRAM - MADATHUKULAM SECTION OF NH-209 (NEW NH-83) 1-2019 10/2022,NHAI,ROAD TRANSPORT & HIGHWAYS,TAMIL NADU CIVIL AVIATION,2019-01,2022-10,1518.53,Mega,2,0,0,0.0,0.0,2024-03
N24001610,N24001610,4L OF EXISTING 2/4L STRETCH FROM LONAND TO DIVE GHAT (KM 166.400 TO KM 220.900 ) OF MOHOL ? ALANDI S 1-2022 5/2024,NHAI,ROAD TRANSPORT & HIGHWAYS,MAHARASHTRA CIVIL AVIATION,2022-01,2024-05,1833.73,Mega,2,1,1,44.0,0.0,2024-03
N24001616,N24001616,2L PS OF SATNA - MAIHAR SECTION OF NH-135BG FROM KM 80.800 TO KM 120.125 1-2021 10/2023 {2/2025},NHAI,ROAD TRANSPORT & HIGHWAYS,MADHYA PRADESH,2021-01,2023-10,428.04,Major,2,0,0,0.0,0.0,2024-03
N24001618,N24001618,KATNI BYPASS FROM KM. 359.50 TO KM. 378.50 9-2019 9/2022 {2/2025},NHAI,ROAD TRANSPORT & HIGHWAYS,MADHYA PRADESH,2019-09,2022-09,194.4,Major,2,0,0,0.0,0.0,2024-03
N24001623,N24001623,BANIHAL BYPASS (DELINKED FROM SRINAGAR - BANIHAL) FROM KM. 187.00 TO KM. 189.350 1-2020 1/2024,NHAI,ROAD TRANSPORT & HIGHWAYS,JAMMU AND KASHMIR,2020-01,2024-01,336.01,Major,2,0,0,0.0,0.0,2024-03
N24001624,N24001624,CONSTRUCTION OF EMERGENCY LANDING FACILITY FROM KM. 246.60 TO KM. 249.70 ON SRINAGAR - BANIHAL SECTI 7-2019 10/2020,NHAI,ROAD TRANSPORT & HIGHWAYS,JAMMU AND KASHMIR,2019-07,2020-10,157.05,Major,2,0,0,0.0,0.0,2024-03
N24001625,N24001625,6L ACCESS CONTROLLED GREENFIELD HIGHWAY OF JULEKAL VILLAGE TO DINNEDEVARAPADU VILLAGE FROM KM 242.20 1-2022 1/2025 {7/2025},NHAI,ROAD TRANSPORT & HIGHWAYS,TELANGANA COAL,2022-01,2025-01,1227.57,Mega,2,0,0,0.0,0.0,2024-03
N24001636,N24001636,CONSTRUCTION OF FOUR/SIX LANE GREENFIELD LUDHIANA ? RUPNAGAR NATIONAL HIGHWAY NO. NH-205K UNDER BHAR 5-2021 12/2024,NHAI,ROAD TRANSPORT & HIGHWAYS,PUNJAB,2021-05,2024-12,1368.91,Mega,2,0,0,0.0,0.0,2024-03
N24001641,N24001641,DELHI AMRITSAR KATRA EXPRESSWAY PHASE I SPUR III FROM JUNCTION WITH AMRITSAR JALANDHAR ROAD NH3 NEAR 3-2021 10/2024,NHAI,ROAD TRANSPORT & HIGHWAYS,PUNJAB,2021-03,2024-10,1641.75,Mega,2,0,0,0.0,0.0,2024-03
N24001650,N24001650,SIX LANING OF KADAMBATTUKONAM TO KAZHAKKOOTTAM SECTION OF NH-66(OLD NH-47) FROM KM. 517+250 TO KM.54 12-2021 1/2025,NHAI,ROAD TRANSPORT & HIGHWAYS,KERALA,2021-12,2025-01,3635.64,Mega,2,0,0,0.0,0.0,2024-03
N24001654,N24001654,SIX LANING OF START OF KOLLAM BYPASS (KM.486+000) KADAMBATTUKONAM (KM.517+250) SECTION OF NEW NH-66 6-2021 3/2025,NHAI,ROAD TRANSPORT & HIGHWAYS,KERALA,2021-06,2025-03,2641.37,Mega,2,1,1,0.0,188.47736625514403,2024-03
N24001662,N24001662,SIX LANING OF KT/KL BORDER (THALAPPDY) TO CHENGALA SECTION OF NH17 (NEW NH-66) FROM CH. 17.200 TO CH 5-2020 5/2024,NHAI,ROAD TRANSPORT & HIGHWAYS,KERALA,2020-05,2024-05,1981.07,Mega,2,0,1,0.0,0.0,2024-03
N24001663,N24001663,SIX LANING OF NEELESHWARAM TO THALIPARAMBHA SECTION FROM CH. 94+540 (EXISTING KM 96+450) TO CH. 134+ 6-2020 4/2024,NHAI,ROAD TRANSPORT & HIGHWAYS,KERALA,2020-06,2024-04,3041.65,Mega,2,1,1,0.0,2.127659574468085,2024-03
N24001666,N24001666,6L GREENFIELD BARAJA - KANDILI SECTION OF NH- 130- CD ROAD FROM KM 338+500 TO KM 342+500 (PACKAGE-OD 12-2021 9/2024 {8/2025},NHAI,ROAD TRANSPORT & HIGHWAYS,ODISHA COAL,2021-12,2024-09,714.0,Major,2,1,1,0.0,5600.0,2024-03
N24001670,N24001670,6L OF KARKI ? KALIAGURA SECTION FROM KM 226.500 TO KM 249.000 OF NH-130-CD 2-2021 3/2024 {5/2025},PACKAGE ? OD-4,COAL,ODISHA COAL,2021-02,2024-03,593.0,Major,2,0,0,0.0,0.0,2024-03
N24001671,N24001671,6L OF HATIBENA - BADAKUMARI SECTION FROM KM 146.50 TO KM 179.00 OF NH-130-CD 2-2021 3/2024 {5/2025},PACKAGE ? OD-2,COAL,ODISHA COAL,2021-02,2024-03,925.0,Major,2,1,1,0.0,22166.666666666664,2024-03
N24001673,N24001673,4- LANING OF ROHTAK-JIND SECTION FROM KM. 307+000 TO KM. 347+800 OF NH-71 AND CONNECTING LINK FROM K 3-2020 3/2023,NHAI,ROAD TRANSPORT & HIGHWAYS,HARYANA,2020-03,2023-03,510.97,Major,2,0,0,0.0,0.0,2024-03
N24001684,N24001684,4L OF CHANNARAYAPATNA BYPASS AND HASSAN BYPASS WITH STRUCTURES IN DEVIHALLI -HASSAN SECTION 9-2020 1/2023,NHAI,ROAD TRANSPORT & HIGHWAYS,KARNATAKA CIVIL AVIATION,2020-09,2023-01,688.0,Major,2,1,1,14.0,41100.0,2024-03
N24001692,N24001692,BALANCE WORKS OF FOUR LANE FROM KM 43+950 (THIRUVALLUR BYPASS) TO KM 61+470 (VEPPAMPATTU BYPASS) PAS 1-2022 9/2024,NHAI,ROAD TRANSPORT & HIGHWAYS,TAMIL NADU CIVIL AVIATION,2022-01,2024-09,467.99,Major,2,0,0,0.0,0.0,2024-03
N24001696,N24001696,FOUR LANING OF JITTANDAHALLI TO DHARMAPURI SECTION OF NH- 844 (PKG-III) FROM KM.60+100 TO KM.94+460 2-2019 8/2023,NHAI,ROAD TRANSPORT & HIGHWAYS,TAMIL NADU CIVIL AVIATION,2019-02,2023-08,1291.37,Mega,2,0,0,0.0,0.0,2024-03
N24001698,N24001698,FOUR LANING OF MUNGER TO MIRZACHAUKI (NH-80) SECTION FROM NEAR RASULPUR TO MIRZACHAUKI (DESIGN CH 8-2022 8/2024,NHAI,ROAD TRANSPORT & HIGHWAYS,BIHAR CIVIL AVIATION,2022-08,2024-08,1198.02,Mega,2,0,0,0.0,0.0,2024-03
N24001701,N24001701,FOUR LANING OF MUNGER TO MIRZACHAUKI (NH-80) SECTION FROM START OF EXISTING BHAGALPUR BYPASS TO RASU 4-2022 4/2024,NHAI,ROAD TRANSPORT & HIGHWAYS,BIHAR CIVIL AVIATION,2022-04,2024-04,1769.5,Mega,2,1,1,0.0,0.0,2024-03
N24001704,N24001704,FOUR LANING OF MUNGER TO MIRZACHAUKI (NH-80) SECTION FROM KHARIA VILLAGE JUNCTION TO START OF EXISTI 3-2021 3/2024,NHAI,ROAD TRANSPORT & HIGHWAYS,BIHAR CIVIL AVIATION,2021-03,2024-03,1020.84,Mega,2,0,0,0.0,0.0,2024-03
N24001705,N24001705,FOUR LANING OF MUNGER TO MIRZACHAUKI (NH-80) SECTION FROM MUNGER TO KHARIA VILLAGE JUNCTION DESIGN C 3-2022 3/2024,NHAI,ROAD TRANSPORT & HIGHWAYS,BIHAR CIVIL AVIATION,2022-03,2024-03,1485.66,Mega,2,0,0,0.0,0.0,2024-03
N24001708,N24001708,BAKHTIYARPUR RAJAULI PKG-III FROM KM 101.630 TO KM 152.520 NH20 9-2020 6/2024 {12/2024},NHAI,ROAD TRANSPORT & HIGHWAYS,BIHAR CIVIL AVIATION,2020-09,2024-06,2156.22,Mega,2,0,0,0.0,0.0,2024-03
N24001711,N24001711,6L OF KANHAULI RAMNAGAR PATNA RING ROAD PKG I FROM KM 0.000 TO KM 39.160 OF SH78 NEW NH131G 9-2020 3/2023,NHAI,ROAD TRANSPORT & HIGHWAYS,BIHAR CIVIL AVIATION,2020-09,2023-03,939.43,Major,2,0,1,0.0,0.0,2024-03
N24001715,N24001715,BALANCE WORK OF TWO LANING WITH PAVED SHOULDER OF PIPRAKOTHI?MOTIHARI- RAXAUL SECTION OF NH-28A FRO 12-2018 10/2020 {1/2024},NHAI,ROAD TRANSPORT & HIGHWAYS,BIHAR CIVIL AVIATION,2018-12,2020-10,333.6,Major,2,0,1,0.0,1498134.3945068663,2024-03
N24001716,N24001716,THOPPUR METTUR BHAVANI ERODE SECTION OF NH 544H FOR A LENGTH OF 85 KM 7-2022 8/2023,NHAI,ROAD TRANSPORT & HIGHWAYS,TAMIL NADU CIVIL AVIATION,2022-07,2023-08,186.5,Major,2,0,0,0.0,0.0,2024-03
N24001722,N24001722,6L OF MADURAVOYAL TO SRIPERUMBUDUR SECTION FROM KM. 13.800 TO KM. 37.000 OF NH-4 THROUGH STATE HIGH 11-2021 2/2023 {12/2024},NHAI,ROAD TRANSPORT & HIGHWAYS,TAMIL NADU CIVIL AVIATION,2021-11,2023-02,463.44,Major,2,0,0,0.0,0.0,2024-03
N24001725,N24001725,6L OF SRIPERUMBUDUR TO KARAIPETTAI FROM KM 37.000 TO KM 71.015 OF NH 48 1-2019 5/2021 {1/2025},NHAI,ROAD TRANSPORT & HIGHWAYS,TAMIL NADU CIVIL AVIATION,2019-01,2021-05,819.89,Major,2,0,0,0.0,0.0,2024-03
N24001726,N24001726,4L SPUR OF SHAMLI- MUZZAFARNAGAR CONNECTING NH-709AD (PANIPAT-SHAMLI- MUZAFFARNAGAR) AND NH-58 (MEERUT 1-2023 8/2024 {8/2024},NHAI,ROAD TRANSPORT & HIGHWAYS,UTTAR PRADESH,2023-01,2024-08,391.26,Major,2,0,0,0.0,0.0,2024-03
N24001736,N24001736,6L ACCESS CONTROL GREENFIELD HIGHWAY OF VILL- KARAUNDA MAHAJAN TO VILL- KHYAWARI FROM KM. 56.500 TO K 1-2022 8/2024 {7/2025},NHAI,ROAD TRANSPORT & HIGHWAYS,UTTAR PRADESH,2022-01,2024-08,1159.96,Mega,2,0,0,0.0,0.0,2024-03
N24001737,N24001737,"4LPS OF MUZAFFARNAGAR TO MIRANPUR SECTION OF NH- 709AD, PKG-III 11-2021 4/2024 {4/2024}",NHAI,ROAD TRANSPORT & HIGHWAYS,UTTAR PRADESH,2021-11,2024-04,923.15,Major,2,0,0,0.0,0.0,2024-03
N24001739,N24001739,REHABILITATION and UPGRADATION FROM 2 LANE TO 4 LANE OF NH STRETCH UNDER BHARATMALA PARIYOJANA FOR U 10-2019 11/2023,NHAI,ROAD TRANSPORT & HIGHWAYS,UTTAR PRADESH,2019-10,2023-11,1779.83,Mega,2,0,0,0.0,0.0,2024-03
N24001744,N24001744,"4L OF SHAMLI BYAPSS- SAHARANPUR FROM KM 92.2 TO KM 155.025 SECTION OF NH- 709B, PKG-II 5-2019 11/2022 {7/2025}",NHAI,ROAD TRANSPORT & HIGHWAYS,UTTAR PRADESH,2019-05,2022-11,779.17,Major,2,0,0,0.0,0.0,2024-03
N24001747,N24001747,SIX LANE OF PALSIT TO DANKUNI SECTION FROM 588.870 TO KM. 652.700 3-2020 9/2024 {9/2024},NHAI,ROAD TRANSPORT & HIGHWAYS,WEST BENGAL CIVIL AVIATION,2020-03,2024-09,2193.23,Mega,2,0,0,0.0,0.0,2024-03
N24001748,N24001748,SIX LANING OF NATIONAL CORRIDOR NH19 FROM PANAGARH TO PALSIT IN THE STATE OF WEST BENGAL UNDER BHARA 3-2021 9/2024 {9/2025},NHAI,ROAD TRANSPORT & HIGHWAYS,WEST BENGAL CIVIL AVIATION,2021-03,2024-09,2200.93,Mega,2,0,0,0.0,0.0,2024-03
N24001755,N24001755,4-LANING OF MEERUT NAJIBABAD SECTION FROM KM. 11.500 TO KM 39.250 AND KM 86.590 TO KM. 112.545.IN TH 10-2019 3/2023,NHAI,ROAD TRANSPORT & HIGHWAYS,UTTAR PRADESH,2019-10,2023-03,1936.68,Mega,2,0,0,0.0,0.0,2024-03
N24001765,N24001765,"ADDITIONAL WORKS (2VUPS, MR-10 JUNCTION FLYOVER AND UNDERPASS) IN SIX LANE INDORE-DEWAS SECTION OF N 8-2022 7/2024 {12/2025}",NHAI,ROAD TRANSPORT & HIGHWAYS,MADHYA PRADESH,2022-08,2024-07,207.77,Major,2,0,0,0.0,0.0,2024-03
N24001768,N24001768,BALANCE WORK OF 4L OF INDORE-GUJARAT/MP BORDER FROM KM 106.210 TO KM 115.250 (START AND END POINT OF 8-2019 4/2023 {11/2023},NHAI,ROAD TRANSPORT & HIGHWAYS,MADHYA PRADESH,2019-08,2023-04,323.51,Major,2,0,0,0.0,0.0,2024-03
N24001770,N24001770,4L OF OBEDULLGANJ - BUDNI SECTION FROM KM. 8.400 TO KM. 20.700 IN RATANPANI WILDLIFE AREA OF NH - 69 2-2022 3/2024,NHAI,ROAD TRANSPORT & HIGHWAYS,MADHYA PRADESH,2022-02,2024-03,417.51,Major,2,0,0,0.0,0.0,2024-03
N24001775,N24001775,CONSTRUCTION OF PROPOSED REWARI BYPASS (DESIGN LENGTH 14.4 KM) NH-11 AS A FEEDER ROUTE IN THE STATE 2-2020 1/2023,NHAI,ROAD TRANSPORT & HIGHWAYS,HARYANA,2020-02,2023-01,808.31,Major,2,0,0,0.0,0.0,2024-03
N24001779,N24001779,DWARKA EXPRESSWAY FROM KM -0.600 TO KM 5.300 - PKG-I (SHIVMURTI CHOWK-RUB NEAR DWARKA SECTOR 21) 3-2018 9/2022 {6/2025},NHAI,ROAD TRANSPORT & HIGHWAYS,DELHI,2018-03,2022-09,2507.0,Mega,2,0,0,0.0,0.0,2024-03
N24001788,N24001788,CONSTRUCTION OF EIGHT LANE ACCESS CONTROLLED EXPRESSWAY FROM KM 217.500 TO KM 254.430 OF VADODARA MU 7-2020 12/2023 {5/2025},NHAI,ROAD TRANSPORT & HIGHWAYS,GUJARAT CIVIL AVIATION,2020-07,2023-12,2271.86,Mega,2,0,0,0.0,0.0,2024-03
N24001797,N24001797,6L OF WAINGANGA BRIDGE - BHANDARA (INCLUDING BHANDARA BYPASS) SECTION FROM KM 485.000 TO KM 499.800 10-2021 1/2024 {5/2025},NHAI,ROAD TRANSPORT & HIGHWAYS,MAHARASHTRA CIVIL AVIATION,2021-10,2024-01,815.77,Major,2,0,1,0.0,0.0,2024-03
N24001811,N24001811,4L OF MO - SIHUNI FROM KM. 42.00 TO KM. 51.00 OF OLD NH- 20 (NEW NH-154) (PACKAGE-IB) 4-2021 6/2024 {5/2025},NHAI,ROAD TRANSPORT & HIGHWAYS,HIMACHAL PRADESH,2021-04,2024-06,583.93,Major,2,0,0,0.0,0.0,2024-03
N24001813,N24001813,4L OF END OF PINJORE BYPASS - BADDI - NALAGARH SECTION (KM. 4.200 TO KM. 35.370) OF NH21A 7-2021 9/2024 {9/2024},NHAI,ROAD TRANSPORT & HIGHWAYS,HIMACHAL PRADESH,2021-07,2024-09,1692.05,Mega,2,0,0,0.0,0.0,2024-03
N24001815,N24001815,"4L BYPASSES FOR JAGATPUR, B4ABUGANJ, UNCHAHAR, ALAPUR BYPASS, AND SAI RIVER BRIDGE OF RAEBARELI- PRA 12-2022 11/2024 {11/2024}",NHAI,ROAD TRANSPORT & HIGHWAYS,UTTAR PRADESH,2022-12,2024-11,1699.0,Mega,2,1,1,0.0,600045275.0,2024-03
N24001817,N24001817,6L OF CHILKARARUPET BYPASS FROM KM. 357.400 TO KM. 371.920 OF NH-16 2-2019 3/2023,NHAI,ROAD TRANSPORT & HIGHWAYS,ANDHRA PRADESH,2019-02,2023-03,757.45,Major,2,0,1,0.0,26916.666666666668,2024-03
N24001822,N24001822,BANGALORE CHENNAI EXPRESSWAY (PHASE-II PKG-I) FROM KM.71.000 TO KM 96.000 (BETHAMANGALA IN THE STATE 12-2020 10/2024 {10/2024},NHAI,ROAD TRANSPORT & HIGHWAYS,ANDHRA PRADESH,2020-12,2024-10,1075.27,Mega,2,0,0,0.0,0.0,2024-03
N24001825,N24001825,DEVELOPMENT OF 6L UER II [PACKAGE - II] (KARALA KANJHAWALA ROAD TILL NANGLOI - NAJAFGARH ROAD) FROM 7-2020 10/2023 {6/2025},NHAI,ROAD TRANSPORT & HIGHWAYS,DELHI,2020-07,2023-10,1894.96,Mega,2,0,0,0.0,0.0,2024-03
N24001828,N24001828,CONSTRUCTION OF BYPASS TO GUDIYATHAM TOWN IN KM 23/100 ? 29/250 INCLUDING LA AND SHIFTING OF NH-234 1-2022 11/2024 {5/2025},MoRTH,ROAD TRANSPORT & HIGHWAYS,TAMIL NADU CIVIL AVIATION,2022-01,2024-11,221.03,Major,2,1,1,0.0,4478.260869565217,2024-03
N24001829,N24001829,FOUR LANING OF OTTANCHATRAM TO PALANI SECTION FROM KM 30/700 TO KM 55/000 OF NH 209(NEW NH- 83) INCLU 10-2022 11/2024 {5/2025},MoRTH,ROAD TRANSPORT & HIGHWAYS,TAMIL NADU CIVIL AVIATION,2022-10,2024-11,172.15,Major,1,0,0,0.0,0.0,2023-08
N24001832,N24001832,DIBRUGARH-LAHOAL-CHABUA BYPASS PACKAGE-3 1-2023 5/2025 {7/2025},NHIDCL,ROAD TRANSPORT & HIGHWAYS,ASSAM,2023-01,2025-05,458.59,Major,2,0,0,0.0,0.0,2024-03
N24001833,N24001833,JAMMU - AKHNOOR SECTION OF NH 144A PKG-3B 7-2022 3/2025 {8/2025},NHIDCL,ROAD TRANSPORT & HIGHWAYS,JAMMU AND KASHMIR,2022-07,2025-03,198.28,Major,2,0,1,0.0,0.0,2024-03
N24001855,N24001855,WIDENING OF EXISTING SINGLE LANE ROAD TO INTERMEDIATE LANE ROAD FROM MOKOKCHUNG TO CHARE VIA DIKHU I 2-2021 6/2025,MoRTH,ROAD TRANSPORT & HIGHWAYS,NAGALAND,2021-02,2025-06,192.93,Major,2,0,0,0.0,0.0,2024-03
N24001857,N24001857,CONSTRUCTION OF ROAD FROM KM 0/0 TO 72/0 OF NH-26 SUCH AS 4 LANE FROM KM 0/0 TO 21/0 (BARGARH TO BAR 6-2020 12/2023,MoRTH,ROAD TRANSPORT & HIGHWAYS,ODISHA COAL,2020-06,2023-12,414.24,Major,2,0,0,0.0,0.0,2024-03
N24001863,N24001863,"CONSTRUCTION OF 5 HL BRIDGES AT KM 379/000 (PANGAM), KM 439/400 (POTTERU), KM 444/237 3-2021 6/2024",KONGURUKONDA,COAL,ODISHA COAL,2021-03,2024-06,154.05,Major,2,0,1,0.0,0.0,2024-03
N24001864,N24001864,CONSTRUCTION OF FOUR LANE ROB AND ITS APPROACHES IN LIEU OF EXISTING LEVEL CROSSING NO. RV-71 AT KM 11-2021 6/2025 {8/2025},MoRTH,ROAD TRANSPORT & HIGHWAYS,ODISHA COAL,2021-11,2025-06,154.49,Major,2,0,1,0.0,0.0,2024-03
N24001868,N24001868,Sagwara Bypass and Garhi- Partapur Bypass of NH-927A in the State of Rajasthan. 3-2022 8/2025 {6/2025},MoRTH,ROAD TRANSPORT & HIGHWAYS,RAJASTHAN CIVIL AVIATION,2022-03,2025-08,187.65,Major,1,0,0,0.0,0.0,2024-03
N24001869,N24001869,UPGRADATION AND REHABILITATION TO TWO LANE WITH PAVED SHOULDER OF GHAGARIYA- MUNABAO SECTION FROM KM 12-2022 8/2025 {8/2025},MoRTH,ROAD TRANSPORT & HIGHWAYS,RAJASTHAN CIVIL AVIATION,2022-12,2025-08,235.15,Major,1,0,0,0.0,0.0,2024-03
N24001880,N24001880,REHABILITATION AND UP- GRADATION TO 4 LANE ROAD WITH PAVED SHOULDER CONFIGURATION OF SECTION FROM UND 3-2022 7/2025 {7/2025},MoRTH,ROAD TRANSPORT & HIGHWAYS,MAHARASHTRA CIVIL AVIATION,2022-03,2025-07,778.18,Major,1,0,0,0.0,0.0,2024-03
N24001885,N24001885,REHABILITATION AND UP- GRADATION OF JINTUR- SHIRAD SHAHAPUR SECTION KM 258.300 TO KM 306.300 [DESIGN 2-2023 12/2024 {12/2024},MoRTH,ROAD TRANSPORT & HIGHWAYS,MAHARASHTRA CIVIL AVIATION,2023-02,2024-12,414.81,Major,1,0,0,0.0,0.0,2024-03
N24001886,N24001886,DEVELOPMENT/WIDENING OF TALEGAON ? CHAKAN ? SHIKRAPUR ? NHAVARA SECTION OF NH 548DG (NHAVARA TO CHOU 10-2022 8/2024 {8/2024},MoRTH,ROAD TRANSPORT & HIGHWAYS,MAHARASHTRA CIVIL AVIATION,2022-10,2024-08,304.68,Major,1,0,0,0.0,0.0,2024-03
N24001887,N24001887,REHABILITATION AND UPGRADATION OF BHOKARDAN TO KUMBHARI FATA DESIGN CH. (KM 13+500 TO 17+00) AND RAJ 8-2022 6/2024 {6/2024},MoRTH,ROAD TRANSPORT & HIGHWAYS,MAHARASHTRA CIVIL AVIATION,2022-08,2024-06,291.37,Major,1,0,0,0.0,0.0,2024-03
N24001888,N24001888,"UP-GRADATION OF TIRORA- GONDIA, STATE HIGHWAY FROM EXISTING KM 163+213 (ON SH-335, TIRORA) TO KM 191+ 8-2021 4/2023 {5/2024}",MoRTH,ROAD TRANSPORT & HIGHWAYS,MAHARASHTRA CIVIL AVIATION,2021-08,2023-04,288.14,Major,1,0,0,0.0,0.0,2024-03
N24001889,N24001889,2 LANE + PS PIMPLNER TO SATANA -[DESIGN CHAINAGE KM 21.427 TO 64.00 ] OF NH- 752G] 9-2019 7/2021 {12/2023},MoRTH,ROAD TRANSPORT & HIGHWAYS,MAHARASHTRA CIVIL AVIATION,2019-09,2021-07,277.81,Major,1,0,0,0.0,0.0,2024-03
N24001890,N24001890,REHABILITATION AND UPGRADATION OF PARLI TO SIRSALA SECTION OF NH-361F (KM 136+700 TO 115+000) (LENGT 2-2023 12/2024 {12/2024},MoRTH,ROAD TRANSPORT & HIGHWAYS,MAHARASHTRA CIVIL AVIATION,2023-02,2024-12,261.82,Major,1,0,0,0.0,0.0,2024-03
N24001891,N24001891,BALANCE WORK OF REHABILITATION AND UP- GRADATION TO NH-166F FROM MAHAD JUNCTION (AT KM 123/400 ON NH- 7-2021 11/2023 {3/2024},MoRTH,ROAD TRANSPORT & HIGHWAYS,MAHARASHTRA CIVIL AVIATION,2021-07,2023-11,256.54,Major,1,0,0,0.0,0.0,2024-03
N24001892,N24001892,REHABILITATION AND UPGRADATION OF SHIRAPUR JUNCTION TO SHIVAJI CHOWK (DESIGN CHAINAGE KM. 130+00 TO 2-2023 12/2024 {12/2024},MoRTH,ROAD TRANSPORT & HIGHWAYS,MAHARASHTRA CIVIL AVIATION,2023-02,2024-12,245.61,Major,1,0,0,0.0,0.0,2024-03
N24001894,N24001894,2 LANE + PS ASTHAMODE - TIVATYAL [DESIGN CH. KM 24.300 - 62.00] [KM 134.98-172.95 OF NH-63] 9-2019 7/2021 {12/2023},MoRTH,ROAD TRANSPORT & HIGHWAYS,MAHARASHTRA CIVIL AVIATION,2019-09,2021-07,228.82,Major,1,0,0,0.0,0.0,2024-03
N24001895,N24001895,REHABILATION AND UPGRADATION TO TWO LANES WITH PAVED SHOULDER CONFIGURATION FROM WATUR TO CHARTHANA 11-2021 9/2023 {12/2023},MoRTH,ROAD TRANSPORT & HIGHWAYS,MAHARASHTRA CIVIL AVIATION,2021-11,2023-09,228.01,Major,1,0,0,0.0,0.0,2024-03
N24001896,N24001896,UPGRADATIOBN AND REHABILITATION OF SECTION OF NH 361 F FROM PARLI TO 11-2021 9/2023 {4/2024},00/000) TO GANGAKHED (30/400,CIVIL AVIATION,MAHARASHTRA CIVIL AVIATION,2021-11,2023-09,224.44,Major,1,0,0,0.0,0.0,2024-03
N24001900,N24001900,REHABILITATION AND UPGRADATION TO 2 LANE WITH PAVED SHOULDER FROM EXISTING CHAINAGE KM 49.150 TO KM 3-2020 8/2024 {3/2025},BRO,ROAD TRANSPORT & HIGHWAYS,JAMMU AND KASHMIR,2020-03,2024-08,796.97,Major,1,0,0,0.0,0.0,2024-03
N24001905,N24001905,"CONSTRUCTION OF MAJOR BRIDGE ACROSS MANJRA RIVER NEAR YESGI VILLAGE @ KM, 166/500 ON NH 63 TQ BILOLI 10-2021 8/2023 {12/2023}",MoRTH,ROAD TRANSPORT & HIGHWAYS,MAHARASHTRA CIVIL AVIATION,2021-10,2023-08,188.69,Major,1,0,0,0.0,0.0,2024-03
N24001906,N24001906,UP-GRADATION TO 4 LANING OF DAULTABAD T-POINT TO MALIWADA [FROM DESIGN KM.0.000 TO KM 4.000] AND UPG 8-2022 3/2024 {3/2024},MoRTH,ROAD TRANSPORT & HIGHWAYS,MAHARASHTRA CIVIL AVIATION,2022-08,2024-03,185.59,Major,1,0,0,0.0,0.0,2024-03
N24001909,N24001909,"STRENGTHING AND WIDINING OF EXISTING CARRIAGEWAY TO 10 M IN KM, 156/160 TO 229/160 (TEMBHURNI - KUSL 11-2021 6/2024 {6/2024}",MoRTH,ROAD TRANSPORT & HIGHWAYS,MAHARASHTRA CIVIL AVIATION,2021-11,2024-06,157.72,Major,1,0,0,0.0,0.0,2024-03
N24001910,N24001910,REHABILITATION AND UPGRADATION OF JAMKHED TO SAUTADA SECTION OF NH548 D (FROM KM 195.375 TO KM 208.7 9-2022 7/2024 {7/2024},MoRTH,ROAD TRANSPORT & HIGHWAYS,MAHARASHTRA CIVIL AVIATION,2022-09,2024-07,157.62,Major,1,0,0,0.0,0.0,2024-03
N24001911,N24001911,PANGAON TO DHARMAPURI AND PARALI TO INJEGAON 2L+PS 3-2018 7/2024 {12/2023},MoRTH,ROAD TRANSPORT & HIGHWAYS,MAHARASHTRA CIVIL AVIATION,2018-03,2024-07,152.03,Major,1,0,0,0.0,0.0,2024-03
N24001920,N24001920,UPGRADATION OF NH 130A MUNGELI TO PONDI FROM NH KM. 51.600 TO KM. 77.870 KM. 80.970 TO 96.970 TO 2 3-2021 9/2024 {5/2025},MoRTH,ROAD TRANSPORT & HIGHWAYS,CHHATTISGARH COAL,2021-03,2024-09,218.57,Major,1,0,0,0.0,0.0,2024-03
N24001924,N24001924,WIDENING AND STRENGTHENING TO TWO LANE WITH PAVED SHOULDER/TWO LANE+ PAVED SHOULDER WITH SERVICE ROA 3-2022 8/2025 {8/2025},MoRTH,ROAD TRANSPORT & HIGHWAYS,JHARKHAND COAL,2022-03,2025-08,514.22,Major,1,0,0,0.0,0.0,2024-03
N24001929,N24001929,CONSTRUCTION OF 4-LANE GREEN FIELD HIGHWAY FROM KM. 35.000 TO KM. 49.155 OF NH- 731A WITH PAVED SHOUL 1-2022 10/2025 {10/2025},MoRTH,ROAD TRANSPORT & HIGHWAYS,UTTAR PRADESH,2022-01,2025-10,697.66,Major,1,0,0,0.0,0.0,2024-03
N24001932,N24001932,2L+PS FROM KM. 0+000 TO KM. 32+000 (MUDIGUBBA TO PUTTAPARTHI) OF NH-342 3-2022 9/2024 {6/2025},MoRTH,ROAD TRANSPORT & HIGHWAYS,ANDHRA PRADESH,2022-03,2024-09,401.72,Major,1,0,0,0.0,0.0,2024-03
N24001935,N24001935,4 LANE WITH PAVED SHOULDER FROM KM 0.000 TO KM 51.119 OF TADIPATRI TO MUDDANUR OF NH67 3-2022 8/2025 {8/2025},MoRTH,ROAD TRANSPORT & HIGHWAYS,ANDHRA PRADESH,2022-03,2025-08,724.17,Major,1,0,0,0.0,0.0,2024-03
N24001936,N24001936,BALANCE WORK OF CONTSRUCTION OF TWO/FOUR LANE WITH PAVED SHOULDER FROM KM. 54.370 TO KM. 101.400 (BI 3-2021 3/2023,MoRTH,ROAD TRANSPORT & HIGHWAYS,KARNATAKA CIVIL AVIATION,2021-03,2023-03,344.79,Major,1,0,0,0.0,0.0,2024-03
N24001939,N24001939,NH165 FROM KM 0.000 TO KM 64.020 PAMARRU TO AKIVEEDU SECTION TO TWO LANE WITH PAVED SHOULDERS 3-2020 9/2023 {12/2025},MoRTH,ROAD TRANSPORT & HIGHWAYS,ANDHRA PRADESH,2020-03,2023-09,529.24,Major,1,0,0,0.0,0.0,2024-03
N24001943,N24001943,WIDENING TO TWO LANE WITH PAVED SHOULDERS FROM KM. 33.13 TO KM. 40.23 AND KM. 52.00 TO KM. 71.00 (EX 9-2022 3/2024,MoRTH,ROAD TRANSPORT & HIGHWAYS,KARNATAKA CIVIL AVIATION,2022-09,2024-03,172.98,Major,1,0,0,0.0,0.0,2024-03
N24001945,N24001945,WIDENING TO 2 LANE WITH PAVED SHOULDERS FROM KM 116.800 TO 149.070(DESIGN CHANGES) ON HOSADURGA HOL 8-2022 2/2024,MoRTH,ROAD TRANSPORT & HIGHWAYS,KARNATAKA CIVIL AVIATION,2022-08,2024-02,170.34,Major,1,0,0,0.0,0.0,2024-03
N24001946,N24001946,"WIDENING TO 2 LANES WITH PAVED SHOULDERS FROM KM 24.400 TO 27.270, 40.500 TO 41.900, 84.300 TO 88.20 11-2022 11/2024",MoRTH,ROAD TRANSPORT & HIGHWAYS,KARNATAKA CIVIL AVIATION,2022-11,2024-11,218.93,Major,1,0,0,0.0,0.0,2024-03
N24001947,N24001947,WIDENING TO EXISTING 2 LANE WITH PAVED SHOULDER TO 4 LANE WITH PAVED SHOULDER FROM DESIGN KM 153.00 2-2023 2/2025,MoRTH,ROAD TRANSPORT & HIGHWAYS,KARNATAKA CIVIL AVIATION,2023-02,2025-02,177.94,Major,1,0,0,0.0,0.0,2024-03
N24001952,N24001952,NH 167 B KADAPA NELLORE BORDER TO CSPURAM I.E. FROM KM 58.635 TO KM 99.409 3-2022 8/2025 {8/2025},MoRTH,ROAD TRANSPORT & HIGHWAYS,ANDHRA PRADESH,2022-03,2025-08,285.5,Major,1,0,0,0.0,0.0,2024-03
N24001954,N24001954,WIDENING TO 2LPS OF RAMPACHODAVARAM - KOYYURU SECTION OF NH516E FROM KM.43.700 TO KM 113.820 3-2022 1/2025 {1/2025},MoRTH,ROAD TRANSPORT & HIGHWAYS,ANDHRA PRADESH,2022-03,2025-01,568.12,Major,1,0,0,0.0,0.0,2024-03
N24001955,N24001955,GUDIWADA TOWN 2 LANE ROB AND ROAD IMPROVEMENT OF NH165 IN REPLACEMENT OF LC NO 3ESPL3 AT KM 231.700 3-2022 5/2025 {5/2025},MoRTH,ROAD TRANSPORT & HIGHWAYS,ANDHRA PRADESH,2022-03,2025-05,317.22,Major,1,0,0,0.0,0.0,2024-03
N24001959,N24001959,4 LANE FROM KM 56.400 TO KM 120.300 FROM B.KOTHAPALLI JUNCTION TO GORANTLA OF NH 716G 3-2022 9/2025 {9/2025},MoRTH,ROAD TRANSPORT & HIGHWAYS,ANDHRA PRADESH,2022-03,2025-09,839.98,Major,1,0,0,0.0,0.0,2024-03
N24001966,N24001966,BALANCE WORK FOR REHABILITATION AND UP- GRADATION OF SIDHI- SINGRAULI FROM KM 82.400 TO KM 187.993 SEC 12-2020 4/2023 {6/2025},MoRTH,ROAD TRANSPORT & HIGHWAYS,MADHYA PRADESH,2020-12,2023-04,529.44,Major,1,0,0,0.0,0.0,2024-03
N24001972,N24001972,WIDENING/IMPROVEMENT TO 4- LANE WITH PAVED SHOULDER FROM KM 0+800 (KANDULIJAN GAON) TO KM 27+701 (SI 3-2023 4/2026 {4/2026},NHIDCL,ROAD TRANSPORT & HIGHWAYS,ASSAM,2023-03,2026-04,609.16,Major,1,0,0,0.0,0.0,2024-03
N24001973,N24001973,WIDENING/IMPROVEMENT TO 4- LANE WITH PAVED SHOULDER FROM KM 27+701 (SIMEN CHAPORI) TO KM 55+000 (NAG 3-2023 2/2026 {2/2026},NHIDCL,ROAD TRANSPORT & HIGHWAYS,ASSAM,2023-03,2026-02,562.05,Major,1,0,0,0.0,0.0,2024-03
N24001975,N24001975,UP-GRADATION TO 2-LANE WITH PAVED SHOULDERS OF NGOPA - PAWLRANG SECTION OF NH 102B OF AIZAWL - IMPHA 9-2021 2/2025 {12/2025},NHIDCL,ROAD TRANSPORT & HIGHWAYS,MULTI STATE COAL,2021-09,2025-02,523.78,Major,1,0,0,0.0,0.0,2024-03
N24001982,N24001982,4L PS FROM KURNOOL (EXISTING KM. 5.400 OF NH- 40/DESIGN KM.0.000) TO MANDLEM (EXISTING KM.38.000/DESI 3-2023 10/2025 {10/2025},NHAI,ROAD TRANSPORT & HIGHWAYS,ANDHRA PRADESH,2023-03,2025-10,827.39,Major,1,0,0,0.0,0.0,2024-03
N24001987,N24001987,"CONSTRUCTION OF 1 NOS ROB, 2 NOS VUPS, SERVICE ROADS, PROVISION OF LIGHTING AND CONSTRUCTION OF OTHE 6-2023 12/2024 {12/2024}",NHAI,ROAD TRANSPORT & HIGHWAYS,ANDHRA PRADESH,2023-06,2024-12,152.05,Major,1,0,0,0.0,0.0,2024-03
N24001990,N24001990,4L POANTA SAHEB?MEDNIPUR FROM KM. 435.65 TO KM. 458.65 OF NH-07(PKG-1) 6-2022 5/2025,NHAI,ROAD TRANSPORT & HIGHWAYS,WEST BENGAL CIVIL AVIATION,2022-06,2025-05,524.54,Major,1,0,0,0.0,0.0,2024-03
N24001991,N24001991,ACCESS ROAD/BRIDGE CONNECTIVITY FROM NH-09 AT KM.40 NEAR JAGBUDA BRIDGE (INDIA) TO BOUNDARY PILLAR 5-2022 9/2024,NHAI,ROAD TRANSPORT & HIGHWAYS,WEST BENGAL CIVIL AVIATION,2022-05,2024-09,314.31,Major,1,0,0,0.0,0.0,2024-03
N24001992,N24001992,BALANCE WORKS OF 4-LANNING OF RAMPUR-KATHGODAM SECTION OF NH-87 (NEW NH NO. 09) FROM KM. 0.000 (KM 1 8-2022 2/2024,NHAI,ROAD TRANSPORT & HIGHWAYS,UTTAR PRADESH,2022-08,2024-02,199.31,Major,1,0,0,0.0,0.0,2024-03
N24001993,N24001993,DEVELOPMENT OF 6 LANE ACCESS CONTROLLED GREENFIELD HIGHWAY FROM KM. 97.000 TO KM. 162.500 MARADGI S 12-2022 10/2025 {10/2025},NHAI,ROAD TRANSPORT & HIGHWAYS,KARNATAKA CIVIL AVIATION,2022-12,2025-10,1589.0,Mega,1,0,0,0.0,0.0,2024-03
N24001996,N24001996,CONSTRUCTION OF TWO LANE WITH PAVED SHOULDER HIGHWAY FROM DESIGN CH.0.000 TO CH.49.2OO OF NH- 731B ON 3-2022 11/2025 {11/2025},MoRTH,ROAD TRANSPORT & HIGHWAYS,UTTAR PRADESH,2022-03,2025-11,640.18,Major,1,0,0,0.0,0.0,2024-03
N24002000,N24002000,WIDENING AND STRENGTHENING OF EXISTING 2 LANE WITH PAVED SHOULDER TO 4 LANE WITH PAVED SHOULDER FRO 3-2021 7/2024 {7/2024},MoRTH,ROAD TRANSPORT & HIGHWAYS,TELANGANA COAL,2021-03,2024-07,317.19,Major,1,0,0,0.0,0.0,2024-03
N24002002,N24002002,WIDENING AND IMPROVEMENT OF EXISTING CARRIAGE WAY TO 2 LANE WITH PAVED SHOULDERS FROM KM. 86/160 TO 1-2022 12/2024 {12/2024},MoRTH,ROAD TRANSPORT & HIGHWAYS,TELANGANA COAL,2022-01,2024-12,423.48,Major,1,0,0,0.0,0.0,2024-03
N24002006,N24002006,"ONSTRUCTION OF 4-LANE FLYOVER AT AMBERPET-X ROAD, HYDERABAD ON NH-202 IN THE STATE OF TELANGANA 10-2017 6/2023 {6/2023}",MoRTH,ROAD TRANSPORT & HIGHWAYS,TELANGANA COAL,2017-10,2023-06,186.71,Major,1,0,0,0.0,0.0,2024-03
N24002013,N24002013,CONSTRUCTION OF TWO LANE WITH PAVED SHOULDER FROM KM.0 TO KM. 80 ON NH 548B (VIJAYAPURA-SANKESWAR SE 3-2021 2/2022,MoRTH,ROAD TRANSPORT & HIGHWAYS,KARNATAKA CIVIL AVIATION,2021-03,2022-02,766.64,Major,1,0,0,0.0,0.0,2024-03
N24002018,N24002018,REHABILITATION AND UPGRADATION TO 2-LANE WITH PAVED SHOULDER CONFIGURATION OF JIRAPUR- SUSNER-MP-RJ B 1-2022 3/2025 {3/2025},MoRTH,ROAD TRANSPORT & HIGHWAYS,MADHYA PRADESH,2022-01,2025-03,239.72,Major,1,0,0,0.0,0.0,2024-03
N24002024,N24002024,DABOKA BYPASS OF DABOKA - PAROKHAOWA PKG -1 1-2023 11/2025 {11/2025},NHIDCL,ROAD TRANSPORT & HIGHWAYS,ASSAM,2023-01,2025-11,516.88,Major,1,0,0,0.0,0.0,2024-03
N24002026,N24002026,2 LANE WITH PAVED SHOULDER FROM KM 27+150 (GOLAI GAON) TO KM 47+682 (LEDO) ON EXISTING DIBRUGARH TO 3-2023 12/2025 {12/2026},NHIDCL,ROAD TRANSPORT & HIGHWAYS,ASSAM,2023-03,2025-12,643.42,Major,1,0,0,0.0,0.0,2024-03
N24002028,N24002028,LMPHAL TO JIRIBAM PKG-7 1-2023 12/2025,NHIDCL,ROAD TRANSPORT & HIGHWAYS,MANIPUR,2023-01,2025-12,760.16,Major,1,0,0,0.0,0.0,2024-03
N24002029,N24002029,WIDENING TO FOUR LANE WITH PAVED SHOULDER FROM DESIGN KM.49.200 TO KM.89.285 OF NH-731B ON EPC MODE 3-2022 1/2026 {1/2026},MoRTH,ROAD TRANSPORT & HIGHWAYS,UTTAR PRADESH,2022-03,2026-01,917.91,Major,1,0,0,0.0,0.0,2024-03
N24002032,N24002032,CONSTRUCTION OF 4-LANE HIGHWAY WITH PAVED SHOULDERS FROM KM 49.155 TO KM 74.700 OF NH-731A ON HYBRID 1-2022 1/2026 {1/2026},MoRTH,ROAD TRANSPORT & HIGHWAYS,UTTAR PRADESH,2022-01,2026-01,1156.72,Mega,1,0,0,0.0,0.0,2024-03
N24002034,N24002034,UPGRADATION TO 4L PS DIVIDED CARRIAGEWAY FROM PATAN (NEAR RAJPUR) TO GOJARIYA FROM KM 52.000 TO KM 1 12-2021 3/2025 {3/2025},NHAI,ROAD TRANSPORT & HIGHWAYS,GUJARAT CIVIL AVIATION,2021-12,2025-03,1181.34,Mega,1,0,0,0.0,0.0,2024-03
N24002037,N24002037,UPGRADATION OF EXISTING 4 LANE ISMAILABAD-AMBALA SECTION (KM. 0+000 TO KM 42+500) (PART OF AMBALA-KO 1-2023 12/2025 {3/2026},NHAI,ROAD TRANSPORT & HIGHWAYS,HARYANA,2023-01,2025-12,609.32,Major,1,0,0,0.0,0.0,2024-03
N24002038,N24002038,CONSTRUCTION OF 6-LANE GREENFIELD KARNAL RING ROAD STARTING FROM NH-44 NEAR VILLAGE SHAMGARH (DESIGN 11-2022 8/2025 {8/2025},NHAI,ROAD TRANSPORT & HIGHWAYS,HARYANA,2022-11,2025-08,1691.45,Mega,1,0,0,0.0,0.0,2024-03
N24002039,N24002039,CONSTRUCTION OF 6-LANE GREENFIELD AMBALA RING ROAD STARTING FROM JUNCTION WITH SHAMLI- AMBALA SECTION 2-2023 10/2025 {10/2025},NHAI,ROAD TRANSPORT & HIGHWAYS,HARYANA,2023-02,2025-10,1088.64,Mega,1,0,0,0.0,0.0,2024-03
N24002041,N24002041,DEVELOPMENT OF SIX-LANE ACCESS CONTROLLED HIGHWAY FROM ADHOYA MUSALMANA (AMBALA DISTRICT) TO SADOPUR 4-2022 5/2025 {5/2025},NHAI,ROAD TRANSPORT & HIGHWAYS,HIMACHAL PRADESH,2022-04,2025-05,1491.71,Mega,1,0,0,0.0,0.0,2024-03
N24002069,N24002069,CONSTRUCTION OF ADDITIONAL 3 LANE WITH PAVED SHOULDER (DESIGN LENGTH 8.87 KM) AS REALIGNMENT OF BAKA 7-2022 12/2024 {12/2024},NHAI,ROAD TRANSPORT & HIGHWAYS,MADHYA PRADESH,2022-07,2024-12,209.29,Major,1,0,0,0.0,0.0,2024-03
N24002072,N24002072,IMPROVEMENT OF EXISTING ALIGNMENT OF PANDHARPUR TOWN PART BYPASSED SECTION FROM WAKHARI TO LORD VITT 7-2022 10/2025 {10/2025},NHAI,ROAD TRANSPORT & HIGHWAYS,MAHARASHTRA CIVIL AVIATION,2022-07,2025-10,150.21,Major,1,0,0,0.0,0.0,2024-03
N24002073,N24002073,GARHMUKTESHWAR (KM. 83.200 OF NH-24) TO MEERUT (KM. 9.860 OF NH-235) INCLUDING CONNECTOR TO NH-119 10-2019 10/2023 {6/2025},NHAI,ROAD TRANSPORT & HIGHWAYS,UTTAR PRADESH,2019-10,2023-10,2068.99,Mega,1,0,0,0.0,0.0,2024-03
N24002078,N24002078,REHABILITATION AND UP GRADATION FROM 4 TO 8 LANING OF CHANDIKHOLE PARADIP SECTION OF NH 53 FROM KM. 12-2023 12/2025 {12/2025},NHAI,ROAD TRANSPORT & HIGHWAYS,ODISHA COAL,2023-12,2025-12,711.0,Major,1,0,0,0.0,0.0,2024-03
N24002085,N24002085,WIDENING OF RAEBARELI TO PRAYAGRAJ SECTION FROM KM. 82.650 TO KM. 161.450 OF NH-30 AND LINK ROAD FRO 11-2023 3/2025 {3/2025},NHAI,ROAD TRANSPORT & HIGHWAYS,UTTAR PRADESH,2023-11,2025-03,1470.93,Mega,1,0,0,0.0,0.0,2024-03
N24002088,N24002088,CONSTRUCTION OF FOUR LANE HIGHWAY FROM GHAZIPUR BALLIA UP BIHAR STATE BORDER (GREENFIELD) SECTION OF 10-2022 8/2025 {8/2025},NHAI,ROAD TRANSPORT & HIGHWAYS,UTTAR PRADESH,2022-10,2025-08,1493.5,Mega,1,0,0,0.0,0.0,2024-03
N24002092,N24002092,6-LANE AMRITSAR-BATHINDA GREENFIELD SECTION OF NH- 754A FROM JUNCTION WITH MOGA JALANDHAR ROAD (NH-70 3-2021 10/2025 {10/2025},NHAI,ROAD TRANSPORT & HIGHWAYS,PUNJAB,2021-03,2025-10,1801.37,Mega,1,0,0,0.0,0.0,2024-03
N24002103,N24002103,COMPLETION OF BALANCE WORKS PENDING IN BIT AND PIECES (INCOMPLETE STRETCH AT 7 LOCATIONS) AND LISTED 9-2022 1/2025 {4/2025},NHAI,ROAD TRANSPORT & HIGHWAYS,ANDHRA PRADESH,2022-09,2025-01,166.52,Major,1,0,0,0.0,0.0,2024-03
N24002107,N24002107,CONSTRUCTION OF NEW DOUBLE TIER 4 LANE ELEVATED CORRIDOR FROM CHENNAI PORT TO MADURAVOYAL IN CHENNAI 3-2023 5/2026 {5/2026},NHAI,ROAD TRANSPORT & HIGHWAYS,TAMIL NADU CIVIL AVIATION,2023-03,2026-05,1382.0,Mega,1,0,0,0.0,0.0,2024-03
N24002108,N24002108,CONSTRUCTION OF NEW DOUBLE TIER 4L ELEVATED CORRIDOR FROM CHENNAI PORT TO MADURAVOYAL IN CHENNAI DIS 3-2023 5/2026 {5/2026},NHAI,ROAD TRANSPORT & HIGHWAYS,TAMIL NADU CIVIL AVIATION,2023-03,2026-05,1618.96,Mega,1,0,0,0.0,0.0,2024-03
N24002112,N24002112,SIX LANING OF TUTICORIN PORT ROAD SECTION OF NH-7A (NEW NH-138) FROM KM 0.000 TO KM 6.140 [EFFECTIVE 3-2023 7/2024 {6/2025},NHAI,ROAD TRANSPORT & HIGHWAYS,TAMIL NADU CIVIL AVIATION,2023-03,2024-07,200.3,Major,1,0,0,0.0,0.0,2024-03
N24002117,N24002117,UPGRADATION OF DHORAJI JAMKANDORNA KALAVAD SECTION OF NH 927D FROM DESIGN CHAINAGE KM 00 TO KM 58.11 10-2022 2/2024,MoRTH,ROAD TRANSPORT & HIGHWAYS,GUJARAT CIVIL AVIATION,2022-10,2024-02,246.6,Major,1,0,0,0.0,0.0,2024-03
N26000115,N26000115,SUPER EDGE ROUTERS FOR BSNL INTERNET PROTOCOL - MULTI PROTOCOL LEBEL SWITCHING (IPMPLS) NETWORK and 3-2023 3/2024,BSNL,COAL,MULTI STATE COAL,2023-03,2024-03,239.6,Major,2,0,0,0.0,0.0,2024-03
N26000118,N26000118,OPTICAL TRANSPORT NETWORK (OTN) PH-4 IN BSNL 2-2024 8/2025 {8/2025},BSNL,OTHER CENTRAL SECTOR,NAGALAND,2024-02,2025-08,810.99,Major,1,0,0,0.0,0.0,2024-03
N28000056,N28000056,DELHI MRTS PHASE-III 9-2011 3/2016,DMRC,OTHER CENTRAL SECTOR,DELHI,2011-09,2016-03,38585.0,Mega,11,0,3,0.0,0.0,2024-03
N28000067,N28000067,2000 BOYS HOSTEL(1000 DOUBLE BEDDED ROOM) AT ISM DHANBAD 9-2012 3/2016 {3/2016},CPWD EDUCATION,COAL,JHARKHAND COAL,2012-09,2016-03,171.86,Major,10,0,0,0.0,0.0,2024-03
N28000071,N28000071,ESTABLISHMENT OF CENTRAL ARMED POLICE FORCE INSTITUTE OF MEDICAL SCIENCES(CAPFIMS) AT NEW DELHI 10-2013 10/2019 {9/2024},CPWD FOR MHA,OTHER CENTRAL SECTOR,DELHI,2013-10,2019-10,1219.21,Mega,10,1,0,27.0,0.0,2024-03
N28000098,N28000098,ESTABLISHMENT OF NATIONAL ANIMAL RESOURCE FACILITY FOR BIOMEDICAL RESEARCH AT HYDERABAD 10-2016 3/2020 4-2006 3/2027 {3/2025},CPWD FOR HEALTH,COAL,TELANGANA COAL,2016-10,2020-03,209.84,Major,8,0,0,0.0,0.0,2024-03
N28000100,N28000100,CONSTRUCTION OF ACADEMIC AND RESIDENTIAL COMPLEX UNDER PHASE-II FOR THE CAMPUS OF IIT PATNA 2-2016 6/2017 {1/2024},CPWD EDUCATION,CIVIL AVIATION,BIHAR CIVIL AVIATION,2016-02,2017-06,496.18,Major,8,0,2,0.0,0.0,2024-03
N28000105,N28000105,REDEVELOPMENT OF GPRA COLONY AT NAUROJI NAGAR 7-2016 {10/2024},NBCC,OTHER CENTRAL SECTOR,DELHI,2016-07,,2694.0,Mega,7,4,3,78.0,0.0,2024-03
N28000112,N28000112,C/O NEW HOSPITAL BLOCK FOR SREE CHITRA TIRUNAL INSTITIUTE OF MEDICAL SCIENCE AND TECHNOLOGY (SCTIMST 9-2017 3/2020,CPWD FOR HEALTH,OTHER CENTRAL SECTOR,KERALA,2017-09,2020-03,150.29,Major,7,0,0,0.0,0.0,2024-03
N28000117,N28000117,"CONSTRUCTION OF IITB RESEARCH PARK AT IIT BOMBAY, POWAI, MUMBAI 1-2018 7/2020",CPWD EDUCATION,CIVIL AVIATION,MAHARASHTRA CIVIL AVIATION,2018-01,2020-07,223.37,Major,7,0,0,0.0,0.0,2024-03
N28000121,N28000121,PUNE METRO RAIL PROJECT 12-2016 11/2021,PHASE 1,CIVIL AVIATION,MAHARASHTRA CIVIL AVIATION,2016-12,2021-11,11420.0,Mega,6,0,1,0.0,0.0,2024-03
N28000128,N28000128,REDEVELOPMENT OF GENERAL POOL RESIDENTIAL COLONY AT SRINIWASPURI NEW DELHI PHASE-I 10-2016 7/2021 {6/2024},CPWD,OTHER CENTRAL SECTOR,DELHI,2016-10,2021-07,1180.0,Mega,5,0,2,0.0,0.0,2024-03
N28000129,N28000129,REDEVELOPMENT OF GPRA AT KASTURBA NAGAR PHASE I 10-2016 3/2022 {6/2024},CPWD,OTHER CENTRAL SECTOR,DELHI,2016-10,2022-03,1128.0,Mega,5,0,3,0.0,0.0,2024-03
N28000131,N28000131,CONSTRUCTION OF PERMANENT CAMPUS IIT JAMMU (PHASE 1C) 1-2018 4/2023,CPWD EDUCATION,OTHER CENTRAL SECTOR,JAMMU AND KASHMIR,2018-01,2023-04,676.0,Major,5,1,0,184.0,0.0,2024-03
N28000141,N28000141,"C/O PERMANENT CAMPUS OF IIT BHILAI AT KUTHELABHATA, DURG CHHATTISGARH, STAGE I PHASE I. 3-2020 7/2022",CPWD EDUCATION,COAL,CHHATTISGARH COAL,2020-03,2022-07,808.62,Major,4,0,0,0.0,0.0,2024-03
N28000147,N28000147,"C/o separate family accommodation (Phase-I) on EPC basis for SSB at Faridabad (Haryana)"" 1-2020 10/2023",CPWD FOR MHA,OTHER CENTRAL SECTOR,HOME AFFAIRS,2020-01,2023-10,166.98,Major,4,0,1,0.0,6363569.772727273,2024-03
N28000149,N28000149,CONSTRUCTION729 QUARTERS (TYPE II-180 TYPE III-364 TYPE IV- 112 TYPE V-68 TYPE-VI-5 SHOPS COMMUNI 5-2019 9/2020 11-2016 4/2020 11-2017 12/2019 {12/2019} 7-2018 4/2022 {4/2022},CPWD,OTHER CENTRAL SECTOR,DELHI,2019-05,2020-09,299.97,Major,4,0,2,0.0,148.4224965706447,2024-03
N28000153,N28000153,"CONSTRUCTION OF 184 MULTI STORIED FLATS FOR HON'BLE MPS AT BKS MARG, NEW DELHI 1-2022 11/2024",CPWD,OTHER CENTRAL SECTOR,DELHI,2022-01,2024-11,646.52,Major,2,0,1,0.0,885.3260869565216,2024-03
N28000154,N28000154,CONSTRUCTION OF PERMANENT CAMPUS OF CENTRAL UNIVERSITY OF HIMACHAL PRADESH AT DEHRA AND JADRANGAL (D 4-2022 11/2024 {11/2024} 7-2022 6/2026 {6/2026},CPWD,OTHER CENTRAL SECTOR,JAMMU AND KASHMIR,2022-04,2024-11,512.34,Major,2,0,0,0.0,0.0,2024-03
N28000156,N28000156,REDEVELOPMENT OF GPRA AT NETAJI NAGAR NEW DELHI PACKAGE 2 10-2016 3/2024,NBCC,OTHER CENTRAL SECTOR,DELHI,2016-10,2024-03,1536.72,Mega,1,0,0,0.0,0.0,2024-03
N30000014,N30000014,CONSTRUCTION OF 564 MLD 124 MGD WASTE WATER TREATMENT PLANT WITH EFFLUENT STANDARDS OF BOD ? 10MG/L 3-2017 12/2022 {3/2025},DJB,OTHER CENTRAL SECTOR,DELHI,2017-03,2022-12,665.78,Major,5,0,0,0.0,0.0,2024-03
N30000021,N30000021,INTERCEPTION AND DIVERSION WORKS AND STP AT MUZAFFARNAGAR UTTAR PRADESH 1-2019 12/2021,UPJalNigam,OTHER CENTRAL SECTOR,UTTAR PRADESH,2019-01,2021-12,231.79,Major,5,0,4,0.0,0.0,2024-03
N30000024,N30000024,SEWERAGE SCHEME INTERCEPTION AND DIVERSION WITH STP WORKS AT MEERUT UTTAR PRADESH 2-2019 6/2022 {12/2025} 7-2018 9/2020,UPJalNigam,OTHER CENTRAL SECTOR,UTTARAKHAND,2019-02,2022-06,681.78,Major,5,0,3,0.0,0.0,2024-03
N30000032,N30000032,INTERCEPTION AND DIVERSION WITH STP AT MAHESHTALA 5-2018 2/2022 {8/2025},KMDA,CIVIL AVIATION,WEST BENGAL CIVIL AVIATION,2018-05,2022-02,198.43,Major,5,0,0,0.0,0.0,2024-03
N30000034,N30000034,INTERCEPTION DIVERSION TREATMENT WORKS AT TOLLYS NULLAH ADI GANGA 8-2017 9/2022,KMDA,CIVIL AVIATION,WEST BENGAL CIVIL AVIATION,2017-08,2022-09,307.12,Major,5,0,3,0.0,0.0,2024-03
N30000036,N30000036,"SEWER NETWORKS, SPS AND STP, MUNGER 3-2018 10/2021",BUIDCO,COAL,CHHATTISGARH COAL,2018-03,2021-10,294.02,Major,5,0,0,0.0,0.0,2024-03
N30000039,N30000039,SAIDPUR SEWER NETWORK PATNA 4-2015 1/2021 {6/2022},BUIDCO,COAL,CHHATTISGARH COAL,2015-04,2021-01,268.63,Major,5,1,2,0.0,0.0,2024-03
N30000044,N30000044,SEWERAGE SYSTEM WITH SEWER NETWORK PATNA KARMALICHAK 3-2017 5/2021,BUIDCO,COAL,CHHATTISGARH COAL,2017-03,2021-05,277.42,Major,5,0,0,0.0,0.0,2024-03
N38000001,N38000001,CENTRE FOR DISABILITY SPORTS 2-2019 3/2024 {3/2024},CPWD,CIVIL AVIATION,MAHARASHTRA CIVIL AVIATION,2019-02,2024-03,170.99,Major,3,0,1,0.0,0.0,2024-03
N42000002,N42000002,"CONSTRUCTION OF PERMANENT CAMPUS FOR NATIONAL INSTITUTE OF TECHNOLOGY GOA AT CUNCOLIM, GOA. 5-2019 8/2021 {12/2024}",CPWD EDUCATION,OTHER CENTRAL SECTOR,GOA,2019-05,2021-08,303.9,Major,5,1,0,17.0,0.0,2024-03
N42000005,N42000005,CONSTRUCTION OF PERMANENT CAMPUS FOR INDIAN INSTITUTE OF TECHNOLOGY TIRUPATI AT MERLAPAKA VILLAGE YE 2-2019 6/2020 {6/2020},CPWD EDUCATION,OTHER CENTRAL SECTOR,ANDHRA PRADESH,2019-02,2020-06,655.34,Major,4,0,0,0.0,0.0,2024-03
N42000006,N42000006,"CONSTRUCTION OF PERMANENT CAMPUS FOR INDIAN INSTITUTE OF TECHNOLOGY, DHARWAD 7-2019 3/2022",PHASE 1A,CIVIL AVIATION,KARNATAKA CIVIL AVIATION,2019-07,2022-03,851.0,Major,4,0,0,0.0,0.0,2024-03
N42000007,N42000007,"CONSTRUCTION OF PERMANENT CAMPUS FOR IISER AT JANGALAPALLI VILLAGE, YERPEDU MANDAL, CHITTOOR DISTRIC 9-2019 9/2022 {6/2024}",CPWD EDUCATION,OTHER CENTRAL SECTOR,ANDHRA PRADESH,2019-09,2022-09,588.72,Major,4,0,1,0.0,0.0,2024-03
N42000009,N42000009,PERMANENT CAMPUS FOR IIM BODH GAYA 9-2018 9/2020 {9/2020},CPWD EDUCATION,CIVIL AVIATION,BIHAR CIVIL AVIATION,2018-09,2020-09,375.0,Major,4,0,0,0.0,0.0,2024-03
N42000010,N42000010,ADDITIONAL INFRASTRUCTURE AT IISC BANGALORE SH RCC MONOLITHIC FOR MEN WOMEN HOSTEL 8-2021 2/2024,CPWD,CIVIL AVIATION,KARNATAKA CIVIL AVIATION,2021-08,2024-02,316.25,Major,3,2,2,0.0,299999971.4285714,2024-03
N45000002,N45000002,CONSTRUCTION OF HEADQUARTER BUILDING OF CRPF AT LODHI ROAD NEW DELHI 6-2019 7/2022 {9/2025} 4-2012 3/2023 {6/2026},CPWD FOR MHA,OTHER CENTRAL SECTOR,DELHI,2019-06,2022-07,277.35,Major,4,0,1,0.0,0.0,2024-03
