project_id,legacy_ocms_code,agency,sector,project_size_category,original_cost_crore,original_cost_log,planned_duration_months,pre_paimana_obs_months,historical_schedule_revision_count,historical_cost_revision_count,pre_paimana_max_schedule_slippage_months,pre_paimana_max_cost_escalation_pct
060100093,060100093,SECL,COAL,Mega,11816.4,9.377328300604933,153.0,11,1,1,108.0,40.0
102000,N24001897,BRO,ROAD TRANSPORT & HIGHWAYS,Major,642.24,6.466517904985824,40.0,1,0,0,0.0,0.0
105236,N24001476,NHAI,ROAD TRANSPORT & HIGHWAYS,Major,517.05,6.250071762697761,12.0,2,0,0,0.0,0.0
10980,N24001745,NHAI,ROAD TRANSPORT & HIGHWAYS,Mega,1972.1,7.587361188975415,43.0,2,0,0,0.0,0.0
120000,N24001957,MoRTH,ROAD TRANSPORT & HIGHWAYS,Major,349.29,5.85876138283622,47.0,1,0,0,0.0,0.0
120250,N24001632,NHAI,ROAD TRANSPORT & HIGHWAYS,Mega,1741.86,7.463282721008953,40.0,2,0,0,0.0,0.0
129000,N24001846,NHAI,ROAD TRANSPORT & HIGHWAYS,Mega,1200.42,7.091259469522378,32.0,2,0,0,0.0,0.0
132664,N24001477,NHAI,ROAD TRANSPORT & HIGHWAYS,Major,622.0,6.434546518787453,12.0,2,0,1,0.0,40775.0
134950,N24001899,BRO,ROAD TRANSPORT & HIGHWAYS,Major,395.25,5.98204532519149,41.0,1,0,0,0.0,0.0
14200,N24001998,BRO,ROAD TRANSPORT & HIGHWAYS,Major,832.46,6.725585710637353,38.0,1,0,0,0.0,0.0
144020,N24002097,NHAI,ROAD TRANSPORT & HIGHWAYS,Major,526.45,6.268054074127818,31.0,1,0,0,0.0,0.0
151330,N24001335,NHIDCL,ROAD TRANSPORT & HIGHWAYS,Major,284.21,5.653225751039049,37.0,3,0,2,0.0,2.368866328257192
160000,N24001847,NHAI,ROAD TRANSPORT & HIGHWAYS,Major,956.14,6.8639496712446615,34.0,2,0,0,0.0,0.0
165500,N24001958,MoRTH,ROAD TRANSPORT & HIGHWAYS,Major,311.22,5.74370806752852,50.0,1,0,0,0.0,0.0
170700,N24001953,MoRTH,ROAD TRANSPORT & HIGHWAYS,Major,388.71,5.965402872780123,33.0,1,0,0,0.0,0.0
176000,N24001848,NHAI,ROAD TRANSPORT & HIGHWAYS,Major,909.02,6.8134665772913605,32.0,2,0,0,0.0,0.0
180100210,180100210,NHPC,POWER,Mega,3919.59,8.273997431663066,84.0,11,0,2,0.0,0.0
180100221,180100221,NHPC,POWER,Mega,6285.33,8.746132713593306,84.0,11,0,2,0.0,0.0
180100242,180100242,NTPC,POWER,Mega,8692.97,9.070384960887159,80.0,11,2,0,22.0,0.0
188830,N24001415,NHAI,ROAD TRANSPORT & HIGHWAYS,Major,881.0,6.782192056006791,40.0,3,0,1,0.0,0.0
19220,N24001882,MoRTH,ROAD TRANSPORT & HIGHWAYS,Major,496.64,6.2098769240462905,31.0,1,0,0,0.0,0.0
20223,N24002110,NHAI,ROAD TRANSPORT & HIGHWAYS,Mega,1207.4,7.097052449512517,38.0,1,0,0,0.0,0.0
220100181,220100181,CR,RAILWAYS,Mega,2539.0,7.8399193600125825,349.0,11,5,2,119.0,0.0
220100188,220100188,NR,RAILWAYS,Mega,2018.0,7.610357618312838,537.0,11,0,0,0.0,0.0
220100232,220100232,WCR,RAILWAYS,Mega,8913.94,9.095483800044644,342.0,11,0,1,0.0,0.0
220100257,220100257,ECR,RAILWAYS,Major,614.45,6.422353707556304,332.0,11,6,0,320.0,0.0
220100265,220100265,SCR,RAILWAYS,Mega,2500.98,7.824837697389792,315.0,11,3,1,119.0,0.0
220100272,220100272,ER,RAILWAYS,Mega,1188.91,7.081632952993362,227.0,11,1,0,111.0,0.0
220100284,220100284,ECOR,RAILWAYS,Mega,3550.0,8.174984532943087,392.0,11,4,0,78.0,0.0
220100303,220100303,ECR,RAILWAYS,Mega,2066.78,7.634230846990526,140.0,11,3,0,164.0,0.0
220100305,220100305,ECR,RAILWAYS,Mega,1625.87,7.394413202367234,251.0,11,7,1,143.0,0.0
220100314,220100314,WCR,RAILWAYS,Mega,3032.0,8.017307507688582,296.0,11,2,0,287.0,0.0
220100328,220100328,ECOR,RAILWAYS,Mega,1928.1,7.564808851893844,239.0,11,4,0,465.0,0.0
22700,N24001107,MoRTH,ROAD TRANSPORT & HIGHWAYS,Major,381.08,5.945630010764183,22.0,5,0,0,0.0,0.0
24000,N24002102,NHAI,ROAD TRANSPORT & HIGHWAYS,Mega,2165.23,7.680743608442476,75.0,1,0,0,0.0,0.0
24300,N24001841,NHAI,ROAD TRANSPORT & HIGHWAYS,Major,912.94,6.817764923785166,33.0,2,0,0,0.0,0.0
249000,N24001667,NHAI,ROAD TRANSPORT & HIGHWAYS,Mega,1734.0,7.45876269238096,32.0,2,0,1,0.0,29.40239043824701
260860,N24001417,NHAI,ROAD TRANSPORT & HIGHWAYS,Mega,1234.4,7.119150083261799,40.0,3,0,1,0.0,1859033.7722695584
262175,N24001274,NHIDCL,ROAD TRANSPORT & HIGHWAYS,Major,379.39,5.941197042207926,20.0,4,0,2,0.0,57850.0
26400,N24001840,MoRTH,ROAD TRANSPORT & HIGHWAYS,Major,535.03,6.284190129653785,37.0,2,0,1,0.0,2965.3846153846152
293000,N24001678,NHAI,ROAD TRANSPORT & HIGHWAYS,Mega,1460.0,7.2868764117507,34.0,2,0,0,0.0,0.0
297700,N24001400,NHIDCL,ROAD TRANSPORT & HIGHWAYS,Major,211.7,5.3598827222061916,22.0,3,0,0,0.0,0.0
298500,N24001659,NHAI,ROAD TRANSPORT & HIGHWAYS,Mega,3375.31,8.124538676144773,41.0,2,0,1,0.0,0.0
33604,N24001482,NHAI,ROAD TRANSPORT & HIGHWAYS,Major,772.11,6.6504213411800395,26.0,2,0,0,0.0,0.0
342500,N24001665,NHAI,ROAD TRANSPORT & HIGHWAYS,Mega,1592.0,7.373374309910049,34.0,2,0,0,0.0,0.0
34795,N24001976,NHIDCL,ROAD TRANSPORT & HIGHWAYS,Major,430.24,6.066664779670917,38.0,1,0,0,0.0,0.0
362420,N24001420,NHAI,ROAD TRANSPORT & HIGHWAYS,Major,853.66,6.750703729030016,38.0,3,0,1,0.0,1854723.8021638333
372000,N24001903,MoRTH,ROAD TRANSPORT & HIGHWAYS,Major,206.54,5.3353240921771325,32.0,1,0,0,0.0,0.0
37352,N24001867,MoRTH,ROAD TRANSPORT & HIGHWAYS,Major,174.34,5.1667269461604395,28.0,1,0,0,0.0,0.0
37900,N24001902,MoRTH,ROAD TRANSPORT & HIGHWAYS,Major,213.32,5.367470225236353,21.0,1,0,0,0.0,0.0
38770,N24002093,NHAI,ROAD TRANSPORT & HIGHWAYS,Mega,1841.92,7.5191065492399,35.0,1,0,0,0.0,0.0
400005,N18000337,PGCIL,POWER,Mega,4546.26,8.422280132748876,11.0,2,0,0,0.0,0.0
400010,N04000078,AAI,CIVIL AVIATION,Major,480.33,6.176553105552927,38.0,5,0,0,0.0,0.0
400019,N22000514,UMBRELLA WORK,CIVIL AVIATION,Major,492.76,6.202049569174796,95.0,2,0,1,0.0,0.0
400022,N22000592,NWR,RAILWAYS,Mega,2798.16,7.937074651154293,96.0,2,0,0,0.0,0.0
400023,N22000558,SWR,RAILWAYS,Major,748.86,6.619886522439299,106.0,2,0,1,0.0,1903.125
400033,N06000254,WCL,COAL,Major,580.6,6.3657829262193095,70.0,2,0,0,0.0,0.0
400035,N16000495,Indian Oil Corporation Limited [IOCL],OTHER CENTRAL SECTOR,Major,656.0,6.48768401848461,39.0,2,0,1,0.0,7.547169811320755
400043,N16000455,CHENNAI,CIVIL AVIATION,Major,829.0,6.721425700790643,30.0,2,0,0,0.0,0.0
400073,N06000245,CCL,COAL,Major,799.34,6.685036637381008,122.0,3,0,0,0.0,0.0
400074,N06000246,CCL,COAL,Major,908.47,6.812862012257475,86.0,3,0,0,0.0,0.0
400077,N16000438,IOCL,PETROLEUM & NATURAL GAS,Major,827.0,6.71901315438526,30.0,3,1,2,5.0,0.0
400078,N16000435,IOCL,PETROLEUM & NATURAL GAS,Mega,9028.0,9.10819689830748,34.0,3,0,0,0.0,0.0
400087,N16000431,ONGC,PETROLEUM & NATURAL GAS,Major,885.63,6.787427758869102,54.0,3,0,0,0.0,0.0
400119,N16000213,ONGC,PETROLEUM & NATURAL GAS,Mega,3190.69,8.068305836058975,28.0,9,0,0,0.0,0.0
400120,N16000247,ONGC,PETROLEUM & NATURAL GAS,Mega,34012.0,10.434498083461216,51.0,8,0,2,0.0,0.0
400138,N06000238,CCL,COAL,Major,973.5,6.881924518947615,139.0,3,0,2,0.0,0.0
400139,N06000237,CCL,COAL,Major,625.4,6.439989144676593,139.0,3,0,0,0.0,0.0
400141,N10000010,NALCO,COAL,Mega,4103.0,8.319717386850606,76.0,8,0,0,0.0,0.0
400142,N06000193,NLC,COAL,Mega,2242.92,7.715979615383202,182.0,4,1,0,73.0,0.0
400144,N06000199,SECL,COAL,Mega,2310.12,7.74548753449964,99.0,4,1,2,0.0,3061.0000000000005
400148,N06000148,SECL,COAL,Major,869.44,6.768998830928092,60.0,8,0,2,0.0,0.0
400149,N06000197,SECL,COAL,Mega,2309.8,7.745349063907111,103.0,4,0,1,0.0,3566.6666666666665
400150,N06000216,CCL,COAL,Mega,7254.37,8.889497163328688,91.0,3,2,2,0.0,0.0
400151,N06000218,CCL,COAL,Major,778.8,6.659037476548497,92.0,3,0,0,0.0,0.0
400152,N06000233,SECL,COAL,Mega,1248.93,7.130842828728288,80.0,3,0,0,0.0,0.0
400153,N06000243,CCL,COAL,Mega,1020.42,6.928949094989139,86.0,3,1,0,36.0,0.0
400154,N06000242,CCL,COAL,Major,713.35,6.571373038311167,76.0,3,1,2,36.0,0.0
400155,N06000247,CCL,COAL,Mega,2898.28,7.972217709286943,82.0,3,1,0,24.0,0.0
400156,N06000217,CCL,COAL,Mega,5136.15,8.544253729963092,91.0,3,0,0,0.0,0.0
400160,N06000087,CCL,COAL,Major,510.85,6.23803161336578,75.0,11,2,0,108.0,0.0
400162,N06000184,NCL,COAL,Major,998.71,6.907465236924006,44.0,5,0,0,0.0,0.0
400165,N06000249,MCL,COAL,Mega,1693.81,7.435325919136224,94.0,3,0,1,0.0,0.0
400166,N06000113,MCL,COAL,Mega,5194.96,8.555636679531451,97.0,10,0,1,0.0,0.0
400167,N16000279,ONGC,PETROLEUM & NATURAL GAS,Mega,1162.56,7.059239549955923,109.0,7,2,2,0.0,0.0
400168,N16000430,GAIL,PETROLEUM & NATURAL GAS,Mega,8797.0,9.082279701908664,71.0,3,0,2,0.0,0.0
400169,N16000428,ONGC,PETROLEUM & NATURAL GAS,Major,631.03,6.448936861374701,47.0,3,0,2,0.0,0.0
400171,N16000402,HPCL,PETROLEUM & NATURAL GAS,Mega,1421.46,7.260143046097217,33.0,4,2,2,10.0,0.0
400172,N06000169,ECL,COAL,Major,513.98,6.244128064958184,91.0,6,0,2,0.0,0.0
400173,N06000236,ECL,COAL,Major,888.99,6.791210226708006,64.0,3,0,0,0.0,0.0
400174,N12000095,SAIL,COAL,Mega,1034.01,6.942166367488543,31.0,9,0,0,0.0,0.0
400177,N06000132,WCL,COAL,Major,727.28,6.590685589635764,115.0,9,0,0,0.0,0.0
400178,N06000222,8.0 MTY,CIVIL AVIATION,Major,822.88,6.714024888236277,85.0,3,0,0,0.0,0.0
400180,N06000244,ECL,COAL,Major,570.12,6.347599345194205,55.0,3,0,2,0.0,0.0
400181,N06000170,ECL,COAL,Major,502.68,6.221941145788984,127.0,6,0,1,0.0,0.0
400182,N06000165,ECL,COAL,Major,535.18,6.284469925591108,106.0,6,0,0,0.0,0.0
400183,N06000230,MCL,COAL,Mega,3504.21,8.162005712081882,103.0,3,0,2,0.0,0.0
400185,N06000229,MCL,COAL,Mega,6107.87,8.71749709234477,71.0,3,1,1,0.0,0.0
400187,N06000167,MCL,COAL,Mega,2434.75,7.798009996305451,106.0,6,0,0,0.0,0.0
400204,N22000569,NER,RAILWAYS,Mega,4939.78,8.505278492454748,144.0,2,0,1,0.0,0.0
400205,N22000565,NER,RAILWAYS,Major,371.77,5.920961607470378,115.0,2,1,1,15.0,183337941.6666667
400220,N22000489,IRCON,COAL,Mega,3055.0,8.024862150286411,65.0,6,0,1,0.0,0.0
400223,N22000626,SR,RAILWAYS,Major,677.12,6.519324263429752,212.0,2,0,0,0.0,0.0
400231,N06000270,NLC,COAL,Mega,27213.0,10.211486825750804,64.0,1,0,0,0.0,0.0
400232,N22000521,ECOR,RAILWAYS,Major,296.51,5.695447837866143,204.0,2,0,1,0.0,0.0
400247,N22000624,ER,RAILWAYS,Mega,1000.0,6.90875477931522,116.0,2,0,1,0.0,0.0
400253,N22000409,RVNL,RAILWAYS,Mega,4803.16,8.47723748822394,431.0,8,1,0,225.0,0.0
400259,N06000152,NLC,OTHER CENTRAL SECTOR,Mega,17237.0,9.754871528207344,64.0,8,0,0,0.0,0.0
400261,N18000275,NTPC,POWER,Mega,17112.0,9.747593687577451,64.0,5,0,0,0.0,0.0
400271,N22000231,CR,RAILWAYS,Mega,3445.48,8.14510869932033,227.0,11,2,1,131.0,0.0
400275,N22000085,SR,RAILWAYS,Mega,3631.34,8.197632347674624,120.0,10,5,2,243.0,0.0
400277,N22000110,MTP,CIVIL AVIATION,Mega,8964.35,9.101122425991052,188.0,11,0,0,0.0,0.0
400280,N22000028,MRTP,CIVIL AVIATION,Major,734.01,6.59988410456246,219.0,11,0,0,0.0,0.0
400291,N22000318,ECOR,RAILWAYS,Mega,1588.7,7.371300598166826,87.0,10,1,0,24.0,0.0
400298,N22000286,SCR,RAILWAYS,Mega,2312.0,7.746300662231439,193.0,10,3,2,300.0,0.0
400299,N10000016,NALCO,COAL,Mega,1437.0,7.271008538280992,79.0,2,1,1,79.0,336.17021276595744
400301,N16000234,BPCL,PETROLEUM & NATURAL GAS,Major,678.0,6.520621127558696,51.0,8,1,1,73.0,0.0
400312,N06000223,5.00 MTY,CIVIL AVIATION,Mega,1210.12,7.099300830303624,107.0,3,0,0,0.0,0.0
400313,N06000163,ECL,COAL,Mega,2661.73,7.887107191263239,120.0,6,2,2,0.0,0.0
400315,N06000220,ECL,COAL,Mega,5365.88,8.588002013067168,92.0,3,0,0,0.0,0.0
400321,N06000196,NCL,COAL,Mega,1729.68,7.456269673846386,52.0,4,0,2,0.0,506.6666666666666
400352,N06000240,CCL,COAL,Major,764.57,6.640620654418016,127.0,3,0,1,0.0,0.0
400353,N06000209,WCL,COAL,Major,711.0,6.568077911411976,77.0,3,0,0,0.0,0.0
400354,N06000200,SECL,COAL,Mega,5241.4,8.564534687725287,99.0,4,0,0,0.0,0.0
400369,N06000192,NCL,COAL,Major,836.42,6.730325736748608,43.0,4,0,0,0.0,0.0
400392,N06000171,MCL,COAL,Mega,2838.87,7.951513555459673,124.0,6,0,2,0.0,0.0
400425,N06000098,BCCL,COAL,Mega,1230.27,7.115801436009194,91.0,11,1,2,47.0,0.0
40380,N24001919,MoRTH,ROAD TRANSPORT & HIGHWAYS,Major,193.16,5.268682561418346,33.0,1,0,0,0.0,0.0
40430,N24001375,MoRTH,ROAD TRANSPORT & HIGHWAYS,Major,496.47,6.209535253272901,81.0,3,0,1,0.0,0.0
42250,N24001925,MoRTH,ROAD TRANSPORT & HIGHWAYS,Major,423.18,6.0501578934472,41.0,1,0,0,0.0,0.0
423500,N24001551,NHAI,ROAD TRANSPORT & HIGHWAYS,Mega,3044.02,8.021262748266926,35.0,2,0,1,0.0,2.4615384615384617
43060,N24001441,MoRTH,ROAD TRANSPORT & HIGHWAYS,Major,302.88,5.716632886635021,18.0,2,0,0,0.0,0.0
45700,N24001843,NHAI,ROAD TRANSPORT & HIGHWAYS,Major,992.89,6.90162653654896,35.0,2,0,0,0.0,0.0
468100,N24001552,NHAI,ROAD TRANSPORT & HIGHWAYS,Mega,2714.95,7.906897079083505,35.0,2,1,1,0.0,0.0
503500,N24001550,NHAI,ROAD TRANSPORT & HIGHWAYS,Mega,1821.72,7.508085169903447,36.0,2,0,0,0.0,0.0
50500,N24001963,MoRTH,ROAD TRANSPORT & HIGHWAYS,Major,305.12,5.72397718194172,34.0,1,0,0,0.0,0.0
50600,N24001926,NHAI,ROAD TRANSPORT & HIGHWAYS,Major,939.86,6.846794350620995,27.0,1,0,0,0.0,0.0
50860,N24002106,NHAI,ROAD TRANSPORT & HIGHWAYS,Major,993.77,6.902511554659084,19.0,1,0,0,0.0,0.0
51700,N24001394,NHIDCL,ROAD TRANSPORT & HIGHWAYS,Major,512.43,6.241113700699456,19.0,3,0,0,0.0,0.0
52000,N24001338,NHIDCL,ROAD TRANSPORT & HIGHWAYS,Major,816.79,6.706605579927191,38.0,3,0,2,0.0,0.0
55937,N24001123,MoRTH,ROAD TRANSPORT & HIGHWAYS,Major,381.77,5.947434286601761,28.0,5,0,1,0.0,1985104.549214227
59000,N24001438,NHIDCL,ROAD TRANSPORT & HIGHWAYS,Major,161.73,5.092092385672523,29.0,2,0,0,0.0,0.0
602098,N28000130,CPWD EDUCATION,OTHER CENTRAL SECTOR,Major,424.93,6.054275013518657,40.0,5,1,0,54.0,0.0
602099,N42000008,CPWD EDUCATION,OTHER CENTRAL SECTOR,Major,392.51,5.975106480495164,45.0,4,0,0,0.0,0.0
602181,N18000325,NHPC,POWER,Mega,5748.04,8.656788163330866,60.0,3,0,2,0.0,0.0
602182,N18000362,NHPC,POWER,Mega,31876.39,10.369652260041995,108.0,2,0,1,0.0,0.0
602184,N18000178,National Thermal Power Corporation [NTPC],OTHER CENTRAL SECTOR,Mega,1381.84,7.231894634444255,60.0,10,0,0,0.0,0.0
602185,N18000014,4X130MW,OTHER CENTRAL SECTOR,Mega,2978.48,7.999504067628844,76.0,11,0,2,0.0,9450.0
602193,N18000010,THDCIL,OTHER CENTRAL SECTOR,Mega,1657.0,7.4133673356952405,48.0,8,1,2,67.0,0.0
602195,N18000042,THDCIL,OTHER CENTRAL SECTOR,Mega,2491.58,7.821073597609785,58.0,11,2,1,35.0,0.0
602223,N18000249,PGCIL,POWER,Mega,4754.42,8.467040299154506,48.0,8,0,0,0.0,0.0
602525,N18000172,CVPPPL,OTHER CENTRAL SECTOR,Mega,8112.12,9.001237783361729,66.0,9,0,2,0.0,0.0
602532,N18000278,CVPPPL,OTHER CENTRAL SECTOR,Mega,4287.59,8.363713286569132,65.0,3,0,0,0.0,0.0
602535,N18000324,NHPC,POWER,Mega,5281.94,8.572238039916403,60.0,3,0,2,0.0,0.0
602579,N18000194,SJVN,POWER,Mega,10439.09,9.253408482089126,58.0,9,1,0,85.0,0.0
602582,N18000291,SJVN,POWER,Major,687.97,6.53519772870141,61.0,3,0,2,0.0,563.6363636363636
602593,N18000279,SJVN,POWER,Mega,1810.56,7.501943631508949,62.0,4,0,2,0.0,0.0
602792,N22000572,SECR,RAILWAYS,Mega,1171.3,7.066722910077782,159.0,2,0,0,0.0,0.0
602961,N18000364,NTPC,POWER,Mega,11844.0,9.379661116592885,57.0,2,0,1,0.0,18850.0
603293,N18000367,NTPC,POWER,Major,501.79,6.220172587894604,68.0,2,1,1,0.0,0.0
604791,N16000379,NRL,PETROLEUM & NATURAL GAS,Mega,12366.0,9.422786913742057,69.0,5,0,1,0.0,0.0
604795,N16000434,CPCL,CIVIL AVIATION,Mega,31580.0,10.360310952919434,53.0,3,0,0,0.0,0.0
604833,N16000503,IOCL,PETROLEUM & NATURAL GAS,Major,281.35,5.643147436118846,95.0,1,0,0,0.0,0.0
604852,N16000506,IOCL,PETROLEUM & NATURAL GAS,Major,980.45,6.889031069983857,45.0,1,0,0,0.0,0.0
604853,N16000375,IOCL,PETROLEUM & NATURAL GAS,Mega,2281.94,7.733219364975503,42.0,5,0,2,0.0,0.0
604859,N16000396,IOCL,PETROLEUM & NATURAL GAS,Mega,13805.0,9.53285855926342,42.0,4,0,0,0.0,0.0
604863,N16000331,OIL,PETROLEUM & NATURAL GAS,Major,543.91,6.300620643411848,25.0,6,0,1,0.0,0.0
605155,N18000363,CVPPPL,OTHER CENTRAL SECTOR,Mega,4526.12,8.417841254705579,54.0,2,0,0,0.0,0.0
605156,N18000326,NHPC,POWER,Major,938.29,6.845124270717886,38.0,3,0,1,0.0,0.0
605292,N28000142,CPWD EDUCATION,OTHER CENTRAL SECTOR,Major,348.24,5.855759364942607,31.0,4,0,0,0.0,0.0
606431,N28000140,CPWD EDUCATION,OTHER CENTRAL SECTOR,Major,753.63,6.62622756290216,20.0,5,1,1,18.0,0.0
607701,N16000414,IOCL,PETROLEUM & NATURAL GAS,Major,412.0,6.023447592961033,29.0,3,0,0,0.0,0.0
607709,N18000250,PGCIL,POWER,Mega,5111.33,8.539410547964462,48.0,8,0,0,0.0,0.0
60800,N24001633,NHAI,ROAD TRANSPORT & HIGHWAYS,Mega,1430.88,7.2667435451265865,36.0,2,0,0,0.0,0.0
609019,N28000146,CPWD EDUCATION,CIVIL AVIATION,Major,193.83,5.2721273834577955,3.0,4,0,0,0.0,0.0
609736,N44000002,Sikkim Universi,OTHER CENTRAL SECTOR,Major,314.06,5.752763096877823,53.0,2,0,0,0.0,0.0
610315,N28000126,CPWD EDUCATION,COAL,Major,790.79,6.674296205140396,38.0,5,0,0,0.0,0.0
610984,N16000445,ONGC,PETROLEUM & NATURAL GAS,Major,431.0,6.068425588244111,50.0,2,0,0,0.0,0.0
611016,N06000195,BCCL,COAL,Major,384.57,5.954722758879874,57.0,4,1,2,0.0,1700.0
611017,N06000194,BCCL,COAL,Major,334.27,5.81493617735479,30.0,4,0,2,0.0,1660.0000000000002
611047,N04000107,AAI,CIVIL AVIATION,Major,861.37,6.759684412907734,47.0,1,0,0,0.0,0.0
611452,N22000434,WR,RAILWAYS,Major,311.0,5.7430031878094825,175.0,7,2,0,144.0,0.0
611586,N18000344,SJVN,POWER,Mega,2614.51,7.869214386164091,63.0,2,0,1,0.0,4090887.272727273
611735,N18000378,PGCIL,POWER,Major,331.0,5.805134968916488,27.0,1,0,0,0.0,0.0
611752,N22000585,SCR,RAILWAYS,Major,351.83,5.865986354531055,48.0,2,0,0,0.0,0.0
611849,N22000608,NWR,RAILWAYS,Major,968.92,6.877213593869438,65.0,2,0,0,0.0,0.0
611861,N22000606,NWR,RAILWAYS,Major,352.41,5.867628856033077,52.0,2,0,0,0.0,0.0
611884,N22000604,NWR,RAILWAYS,Major,471.06,6.157106096150733,60.0,2,0,1,0.0,3921576.292335116
611917,N16000458,IOCL,PETROLEUM & NATURAL GAS,Mega,1459.0,7.286191714702382,36.0,2,0,0,0.0,0.0
611943,N22000550,WR,RAILWAYS,Major,410.46,6.0197118100460845,59.0,2,0,0,0.0,0.0
611945,N22000538,WR,RAILWAYS,Major,202.5,5.31566600488265,96.0,2,0,1,0.0,0.0
611947,N18000379,PGCIL,POWER,Major,428.0,6.061456918928017,19.0,1,0,0,0.0,0.0
611948,N18000374,PGCIL,POWER,Mega,2211.0,7.701652362642226,18.0,1,0,0,0.0,0.0
611949,N18000375,PGCIL,POWER,Mega,1796.0,7.493873886783559,18.0,1,0,0,0.0,0.0
611951,N18000373,PGCIL,POWER,Major,688.74,6.5363147149857745,18.0,1,0,0,0.0,0.0
611966,N18000377,PGCIL,POWER,Major,224.0,5.41610040220442,20.0,1,0,0,0.0,0.0
611967,N18000380,PGCIL,POWER,Mega,1249.0,7.1308988302963465,18.0,1,0,0,0.0,0.0
611970,N22000540,WR,RAILWAYS,Major,670.0,6.508769136971682,85.0,2,0,0,0.0,0.0
611971,N22000541,WR,RAILWAYS,Major,216.72,5.383209833565999,94.0,2,0,0,0.0,0.0
612072,N22000532,WR,RAILWAYS,Major,961.67,6.869710673942491,49.0,2,1,1,0.0,550013200.0
612096,N22000206,NFR,RAILWAYS,Mega,1208.67,7.0981028741212135,203.0,11,3,0,119.0,0.0
612781,N12000132,SAIL,CIVIL AVIATION,Major,916.78,6.821957710483379,37.0,1,0,0,0.0,0.0
612786,N04000106,AAI,CIVIL AVIATION,Major,265.91,5.586911522924786,34.0,1,0,0,0.0,0.0
612787,N04000108,AAI,CIVIL AVIATION,Major,320.47,5.772904226726582,32.0,1,0,0,0.0,0.0
612788,N04000105,AAI,CIVIL AVIATION,Major,322.45,5.779044542489994,32.0,1,0,0,0.0,0.0
612790,N16000509,MANGALORE REFIN,CIVIL AVIATION,Major,385.0,5.955837369464831,28.0,1,0,0,0.0,0.0
612791,N04000109,AAI,CIVIL AVIATION,Major,328.3,5.7969691893823185,30.0,1,0,0,0.0,0.0
612815,N22000573,SECR,RAILWAYS,Major,170.49,5.1445249558680555,51.0,2,0,1,0.0,0.0
612819,N06000269,NLC India Limited [NLCIL],OTHER CENTRAL SECTOR,Mega,1813.0,7.503289630675082,18.0,1,0,0,0.0,0.0
612885,N42000001,RITES OF HIGHER,OTHER CENTRAL SECTOR,Major,484.32,6.1848084671836725,12.0,5,0,0,0.0,0.0
612894,N42000011,CPWD,OTHER CENTRAL SECTOR,Major,512.37,6.240996832760095,44.0,1,0,0,0.0,0.0
613793,N06000191,ECL,COAL,Major,483.65,6.183426980938617,71.0,4,0,0,0.0,0.0
613798,N06000123,SECL,COAL,Major,335.97,5.819993905618264,37.0,10,0,2,0.0,0.0
613799,N06000135,SECL,COAL,Major,316.1,5.759217181544302,56.0,9,0,1,0.0,0.0
613800,N06000232,SECL,COAL,Major,459.49,6.132291139932975,44.0,3,0,0,0.0,0.0
613801,N06000164,SECL,COAL,Major,410.26,6.0192256178933725,94.0,6,0,2,0.0,0.0
613802,N06000125,SECL,COAL,Major,371.04,5.9190013753742665,75.0,10,0,2,0.0,0.0
613803,N06000166,SECL,COAL,Major,366.94,5.907919881397637,62.0,6,0,2,0.0,0.0
613804,N06000250,WCL,COAL,Major,314.09,5.752858312302793,63.0,2,0,0,0.0,0.0
613808,N06000096,BCCL,COAL,Major,339.88,5.831530509191657,38.0,11,0,2,0.0,0.0
615183,N06000208,NCL,COAL,Major,491.67,6.199839578717014,45.0,3,0,1,0.0,0.0
615184,N06000251,WCL,COAL,Major,228.64,5.436512865299436,74.0,2,0,0,0.0,0.0
615185,N06000257,WCL,COAL,Major,399.2,5.991964422149633,54.0,2,1,1,58.0,0.0
615186,N06000206,WCL,COAL,Major,319.04,5.768445987981924,67.0,3,0,0,0.0,0.0
615187,N06000260,WCL,COAL,Major,220.62,5.400964203508179,76.0,2,0,1,0.0,4444537.037037037
615188,N06000255,WCL,COAL,Major,402.27,5.999606312799605,54.0,2,0,0,0.0,0.0
615189,N06000253,WCL,COAL,Major,361.87,5.894044643400399,45.0,2,0,0,0.0,0.0
615190,N06000252,WCL,COAL,Major,335.75,5.819340815290474,82.0,2,0,0,0.0,0.0
615192,N06000264,WCL,COAL,Major,309.58,5.738441517141043,59.0,2,0,1,0.0,0.7575757575757576
615193,N06000112,MCL,COAL,Major,479.15,6.174098555083981,58.0,10,0,0,0.0,0.0
615194,N06000265,WCL,COAL,Major,206.88,5.336960990140241,98.0,1,0,0,0.0,0.0
615195,N06000266,WCL,COAL,Major,166.25,5.119489699008338,54.0,1,0,0,0.0,0.0
615199,N06000267,WCL,COAL,Major,198.71,5.296866314280722,42.0,1,0,0,0.0,0.0
615206,N06000183,WCL,COAL,Major,414.16,6.0286639880970885,79.0,5,0,0,0.0,0.0
615349,N06000241,CCL,COAL,Major,230.41,5.44419102903758,88.0,3,0,2,0.0,0.0
615818,N06000259,SCCL,CIVIL AVIATION,Major,297.88,5.700042155040478,39.0,2,0,1,0.0,11.458333333333332
615822,N06000239,CCL,COAL,Major,222.82,5.410842157389881,94.0,3,0,2,0.0,0.0
615843,N06000186,CCL,COAL,Major,243.52,5.499297105160525,40.0,5,0,0,0.0,0.0
615857,N06000203,SCCL,COAL,Major,494.3,6.2051636395941925,48.0,3,0,2,0.0,0.0
615858,N06000213,SCCL,COAL,Major,384.32,5.954074157889423,48.0,3,0,1,0.0,0.0
615860,N06000202,SCCL,COAL,Major,438.98,6.0867292713337635,44.0,3,0,2,0.0,0.0
615861,N06000211,SCCL,COAL,Major,349.28,5.858732834654024,43.0,3,0,2,0.0,0.0
615862,N06000258,SCCL,COAL,Major,345.6,5.848171377281505,56.0,2,0,1,0.0,1.96078431372549
615863,N06000204,SCCL,COAL,Major,484.51,6.185199884841606,29.0,3,0,0,0.0,0.0
615865,N06000214,SCCL,COAL,Major,442.42,6.0945174021640645,31.0,3,0,2,0.0,5200.0
615914,N06000205,WCL,COAL,Major,184.71,5.224186317204961,84.0,3,0,0,0.0,0.0
615918,N06000256,WCL,COAL,Major,405.2,6.0068456491462845,66.0,2,0,0,0.0,0.0
615982,N06000154,3.5 MTY,COAL,Major,319.76,5.770693179938828,67.0,7,0,2,0.0,3728.571428571429
616044,N06000179,WCL,COAL,Major,237.06,5.472522742739733,26.0,5,0,1,0.0,0.0
616050,N06000226,WCL,COAL,Major,235.9,5.46763811116474,66.0,3,0,2,0.0,4275.0
616223,N06000219,WCL,COAL,Major,316.0,5.75890177387728,64.0,3,0,0,0.0,0.0
616234,N06000045,SECL,COAL,Mega,1624.59,7.393626105790439,5.0,11,1,3,96.0,1170.0
616600,N30000027,BUIDCO,COAL,Major,254.13,5.541773219174124,35.0,5,0,2,0.0,0.0
616604,N30000042,KMDA,CIVIL AVIATION,Major,160.0,5.081404364984463,45.0,5,0,4,0.0,0.0
616611,N30000051,BUIDCO,COAL,Major,824.0,6.715383386334681,58.0,5,1,1,0.0,0.0
616612,N30000050,BUIDCO,COAL,Major,578.89,6.362838430381235,58.0,5,1,2,0.0,0.0
616615,N30000026,BUIDCO,CIVIL AVIATION,Major,230.06,5.442677417054872,40.0,5,0,1,0.0,0.0
616616,N30000035,BUIDCO,COAL,Major,305.19,5.724205824297079,41.0,5,0,0,0.0,0.0
616858,N16000450,OIL,PETROLEUM & NATURAL GAS,Major,430.76,6.067869878310387,43.0,2,1,1,4.0,533348233.3333333
617253,N12000129,SAIL,COAL,Major,513.82,6.243817325006178,22.0,1,0,0,0.0,0.0
617254,N12000134,SAIL,COAL,Major,884.1,6.785700632974831,23.0,1,0,0,0.0,0.0
617255,N12000131,SAIL,COAL,Major,471.83,6.1587359158555595,32.0,1,0,0,0.0,0.0
617256,N12000133,SAIL,COAL,Major,627.31,6.443033675245955,36.0,1,0,0,0.0,0.0
617280,N10000015,Central Public Works Department (CPWD),OTHER CENTRAL SECTOR,Major,255.37,5.5466217135207465,78.0,3,0,2,0.0,1920.0
617302,N16000275,GAIL,PETROLEUM & NATURAL GAS,Mega,1740.0,7.462214939768189,45.0,7,0,2,0.0,0.0
617886,N24001465,MoRTH,ROAD TRANSPORT & HIGHWAYS,Major,252.19,5.53414019501932,51.0,2,0,0,0.0,0.0
617887,N24001411,MoRTH,ROAD TRANSPORT & HIGHWAYS,Major,379.23,5.940776332780459,34.0,3,1,1,24.0,0.0
617891,N24001866,MoRTH,ROAD TRANSPORT & HIGHWAYS,Major,186.29,5.232658217741762,29.0,1,0,0,0.0,0.0
617892,N24001297,MoRTH,ROAD TRANSPORT & HIGHWAYS,Major,450.65,6.112907543595853,96.0,4,1,2,76.0,0.0
617897,N24001879,MoRTH,ROAD TRANSPORT & HIGHWAYS,Major,295.24,5.691169936605357,40.0,1,0,0,0.0,0.0
617900,N24001530,MoRTH,ROAD TRANSPORT & HIGHWAYS,Major,150.11,5.018008048425669,33.0,2,0,0,0.0,0.0
617901,N24001528,MoRTH,ROAD TRANSPORT & HIGHWAYS,Major,194.88,5.277502226834117,35.0,2,0,0,0.0,0.0
617904,N24001862,MoRTH,ROAD TRANSPORT & HIGHWAYS,Major,238.78,5.4797218362795075,44.0,2,0,0,0.0,0.0
617905,N24001865,MoRTH,ROAD TRANSPORT & HIGHWAYS,Major,324.09,5.784102067070543,41.0,2,0,1,0.0,0.0
617906,N24002118,MoRTH,ROAD TRANSPORT & HIGHWAYS,Major,246.6,5.511814540810441,51.0,1,0,0,0.0,0.0
617911,N24000513,MoRTH,ROAD TRANSPORT & HIGHWAYS,Major,511.83,6.239944406235359,29.0,9,0,0,0.0,0.0
617913,N24000987,MoRTH,ROAD TRANSPORT & HIGHWAYS,Major,283.15,5.649502267743131,28.0,5,0,4,0.0,25233.333333333336
617915,N24002019,MoRTH,ROAD TRANSPORT & HIGHWAYS,Major,329.14,5.799516806919395,44.0,1,0,0,0.0,0.0
617917,N24001883,MoRTH,ROAD TRANSPORT & HIGHWAYS,Major,478.83,6.173431874503444,36.0,1,0,0,0.0,0.0
617919,N24001227,MoRTH,ROAD TRANSPORT & HIGHWAYS,Major,349.03,5.858018865095914,10.0,2,0,0,0.0,0.0
617921,N24001858,MoRTH,ROAD TRANSPORT & HIGHWAYS,Major,499.79,6.216186851535406,39.0,2,0,1,0.0,0.0
617924,N24001860,MoRTH,ROAD TRANSPORT & HIGHWAYS,Major,300.33,5.708206009715981,39.0,2,0,0,0.0,0.0
617925,N24001861,MoRTH,ROAD TRANSPORT & HIGHWAYS,Major,157.49,5.065691499844334,33.0,2,0,0,0.0,0.0
617929,N24000781,MoRTH,ROAD TRANSPORT & HIGHWAYS,Major,248.0,5.517452896464707,24.0,6,0,3,0.0,4827.272727272727
617930,N24001859,MoRTH,ROAD TRANSPORT & HIGHWAYS,Major,196.94,5.287963954468545,36.0,2,1,1,10.0,1471.1864406779662
617934,N24001112,MoRTH,ROAD TRANSPORT & HIGHWAYS,Major,406.54,6.0101390873727905,38.0,5,0,0,0.0,0.0
617935,N24001938,MoRTH,ROAD TRANSPORT & HIGHWAYS,Major,298.0,5.700443573390687,36.0,1,0,0,0.0,0.0
617936,N24000981,MoRTH,ROAD TRANSPORT & HIGHWAYS,Major,248.83,5.520780686557383,29.0,5,0,3,0.0,738.3167220376523
617940,N24002004,MoRTH,ROAD TRANSPORT & HIGHWAYS,Major,545.11,6.302820420654982,40.0,1,0,0,0.0,0.0
617944,N24001132,MoRTH,ROAD TRANSPORT & HIGHWAYS,Major,743.21,6.6123232530702944,45.0,5,0,0,0.0,0.0
617946,N24000584,MoRTH,ROAD TRANSPORT & HIGHWAYS,Mega,1142.62,7.041953948927621,47.0,8,3,0,93.0,0.0
617947,N24000585,MoRTH,ROAD TRANSPORT & HIGHWAYS,Mega,1101.58,7.005408167046757,44.0,8,3,4,88.0,28325.0
617948,N24001134,MoRTH,ROAD TRANSPORT & HIGHWAYS,Mega,1230.02,7.115598373006169,44.0,5,0,0,0.0,0.0
617954,N24001937,MoRTH,ROAD TRANSPORT & HIGHWAYS,Major,398.48,5.990163701374934,12.0,1,0,0,0.0,0.0
617955,N24002012,MoRTH,ROAD TRANSPORT & HIGHWAYS,Major,718.52,6.5785843230223975,24.0,1,0,0,0.0,0.0
617957,N24002120,MoRTH,ROAD TRANSPORT & HIGHWAYS,Major,274.06,5.616989255686562,31.0,1,0,0,0.0,0.0
617958,N24001876,MoRTH,ROAD TRANSPORT & HIGHWAYS,Major,566.15,6.340623819005051,36.0,1,0,0,0.0,0.0
617959,N24001875,MoRTH,ROAD TRANSPORT & HIGHWAYS,Major,477.54,6.1707398019655315,46.0,1,0,0,0.0,0.0
617960,N24000874,MoRTH,ROAD TRANSPORT & HIGHWAYS,Major,271.17,5.60642687106484,32.0,5,0,2,0.0,0.0
617961,N24000579,MoRTH,ROAD TRANSPORT & HIGHWAYS,Mega,1408.85,7.25123859473442,33.0,8,1,4,65.0,860.8866412008392
617965,N24001904,MoRTH,ROAD TRANSPORT & HIGHWAYS,Major,195.38,5.280051557741144,22.0,1,0,0,0.0,0.0
617966,N24000382,MoRTH,ROAD TRANSPORT & HIGHWAYS,Major,675.0,6.516193076042964,69.0,9,4,0,111.0,0.0
617968,N24000779,MoRTH,ROAD TRANSPORT & HIGHWAYS,Major,418.88,6.039968956167597,24.0,6,0,3,0.0,81100.0
617970,N24000775,MoRTH,ROAD TRANSPORT & HIGHWAYS,Major,282.08,5.645729543207584,24.0,6,0,4,0.0,80900.0
617973,N24001228,MoRTH,ROAD TRANSPORT & HIGHWAYS,Major,188.8,5.245970886175828,18.0,5,0,3,0.0,0.0
617975,N24000820,MoRTH,ROAD TRANSPORT & HIGHWAYS,Major,237.8,5.475626381518447,24.0,6,0,3,0.0,37250.0
617980,N24000994,MoRTH,ROAD TRANSPORT & HIGHWAYS,Major,626.76,6.442157927819218,28.0,5,0,3,0.0,19107.54716981132
617982,N24000988,MoRTH,ROAD TRANSPORT & HIGHWAYS,Major,230.03,5.442547572219269,23.0,5,0,4,0.0,75950.0
617984,N24000989,MoRTH,ROAD TRANSPORT & HIGHWAYS,Major,317.22,5.762742967479711,38.0,5,0,2,0.0,68700.0
617989,N24001450,PAIMANA,OTHER CENTRAL SECTOR,Major,85.0,4.454347296253507,32.0,2,0,0,0.0,0.0
617990,N24002025,MoRTH,ROAD TRANSPORT & HIGHWAYS,Major,242.0,5.493061443340548,32.0,1,0,0,0.0,0.0
618002,N24001418,MoRTH,ROAD TRANSPORT & HIGHWAYS,Major,192.93,5.26749726920815,52.0,3,0,1,0.0,0.0
618009,N24000331,MoRTH,ROAD TRANSPORT & HIGHWAYS,Major,282.41,5.646894612449152,28.0,9,1,2,73.0,3979.1666666666665
618011,N24001527,MoRTH,ROAD TRANSPORT & HIGHWAYS,Major,411.4,6.021993752142805,29.0,2,0,0,0.0,0.0
618020,N24001965,MoRTH,ROAD TRANSPORT & HIGHWAYS,Major,386.49,5.959690042008797,35.0,1,0,0,0.0,0.0
618023,N24001961,MoRTH,ROAD TRANSPORT & HIGHWAYS,Major,152.58,5.034221603902398,19.0,1,0,0,0.0,0.0
618024,N24001960,MoRTH,ROAD TRANSPORT & HIGHWAYS,Major,263.19,5.576668541258341,31.0,1,0,0,0.0,0.0
618025,N24000997,MoRTH,ROAD TRANSPORT & HIGHWAYS,Major,192.67,5.26615567973964,16.0,5,0,4,0.0,1163.6363636363635
618026,N24000996,MoRTH,ROAD TRANSPORT & HIGHWAYS,Major,605.08,6.407011990557659,33.0,5,0,3,0.0,2022.2222222222224
618029,N24001941,MoRTH,ROAD TRANSPORT & HIGHWAYS,Major,350.69,5.8627501057518465,24.0,1,0,0,0.0,0.0
618030,N24001940,MoRTH,ROAD TRANSPORT & HIGHWAYS,Major,166.58,5.121460849185141,36.0,1,0,0,0.0,0.0
618031,N24002011,MoRTH,ROAD TRANSPORT & HIGHWAYS,Major,516.96,6.249898019200639,30.0,1,0,0,0.0,0.0
618037,N24001934,MoRTH,ROAD TRANSPORT & HIGHWAYS,Major,439.82,6.088636628860241,29.0,1,0,0,0.0,0.0
618045,N24001962,MoRTH,ROAD TRANSPORT & HIGHWAYS,Major,179.19,5.194011849738723,33.0,1,0,0,0.0,0.0
618050,N24001422,MoRTH,ROAD TRANSPORT & HIGHWAYS,Major,345.89,5.84900772680898,7.0,3,0,2,0.0,0.0
618055,N24002016,MoRTH,ROAD TRANSPORT & HIGHWAYS,Major,225.17,5.42128692889172,32.0,1,0,0,0.0,0.0
618056,N24002121,MoRTH,ROAD TRANSPORT & HIGHWAYS,Major,509.65,6.235684424024108,44.0,1,0,0,0.0,0.0
618057,N24001997,MoRTH,ROAD TRANSPORT & HIGHWAYS,Major,189.31,5.248654321528936,31.0,1,0,0,0.0,0.0
618060,N24001923,MoRTH,ROAD TRANSPORT & HIGHWAYS,Major,315.21,5.756406549828742,30.0,1,0,0,0.0,0.0
618063,N24001587,MoRTH,ROAD TRANSPORT & HIGHWAYS,Major,262.37,5.573559887606227,54.0,2,0,0,0.0,0.0
618068,N24002020,MoRTH,ROAD TRANSPORT & HIGHWAYS,Major,158.36,5.071165793836288,43.0,1,0,0,0.0,0.0
618070,N24001369,MoRTH,ROAD TRANSPORT & HIGHWAYS,Major,294.28,5.687924058721743,6.0,3,0,1,0.0,0.0
618071,N24001442,MoRTH,ROAD TRANSPORT & HIGHWAYS,Major,385.15,5.956225895015272,31.0,2,0,0,0.0,0.0
618072,N24001466,MoRTH,ROAD TRANSPORT & HIGHWAYS,Major,297.24,5.697898531497226,40.0,2,0,0,0.0,0.0
618074,N24001870,MoRTH,ROAD TRANSPORT & HIGHWAYS,Major,624.43,6.438439413172899,33.0,1,0,0,0.0,0.0
618075,N24002031,MoRTH,ROAD TRANSPORT & HIGHWAYS,Major,840.93,6.735696875394464,50.0,1,0,0,0.0,0.0
618081,N24002115,MoRTH,ROAD TRANSPORT & HIGHWAYS,Major,438.24,6.085045960729513,29.0,1,0,0,0.0,0.0
618082,N24001479,MoRTH,ROAD TRANSPORT & HIGHWAYS,Major,395.62,5.982978643457684,38.0,2,0,0,0.0,0.0
618084,N24001922,MoRTH,ROAD TRANSPORT & HIGHWAYS,Major,153.01,5.037017535370374,42.0,1,0,0,0.0,0.0
618087,N24001944,MoRTH,ROAD TRANSPORT & HIGHWAYS,Major,255.88,5.548609049781258,17.0,1,0,0,0.0,0.0
618090,N24001002,MoRTH,ROAD TRANSPORT & HIGHWAYS,Major,545.64,6.303790450472523,41.0,5,0,4,0.0,0.0
618093,N24001927,MoRTH,ROAD TRANSPORT & HIGHWAYS,Major,838.43,6.732723090074991,43.0,1,0,0,0.0,0.0
618094,N24001106,MoRTH,ROAD TRANSPORT & HIGHWAYS,Major,301.39,5.711717574975525,0.0,5,2,2,66.0,0.0
618097,N24001057,MoRTH,ROAD TRANSPORT & HIGHWAYS,Major,407.19,6.01173275228047,28.0,5,0,3,0.0,0.0
618098,N24001908,MoRTH,ROAD TRANSPORT & HIGHWAYS,Major,167.97,5.129721184372558,29.0,1,0,0,0.0,0.0
618104,N24002007,MoRTH,ROAD TRANSPORT & HIGHWAYS,Major,886.69,6.788622582943796,40.0,1,0,0,0.0,0.0
618105,N24002010,MoRTH,ROAD TRANSPORT & HIGHWAYS,Major,631.49,6.449664410200012,24.0,1,0,0,0.0,0.0
618106,N24002009,MoRTH,ROAD TRANSPORT & HIGHWAYS,Major,703.68,6.557743799058939,36.0,1,0,0,0.0,0.0
618108,N24002014,MoRTH,ROAD TRANSPORT & HIGHWAYS,Major,237.28,5.473446452760487,15.0,1,0,0,0.0,0.0
618109,N24001948,MoRTH,ROAD TRANSPORT & HIGHWAYS,Major,355.72,5.876951160319221,24.0,1,0,0,0.0,0.0
618110,N24001469,MoRTH,ROAD TRANSPORT & HIGHWAYS,Major,307.11,5.730456862070388,30.0,2,0,1,0.0,0.0
618111,N24002015,MoRTH,ROAD TRANSPORT & HIGHWAYS,Major,403.36,6.0023055702858565,43.0,1,0,0,0.0,0.0
618121,N24001878,MoRTH,ROAD TRANSPORT & HIGHWAYS,Major,427.29,6.059800536228278,34.0,1,0,0,0.0,0.0
618124,N24002116,NUHKHAS TO ETAH SECTION,OTHER CENTRAL SECTOR,Major,343.54,5.842210194018223,43.0,1,0,0,0.0,0.0
618133,N24000983,MoRTH,ROAD TRANSPORT & HIGHWAYS,Major,280.57,5.640381084517819,38.0,5,0,2,0.0,3690.0
618153,N24000979,MoRTH,ROAD TRANSPORT & HIGHWAYS,Major,653.46,6.4838104681271025,31.0,4,1,2,140.0,1482.2479498311625
618172,N24001122,MoRTH,ROAD TRANSPORT & HIGHWAYS,Major,341.8,5.837147186723625,27.0,5,0,0,0.0,0.0
618175,N24001884,MoRTH,ROAD TRANSPORT & HIGHWAYS,Major,428.8,6.06331998420841,26.0,1,0,0,0.0,0.0
618177,N24001060,MoRTH,ROAD TRANSPORT & HIGHWAYS,Major,227.19,5.430178615258333,21.0,5,0,2,0.0,0.0
618186,N24002003,MoRTH,ROAD TRANSPORT & HIGHWAYS,Major,549.28,6.310427239592795,35.0,1,0,0,0.0,0.0
618190,N24002005,MoRTH,ROAD TRANSPORT & HIGHWAYS,Major,644.45,6.469947747952719,36.0,1,0,0,0.0,0.0
618191,N24001951,MoRTH,ROAD TRANSPORT & HIGHWAYS,Major,403.22,6.001959284200623,36.0,1,0,0,0.0,0.0
618192,N24001942,MoRTH,ROAD TRANSPORT & HIGHWAYS,Major,423.67,6.0513123967267575,40.0,1,0,0,0.0,0.0
618194,N24000937,MoRTH,ROAD TRANSPORT & HIGHWAYS,Major,289.67,5.672188603065022,5.0,5,0,3,0.0,42.83088235294117
618196,N24002008,MoRTH,ROAD TRANSPORT & HIGHWAYS,Major,578.85,6.3627694494027125,35.0,1,0,0,0.0,0.0
618197,N24002001,MoRTH,ROAD TRANSPORT & HIGHWAYS,Major,882.18,6.783529030338895,36.0,1,0,0,0.0,0.0
618200,N24001928,MoRTH,ROAD TRANSPORT & HIGHWAYS,Major,317.74,5.764375723431487,37.0,1,0,0,0.0,0.0
618204,N24001999,BRO,ROAD TRANSPORT & HIGHWAYS,Major,426.14,6.057111828343837,43.0,1,0,0,0.0,0.0
618216,N24001915,BRO,ROAD TRANSPORT & HIGHWAYS,Major,230.54,5.444752644777583,63.0,1,0,0,0.0,0.0
618217,N24001916,BRO,ROAD TRANSPORT & HIGHWAYS,Major,314.67,5.754697364124307,62.0,1,0,0,0.0,0.0
618222,N24002119,BRO,ROAD TRANSPORT & HIGHWAYS,Major,562.45,6.334078598398358,39.0,1,0,0,0.0,0.0
618226,N24001898,BRO,ROAD TRANSPORT & HIGHWAYS,Major,272.49,5.611265058122292,52.0,1,0,0,0.0,0.0
618227,N24001850,MoRTH,ROAD TRANSPORT & HIGHWAYS,Major,995.04,6.903787417420752,42.0,2,0,1,0.0,0.0
618228,N24001201,MoRTH,ROAD TRANSPORT & HIGHWAYS,Mega,2926.42,7.981876768027601,67.0,5,3,3,189.0,22625.0
618229,N24001462,MoRTH,ROAD TRANSPORT & HIGHWAYS,Major,211.09,5.357010712887255,51.0,2,0,0,0.0,0.0
618230,N24001470,MoRTH,ROAD TRANSPORT & HIGHWAYS,Major,314.32,5.753587996191707,56.0,2,0,0,0.0,0.0
618231,N24001447,MoRTH,ROAD TRANSPORT & HIGHWAYS,Major,371.93,5.921390734471734,52.0,2,0,0,0.0,0.0
618233,N24001421,MoRTH,ROAD TRANSPORT & HIGHWAYS,Mega,1948.25,7.57519996218971,67.0,3,1,2,0.0,0.0
618234,N24000943,MoRTH,ROAD TRANSPORT & HIGHWAYS,Mega,1478.4,7.2993918791537675,69.0,5,3,3,111.0,23250.0
618237,N24000969,105/700 TO 127.500 OF NH-214,OTHER CENTRAL SECTOR,Major,263.45,5.577652197511989,8.0,5,1,4,0.0,50850.0
618238,N24000964,MoRTH,ROAD TRANSPORT & HIGHWAYS,Major,350.61,5.862522606817267,5.0,5,0,4,0.0,2890.4397705544934
618240,N24001461,MoRTH,ROAD TRANSPORT & HIGHWAYS,Major,236.47,5.470041299706711,47.0,2,1,1,0.0,51950.0
618246,N24001877,MoRTH,ROAD TRANSPORT & HIGHWAYS,Mega,1110.23,7.013222788915872,82.0,1,0,0,0.0,0.0
618258,N24001956,MoRTH,ROAD TRANSPORT & HIGHWAYS,Major,296.66,5.695951895541013,37.0,1,0,0,0.0,0.0
618259,N24001386,MoRTH,ROAD TRANSPORT & HIGHWAYS,Major,222.61,5.409903463000054,7.0,3,0,1,0.0,0.0
618265,N24001457,MoRTH,ROAD TRANSPORT & HIGHWAYS,Major,172.5,5.156177599386914,51.0,2,0,0,0.0,0.0
618266,N24001471,MoRTH,ROAD TRANSPORT & HIGHWAYS,Major,325.24,5.787633306826145,55.0,2,0,0,0.0,0.0
618282,N24002023,NHIDCL,ROAD TRANSPORT & HIGHWAYS,Mega,1264.9,7.143538610642783,39.0,1,0,0,0.0,0.0
618283,N24002022,NHIDCL,ROAD TRANSPORT & HIGHWAYS,Mega,1000.27,6.909024473214282,39.0,1,0,0,0.0,0.0
618285,N24001368,NHIDCL,ROAD TRANSPORT & HIGHWAYS,Major,286.72,5.661987784999155,34.0,3,0,0,0.0,0.0
618286,N24001434,NHIDCL,ROAD TRANSPORT & HIGHWAYS,Major,746.76,6.617082070874328,39.0,2,0,1,0.0,0.0
618289,N24001246,NHIDCL,ROAD TRANSPORT & HIGHWAYS,Major,220.2,5.39906726964818,33.0,4,2,3,0.0,2780985.39976825
618290,N24001258,NHIDCL,ROAD TRANSPORT & HIGHWAYS,Major,202.36,5.314977807441144,20.0,4,2,3,23.0,0.0
618291,N24001257,NHIDCL,ROAD TRANSPORT & HIGHWAYS,Major,159.85,5.080472253685035,26.0,1,0,0,0.0,0.0
618292,N24001255,NHIDCL,ROAD TRANSPORT & HIGHWAYS,Major,277.44,5.629202596300466,25.0,4,0,3,0.0,0.0
618293,N24001288,NHIDCL,ROAD TRANSPORT & HIGHWAYS,Major,232.29,5.452282314842547,20.0,1,0,0,0.0,0.0
618296,N24001287,NHIDCL,ROAD TRANSPORT & HIGHWAYS,Major,330.8,5.8045323777563445,20.0,4,0,2,0.0,0.0
618297,N24001282,NHIDCL,ROAD TRANSPORT & HIGHWAYS,Major,355.79,5.877147373407264,27.0,4,0,0,0.0,0.0
618302,N24001332,NHIDCL,ROAD TRANSPORT & HIGHWAYS,Major,217.5,5.3867860145356445,27.0,3,0,0,0.0,0.0
618303,N24001331,NHIDCL,ROAD TRANSPORT & HIGHWAYS,Major,261.13,5.5688405639090215,27.0,3,0,1,0.0,53700.0
618325,N24001537,NHIDCL,ROAD TRANSPORT & HIGHWAYS,Major,204.1,5.323497665078335,32.0,2,0,0,0.0,0.0
618329,N24001281,NHIDCL,ROAD TRANSPORT & HIGHWAYS,Major,819.39,6.709779836947925,43.0,4,0,2,0.0,1820938.0121396051
618330,N24001263,NHIDCL,ROAD TRANSPORT & HIGHWAYS,Major,511.02,6.238363686776588,56.0,4,0,0,0.0,0.0
618337,N24001416,NHIDCL,ROAD TRANSPORT & HIGHWAYS,Major,467.0,6.148468295917647,24.0,3,1,1,0.0,0.0
618342,N24001278,NHIDCL,ROAD TRANSPORT & HIGHWAYS,Major,206.9,5.337057194863967,27.0,4,0,3,0.0,1823705.319148936
618345,N24001730,NHIDCL,ROAD TRANSPORT & HIGHWAYS,Major,365.53,5.90408037336555,26.0,2,0,0,0.0,0.0
618346,N24001270,PKG- 2A,OTHER CENTRAL SECTOR,Major,292.24,5.680991386355386,27.0,4,0,2,0.0,0.0
618347,N24001269,PKG- IB,OTHER CENTRAL SECTOR,Major,216.49,5.382152872460269,24.0,4,0,3,0.0,33.14087759815242
618351,N24001971,NHIDCL,ROAD TRANSPORT & HIGHWAYS,Major,890.33,6.792714729271005,29.0,1,0,0,0.0,0.0
618352,N24001970,NHIDCL,ROAD TRANSPORT & HIGHWAYS,Major,860.37,6.7585241449877635,29.0,1,0,0,0.0,0.0
618353,N24001969,NHIDCL,ROAD TRANSPORT & HIGHWAYS,Major,904.04,6.807979141618211,29.0,1,0,0,0.0,0.0
618355,N24001403,NHIDCL,ROAD TRANSPORT & HIGHWAYS,Major,483.87,6.183880813770897,20.0,3,0,0,0.0,0.0
618356,N24001354,NHIDCL,ROAD TRANSPORT & HIGHWAYS,Major,234.08,5.45992588174445,21.0,3,1,1,16.0,0.0
618357,N24001436,NHIDCL,ROAD TRANSPORT & HIGHWAYS,Major,477.86,6.171408279115973,21.0,2,0,0,0.0,0.0
618358,N24001437,NHIDCL,ROAD TRANSPORT & HIGHWAYS,Major,311.18,5.743579944530267,20.0,2,1,1,12.0,0.0
618362,N24001358,NHIDCL,ROAD TRANSPORT & HIGHWAYS,Major,698.44,6.5502800148726354,21.0,3,1,1,0.0,0.0
618363,N24001359,NHIDCL,ROAD TRANSPORT & HIGHWAYS,Major,740.58,6.608783045171694,22.0,3,0,0,0.0,0.0
618371,N24001831,NHIDCL,ROAD TRANSPORT & HIGHWAYS,Major,613.89,6.421443390020222,35.0,2,0,1,0.0,2321160.251450677
618372,N24001544,NHIDCL,ROAD TRANSPORT & HIGHWAYS,Major,909.02,6.8134665772913605,34.0,2,1,1,34.0,408.9124257297856
618373,N24001326,NHIDCL,ROAD TRANSPORT & HIGHWAYS,Mega,4997.04,8.516801114564153,94.0,3,0,1,0.0,0.0
618375,N24001334,NHIDCL,ROAD TRANSPORT & HIGHWAYS,Major,445.51,6.101461796482331,37.0,3,0,1,0.0,0.0
618376,N24001314,NHIDCL,ROAD TRANSPORT & HIGHWAYS,Major,525.68,6.2665931534881425,37.0,3,0,1,0.0,0.0
618379,N24000861,NHIDCL,ROAD TRANSPORT & HIGHWAYS,Major,473.18,6.161586996444939,72.0,6,1,4,43.0,65350.0
618380,N24000857,NHIDCL,ROAD TRANSPORT & HIGHWAYS,Major,519.09,6.254001873522467,72.0,6,2,4,43.0,65200.0
618381,N24000863,NHIDCL,ROAD TRANSPORT & HIGHWAYS,Major,518.53,6.252924556706396,74.0,6,2,3,3.0,59550.0
618382,N24000864,NHIDCL,ROAD TRANSPORT & HIGHWAYS,Major,404.29,6.00460286024821,84.0,6,1,3,55.0,65500.0
618383,N24000865,NHIDCL,ROAD TRANSPORT & HIGHWAYS,Major,428.11,6.061713296316936,77.0,6,2,4,48.0,65550.0
618384,N24000862,NHIDCL,ROAD TRANSPORT & HIGHWAYS,Major,537.82,6.289381563372166,72.0,6,1,3,43.0,65400.0
618388,N24001974,NHIDCL,ROAD TRANSPORT & HIGHWAYS,Major,315.56,5.757512797077169,40.0,1,0,0,0.0,0.0
618389,N24001473,NHIDCL,ROAD TRANSPORT & HIGHWAYS,Major,310.76,5.742233661030454,29.0,2,0,1,0.0,0.0
618390,N24000855,TUNNEL WORK,OTHER CENTRAL SECTOR,Mega,1383.78,7.23329656123893,52.0,6,1,4,48.0,36077.777777777774
618394,N24001264,NHIDCL,ROAD TRANSPORT & HIGHWAYS,Major,228.39,5.435423611766036,21.0,4,2,3,3.0,23.16831683168317
618398,N24001266,NHIDCL,ROAD TRANSPORT & HIGHWAYS,Major,210.79,5.35559521769951,21.0,4,0,3,0.0,9.495548961424332
618399,N24001395,NHIDCL,ROAD TRANSPORT & HIGHWAYS,Major,859.67,6.75771115569767,25.0,3,0,0,0.0,0.0
618406,N24000868,NHIDCL,ROAD TRANSPORT & HIGHWAYS,Major,253.44,5.539065051810604,40.0,6,1,3,24.0,25075.0
618407,N24001543,NHIDCL,ROAD TRANSPORT & HIGHWAYS,Major,245.34,5.506712695513338,30.0,2,0,1,0.0,0.0
618408,N24001348,NHIDCL,ROAD TRANSPORT & HIGHWAYS,Major,398.37,5.989888305491614,22.0,3,0,0,0.0,0.0
618409,N24001345,NHIDCL,ROAD TRANSPORT & HIGHWAYS,Major,381.01,5.945446786274408,29.0,3,0,0,0.0,0.0
618410,N24001344,NHIDCL,ROAD TRANSPORT & HIGHWAYS,Major,404.89,6.006082186931363,22.0,3,0,2,0.0,0.0
618411,N24001914,NHIDCL,ROAD TRANSPORT & HIGHWAYS,Major,195.95,5.282949889416915,18.0,1,0,0,0.0,0.0
618412,N24001256,NHIDCL,ROAD TRANSPORT & HIGHWAYS,Mega,6808.69,8.826101876815216,73.0,4,0,3,0.0,17.74033696729435
618413,N24001912,NHIDCL,ROAD TRANSPORT & HIGHWAYS,Major,177.77,5.186100063426998,52.0,1,0,0,0.0,0.0
618414,N24001406,NHIDCL,ROAD TRANSPORT & HIGHWAYS,Major,258.52,5.558833770927048,20.0,3,0,1,0.0,0.0
618415,N24001350,NHIDCL,ROAD TRANSPORT & HIGHWAYS,Major,188.36,5.243649965205728,22.0,3,0,1,0.0,0.0
618416,N24001349,NHIDCL,ROAD TRANSPORT & HIGHWAYS,Major,226.32,5.426358716428921,22.0,3,0,1,0.0,2063644.539982803
618418,N24001474,NHIDCL,ROAD TRANSPORT & HIGHWAYS,Major,359.86,5.8884900714801525,32.0,2,1,1,0.0,0.0
618423,N24000763,NHIDCL,ROAD TRANSPORT & HIGHWAYS,Major,215.79,5.378929143040425,45.0,7,1,3,39.0,6475.087993742667
618427,N24001261,NHIDCL,ROAD TRANSPORT & HIGHWAYS,Major,311.0,5.7430031878094825,32.0,4,0,2,0.0,0.0
618429,N24001262,NHIDCL,ROAD TRANSPORT & HIGHWAYS,Major,345.38,5.847536438300897,33.0,4,2,3,0.0,0.0
618430,N24001251,NHIDCL,ROAD TRANSPORT & HIGHWAYS,Major,402.94,6.0012663520802425,37.0,4,0,2,0.0,0.0
618431,N24001252,NHIDCL,ROAD TRANSPORT & HIGHWAYS,Major,295.97,5.693631123599825,32.0,4,1,3,14.0,0.0
618432,N24001390,NHIDCL,ROAD TRANSPORT & HIGHWAYS,Major,228.72,5.436861175996095,62.0,3,0,1,0.0,0.0
618433,N24001393,NHIDCL,ROAD TRANSPORT & HIGHWAYS,Major,184.88,5.2251013042167775,20.0,3,0,0,0.0,0.0
618434,N24000946,NHIDCL,ROAD TRANSPORT & HIGHWAYS,Mega,1718.59,7.449841169299332,60.0,5,3,3,73.0,40550.0
618435,N24000438,NHIDCL,ROAD TRANSPORT & HIGHWAYS,Major,289.99,5.673288902319859,36.0,9,0,4,0.0,27800.0
618436,N24000431,NHIDCL,ROAD TRANSPORT & HIGHWAYS,Major,520.01,6.255769235427133,341.0,9,3,4,82.0,28125.0
618437,N24000583,NHIDCL,ROAD TRANSPORT & HIGHWAYS,Major,252.0,5.53338948872752,71.0,8,3,3,139.0,21300.0
618438,N24000582,NHIDCL,ROAD TRANSPORT & HIGHWAYS,Major,294.17,5.687551461545784,0.0,8,3,3,102.0,21275.0
618443,N24000319,NHIDCL,ROAD TRANSPORT & HIGHWAYS,Major,438.44,6.085501189034365,7.0,9,1,3,62.0,21025.0
618446,N24001337,NHIDCL,ROAD TRANSPORT & HIGHWAYS,Major,493.42,6.203385358399711,37.0,3,2,2,0.0,0.0
618449,N24001336,NHIDCL,ROAD TRANSPORT & HIGHWAYS,Major,230.45,5.444363867477279,32.0,3,0,1,0.0,0.0
618450,N24001327,NHIDCL,ROAD TRANSPORT & HIGHWAYS,Major,292.8,5.682899263739777,21.0,3,0,2,0.0,0.0
618454,N24002030,NHIDCL,ROAD TRANSPORT & HIGHWAYS,Major,693.97,6.54386867916551,28.0,1,0,0,0.0,0.0
618456,N24001568,CH. 388.420 TO CH. 419.000,CIVIL AVIATION,Mega,1119.35,7.021396415471186,42.0,2,0,0,0.0,0.0
618457,N24001567,CH. 292.950 TO CH. 319.400,CIVIL AVIATION,Mega,1272.97,7.149893287974162,35.0,2,0,0,0.0,0.0
618458,N24001612,CH. 419.000 TO CH.427.300,CIVIL AVIATION,Mega,1788.69,7.489797699479117,42.0,2,0,0,0.0,0.0
618463,N24000834,NHAI,ROAD TRANSPORT & HIGHWAYS,Mega,1161.39,7.058233509328497,43.0,6,3,2,174.0,229.3636756671776
618465,N24001789,NHAI,ROAD TRANSPORT & HIGHWAYS,Mega,1710.3,7.445008594583406,37.0,2,0,0,0.0,0.0
618468,N24001504,GANJAD - TALSARI,CIVIL AVIATION,Mega,1260.0,7.13966033596492,24.0,2,0,0,0.0,0.0
618469,N24001506,SHIRSAD - MASVAN,CIVIL AVIATION,Mega,2747.0,7.91862865334224,24.0,2,0,0,0.0,0.0
618470,N24001507,NHAI,ROAD TRANSPORT & HIGHWAYS,Mega,1124.0,7.025538314638521,18.0,2,0,0,0.0,0.0
618471,N24001521,NHAI,ROAD TRANSPORT & HIGHWAYS,Major,990.0,6.898714534329988,23.0,2,0,0,0.0,0.0
618472,N24001508,NHAI,ROAD TRANSPORT & HIGHWAYS,Mega,1450.0,7.280008252884188,23.0,2,0,0,0.0,0.0
618473,N24001608,NHAI,ROAD TRANSPORT & HIGHWAYS,Mega,2208.68,7.7006029876477005,46.0,2,0,0,0.0,0.0
618475,N24001985,NHAI,ROAD TRANSPORT & HIGHWAYS,Mega,1942.94,7.572472120346545,51.0,1,0,0,0.0,0.0
618476,N24001821,NHAI,ROAD TRANSPORT & HIGHWAYS,Mega,1137.74,7.037677666976883,47.0,2,0,0,0.0,0.0
618477,N24001720,NHAI,ROAD TRANSPORT & HIGHWAYS,Mega,1023.91,6.932360082839386,43.0,2,0,0,0.0,0.0
618478,N24001718,NHAI,ROAD TRANSPORT & HIGHWAYS,Major,843.48,6.7387210533149595,43.0,2,0,0,0.0,0.0
618479,N24001717,NHAI,ROAD TRANSPORT & HIGHWAYS,Mega,1155.49,7.053144834855035,45.0,2,0,0,0.0,0.0
618481,N24001719,NHAI,ROAD TRANSPORT & HIGHWAYS,Mega,2948.31,7.989326523670306,41.0,2,1,1,0.0,6442.625
618495,N24002061,NHAI,ROAD TRANSPORT & HIGHWAYS,Mega,2474.47,7.814185555964158,34.0,1,0,0,0.0,0.0
618497,N24002060,NHAI,ROAD TRANSPORT & HIGHWAYS,Mega,1107.0,7.010311867307229,32.0,1,0,0,0.0,0.0
618498,N24001731,NHAI,ROAD TRANSPORT & HIGHWAYS,Mega,2470.64,7.812637176904387,41.0,2,0,0,0.0,0.0
618500,N24001772,NHAI,ROAD TRANSPORT & HIGHWAYS,Mega,1147.26,7.046003032072836,31.0,2,1,1,6.0,32350.0
618501,N24001443,NHAI,ROAD TRANSPORT & HIGHWAYS,Major,690.3,6.538573882951219,46.0,2,0,0,0.0,0.0
618502,N24001444,NHAI,ROAD TRANSPORT & HIGHWAYS,Major,882.0,6.78332520060396,44.0,2,0,0,0.0,0.0
618503,N24001445,NHAI,ROAD TRANSPORT & HIGHWAYS,Major,691.52,6.540337118510875,38.0,2,1,1,6.0,6.149253731343284
618504,N24001446,NHAI,ROAD TRANSPORT & HIGHWAYS,Major,894.0,6.796823718274855,43.0,2,1,1,10.0,0.0
618505,N24002058,NHAI,ROAD TRANSPORT & HIGHWAYS,Major,409.64,6.017716918252048,22.0,1,0,0,0.0,0.0
618509,N24001777,NHAI,ROAD TRANSPORT & HIGHWAYS,Mega,2171.8,7.683771937364377,39.0,2,0,0,0.0,0.0
618512,N24001486,NHAI,ROAD TRANSPORT & HIGHWAYS,Major,493.0,6.202535517187923,36.0,2,0,0,0.0,0.0
618513,N24001546,NHAI,ROAD TRANSPORT & HIGHWAYS,Mega,1025.2,6.933617938507864,24.0,2,0,0,0.0,0.0
618514,N24001493,NHAI,ROAD TRANSPORT & HIGHWAYS,Mega,1749.86,7.467862374777513,24.0,2,0,0,0.0,0.0
618515,N24001679,NHAI,ROAD TRANSPORT & HIGHWAYS,Mega,1479.3,7.300000048919446,30.0,2,0,0,0.0,0.0
618516,N24001598,NHAI,ROAD TRANSPORT & HIGHWAYS,Mega,1388.7,7.236843175492536,39.0,2,0,0,0.0,0.0
618517,N24001994,NHAI,ROAD TRANSPORT & HIGHWAYS,Mega,1135.39,7.035611850222907,10.0,1,0,0,0.0,0.0
618519,N24001968,NHAI,ROAD TRANSPORT & HIGHWAYS,Mega,1260.74,7.140246999688667,37.0,1,0,0,0.0,0.0
618521,N24001723,NHAI,ROAD TRANSPORT & HIGHWAYS,Major,707.9,6.563714472860972,28.0,2,1,1,0.0,0.0
618523,N24000738,NHAI,ROAD TRANSPORT & HIGHWAYS,Major,999.0,6.907755278982137,44.0,7,3,2,62.0,828.937728937729
618527,N24001301,NHAI,ROAD TRANSPORT & HIGHWAYS,Mega,1601.1,7.379070547652669,50.0,4,1,1,35.0,0.0
618529,N24001826,NHAI,ROAD TRANSPORT & HIGHWAYS,Major,927.77,6.8338611301204315,36.0,2,0,0,0.0,0.0
618530,N24000182,NHAI,ROAD TRANSPORT & HIGHWAYS,Mega,2848.0,7.954723334497908,30.0,11,0,0,0.0,0.0
618531,N24001703,NHAI,ROAD TRANSPORT & HIGHWAYS,Major,786.81,6.669256944033292,39.0,2,0,0,0.0,0.0
618532,N24001700,NHAI,ROAD TRANSPORT & HIGHWAYS,Major,552.55,6.3163520823054755,27.0,2,0,0,0.0,0.0
618533,N24000515,NHAI,ROAD TRANSPORT & HIGHWAYS,Mega,1665.0,7.418180822726788,29.0,9,5,4,30.0,0.0047498980751038
618537,N24002104,NHAI,ROAD TRANSPORT & HIGHWAYS,Mega,1754.0,7.470224135899966,41.0,1,0,0,0.0,0.0
618541,N24001511,NHAI,ROAD TRANSPORT & HIGHWAYS,Mega,2919.96,7.979667608353547,35.0,2,0,0,0.0,0.0
618543,N24001627,NHAI,ROAD TRANSPORT & HIGHWAYS,Mega,1912.17,7.556516831147972,43.0,2,1,1,38.0,0.0
618544,N24001622,NHAI,ROAD TRANSPORT & HIGHWAYS,Mega,1401.87,7.24627541722065,35.0,2,0,0,0.0,0.0
618545,N24001621,NHAI,ROAD TRANSPORT & HIGHWAYS,Major,614.48,6.4224024511891775,37.0,2,0,0,0.0,0.0
618546,N24001620,NHAI,ROAD TRANSPORT & HIGHWAYS,Major,442.14,6.09388574720713,25.0,2,0,0,0.0,0.0
618547,N24002059,NHAI,ROAD TRANSPORT & HIGHWAYS,Mega,1183.6,7.077160443842865,45.0,1,0,0,0.0,0.0
618548,N24000717,NHAI,ROAD TRANSPORT & HIGHWAYS,Mega,1471.75,7.294886680401797,43.0,7,4,0,103.0,0.0
618550,N24001619,NHAI,ROAD TRANSPORT & HIGHWAYS,Major,200.05,5.303553633343283,22.0,2,0,0,0.0,0.0
618552,N24001637,NHAI,ROAD TRANSPORT & HIGHWAYS,Mega,1754.84,7.47070265387061,46.0,2,0,0,0.0,0.0
618553,N24001852,NHAI,ROAD TRANSPORT & HIGHWAYS,Major,957.62,6.865494750267535,40.0,2,0,0,0.0,0.0
618554,N24001853,NHAI,ROAD TRANSPORT & HIGHWAYS,Major,772.05,6.650343729548603,35.0,2,0,0,0.0,0.0
618555,N24000442,NHAI,ROAD TRANSPORT & HIGHWAYS,Major,649.5,6.47774129795256,39.0,9,1,3,41.0,106.92187643440742
618557,N24002071,NHAI,ROAD TRANSPORT & HIGHWAYS,Major,998.27,6.907025012402394,39.0,1,0,0,0.0,0.0
618558,N24001555,NHAI,ROAD TRANSPORT & HIGHWAYS,Major,955.49,6.863270334042593,34.0,2,1,1,0.0,7750.0
618559,N24001556,NHAI,ROAD TRANSPORT & HIGHWAYS,Major,521.53,6.2586823984586575,31.0,2,0,0,0.0,0.0
618560,N24002082,NHAI,ROAD TRANSPORT & HIGHWAYS,Major,541.58,6.2963355399804435,31.0,1,0,0,0.0,0.0
618563,N24001606,NHAI,ROAD TRANSPORT & HIGHWAYS,Major,854.94,6.752200280227137,39.0,2,1,1,39.0,1456.6200707809248
618566,N24002096,NHAI,ROAD TRANSPORT & HIGHWAYS,Mega,1973.98,7.5883135507016695,35.0,1,0,0,0.0,0.0
618569,N24002063,NHAI,ROAD TRANSPORT & HIGHWAYS,Major,210.05,5.352095072228508,25.0,1,0,0,0.0,0.0
618570,N24001702,NHAI,ROAD TRANSPORT & HIGHWAYS,Major,184.9,5.225208894727398,33.0,2,0,0,0.0,0.0
618571,N24002064,NHAI,ROAD TRANSPORT & HIGHWAYS,Major,381.8,5.947512659578799,36.0,1,0,0,0.0,0.0
618575,N24001548,NHAI,ROAD TRANSPORT & HIGHWAYS,Major,457.72,6.12844000213506,27.0,2,0,0,0.0,0.0
618576,N24001545,National Highways Authority of India [NHAI],OTHER CENTRAL SECTOR,Major,280.75,5.641020152919886,27.0,2,0,0,0.0,0.0
618578,N24001773,NHAI,ROAD TRANSPORT & HIGHWAYS,Mega,1467.44,7.291955891785577,50.0,1,0,0,0.0,0.0
618580,N24001535,NHAI,ROAD TRANSPORT & HIGHWAYS,Major,899.0,6.802394763324311,24.0,2,0,0,0.0,0.0
618581,N24001693,NHAI,ROAD TRANSPORT & HIGHWAYS,Mega,1751.18,7.468616005945,37.0,2,0,1,0.0,0.0
618588,N24001798,NHAI,ROAD TRANSPORT & HIGHWAYS,Major,540.21,6.293807373583428,33.0,2,0,0,0.0,0.0
618589,N24002045,NHAI,ROAD TRANSPORT & HIGHWAYS,Mega,1828.0,7.511524648390866,37.0,1,0,0,0.0,0.0
618590,N24002046,NHAI,ROAD TRANSPORT & HIGHWAYS,Mega,1958.94,7.580669139511101,35.0,1,0,0,0.0,0.0
618594,N24001609,NHAI,ROAD TRANSPORT & HIGHWAYS,Major,151.26,5.025589585878066,11.0,2,0,0,0.0,0.0
618595,N24001664,NHAI,ROAD TRANSPORT & HIGHWAYS,Mega,1746.45,7.465912861395335,46.0,2,0,0,0.0,0.0
618596,N24001660,NHAI,ROAD TRANSPORT & HIGHWAYS,Mega,2714.6,7.906768202427492,42.0,2,0,1,0.0,0.0
618597,N24001661,NHAI,ROAD TRANSPORT & HIGHWAYS,Mega,3219.47,8.07728259061985,42.0,2,0,0,0.0,0.0
618598,N24001652,NHAI,ROAD TRANSPORT & HIGHWAYS,Major,210.37,5.353610152296746,27.0,2,0,0,0.0,0.0
618599,N24001658,NHAI,ROAD TRANSPORT & HIGHWAYS,Mega,4265.42,8.358530347068392,42.0,2,0,1,0.0,0.0
618601,N24001655,NHAI,ROAD TRANSPORT & HIGHWAYS,Mega,3606.0,8.19063168090354,44.0,2,1,1,0.0,36366043.93939394
618602,N24001656,NHAI,ROAD TRANSPORT & HIGHWAYS,Mega,2595.0,7.86172707782398,45.0,2,0,0,0.0,0.0
618603,N24001653,NHAI,ROAD TRANSPORT & HIGHWAYS,Mega,3565.82,8.179429721512022,41.0,2,0,0,0.0,0.0
618604,N24001648,NHAI,ROAD TRANSPORT & HIGHWAYS,Mega,2429.52,7.795860505211168,41.0,2,0,0,0.0,0.0
618605,N24001651,NHAI,ROAD TRANSPORT & HIGHWAYS,Mega,2878.97,7.965535156409071,36.0,2,0,0,0.0,0.0
618606,N24001649,NHAI,ROAD TRANSPORT & HIGHWAYS,Mega,3273.61,8.093954057008828,38.0,2,0,0,0.0,0.0
618607,N24001657,NHAI,ROAD TRANSPORT & HIGHWAYS,Mega,2842.14,7.952664354195161,40.0,2,0,0,0.0,0.0
618608,N24002113,NHAI,ROAD TRANSPORT & HIGHWAYS,Mega,1141.78,7.041219169328432,29.0,1,0,0,0.0,0.0
618610,N24002075,PUNJAB HARYANA BORDER,OTHER CENTRAL SECTOR,Major,757.13,6.630854874895033,56.0,1,0,0,0.0,0.0
618612,N24001563,PHASE-I) (AJ/DRGB-PACKAGE-6,CIVIL AVIATION,Major,846.59,6.7423970283066135,46.0,2,0,0,0.0,0.0
618613,N24001564,PHASE-I) (AJ/DRGB-PACKAGE-7,CIVIL AVIATION,Major,662.08,6.496895646556665,45.0,2,0,1,0.0,0.0
618614,N24001790,NHAI,ROAD TRANSPORT & HIGHWAYS,Major,752.3,6.624463554831649,42.0,2,0,1,0.0,2440.2985074626868
618615,N24001794,NHAI,ROAD TRANSPORT & HIGHWAYS,Major,778.15,6.658203581891623,37.0,2,0,1,0.0,0.0
618617,N24001640,NHAI,ROAD TRANSPORT & HIGHWAYS,Mega,1229.38,7.1150783437428045,44.0,2,0,0,0.0,0.0
618618,N24002076,NHAI,ROAD TRANSPORT & HIGHWAYS,Mega,2029.17,7.615874812371878,55.0,1,0,0,0.0,0.0
618621,N24002070,TEJAJINAGAR TO BALWARA,CIVIL AVIATION,Mega,1162.8,7.0594457922225695,36.0,1,0,0,0.0,0.0
618622,N24001767,NHAI,ROAD TRANSPORT & HIGHWAYS,Mega,1001.69,6.9104416674074445,39.0,2,0,0,0.0,0.0
618630,N24001676,NHAI,ROAD TRANSPORT & HIGHWAYS,Mega,2718.46,7.908188610168706,30.0,2,0,0,0.0,0.0
618632,N24001626,NHAI,ROAD TRANSPORT & HIGHWAYS,Major,972.06,6.880445745238551,35.0,2,0,0,0.0,0.0
618634,N24001819,NHAI,ROAD TRANSPORT & HIGHWAYS,Mega,1102.63,7.0063600257358924,46.0,2,0,0,0.0,0.0
618635,N24001818,NHAI,ROAD TRANSPORT & HIGHWAYS,Major,818.73,6.708975017744909,47.0,2,0,0,0.0,0.0
618637,N24001804,NHAI,ROAD TRANSPORT & HIGHWAYS,Mega,1654.07,7.4115985829892175,33.0,2,0,0,0.0,0.0
618639,N24001611,NHAI,ROAD TRANSPORT & HIGHWAYS,Mega,1855.59,7.526496750761517,47.0,2,0,0,0.0,0.0
618642,N24001595,NHAI,ROAD TRANSPORT & HIGHWAYS,Mega,1034.0,6.942156705699469,43.0,2,0,0,0.0,0.0
618644,N24001854,NHAI,ROAD TRANSPORT & HIGHWAYS,Mega,1214.93,7.103264495079665,24.0,2,0,0,0.0,0.0
618645,N24002056,NHAI,ROAD TRANSPORT & HIGHWAYS,Major,964.64,6.8727910939460415,60.0,1,0,0,0.0,0.0
618647,N24002091,NHAI,ROAD TRANSPORT & HIGHWAYS,Major,906.51,6.810704585362041,51.0,1,0,0,0.0,0.0
618654,N24001967,NHAI,ROAD TRANSPORT & HIGHWAYS,Major,521.21,6.2580698058327275,83.0,1,0,0,0.0,0.0
618663,N24002077,NHAI,ROAD TRANSPORT & HIGHWAYS,Mega,1000.63,6.909383951973957,39.0,1,0,0,0.0,0.0
618664,N24001614,NHAI,ROAD TRANSPORT & HIGHWAYS,Major,524.84,6.264996983955321,33.0,2,0,1,0.0,0.0
618665,N24001615,NHAI,ROAD TRANSPORT & HIGHWAYS,Major,790.78,6.674283575449255,37.0,2,0,1,0.0,34950.0
618673,N24001593,NHAI,ROAD TRANSPORT & HIGHWAYS,Mega,1368.19,7.2219746030944485,34.0,2,0,1,0.0,898.4615384615385
618674,N24001588,NHAI,ROAD TRANSPORT & HIGHWAYS,Mega,1470.73,7.294193858551555,37.0,2,0,0,0.0,0.0
618675,N24002017,NHAI,ROAD TRANSPORT & HIGHWAYS,Mega,1307.16,7.176376848695176,43.0,1,0,0,0.0,0.0
618676,N24001669,PACKAGE ? OD-1,COAL,Major,586.0,6.375024819828097,37.0,2,0,0,0.0,0.0
618681,N24001838,NHAI,ROAD TRANSPORT & HIGHWAYS,Major,922.5,6.828170799639294,37.0,2,0,0,0.0,0.0
618687,N24002068,NHAI,ROAD TRANSPORT & HIGHWAYS,Major,652.33,6.482082361502622,27.0,1,0,0,0.0,0.0
618689,N24001746,NHAI,ROAD TRANSPORT & HIGHWAYS,Major,364.47,5.901184196477774,37.0,2,0,0,0.0,0.0
618693,N24000656,NHAI,ROAD TRANSPORT & HIGHWAYS,Major,744.64,6.614242910001045,36.0,8,0,3,0.0,28550.0
618694,N24001766,NHAI,ROAD TRANSPORT & HIGHWAYS,Mega,1011.29,6.919970370061396,33.0,2,0,0,0.0,0.0
618695,N24001762,NHAI,ROAD TRANSPORT & HIGHWAYS,Mega,1146.22,7.045096903445133,27.0,2,0,0,0.0,0.0
618700,N24001824,NHAI,ROAD TRANSPORT & HIGHWAYS,Mega,1863.09,7.53052827734174,46.0,2,0,0,0.0,0.0
618701,N24002067,NHAI,ROAD TRANSPORT & HIGHWAYS,Major,178.18,5.188390887169432,30.0,1,0,0,0.0,0.0
618702,N24001425,NHAI,ROAD TRANSPORT & HIGHWAYS,Mega,1100.88,7.004773090861635,8.0,3,0,1,0.0,0.0
618708,N24002074,NHAI,ROAD TRANSPORT & HIGHWAYS,Mega,1231.74,7.1169946131264945,34.0,1,0,0,0.0,0.0
618709,N24001989,NHAI,ROAD TRANSPORT & HIGHWAYS,Major,830.28,6.722966681544391,26.0,1,0,0,0.0,0.0
618710,N24001830,NHAI,ROAD TRANSPORT & HIGHWAYS,Mega,2002.79,7.6027956662946945,41.0,2,0,0,0.0,0.0
618711,N24001629,NHAI,ROAD TRANSPORT & HIGHWAYS,Major,796.65,6.6816699047470065,31.0,2,0,1,0.0,27800.0
618722,N24002036,NHAI,ROAD TRANSPORT & HIGHWAYS,Mega,1843.59,7.520012309557389,37.0,1,0,0,0.0,0.0
618723,N24002040,NHAI,ROAD TRANSPORT & HIGHWAYS,Mega,1554.21,7.349365863726654,37.0,1,0,0,0.0,0.0
618735,N24001759,NHAI,ROAD TRANSPORT & HIGHWAYS,Major,909.84,6.814367250660464,53.0,2,0,0,0.0,0.0
618738,N24002062,NHAI,ROAD TRANSPORT & HIGHWAYS,Mega,3012.27,8.010781146798122,54.0,1,0,0,0.0,0.0
618739,N24002065,NHAI,ROAD TRANSPORT & HIGHWAYS,Mega,1390.92,7.238439367978461,37.0,1,0,0,0.0,0.0
618740,N24002066,NHAI,ROAD TRANSPORT & HIGHWAYS,Mega,1494.31,7.310088822188649,41.0,1,0,0,0.0,0.0
618741,N24001697,NHAI,ROAD TRANSPORT & HIGHWAYS,Mega,1358.0,7.214504414151143,24.0,2,0,0,0.0,0.0
618744,N24002084,NHAI,ROAD TRANSPORT & HIGHWAYS,Mega,1076.97,6.9828349217681565,35.0,1,0,0,0.0,0.0
618745,N24002114,NHAI,ROAD TRANSPORT & HIGHWAYS,Mega,1097.59,7.001782818373009,38.0,1,0,0,0.0,0.0
618751,N24001921,NHAI,ROAD TRANSPORT & HIGHWAYS,Major,581.65,6.367586663019273,49.0,1,0,0,0.0,0.0
618756,N24001605,NHAI,ROAD TRANSPORT & HIGHWAYS,Mega,1103.86,7.007473909092552,45.0,2,0,0,0.0,0.0
618759,N24001849,NHAI,ROAD TRANSPORT & HIGHWAYS,Mega,1063.72,6.9704671327783005,38.0,2,0,0,0.0,0.0
618760,N24001638,NHAI,ROAD TRANSPORT & HIGHWAYS,Major,646.42,6.472995233816948,32.0,2,0,0,0.0,0.0
618761,N24001754,NHAI,ROAD TRANSPORT & HIGHWAYS,Major,953.79,6.861491421012259,33.0,2,1,1,82.0,17420.0
618764,N24001639,NHAI,ROAD TRANSPORT & HIGHWAYS,Major,864.23,6.762995367541572,55.0,2,1,1,50.0,0.0
618765,N24002083,NHAI,ROAD TRANSPORT & HIGHWAYS,Mega,2146.86,7.672227276595896,40.0,1,0,0,0.0,0.0
618770,N24001729,NHAI,ROAD TRANSPORT & HIGHWAYS,Major,326.79,5.792373159438054,20.0,2,0,0,0.0,0.0
618771,N24001820,NHAI,ROAD TRANSPORT & HIGHWAYS,Mega,1484.83,7.303728817656686,46.0,2,0,0,0.0,0.0
618772,N24001988,NHAI,ROAD TRANSPORT & HIGHWAYS,Major,591.99,6.385177535449128,56.0,1,0,0,0.0,0.0
618774,N24001712,NHAI,ROAD TRANSPORT & HIGHWAYS,Major,690.0,6.53813982376767,35.0,2,1,1,125.0,0.0
618777,N24001986,NHAI,ROAD TRANSPORT & HIGHWAYS,Mega,1047.32,6.954944161784595,18.0,1,0,0,0.0,0.0
618778,N24001823,NHAI,ROAD TRANSPORT & HIGHWAYS,Mega,1852.12,7.524625984037425,36.0,2,0,0,0.0,0.0
618779,N24001795,NHAI,ROAD TRANSPORT & HIGHWAYS,Major,490.4,6.197258460087078,21.0,2,1,1,35.0,342882685.71428573
618785,N24001630,NHAI,ROAD TRANSPORT & HIGHWAYS,Mega,1501.02,7.314566147814657,43.0,2,0,0,0.0,0.0
618787,N24001785,NHAI,ROAD TRANSPORT & HIGHWAYS,Mega,1373.06,7.225525139951141,39.0,2,0,1,0.0,0.0
618788,N24002043,NHAI,ROAD TRANSPORT & HIGHWAYS,Major,927.22,6.833268773655311,39.0,1,0,0,0.0,0.0
618789,N24001631,NHAI,ROAD TRANSPORT & HIGHWAYS,Mega,1525.31,7.330608336691529,43.0,2,0,0,0.0,0.0
618792,N24002042,NHAI,ROAD TRANSPORT & HIGHWAYS,Mega,1322.13,7.187755420814441,37.0,1,0,0,0.0,0.0
618794,N24001644,NHAI,ROAD TRANSPORT & HIGHWAYS,Major,524.88,6.265073049828404,33.0,2,0,0,0.0,0.0
618795,N24001642,NHAI,ROAD TRANSPORT & HIGHWAYS,Mega,1474.77,7.2969351664599325,42.0,2,0,0,0.0,0.0
618796,N24000795,NHAI,ROAD TRANSPORT & HIGHWAYS,Major,741.86,6.610507601660655,38.0,6,2,3,44.0,2030.8823529411764
618798,N24002095,NHAI,ROAD TRANSPORT & HIGHWAYS,Mega,2555.5,7.846394414520054,39.0,1,0,0,0.0,0.0
618799,N24001599,NHAI,ROAD TRANSPORT & HIGHWAYS,Major,440.16,6.089407621437946,57.0,2,0,1,0.0,0.0
618800,N24002109,NHAI,ROAD TRANSPORT & HIGHWAYS,Mega,1301.37,7.171940960584945,38.0,1,0,0,0.0,0.0
618803,N24001856,NHAI,ROAD TRANSPORT & HIGHWAYS,Major,648.75,6.4765876735216,27.0,2,1,1,75.0,0.0
618804,N24000811,NHAI,ROAD TRANSPORT & HIGHWAYS,Major,314.43,5.753936787316924,33.0,6,3,3,18.0,0.0
618807,N24001979,NHAI,ROAD TRANSPORT & HIGHWAYS,Major,609.43,6.414163626862126,37.0,1,0,0,0.0,0.0
618809,N24002101,NHAI,ROAD TRANSPORT & HIGHWAYS,Major,809.51,6.697663679162542,46.0,1,0,0,0.0,0.0
618810,N24002100,NHAI,ROAD TRANSPORT & HIGHWAYS,Mega,1003.38,6.912125714699672,44.0,1,0,0,0.0,0.0
618819,N24001647,National Highways Authority of India [NHAI],OTHER CENTRAL SECTOR,Major,183.03,5.215098787797103,18.0,2,1,1,0.0,0.0
618820,N24002079,NHAI,ROAD TRANSPORT & HIGHWAYS,Major,742.25,6.6110324618782075,24.0,1,0,0,0.0,0.0
618821,N24002080,NHAI,ROAD TRANSPORT & HIGHWAYS,Major,762.75,6.638240510485805,24.0,1,0,0,0.0,0.0
618825,N24001750,NHAI,ROAD TRANSPORT & HIGHWAYS,Major,622.04,6.434610722183835,40.0,2,0,0,0.0,0.0
618826,N24001980,DESIGN CHAINAGE KM 0.000,OTHER CENTRAL SECTOR,Major,907.76,6.812081032913731,33.0,1,0,0,0.0,0.0
618827,N24001983,NHAI,ROAD TRANSPORT & HIGHWAYS,Major,972.63,6.881031354674352,34.0,1,0,0,0.0,0.0
618828,N24002053,NHAI,ROAD TRANSPORT & HIGHWAYS,Mega,1232.0,7.117205503164344,41.0,1,0,0,0.0,0.0
618829,N24001590,National Highways Authority of India [NHAI],OTHER CENTRAL SECTOR,Mega,1129.48,7.03039760027449,37.0,2,0,0,0.0,0.0
618830,N24002054,NHAI,ROAD TRANSPORT & HIGHWAYS,Mega,1390.77,7.238331597357346,37.0,1,0,0,0.0,0.0
618833,N24000592,NHAI,ROAD TRANSPORT & HIGHWAYS,Major,829.97,6.722593693120756,48.0,8,3,2,43.0,20650.0
618834,N24001827,NHAI,ROAD TRANSPORT & HIGHWAYS,Major,162.73,5.098218729651401,12.0,2,0,0,0.0,0.0
618835,N24001792,National Highways Authority of India [NHAI],OTHER CENTRAL SECTOR,Major,698.4,6.550222824629276,25.0,2,0,0,0.0,0.0
618836,N24001834,NHAI,ROAD TRANSPORT & HIGHWAYS,Major,839.0,6.733401891837359,24.0,2,0,0,0.0,0.0
618837,N24001835,NHAI,ROAD TRANSPORT & HIGHWAYS,Major,986.0,6.894670039433482,24.0,2,0,1,0.0,9.657102869139258
618838,N24001558,NHAI,ROAD TRANSPORT & HIGHWAYS,Major,736.75,6.603605013823048,33.0,2,0,0,0.0,0.0
618839,N24000696,NHAI,ROAD TRANSPORT & HIGHWAYS,Major,950.64,6.858186812013643,54.0,7,3,4,50.0,0.0
618840,N24000480,NHAI,ROAD TRANSPORT & HIGHWAYS,Mega,1041.1,6.948993186998382,40.0,9,1,0,44.0,0.0
618841,N24001699,NHAI,ROAD TRANSPORT & HIGHWAYS,Major,312.58,5.748054510932304,33.0,2,0,0,0.0,0.0
618845,N24001429,NHAI,ROAD TRANSPORT & HIGHWAYS,Mega,1294.47,7.166628842651828,44.0,2,0,0,0.0,0.0
618847,N24001431,NHAI,ROAD TRANSPORT & HIGHWAYS,Mega,1872.68,7.535659690480145,31.0,2,0,0,0.0,0.0
618849,N24001809,NHAI,ROAD TRANSPORT & HIGHWAYS,Major,469.95,6.154751931268826,22.0,2,0,0,0.0,0.0
618850,N24000613,NHAI,ROAD TRANSPORT & HIGHWAYS,Mega,1273.71,7.150473980741237,46.0,8,4,3,45.0,423.1578947368421
618852,N24001810,NHAI,ROAD TRANSPORT & HIGHWAYS,Major,190.6,5.25540986553676,28.0,2,0,0,0.0,0.0
618854,N24001306,NHAI,ROAD TRANSPORT & HIGHWAYS,Major,724.6,6.5869988988009265,29.0,4,0,2,0.0,0.0
618855,N24001727,NHAI,ROAD TRANSPORT & HIGHWAYS,Major,762.62,6.638070283232011,35.0,2,0,0,0.0,0.0
618856,N24002094,NHAI,ROAD TRANSPORT & HIGHWAYS,Mega,1212.26,7.101066230575693,38.0,1,0,0,0.0,0.0
618859,N24001732,NHAI,ROAD TRANSPORT & HIGHWAYS,Major,540.97,6.295210649354242,34.0,2,0,0,0.0,0.0
618861,N24001709,NHAI,ROAD TRANSPORT & HIGHWAYS,Major,897.45,6.800671056372463,31.0,2,0,0,0.0,0.0
618864,N24001851,NHAI,ROAD TRANSPORT & HIGHWAYS,Mega,1738.2,7.461180516366945,38.0,2,1,1,0.0,600046175.0
618878,N24002050,NHAI,ROAD TRANSPORT & HIGHWAYS,Major,696.65,6.547717544338216,43.0,1,0,0,0.0,0.0
618883,N24002086,NHAI,ROAD TRANSPORT & HIGHWAYS,Mega,1706.47,7.442768021744479,33.0,1,0,0,0.0,0.0
618884,N24002087,NHAI,ROAD TRANSPORT & HIGHWAYS,Mega,1493.14,7.309306069468424,36.0,1,0,0,0.0,0.0
618885,N24002089,NHAI,ROAD TRANSPORT & HIGHWAYS,Major,617.87,6.427895234473026,32.0,1,0,0,0.0,0.0
618887,N24001687,NHAI,ROAD TRANSPORT & HIGHWAYS,Mega,1331.77,7.195014762155646,24.0,2,0,0,0.0,0.0
618888,N24002052,NHAI,ROAD TRANSPORT & HIGHWAYS,Mega,1146.19,7.045070752931492,38.0,1,0,0,0.0,0.0
618889,N24001808,NHAI,ROAD TRANSPORT & HIGHWAYS,Mega,1322.95,7.18837497143341,45.0,2,0,0,0.0,0.0
618890,N24002051,NHAI,ROAD TRANSPORT & HIGHWAYS,Major,739.39,6.607177074395275,39.0,1,0,0,0.0,0.0
618894,N24001602,NEW NH-83,CIVIL AVIATION,Mega,1409.38,7.2516144506087565,47.0,2,1,1,0.0,700.0
618895,N24001601,NHAI,ROAD TRANSPORT & HIGHWAYS,Mega,1051.69,6.9591040718296195,48.0,2,0,0,0.0,0.0
618896,N24001680,NHAI,ROAD TRANSPORT & HIGHWAYS,Mega,1409.68,7.251827136621199,43.0,2,0,0,0.0,0.0
618897,N24000708,NHAI,ROAD TRANSPORT & HIGHWAYS,Mega,1227.87,7.113850326916732,35.0,7,3,0,55.0,0.0
618902,N24000723,NHAI,ROAD TRANSPORT & HIGHWAYS,Major,573.7,6.353848165513696,47.0,7,2,3,47.0,0.0
618903,N24000665,NHAI,ROAD TRANSPORT & HIGHWAYS,Major,672.89,6.513066892845188,36.0,8,0,3,0.0,908.7620759379914
618904,N24000187,NHAI,ROAD TRANSPORT & HIGHWAYS,Major,575.0,6.3561076606958915,30.0,11,0,0,0.0,0.0
618906,N24001643,NHAI,ROAD TRANSPORT & HIGHWAYS,Major,857.91,6.755664143503331,42.0,2,0,0,0.0,0.0
618908,N24002081,NHAI,ROAD TRANSPORT & HIGHWAYS,Major,153.61,5.040905817114504,29.0,1,0,0,0.0,0.0
618909,N24000788,NHAI,ROAD TRANSPORT & HIGHWAYS,Major,841.57,6.736456744828474,54.0,2,0,0,0.0,0.0
618910,N24001749,NHAI,ROAD TRANSPORT & HIGHWAYS,Major,557.55,6.325344140016857,24.0,2,0,0,0.0,0.0
618911,N24002090,NHAI,ROAD TRANSPORT & HIGHWAYS,Major,646.27,6.472763518115628,44.0,1,0,0,0.0,0.0
618913,N24000739,NHAI,ROAD TRANSPORT & HIGHWAYS,Major,503.88,6.224320777275984,41.0,7,3,3,87.0,34775.0
618915,N24001304,NHAI,ROAD TRANSPORT & HIGHWAYS,Major,446.97,6.104726265887063,85.0,4,0,2,0.0,0.0
618916,N24001305,NHAI,ROAD TRANSPORT & HIGHWAYS,Major,464.09,6.14223093524638,85.0,4,0,2,0.0,0.0
618919,N24001984,NHAI,ROAD TRANSPORT & HIGHWAYS,Major,887.28,6.789287008606059,31.0,1,0,0,0.0,0.0
618921,N24002049,NHAI,ROAD TRANSPORT & HIGHWAYS,Mega,1703.48,7.441015357862887,49.0,1,0,0,0.0,0.0
618925,N24001738,NHAI,ROAD TRANSPORT & HIGHWAYS,Major,300.79,5.709731411258612,25.0,2,0,0,0.0,0.0
618935,N24002044,NHAI,ROAD TRANSPORT & HIGHWAYS,Major,629.16,6.445973755395069,24.0,1,0,0,0.0,0.0
618936,N24001635,NHAI,ROAD TRANSPORT & HIGHWAYS,Mega,1269.5,7.1471658027602185,35.0,2,0,0,0.0,0.0
618937,N24001799,NHAI,ROAD TRANSPORT & HIGHWAYS,Mega,1166.96,7.063013916226403,32.0,2,0,0,0.0,0.0
618938,N24001796,NHAI,ROAD TRANSPORT & HIGHWAYS,Mega,1013.33,6.921983574992768,31.0,2,0,0,0.0,0.0
618942,N24001677,NHAI,ROAD TRANSPORT & HIGHWAYS,Major,226.76,5.428292442969782,18.0,2,0,0,0.0,0.0
618945,N24001522,NHAI,ROAD TRANSPORT & HIGHWAYS,Mega,1307.95,7.176980568083351,36.0,2,0,0,0.0,0.0
618946,N24002057,NHAI,ROAD TRANSPORT & HIGHWAYS,Mega,1443.77,7.275705418327543,29.0,1,0,0,0.0,0.0
618947,N24001596,NHAI,ROAD TRANSPORT & HIGHWAYS,Mega,1302.72,7.172976995503735,20.0,2,0,0,0.0,0.0
618949,N24002055,NHAI,ROAD TRANSPORT & HIGHWAYS,Mega,1444.94,7.276514908081886,33.0,1,0,0,0.0,0.0
618951,N24001589,NHAI,ROAD TRANSPORT & HIGHWAYS,Major,755.26,6.628385232398122,42.0,2,0,0,0.0,0.0
618952,N24000714,NHAI,ROAD TRANSPORT & HIGHWAYS,Mega,2598.0,7.8628820346414905,82.0,7,3,3,81.0,350.5
618953,N24001371,NHAI,ROAD TRANSPORT & HIGHWAYS,Mega,1101.99,7.0057799530292675,46.0,3,1,1,42.0,0.0
618955,N24000813,NHAI,ROAD TRANSPORT & HIGHWAYS,Major,496.2,6.208992359636556,44.0,6,5,4,111.0,71450.0
618960,N24002105,NHAI,ROAD TRANSPORT & HIGHWAYS,Mega,1378.36,7.229374902461615,34.0,1,0,0,0.0,0.0
618968,N24001735,NHAI,ROAD TRANSPORT & HIGHWAYS,Mega,1428.19,7.264863129203421,29.0,2,1,1,79.0,0.0
618969,N24001628,NHAI,ROAD TRANSPORT & HIGHWAYS,Mega,2155.95,7.676450465777419,39.0,2,0,0,0.0,0.0
618970,N24001734,NHAI,ROAD TRANSPORT & HIGHWAYS,Mega,1335.45,7.197772123730637,29.0,2,0,0,0.0,0.0
619003,N24000852,NHAI,ROAD TRANSPORT & HIGHWAYS,Major,478.74,6.173244290480884,38.0,6,2,0,18.0,0.0
619010,N24002027,NHIDCL,ROAD TRANSPORT & HIGHWAYS,Major,500.88,6.218361047291499,38.0,1,0,0,0.0,0.0
619013,N24000320,NHIDCL,ROAD TRANSPORT & HIGHWAYS,Major,508.76,6.233940026721684,132.0,9,1,3,69.0,72.28388147846451
619038,N24001396,NHIDCL,ROAD TRANSPORT & HIGHWAYS,Major,497.09,6.210780783587805,19.0,3,0,0,0.0,0.0
619042,N24001907,MoRTH,ROAD TRANSPORT & HIGHWAYS,Major,169.15,5.136680400946915,32.0,1,0,0,0.0,0.0
619059,N24000765,NHIDCL,ROAD TRANSPORT & HIGHWAYS,Major,323.98,5.78376364197463,6.0,6,0,3,0.0,2132.165050956997
619063,N24001557,NHAI,ROAD TRANSPORT & HIGHWAYS,Mega,1636.15,7.400712204205645,32.0,2,0,0,0.0,0.0
619064,N24001786,NHAI,ROAD TRANSPORT & HIGHWAYS,Mega,1259.0,7.138866999945524,36.0,2,0,0,0.0,0.0
619068,N24002048,NHAI,ROAD TRANSPORT & HIGHWAYS,Mega,2414.67,7.78973196032155,35.0,1,0,0,0.0,0.0
619071,N24001681,NHAI,ROAD TRANSPORT & HIGHWAYS,Mega,2032.15,7.617341593493855,36.0,2,0,0,0.0,0.0
619072,N24001674,NHAI,ROAD TRANSPORT & HIGHWAYS,Mega,1240.6,7.124156149428954,24.0,2,0,0,0.0,0.0
619078,N24000726,NHAI,ROAD TRANSPORT & HIGHWAYS,Mega,1155.16,7.052859447959276,46.0,7,2,0,134.0,0.0
619087,N24002035,NHAI,ROAD TRANSPORT & HIGHWAYS,Mega,2070.44,7.635999296579512,24.0,1,0,0,0.0,0.0
619089,N24001547,NHAI,ROAD TRANSPORT & HIGHWAYS,Mega,1909.98,7.5553714784607555,46.0,2,0,0,0.0,0.0
619090,N24001781,NHAI,ROAD TRANSPORT & HIGHWAYS,Mega,2067.67,7.634661167682778,45.0,2,0,0,0.0,0.0
619094,N24001694,NHAI,ROAD TRANSPORT & HIGHWAYS,Mega,1243.57,7.126545367714767,58.0,2,0,0,0.0,0.0
619095,N24001607,NHAI,ROAD TRANSPORT & HIGHWAYS,Major,332.0,5.808142489980444,19.0,2,0,1,0.0,0.0
619096,N24000462,NHAI,ROAD TRANSPORT & HIGHWAYS,Mega,1655.01,7.4121663735743155,49.0,9,0,3,0.0,25525.0
619098,N24000784,NHAI,ROAD TRANSPORT & HIGHWAYS,Mega,1424.77,7.262467297642978,60.0,6,2,0,148.0,0.0
619109,N24001668,PACKAGE ? OD-3,COAL,Mega,1249.0,7.1308988302963465,37.0,2,0,0,0.0,0.0
619111,N24001837,NHAI,ROAD TRANSPORT & HIGHWAYS,Major,663.6,6.499185355920494,37.0,2,0,1,0.0,27366.666666666668
619112,N24001836,NHAI,ROAD TRANSPORT & HIGHWAYS,Major,824.29,6.71573483971922,44.0,2,0,0,0.0,0.0
619118,N24000619,NHAI,ROAD TRANSPORT & HIGHWAYS,Mega,2510.04,7.828452288939109,35.0,8,1,1,34.0,57144230.95238095
619119,N24000715,NHAI,ROAD TRANSPORT & HIGHWAYS,Major,686.65,6.533279987560717,31.0,7,4,3,54.0,34525.0
619122,N24001771,NHAI,ROAD TRANSPORT & HIGHWAYS,Mega,1479.22,7.299946004359694,54.0,2,0,0,0.0,0.0
619129,N24001721,NHAI,ROAD TRANSPORT & HIGHWAYS,Mega,1008.99,6.917695708796191,63.0,2,0,0,0.0,0.0
619130,N24002111,NHAI,ROAD TRANSPORT & HIGHWAYS,Major,825.94,6.717732141001144,82.0,1,0,0,0.0,0.0
619131,N24000826,NHAI,ROAD TRANSPORT & HIGHWAYS,Major,505.35,6.227228129778294,55.0,6,3,3,25.0,20365.75342465753
619132,N24001774,NHAI,ROAD TRANSPORT & HIGHWAYS,Mega,1524.03,7.329769360979165,35.0,2,0,0,0.0,0.0
619134,N24002098,NHAI,ROAD TRANSPORT & HIGHWAYS,Mega,1641.66,7.4040721580954525,43.0,1,0,0,0.0,0.0
619138,N24001682,NHAI,ROAD TRANSPORT & HIGHWAYS,Major,294.62,5.689074845783927,28.0,2,0,0,0.0,0.0
619140,N24001981,NHAI,ROAD TRANSPORT & HIGHWAYS,Mega,1398.84,7.244113223357954,39.0,1,0,0,0.0,0.0
619141,N24002033,NHAI,ROAD TRANSPORT & HIGHWAYS,Major,909.47,6.813960949695675,41.0,1,0,0,0.0,0.0
619146,N24000569,NHAI,ROAD TRANSPORT & HIGHWAYS,Major,723.64,6.585674979807903,40.0,8,3,4,40.0,1066.4224707858343
619147,N24001793,PKG- III,CIVIL AVIATION,Major,485.75,6.187750644252309,18.0,2,0,0,0.0,0.0
619149,N24001495,NHAI,ROAD TRANSPORT & HIGHWAYS,Major,930.0,6.836259277277067,24.0,2,0,0,0.0,0.0
619152,N24000507,NHAI,ROAD TRANSPORT & HIGHWAYS,Mega,1167.45,7.063433363161815,48.0,9,4,2,48.0,0.0
619153,N24001812,NHAI,ROAD TRANSPORT & HIGHWAYS,Mega,1002.11,6.910860452935552,38.0,2,1,1,16.0,32975.0
619155,N24001526,NHAI,ROAD TRANSPORT & HIGHWAYS,Mega,1377.79,7.228961581932917,38.0,2,0,0,0.0,0.0
619157,N24000734,NHAI,ROAD TRANSPORT & HIGHWAYS,Major,614.48,6.4224024511891775,43.0,7,3,3,53.0,69400.0
619158,N24000733,NHAI,ROAD TRANSPORT & HIGHWAYS,Major,633.68,6.453120934865889,55.0,7,3,3,62.0,69350.0
619162,N24001753,NHAI,ROAD TRANSPORT & HIGHWAYS,Major,570.98,6.349104025733542,28.0,2,0,0,0.0,0.0
619163,N24001502,NHAI,ROAD TRANSPORT & HIGHWAYS,Major,624.45,6.438471390660751,24.0,2,0,0,0.0,0.0
619168,N24001733,NHAI,ROAD TRANSPORT & HIGHWAYS,Mega,1602.48,7.379931546339491,29.0,2,0,0,0.0,0.0
626030,N24001419,NHIDCL,ROAD TRANSPORT & HIGHWAYS,Major,458.59,6.130334787687412,32.0,3,0,1,0.0,1856158.2366589329
63117,N24001484,NHAI,ROAD TRANSPORT & HIGHWAYS,Major,804.69,6.691699053138545,17.0,2,0,0,0.0,0.0
64535,N24001901,MoRTH,ROAD TRANSPORT & HIGHWAYS,Major,152.93,5.036497953621983,42.0,1,0,0,0.0,0.0
67880,N24001917,MoRTH,ROAD TRANSPORT & HIGHWAYS,Major,278.97,5.634682454571901,50.0,1,0,0,0.0,0.0
68617,N24001323,NHIDCL,ROAD TRANSPORT & HIGHWAYS,Major,486.45,6.189187721075281,7.0,3,1,2,0.0,18.058690744920995
69000,N24001082,MoRTH,ROAD TRANSPORT & HIGHWAYS,Major,223.46,5.41369751758811,21.0,5,0,0,0.0,0.0
696890,N24001515,NHAI,ROAD TRANSPORT & HIGHWAYS,Mega,1542.02,7.341496814041958,41.0,2,0,0,0.0,0.0
69875,N24001978,NHIDCL,ROAD TRANSPORT & HIGHWAYS,Major,497.18,6.210961457501995,38.0,1,0,0,0.0,0.0
701101,N04000082,AAI,CIVIL AVIATION,Mega,1216.9,7.104883343093065,53.0,5,0,2,0.0,0.0
701105,N04000095,AAI,CIVIL AVIATION,Major,255.69,5.5478691311385475,46.0,3,1,2,0.0,0.0
701107,N04000091,AAI,CIVIL AVIATION,Major,611.8,6.418038618426381,35.0,4,0,0,0.0,0.0
701121,N04000103,AAI,CIVIL AVIATION,Major,347.15,5.852633421388556,32.0,1,0,0,0.0,0.0
701126,N04000099,AAI,CIVIL AVIATION,Mega,1305.0,7.174724309836376,42.0,2,0,0,0.0,0.0
701127,N04000101,AAI,CIVIL AVIATION,Major,480.0,6.175867270105761,30.0,2,0,0,0.0,0.0
701128,N04000104,AAI,CIVIL AVIATION,Major,887.0,6.78897174299217,33.0,1,0,0,0.0,0.0
701167,N28000150,CPWD FOR HEALTH,OTHER CENTRAL SECTOR,Mega,1828.0,7.511524648390866,78.0,4,0,0,0.0,0.0
701171,N21000031,HITES,COAL,Mega,1110.55,7.013510716648001,67.0,2,0,1,0.0,0.5154639175257731
701173,N21000032,HITES,OTHER CENTRAL SECTOR,Mega,1294.34,7.166528487936422,48.0,1,0,0,0.0,0.0
701228,N16000285,GAIL,PETROLEUM & NATURAL GAS,Mega,2915.0,7.977968093128549,42.0,7,0,0,0.0,0.0
701263,N16000513,HPCLRRL(JV),CIVIL AVIATION,Mega,43129.0,10.671974089641889,60.0,1,0,0,0.0,0.0
701289,N16000412,IOCL,PETROLEUM & NATURAL GAS,Mega,34627.0,10.452417882335665,43.0,3,0,0,0.0,0.0
701324,N16000386,IOCL,PETROLEUM & NATURAL GAS,Mega,14810.0,9.603125426926972,39.0,5,0,2,0.0,5083.333333333334
701329,N16000409,IOCL,PETROLEUM & NATURAL GAS,Mega,18936.0,9.848872959262906,47.0,4,1,2,0.0,0.0
701343,N16000388,GAIL,PETROLEUM & NATURAL GAS,Mega,2658.34,7.885833250688059,34.0,4,0,2,0.0,0.0
701344,N16000391,GAIL,PETROLEUM & NATURAL GAS,Mega,1030.65,6.938914741231239,32.0,4,2,2,0.0,0.0
701346,N16000439,IGGL,COAL,Mega,9265.0,9.134107065976593,40.0,3,0,2,0.0,0.0
701349,N16000394,NRL,PETROLEUM & NATURAL GAS,Mega,10228.0,9.232982102457008,69.0,4,0,0,0.0,0.0
701350,N16000449,OIL,PETROLEUM & NATURAL GAS,Major,860.0,6.7580945044277305,42.0,2,0,0,0.0,0.0
701354,N16000398,GAIL,PETROLEUM & NATURAL GAS,Mega,7844.25,8.967663532090862,35.0,4,2,2,0.0,0.0
701415,N30000002,PPA,OTHER CENTRAL SECTOR,Mega,10151.04,9.225429949496785,133.0,5,0,2,0.0,0.0
701565,N25000072,IWAI,COAL,Mega,5369.18,8.588616706494216,62.0,5,2,2,0.0,0.0
702625,N28000124,MPMRCL,CIVIL AVIATION,Mega,6941.4,8.845402815044086,51.0,5,0,2,0.0,0.0
702626,N28000125,MPMRCL,CIVIL AVIATION,Mega,7500.8,8.922898270729009,51.0,5,0,0,0.0,0.0
702627,N28000148,PATNA METRO RAI,CIVIL AVIATION,Mega,13365.77,9.500527055269986,64.0,4,0,0,0.0,0.0
702628,N28000144,LMRCL,OTHER CENTRAL SECTOR,Mega,11076.48,9.312669497610493,58.0,4,0,2,0.0,0.0
702629,N28000145,LMRCL,OTHER CENTRAL SECTOR,Mega,8379.62,9.033677176419515,58.0,4,1,3,0.0,0.0
702630,N28000138,AMR,CIVIL AVIATION,Mega,12020.32,9.39443701903147,60.0,5,1,2,0.0,0.0
702631,N28000137,AMR,CIVIL AVIATION,Mega,5384.17,8.591404158265824,60.0,5,0,2,0.0,0.0
702632,N28000135,DMRC,OTHER CENTRAL SECTOR,Mega,24948.65,10.124615073025158,68.0,5,0,0,0.0,0.0
702633,N28000134,NCRTC,OTHER CENTRAL SECTOR,Mega,30274.0,10.318077568421293,75.0,5,0,0,0.0,0.0
702635,N28000058,BMRCL,CIVIL AVIATION,Mega,26405.14,10.181351837850434,84.0,11,1,0,24.0,0.0
702637,N28000086,MMRCL,CIVIL AVIATION,Mega,23136.0,10.049188346707682,80.0,10,1,2,62.0,60733.333333333336
702639,N28000122,AMR,CIVIL AVIATION,Mega,10773.0,9.28489110324048,49.0,5,0,4,0.0,0.0
702658,N28000155,NMRCL,OTHER CENTRAL SECTOR,Mega,6708.0,8.811205187562887,60.0,2,0,1,0.0,6.402793946449361
702665,N28000151,BMRCL,CIVIL AVIATION,Mega,14788.1,9.601645701926314,60.0,3,0,1,0.0,90350.0
703585,N22000543,NCRTC,CIVIL AVIATION,Major,169.65,5.139614675352716,83.0,2,0,1,0.0,2273.2718894009217
703586,N22000542,NCRTC,CIVIL AVIATION,Major,375.67,5.931369472556642,83.0,2,0,0,0.0,0.0
705237,N22000464,DFCC,COAL,Mega,51101.0,10.841578914369135,172.0,6,2,2,0.0,0.0
705357,N22000615,CR,RAILWAYS,Major,736.44,6.603184728972198,337.0,2,0,1,0.0,4824596.271929825
705362,N22000181,ECR,RAILWAYS,Major,819.0,6.709304340258298,155.0,11,3,0,194.0,0.0
705368,N22000177,ECR,RAILWAYS,Mega,1605.17,7.381607741955727,191.0,11,3,0,212.0,0.0
705373,N22000476,ECR,RAILWAYS,Mega,1473.3,7.295938579855774,383.0,6,3,1,36.0,0.0
705385,N22000219,ER,RAILWAYS,Mega,2555.03,7.846210552517748,179.0,11,1,0,131.0,0.0
705392,N22000124,Northeast Frontier Railway [NFR],OTHER CENTRAL SECTOR,Major,2.0,1.0986122886681098,115.0,11,1,1,60.0,0.0
705401,N22000208,NFR,RAILWAYS,Major,435.06,6.077779848559902,167.0,11,3,2,143.0,0.0
705419,N22000148,NCR,RAILWAYS,Mega,2912.96,7.977268259824972,167.0,11,1,2,25.0,0.0
705424,N22000467,NR,RAILWAYS,Mega,1540.13,7.3402711925666155,218.0,6,0,0,0.0,0.0
705428,N22000273,RVNL - II,OTHER CENTRAL SECTOR,Major,4.0,1.6094379124341003,213.0,11,5,2,248.0,0.0
705429,N22000406,RVNL - II,OTHER CENTRAL SECTOR,Mega,38953.0,10.570136741789845,88.0,8,1,2,0.0,0.0
705432,N22000102,Indian Railway Construction International Limited [IRCON],OTHER CENTRAL SECTOR,Major,5.0,1.791759469228055,67.0,11,0,2,0.0,0.0
705433,N22000602,RVNL - II,OTHER CENTRAL SECTOR,Mega,1628.0,7.395721608602045,189.0,2,0,0,0.0,0.0
705437,N22000032,South Central Railway [SCR] - II,OTHER CENTRAL SECTOR,Mega,1160.0,7.057036981697891,122.0,11,3,0,119.0,0.0
705450,N22000207,NFR,RAILWAYS,Major,401.65,5.998067698241554,143.0,11,5,0,84.0,0.0
705453,N22000139,WR,RAILWAYS,Mega,1942.0,7.57198844937744,238.0,11,2,0,155.0,0.0
705454,N22000138,WR,RAILWAYS,Mega,1793.65,7.4925652958377,236.0,11,2,0,155.0,0.0
705457,N22000120,WR,RAILWAYS,Mega,5677.88,8.644509309173463,226.0,11,1,0,120.0,0.0
705458,N22000142,WR,RAILWAYS,Major,844.1,6.739454963550437,119.0,11,6,4,210.0,0.0
705479,N22000480,SECR,RAILWAYS,Mega,1886.05,7.54277004210283,105.0,6,0,1,0.0,1066.9213139801377
705482,N22000158,NCR,RAILWAYS,Major,746.83,6.617175679416844,106.0,11,5,2,94.0,0.0
705490,N22000299,SWR,RAILWAYS,Mega,2841.84,7.952558831488335,167.0,11,2,2,248.0,0.0
705491,N22000308,SWR,RAILWAYS,Major,279.54,5.636716317291525,47.0,11,1,0,206.0,0.0
705492,N22000486,SWR,RAILWAYS,Major,825.31,6.716970005775988,351.0,6,0,0,0.0,0.0
705494,N22000279,SWR,RAILWAYS,Mega,2495.59,7.82268107976152,101.0,11,8,0,188.0,0.0
705495,N22000258,SWR,RAILWAYS,Mega,1378.0,7.229113877793302,203.0,11,3,2,59.0,0.0
705496,N22000256,SWR,RAILWAYS,Mega,1876.0,7.537430036586509,95.0,11,5,2,393.0,0.0
705498,N22000233,CR,RAILWAYS,Major,792.89,6.676944912606895,176.0,11,2,2,288.0,15266.666666666666
705500,N22000250,CR,RAILWAYS,Major,540.02,6.29345624673987,164.0,11,1,2,131.0,14866.666666666666
705502,N22000356,CR,RAILWAYS,Mega,1384.72,7.233975139138999,130.0,8,0,0,0.0,0.0
705503,N22000359,CR,RAILWAYS,Mega,3627.47,8.196566350804723,120.0,8,1,2,12.0,0.0
705504,N22000360,CR,RAILWAYS,Mega,2081.27,7.641213923763919,118.0,8,0,2,0.0,92.3728813559322
705505,N22000362,76 KM,CIVIL AVIATION,Major,638.0,6.459904454377535,118.0,8,1,2,12.0,11275.0
705506,N22000361,160 KM,CIVIL AVIATION,Mega,1035.16,6.943276851049216,106.0,8,2,0,12.0,0.0
705507,N22000358,CR,RAILWAYS,Mega,2449.91,7.804214663147685,145.0,8,0,1,0.0,14833.333333333334
705510,N22000316,ECOR,RAILWAYS,Mega,1284.39,7.158817453227447,140.0,10,3,2,119.0,16733.333333333336
705511,N22000376,ECOR,RAILWAYS,Mega,1547.38,7.344964502061045,107.0,8,1,2,12.0,0.0
705512,N22000377,ECOR,RAILWAYS,Mega,2499.71,7.824329970535926,83.0,8,3,2,12.0,0.0
705513,N22000379,ECOR,RAILWAYS,Mega,2362.0,7.767687277186908,152.0,8,2,2,60.0,0.0
705514,N22000380,ECOR,RAILWAYS,Major,820.61,6.711265829913208,143.0,8,1,2,0.0,16433.333333333336
705515,N22000381,ECOR,RAILWAYS,Mega,1172.92,7.068103854965684,131.0,8,1,0,0.0,0.0
705526,N22000329,ECR,RAILWAYS,Major,519.33,6.254463225676899,118.0,9,5,0,118.0,0.0
705527,N22000472,ECR,RAILWAYS,Mega,1215.54,7.103766042899607,104.0,6,0,0,0.0,0.0
705528,N22000473,ECR,RAILWAYS,Mega,1586.22,7.369739337257671,98.0,6,0,0,0.0,0.0
705562,N22000134,NER,RAILWAYS,Major,941.05,6.84805835172401,143.0,11,5,2,153.0,0.0
705567,N22000468,NER,RAILWAYS,Mega,1015.59,6.924209168253817,107.0,6,3,1,40.0,18166.666666666664
705572,N22000388,Northeast Frontier Railway [NFR],OTHER CENTRAL SECTOR,Mega,4060.0,8.309184527686298,114.0,8,1,2,12.0,209.6590909090909
705583,N22000281,CAO/C/NR,OTHER CENTRAL SECTOR,Major,667.0,6.504288173536645,120.0,11,4,2,126.0,19366.666666666664
705588,N22000583,NR,RAILWAYS,Major,721.72,6.583021871906294,88.0,2,0,1,0.0,3859651.403508772
705598,N22000496,NCR,RAILWAYS,Mega,2002.0,7.602401335665818,66.0,6,0,0,0.0,0.0
705608,N22000495,NCR,RAILWAYS,Mega,4329.53,8.373445215353616,96.0,6,0,2,0.0,0.0
705610,N22000587,SCR,RAILWAYS,Major,302.0,5.713732805509369,116.0,2,0,1,0.0,0.0
705612,N22000261,SCR,RAILWAYS,Mega,1953.0,7.577633832602728,154.0,11,3,2,311.0,20600.0
705613,N22000367,SCR,RAILWAYS,Mega,2594.59,7.861569130065837,117.0,8,0,2,0.0,0.0
705616,N22000484,SECR,RAILWAYS,Mega,2140.34,7.669187080278673,114.0,6,0,0,0.0,0.0
705617,N22000420,SECR,RAILWAYS,Mega,3544.92,8.17355292574796,99.0,8,1,0,15.0,0.0
705628,N22000396,SER,RAILWAYS,Mega,3029.04,8.01633109973641,99.0,8,0,2,0.0,0.0
705629,N22000506,SER,RAILWAYS,Mega,2400.0,7.783640596221253,69.0,3,0,0,0.0,0.0
705632,N22000586,SCR,RAILWAYS,Major,647.37,6.474461521055171,116.0,2,0,0,0.0,0.0
705633,N22000368,SCR,RAILWAYS,Mega,3733.37,8.225334408640945,116.0,8,1,2,83.0,0.0
705635,N22000399,SR,RAILWAYS,Mega,1431.9,7.267455641722557,109.0,8,3,0,142.0,0.0
705638,N22000620,SR,RAILWAYS,Major,812.85,6.701776073837507,183.0,2,0,0,0.0,0.0
705639,N22000619,SR,RAILWAYS,Major,600.82,6.399958397276156,207.0,2,0,0,0.0,0.0
705648,N22000369,RVNL,RAILWAYS,Mega,6654.0,8.803123730829212,115.0,8,1,0,33.0,0.0
705650,N22000297,RVNL,RAILWAYS,Mega,5060.36,8.529390500871619,203.0,11,3,2,155.0,0.0
705659,N22000554,WCR,RAILWAYS,Major,500.0,6.2166061010848646,124.0,2,0,0,0.0,0.0
705660,N22000351,WCR,RAILWAYS,Mega,2445.29,7.802327870135109,132.0,8,1,2,0.0,0.0
705661,N22000416,WCR,RAILWAYS,Mega,1247.64,7.1298102379946915,97.0,8,1,2,24.0,0.0
705662,N22000333,SWR,RAILWAYS,Mega,1877.81,7.538393876684982,117.0,9,1,0,46.0,0.0
705663,N22000621,SWR,RAILWAYS,Major,492.87,6.202272324661071,87.0,2,0,0,0.0,0.0
705667,N22000501,273.80 KM,OTHER CENTRAL SECTOR,Mega,5323.39,8.580053430025206,102.0,4,0,0,0.0,0.0
705668,N22000595,RVNL,RAILWAYS,Mega,3249.98,8.086711768331737,111.0,2,0,0,0.0,0.0
705728,N22000463,NHSRCL,COAL,Mega,108000.0,11.58989576532275,140.0,6,0,0,0.0,0.0
705730,N22000111,RVNL,RAILWAYS,Mega,4834.54,8.483748087276666,200.0,11,0,2,0.0,0.0
705735,N22000513,CR,RAILWAYS,Major,904.92,6.808951001923535,110.0,2,0,1,0.0,0.0
705741,N22000517,ECOR,RAILWAYS,Major,748.0,6.618738983517219,132.0,2,1,1,0.0,0.0
705742,N22000516,ECOR,RAILWAYS,Mega,2344.0,7.76004068088038,185.0,2,0,0,0.0,0.0
705752,N22000593,NWR,RAILWAYS,Major,528.48,6.27189539284557,71.0,2,0,0,0.0,0.0
705761,N22000559,SWR,RAILWAYS,Mega,1453.73,7.2825755953755955,99.0,2,0,1,0.0,0.0
705763,N22000601,RVNL,RAILWAYS,Mega,7474.01,8.919320736050635,144.0,2,0,1,0.0,244451022.2222222
705764,N22000503,WR,RAILWAYS,Major,495.18,6.206938764117285,59.0,3,0,2,0.0,0.0
705765,N22000611,ECR,RAILWAYS,Major,686.03,6.532377959391195,62.0,2,0,0,0.0,0.0
705766,N22000546,NCR,RAILWAYS,Major,356.09,5.877987850847898,93.0,2,0,0,0.0,0.0
705771,N22000563,NCR,RAILWAYS,Major,494.11,6.204779960103212,83.0,2,0,1,0.0,12850.0
705772,N22000544,NCR,RAILWAYS,Mega,2649.44,7.882480942933378,88.0,2,0,0,0.0,0.0
705774,N22000562,NCR,RAILWAYS,Major,451.99,6.1158700501841885,80.0,2,0,0,0.0,0.0
705777,N22000564,NCR,RAILWAYS,Major,187.21,5.237558360702472,80.0,2,0,0,0.0,0.0
705780,N22000598,RVNL,RAILWAYS,Mega,2529.46,7.836156383376462,79.0,2,0,1,0.0,376.0
705782,N22000590,NR,RAILWAYS,Major,323.85,5.78336353732654,74.0,2,0,0,0.0,0.0
705783,N22000584,PAIMANA,OTHER CENTRAL SECTOR,Major,59.0,4.0943445622221,45.0,2,0,0,0.0,0.0
705785,N22000508,SER,RAILWAYS,Major,501.52,6.2196354401362175,98.0,3,1,2,42.0,3609.302325581396
705799,N22000629,MRIDC,CIVIL AVIATION,Mega,1400.0,7.244941546337007,56.0,1,0,0,0.0,0.0
705918,N22000545,NCR,RAILWAYS,Mega,1456.89,7.284745463906238,74.0,2,0,0,0.0,0.0
705919,N22000553,NCR,RAILWAYS,Mega,1389.81,7.237641590214271,60.0,2,0,0,0.0,0.0
705933,N22000536,WR,RAILWAYS,Mega,1095.88,7.0002250650484,72.0,2,0,1,0.0,0.0
706718,N04000100,AAI,CIVIL AVIATION,Major,499.0,6.214608098422191,32.0,2,0,1,0.0,50001150.0
706724,N04000083,AAI,CIVIL AVIATION,Mega,1142.0,7.04141166379481,51.0,5,0,0,0.0,0.0
706757,N22000622,WR,RAILWAYS,Major,261.68,5.570936561322772,174.0,2,1,1,227.0,0.0
706759,N22000350,ECR,RAILWAYS,Mega,2373.64,7.772601126032123,108.0,8,1,0,0.0,0.0
706763,N22000535,WR,RAILWAYS,Mega,1080.58,6.986178213993476,60.0,2,0,1,0.0,0.0
706776,N22000108,MTP,CIVIL AVIATION,Mega,4829.6,8.48272596253399,196.0,11,0,0,0.0,0.0
706777,N22000109,RVNL,RAILWAYS,Mega,2298.42,7.74041219620301,200.0,11,1,3,0.0,0.0
706779,N22000092,MRTP,CIVIL AVIATION,Mega,8087.11,8.998150361003471,71.0,11,0,0,0.0,0.0
706780,N22000627,MRVC,RAILWAYS,Mega,33690.0,10.424986018358423,104.0,1,0,0,0.0,0.0
706811,N12000124,NMDC,COAL,Mega,2907.0,7.97522083865341,91.0,4,0,2,0.0,0.0
706835,N22000557,SWR,RAILWAYS,Mega,1590.8,7.372620730371749,87.0,2,0,0,0.0,0.0
706837,N22000529,ECR,RAILWAYS,Major,202.0,5.313205979041787,60.0,2,0,0,0.0,0.0
706854,N22000580,SECR,RAILWAYS,Mega,1376.2,7.2278077314643685,96.0,2,0,1,0.0,0.0
706860,N22000524,ECR,RAILWAYS,Major,486.0,6.18826412308259,60.0,2,0,0,0.0,0.0
706866,N22000607,NWR,RAILWAYS,Major,304.0,5.720311776607412,42.0,2,0,0,0.0,0.0
709747,N18000297,SJVN,POWER,Major,339.35,5.829974499893961,17.0,3,0,1,0.0,0.0
709749,N26000114,BSNL,COAL,Major,461.42,6.136473569017957,15.0,5,0,2,0.0,56233.333333333336
709752,N16000432,HPCL,PETROLEUM & NATURAL GAS,Major,160.0,5.081404364984463,33.0,3,0,2,0.0,0.0
709753,N16000478,HPCL,PETROLEUM & NATURAL GAS,Mega,1010.0,6.918695219020472,36.0,2,0,0,0.0,0.0
709754,N16000484,HPCL,PETROLEUM & NATURAL GAS,Major,156.36,5.058536174080804,52.0,2,0,1,0.0,6374594.820717132
709755,N16000494,HPCL,PETROLEUM & NATURAL GAS,Major,384.04,5.953347224994854,52.0,2,0,0,0.0,0.0
709757,N16000497,HPCL,PETROLEUM & NATURAL GAS,Mega,1377.0,7.228388451573604,96.0,1,0,0,0.0,0.0
709758,N16000498,HPCL,PETROLEUM & NATURAL GAS,Mega,2628.0,7.874358824729881,96.0,1,0,0,0.0,0.0
709759,N16000512,HPCL,PETROLEUM & NATURAL GAS,Major,461.05,6.135673110334049,36.0,1,0,0,0.0,0.0
709766,N16000485,IOCL,PETROLEUM & NATURAL GAS,Mega,1420.0,7.259116128097101,96.0,2,0,1,0.0,5948035.687732343
709770,N16000488,IOCL,PETROLEUM & NATURAL GAS,Major,151.0,5.0238805208462765,96.0,2,0,0,0.0,0.0
709771,N16000487,IOCL,PETROLEUM & NATURAL GAS,Major,865.0,6.763884908562435,96.0,2,0,0,0.0,0.0
709772,N16000491,IOCL,PETROLEUM & NATURAL GAS,Major,609.0,6.413458957167357,96.0,2,0,0,0.0,0.0
709774,N16000437,IOCL,PETROLEUM & NATURAL GAS,Major,463.0,6.139884552226255,42.0,3,0,0,0.0,0.0
709776,N16000441,IOCL,PETROLEUM & NATURAL GAS,Major,277.0,5.627621113690637,52.0,3,0,0,0.0,0.0
709777,N16000453,IOCL,PETROLEUM & NATURAL GAS,Major,389.0,5.966146739123692,39.0,2,1,0,7.0,0.0
709778,N16000454,IOCL,PETROLEUM & NATURAL GAS,Major,328.0,5.796057750765372,32.0,2,0,0,0.0,0.0
709779,N16000457,IOCL,PETROLEUM & NATURAL GAS,Major,768.0,6.645090969505644,40.0,2,0,0,0.0,0.0
709780,N16000504,IOCL,PETROLEUM & NATURAL GAS,Major,341.43,5.836067257251887,30.0,1,0,0,0.0,0.0
709781,N16000505,IOCL,PETROLEUM & NATURAL GAS,Major,260.12,5.564980071775742,36.0,1,0,0,0.0,0.0
709782,N16000456,NMIA,CIVIL AVIATION,Major,165.0,5.111987788356544,35.0,2,0,0,0.0,0.0
709785,N16000480,IOCL,PETROLEUM & NATURAL GAS,Major,202.07,5.313550747188626,35.0,2,1,1,0.0,0.0
709811,N22000520,ECOR,RAILWAYS,Major,189.93,5.251906868725373,60.0,2,0,0,0.0,0.0
709812,N22000539,WR,RAILWAYS,Major,335.34,5.818122553094604,97.0,2,0,1,0.0,1690.123456790123
709813,N22000551,WR,RAILWAYS,Major,437.21,6.082698247530828,60.0,2,0,1,0.0,0.0
709815,N22000574,PB#72/NR/2022-23,COAL,Major,177.03,5.181952075416771,48.0,2,0,1,0.0,0.0
709816,N22000575,8.8 KM) (PB#72/NR/2022-23,COAL,Major,169.06,5.136151315957647,48.0,2,0,0,0.0,0.0
709817,N22000576,9.2 KM) (PB#72/NR/2022-23,COAL,Major,169.06,5.136151315957647,48.0,2,0,0,0.0,0.0
709818,N22000577,PB#72/NR/2022-23,COAL,Major,328.34,5.797090651789853,48.0,2,0,0,0.0,0.0
709819,N22000579,SECR,RAILWAYS,Major,167.64,5.127766265352998,48.0,2,1,1,0.0,83266.0
709826,N12000127,NMDC,COAL,Mega,2092.97,7.64681706468029,41.0,2,0,1,0.0,0.0
709827,N12000130,NMDC,COAL,Major,282.44,5.647000460557217,40.0,1,0,0,0.0,0.0
709830,N10000012,NALCO,COAL,Major,355.0,5.87493073085203,59.0,7,0,0,0.0,0.0
709831,N10000013,NALCO,COAL,Major,483.0,6.182084906716632,41.0,7,2,0,37.0,0.0
709832,N10000014,PAIMANA,OTHER CENTRAL SECTOR,Major,46.0,3.8501476017100584,3.0,6,0,2,0.0,707.8431372549019
709838,N16000444,ONGC,PETROLEUM & NATURAL GAS,Major,621.4,6.433582972864182,34.0,2,0,0,0.0,0.0
709839,N16000470,ONGC,PETROLEUM & NATURAL GAS,Mega,4144.41,8.329756977032337,40.0,2,0,1,0.0,0.0
709840,N16000477,ONGC,PETROLEUM & NATURAL GAS,Major,249.43,5.523179440356211,33.0,2,0,0,0.0,0.0
709841,N16000483,ONGC,PETROLEUM & NATURAL GAS,Major,173.03,5.159227698146083,48.0,2,0,0,0.0,0.0
709842,N16000481,ONGC,PETROLEUM & NATURAL GAS,Mega,1487.41,7.305463715073923,55.0,2,0,1,0.0,0.0
709845,N16000514,ONGC,PETROLEUM & NATURAL GAS,Major,837.34,6.731423746120393,45.0,1,0,0,0.0,0.0
709846,N16000515,ONGC,PETROLEUM & NATURAL GAS,Mega,1219.48,7.106999502971999,18.0,1,0,0,0.0,0.0
709856,N26000116,BSNL,COAL,Major,645.13,6.471000721926966,15.0,2,0,0,0.0,0.0
709857,N26000117,BSNL,COAL,Mega,24556.35,10.10876647741676,24.0,2,0,0,0.0,0.0
709859,N28000115,CPWD FOR TELECO,OTHER CENTRAL SECTOR,Major,248.2,5.518255786913298,41.0,7,3,2,68.0,0.0
709864,N16000511,NRL,PETROLEUM & NATURAL GAS,Major,370.0,5.916202062607435,43.0,1,0,0,0.0,0.0
709865,N16000510,NRL,PETROLEUM & NATURAL GAS,Major,293.5,5.685279003091641,28.0,1,0,0,0.0,0.0
72000,N24001844,NHAI,ROAD TRANSPORT & HIGHWAYS,Mega,1058.9,6.9659298430332095,34.0,2,0,1,0.0,6.307977736549166
756052,N24001519,NHAI,ROAD TRANSPORT & HIGHWAYS,Mega,1198.55,7.089701765446009,38.0,2,1,1,16.0,16216489.18918919
803420,N24001518,NHAI,ROAD TRANSPORT & HIGHWAYS,Mega,1669.56,7.4209141785418,46.0,2,0,0,0.0,0.0
81740,N24001313,NHIDCL,ROAD TRANSPORT & HIGHWAYS,Major,351.12,5.863972026592705,37.0,3,0,1,0.0,0.0
82000,N24001362,NHIDCL,ROAD TRANSPORT & HIGHWAYS,Major,410.6,6.020052003959894,38.0,3,0,2,0.0,39466.66666666667
824920,N24001520,NHAI,ROAD TRANSPORT & HIGHWAYS,Mega,1604.06,7.380916418042952,54.0,2,0,0,0.0,0.0
83905,N24001341,NHIDCL,ROAD TRANSPORT & HIGHWAYS,Major,398.51,5.9902387961821635,21.0,3,1,1,0.0,0.0028415078974128
87900,N24001964,MoRTH,ROAD TRANSPORT & HIGHWAYS,Major,365.21,5.903206939349818,38.0,1,0,0,0.0,0.0
900808,N18000352,PGCIL,POWER,Mega,3546.94,8.17412243235074,20.0,2,1,1,28.0,163639463.63636366
91400,N24001634,NHAI,ROAD TRANSPORT & HIGHWAYS,Mega,1306.95,7.176216304986807,35.0,2,0,0,0.0,0.0
96300,N24001845,NHAI,ROAD TRANSPORT & HIGHWAYS,Mega,1253.24,7.134285090440412,32.0,2,0,0,0.0,0.0
99930,N24002021,NHIDCL,ROAD TRANSPORT & HIGHWAYS,Mega,1457.59,7.285225494637422,45.0,1,0,0,0.0,0.0
N04000073,N04000073,AAI,CIVIL AVIATION,Major,417.23,6.036031520433107,59.0,10,0,2,0.0,0.0
N04000074,N04000074,AAI,CIVIL AVIATION,Mega,2467.0,7.811163385025279,44.0,5,0,1,0.0,0.0
N04000076,N04000076,AAI,CIVIL AVIATION,Major,303.8,5.7196558238124915,41.0,4,0,2,0.0,0.0
N04000077,N04000077,AAI,CIVIL AVIATION,Mega,1383.0,7.232733136177615,39.0,5,0,0,0.0,0.0
N04000079,N04000079,AAI,CIVIL AVIATION,Major,475.39,6.166236846496772,49.0,5,2,2,0.0,0.0
N04000080,N04000080,AAI,CIVIL AVIATION,Major,458.0,6.129050210060545,50.0,5,0,0,0.0,0.0
N04000081,N04000081,AAI,CIVIL AVIATION,Major,389.71,5.967965596819219,34.0,5,0,0,0.0,0.0
N04000085,N04000085,AAI,CIVIL AVIATION,Major,456.86,6.126563460529597,26.0,5,1,1,65.0,0.0
N04000087,N04000087,AAI,CIVIL AVIATION,Major,412.24,6.024028537981245,60.0,4,0,0,0.0,0.0
N04000088,N04000088,AAI,CIVIL AVIATION,Mega,1405.0,7.2485040723706105,55.0,4,0,0,0.0,0.0
N04000090,N04000090,AAI,CIVIL AVIATION,Major,380.87,5.945080236550453,33.0,4,0,2,0.0,0.0
N04000092,N04000092,AAI,CIVIL AVIATION,Major,645.63,6.471774260750772,42.0,3,0,2,0.0,0.0
N04000093,N04000093,AAI,CIVIL AVIATION,Major,353.25,5.87000287857079,30.0,3,0,2,0.0,0.0
N04000094,N04000094,AAI,CIVIL AVIATION,Major,242.14,5.493637409127648,21.0,3,0,0,0.0,0.0
N04000096,N04000096,AAI,CIVIL AVIATION,Major,255.68,5.547830172882315,42.0,3,0,0,0.0,0.0
N04000098,N04000098,AAI,CIVIL AVIATION,Major,446.12,6.102827014961442,22.0,2,0,0,0.0,0.0
N04000102,N04000102,AAI,CIVIL AVIATION,Major,185.75,5.229770824012927,18.0,1,0,0,0.0,0.0
N06000104,N06000104,SECL,COAL,Major,610.63,6.41612752451967,99.0,11,0,0,0.0,0.0
N06000161,N06000161,SCCL,COAL,Major,413.84,6.027892903721534,60.0,6,1,0,36.0,0.0
N06000189,N06000189,NLC,COAL,Mega,2401.07,7.784086144596647,114.0,5,1,1,78.0,0.0
N06000198,N06000198,SECL,COAL,Major,278.64,5.6335030616437844,46.0,4,0,0,0.0,0.0
N06000210,N06000210,SCCL,COAL,Major,489.62,6.195669897401941,88.0,3,0,2,0.0,0.0
N10000011,N10000011,NALCO,COAL,Major,534.0,6.282266746896006,44.0,8,0,2,0.0,0.0
N10000017,N10000017,NALCO,COAL,Major,225.79,5.424024479170771,42.0,1,0,0,0.0,0.0
N12000122,N12000122,SAIL,COAL,Major,377.18,5.935370272753074,30.0,4,0,2,0.0,0.0
N12000125,N12000125,SAIL,COAL,Major,970.18,6.878511827012469,40.0,3,0,0,0.0,0.0
N16000361,N16000361,IOCL,PETROLEUM & NATURAL GAS,Major,462.3,6.138374792422603,34.0,5,0,1,0.0,0.0
N16000369,N16000369,HPCL,PETROLEUM & NATURAL GAS,Major,854.0,6.75110146893676,48.0,5,0,0,0.0,0.0
N16000382,N16000382,IOCL,PETROLEUM & NATURAL GAS,Mega,5251.0,8.566364235422688,42.0,5,0,1,0.0,0.0
N16000392,N16000392,HPCL,PETROLEUM & NATURAL GAS,Mega,5830.2,8.670978090068003,144.0,4,0,2,0.0,0.0
N16000411,N16000411,IOCL,PETROLEUM & NATURAL GAS,Mega,1614.0,7.387090235656757,34.0,4,1,2,21.0,0.0
N16000423,N16000423,IOCL,PETROLEUM & NATURAL GAS,Major,163.0,5.099866427824199,126.0,3,0,0,0.0,0.0
N16000426,N16000426,IOCL,PETROLEUM & NATURAL GAS,Major,169.0,5.135798437050262,126.0,3,0,2,0.0,0.0
N16000429,N16000429,GAIL,PETROLEUM & NATURAL GAS,Major,910.56,6.815157417514571,61.0,3,0,0,0.0,0.0
N16000440,N16000440,HPCL,PETROLEUM & NATURAL GAS,Major,367.0,5.908082938168931,30.0,3,1,0,1.0,0.0
N16000442,N16000442,BPCL,PETROLEUM & NATURAL GAS,Mega,1164.69,7.0610684653524896,38.0,2,0,0,0.0,0.0
N16000446,N16000446,IOCL,PETROLEUM & NATURAL GAS,Major,378.0,5.937536205082426,25.0,2,0,1,0.0,7.662835249042145
N16000452,N16000452,BPCL,PETROLEUM & NATURAL GAS,Major,423.39,6.050652843785504,22.0,2,0,0,0.0,0.0
N16000486,N16000486,IOCL,PETROLEUM & NATURAL GAS,Major,501.0,6.218600119691729,96.0,2,0,0,0.0,0.0
N16000496,N16000496,HPCL,PETROLEUM & NATURAL GAS,Mega,1751.0,7.468513271496337,96.0,1,0,0,0.0,0.0
N16000499,N16000499,BPCL,PETROLEUM & NATURAL GAS,Mega,1932.0,7.566828479208331,66.0,1,0,0,0.0,0.0
N16000500,N16000500,BPCL,PETROLEUM & NATURAL GAS,Major,676.89,6.5189850328898515,47.0,1,0,0,0.0,0.0
N16000507,N16000507,BPCL,PETROLEUM & NATURAL GAS,Major,405.0,6.0063531596017325,28.0,1,0,0,0.0,0.0
N16000508,N16000508,BPCL,PETROLEUM & NATURAL GAS,Major,621.87,6.434337829276554,36.0,1,0,0,0.0,0.0
N18000142,N18000142,NTPC,POWER,Mega,1527.0,7.331714969726466,61.0,11,0,2,0.0,12666.666666666668
N18000177,N18000177,3X660 MW,COAL,Mega,16242.9,9.695472732668057,64.0,10,1,0,4.0,0.0
N18000272,N18000272,THDCIL,OTHER CENTRAL SECTOR,Mega,11089.42,9.313836951584006,54.0,6,0,0,0.0,0.0
N18000286,N18000286,NTPC,POWER,Mega,1782.0,7.48605261786314,18.0,4,0,2,0.0,25.333333333333336
N18000293,N18000293,NTPC,POWER,Mega,1221.73,7.108841342712399,18.0,3,0,2,0.0,21.25
N18000295,N18000295,NTPC,POWER,Major,842.27,6.73728719141917,18.0,3,0,2,0.0,89.5
N18000296,N18000296,NTPC,POWER,Major,674.92,6.5160747258445895,16.0,3,2,2,0.0,630.0066666666667
N18000319,N18000319,NTPC,POWER,Major,937.8,6.844602463976869,18.0,3,0,2,0.0,154.0
N18000320,N18000320,NTPC,POWER,Mega,1352.71,7.210604250325569,17.0,3,0,2,0.0,52.6530612244898
N18000321,N18000321,NTPC,POWER,Mega,1409.52,7.251713709710542,17.0,3,0,2,0.0,52.24489795918368
N18000322,N18000322,NTPC,POWER,Mega,1426.94,7.263988125210076,17.0,3,2,2,0.0,51.02040816326531
N18000328,N18000328,PGCIL,POWER,Major,318.12,5.765567207597151,38.0,3,0,0,0.0,0.0
N18000330,N18000330,PGCIL,POWER,Major,288.71,5.668880422646936,33.0,3,0,0,0.0,0.0
N18000331,N18000331,PGCIL,POWER,Major,359.47,5.887408735509094,19.0,3,0,0,0.0,0.0
N18000332,N18000332,PGCIL,POWER,Mega,1666.0,7.418780882750794,18.0,2,0,0,0.0,0.0
N18000335,N18000335,SJVN,POWER,Mega,5491.89,8.611209807655124,25.0,2,0,1,0.0,0.0
N18000343,N18000343,PGCIL,POWER,Major,307.87,5.732920476399523,36.0,2,0,1,0.0,4205587.61682243
N18000345,N18000345,NTPC,POWER,Mega,1316.02,7.183126887656828,32.0,2,0,0,0.0,0.0
N18000346,N18000346,NTPC,POWER,Mega,7179.54,8.87912986812787,24.0,2,0,1,0.0,0.0
N18000347,N18000347,NTPC,POWER,Mega,2598.92,7.863235954305422,21.0,2,0,0,0.0,0.0
N18000348,N18000348,NTPC,POWER,Mega,1530.49,7.333996396705316,21.0,2,0,1,0.0,0.0
N18000349,N18000349,NTPC,POWER,Mega,1442.6,7.274895272768633,16.0,2,0,1,0.0,0.0
N18000350,N18000350,PGCIL,POWER,Major,385.84,5.958011170848763,9.0,2,0,0,0.0,0.0
N18000351,N18000351,PGCIL,POWER,Major,524.04,6.263474450165467,32.0,2,1,1,32.0,163639454.54545453
N18000353,N18000353,PGCIL,POWER,Major,281.16,5.642474285927797,24.0,2,0,1,0.0,4225334.976525822
N18000356,N18000356,PGCIL,POWER,Mega,1433.28,7.268418260118725,18.0,2,0,0,0.0,0.0
N18000357,N18000357,PGCIL,POWER,Major,922.3,6.827954208778582,21.0,2,1,1,21.0,0.0
N18000358,N18000358,PGCIL,POWER,Major,815.12,6.704561402975548,24.0,2,0,0,0.0,0.0
N18000359,N18000359,PGCIL,POWER,Major,966.79,6.875015121592464,21.0,2,0,0,0.0,0.0
N18000360,N18000360,PGCIL,POWER,Mega,1167.55,7.063518942965034,24.0,2,0,0,0.0,0.0
N18000361,N18000361,PGCIL,POWER,Mega,2820.99,7.945197588820371,24.0,2,0,1,0.0,0.0
N18000365,N18000365,NTPC,POWER,Mega,6283.81,8.745890889859355,18.0,2,0,1,0.0,0.0
N18000366,N18000366,NTPC,POWER,Mega,1095.01,6.999431591553928,20.0,2,1,1,0.0,11.57249705482142
N18000368,N18000368,NHPC,POWER,Mega,1677.12,7.425429398176962,18.0,2,0,1,0.0,0.0
N18000370,N18000370,NTPC,POWER,Mega,1553.0,7.348587530927593,50.0,1,0,0,0.0,0.0
N18000376,N18000376,PGCIL,POWER,Mega,2191.0,7.692569648067906,19.0,1,0,0,0.0,0.0
N21000027,N21000027,HITES,OTHER CENTRAL SECTOR,Major,875.0,6.775366090936392,48.0,6,0,0,0.0,0.0
N21000029,N21000029,CPWD FOR HEALTH,OTHER CENTRAL SECTOR,Mega,1404.0,7.247792581767846,54.0,5,0,0,0.0,0.0
N22000087,N22000087,NFR,RAILWAYS,Mega,2650.0,7.8826922062890254,219.0,11,3,2,24.0,0.0
N22000171,N22000171,ECR,RAILWAYS,Major,325.0,5.786897381366708,38.0,11,4,2,275.0,0.0
N22000183,N22000183,NFR,RAILWAYS,Mega,2047.51,7.6248679785957085,136.0,11,1,2,95.0,0.0
N22000274,N22000274,NR,RAILWAYS,Mega,1053.23,6.960565921614376,203.0,11,4,0,286.0,0.0
N22000349,N22000349,ECR,RAILWAYS,Mega,2462.11,7.809180058105808,105.0,8,1,0,0.0,0.0
N22000401,N22000401,RVNL,RAILWAYS,Mega,2018.23,7.610471529605779,116.0,8,1,2,0.0,0.0
N22000417,N22000417,ECR,RAILWAYS,Mega,2880.4,7.966031566127373,108.0,8,0,1,0.0,0.0
N22000418,N22000418,IRCON,COAL,Mega,5200.0,8.556606193773073,47.0,7,0,0,0.0,0.0
N22000419,N22000419,ECR,RAILWAYS,Major,762.97,6.638528521379844,108.0,8,3,2,60.0,0.0
N22000470,N22000470,NER,RAILWAYS,Mega,1177.96,7.072387972905007,104.0,6,0,0,0.0,0.0
N22000485,N22000485,SECR,RAILWAYS,Mega,1860.94,7.5293742339021446,80.0,6,0,0,0.0,0.0
N22000502,N22000502,NR,RAILWAYS,Major,404.0,6.003887067106539,86.0,4,0,0,0.0,0.0
N22000504,N22000504,WR,RAILWAYS,Major,692.26,6.541405109202525,92.0,3,0,0,0.0,0.0
N22000505,N22000505,WR,RAILWAYS,Major,537.31,6.288434602396033,71.0,3,0,0,0.0,0.0
N22000510,N22000510,SER,RAILWAYS,Major,393.83,5.978455292514342,80.0,3,0,1,0.0,1501.0230179028133
N22000511,N22000511,CR,RAILWAYS,Major,955.0,6.862757913051401,60.0,2,0,1,0.0,0.0
N22000515,N22000515,CR,RAILWAYS,Major,836.12,6.729967429388725,49.0,2,0,1,0.0,0.0
N22000518,N22000518,ECOR,RAILWAYS,Major,278.96,5.634646735821339,101.0,2,0,1,0.0,0.0
N22000519,N22000519,ECOR,RAILWAYS,Major,190.9,5.256974403013654,60.0,2,0,1,0.0,275006387.5
N22000522,N22000522,ECOR,RAILWAYS,Major,183.0,5.214935757608986,96.0,2,0,0,0.0,0.0
N22000523,N22000523,ECR,RAILWAYS,Major,983.62,6.892255779935185,72.0,2,0,1,0.0,0.0
N22000525,N22000525,ECR,RAILWAYS,Major,199.96,5.303105883279834,60.0,2,0,0,0.0,0.0
N22000526,N22000526,ECR,RAILWAYS,Major,496.47,6.209535253272901,112.0,2,0,0,0.0,0.0
N22000528,N22000528,ECR,RAILWAYS,Major,234.0,5.459585514144159,60.0,2,1,1,60.0,15700.0
N22000533,N22000533,WR,RAILWAYS,Major,152.44,5.033309611135128,34.0,2,0,1,0.0,0.0
N22000537,N22000537,54.83 KM,CIVIL AVIATION,Major,354.99,5.874902640569862,92.0,2,0,1,0.0,1140.1969724603318
N22000547,N22000547,WR,RAILWAYS,Major,309.81,5.739181793008062,94.0,2,0,1,0.0,1525.3310859619553
N22000548,N22000548,WR,RAILWAYS,Major,296.54,5.695548669729098,96.0,2,0,0,0.0,0.0
N22000555,N22000555,SWR,RAILWAYS,Major,294.67,5.689243967535078,83.0,2,0,0,0.0,0.0
N22000556,N22000556,17.98 KM) (PB#29/NR/2022-23,OTHER CENTRAL SECTOR,Major,323.14,5.781175521229973,39.0,2,1,1,164.0,0.0
N22000566,N22000566,NER,RAILWAYS,Major,950.0,6.85751406254539,53.0,2,0,1,0.0,0.0
N22000568,N22000568,SR,RAILWAYS,Major,359.6,5.887769310769217,48.0,2,1,1,0.0,0.0
N22000570,N22000570,NFR,RAILWAYS,Major,745.0,6.61472560020376,60.0,2,0,1,0.0,0.0
N22000571,N22000571,SER,RAILWAYS,Major,209.75,5.350672596881965,48.0,2,0,1,0.0,12380.0
N22000589,N22000589,NR,RAILWAYS,Major,235.0,5.4638318050256105,54.0,2,0,1,0.0,3832755.226480837
N22000591,N22000591,NR,RAILWAYS,Major,177.33,5.183635766464422,45.0,2,1,1,0.0,0.0
N22000594,N22000594,NWR,RAILWAYS,Major,466.42,6.147228211090879,60.0,2,0,0,0.0,0.0
N22000596,N22000596,RVNL,RAILWAYS,Major,357.48,5.8818728704778875,76.0,2,0,1,0.0,1131.03227185296
N22000599,N22000599,RVNL,RAILWAYS,Mega,8975.0,9.102309627762478,112.0,2,0,0,0.0,0.0
N22000600,N22000600,RVNL,RAILWAYS,Major,493.0,6.202535517187923,75.0,2,0,1,0.0,0.0
N22000605,N22000605,NWR,RAILWAYS,Major,422.6,6.048789613727251,60.0,2,0,0,0.0,0.0
N22000609,N22000609,ER,RAILWAYS,Major,164.33,5.107943476563253,268.0,1,0,0,0.0,0.0
N22000610,N22000610,ECR,RAILWAYS,Major,262.71,5.57485001452115,87.0,2,0,1,0.0,0.0
N22000612,N22000612,NCR,RAILWAYS,Major,402.88,6.00111780413612,34.0,2,0,1,0.0,0.0
N22000613,N22000613,NER,RAILWAYS,Major,351.03,5.863716399239187,99.0,2,0,1,0.0,0.0
N22000614,N22000614,NR,RAILWAYS,Major,299.74,5.706246104094174,119.0,2,0,1,0.0,0.0
N22000616,N22000616,SECR,RAILWAYS,Major,241.0,5.488937726156687,140.0,2,0,1,0.0,0.0
N22000618,N22000618,SR,RAILWAYS,Major,358.95,5.885965132915312,109.0,2,0,0,0.0,0.0
N22000625,N22000625,SR,RAILWAYS,Major,304.22,5.721032828062729,86.0,2,0,1,0.0,0.0
N22000628,N22000628,KOMRCL,CIVIL AVIATION,Mega,4874.58,8.491994350714034,91.0,1,0,0,0.0,0.0
N24000165,N24000165,NHAI,ROAD TRANSPORT & HIGHWAYS,Major,671.3,6.510704669474991,30.0,11,0,4,0.0,0.0
N24000245,N24000245,MoRTH,ROAD TRANSPORT & HIGHWAYS,Major,270.0,5.602118820879701,26.0,9,0,3,0.0,1648.8408845300207
N24000247,N24000247,MoRTH,ROAD TRANSPORT & HIGHWAYS,Major,295.47,5.691946032880246,28.0,7,0,3,0.0,1023.1404958677684
N24000248,N24000248,MoRTH,ROAD TRANSPORT & HIGHWAYS,Major,153.21,5.038315309869565,22.0,9,0,3,0.0,75200.0
N24000301,N24000301,MoRTH,ROAD TRANSPORT & HIGHWAYS,Major,271.45,5.6074551110291075,7.0,9,0,3,0.0,1200.0
N24000332,N24000332,MoRTH,ROAD TRANSPORT & HIGHWAYS,Major,225.81,5.424112662592345,38.0,9,4,3,100.0,0.0
N24000334,N24000334,MoRTH,ROAD TRANSPORT & HIGHWAYS,Major,165.67,5.116015809554085,8.0,9,0,3,0.0,33966.66666666667
N24000463,N24000463,NHAI,ROAD TRANSPORT & HIGHWAYS,Mega,1083.0,6.988413181999592,30.0,9,0,0,0.0,0.0
N24000465,N24000465,AMR,OTHER CENTRAL SECTOR,Major,605.84,6.408265164879892,45.0,2,0,0,0.0,0.0
N24000488,N24000488,NHAI,ROAD TRANSPORT & HIGHWAYS,Mega,2136.97,7.667612059681118,36.0,9,0,2,0.0,0.0
N24000531,N24000531,MoRTH,ROAD TRANSPORT & HIGHWAYS,Major,319.68,5.770443741174751,33.0,9,5,3,126.0,29433.33333333333
N24000560,N24000560,NHAI,ROAD TRANSPORT & HIGHWAYS,Major,591.66,6.3846208787485486,40.0,9,1,0,40.0,0.0
N24000564,N24000564,NHAI,ROAD TRANSPORT & HIGHWAYS,Mega,1408.0,7.25063551189868,52.0,9,5,4,76.0,39000.0
N24000567,N24000567,NHAI,ROAD TRANSPORT & HIGHWAYS,Major,998.18,6.906934942598235,39.0,8,3,0,39.0,0.0
N24000570,N24000570,NHAI,ROAD TRANSPORT & HIGHWAYS,Major,763.08,6.638672495726482,39.0,8,3,2,39.0,424.71769412338335
N24000576,N24000576,MoRTH,ROAD TRANSPORT & HIGHWAYS,Major,178.85,5.192123170141633,3.0,8,0,3,0.0,44400.0
N24000578,N24000578,MoRTH,ROAD TRANSPORT & HIGHWAYS,Major,553.3,6.3177060564257586,3.0,8,0,3,0.0,44500.0
N24000603,N24000603,NHAI,ROAD TRANSPORT & HIGHWAYS,Mega,1167.42,7.0634076877926235,31.0,8,1,3,30.0,0.0
N24000649,N24000649,NHAI,ROAD TRANSPORT & HIGHWAYS,Mega,1251.11,7.132585407225551,47.0,8,5,0,170.0,0.0
N24000659,N24000659,NHAI,ROAD TRANSPORT & HIGHWAYS,Mega,1059.73,6.966712629320663,0.0,8,3,3,14.0,28625.0
N24000683,N24000683,NHIDCL,ROAD TRANSPORT & HIGHWAYS,Major,180.57,5.201641254282576,81.0,8,1,3,79.0,13.32398316970547
N24000686,N24000686,NHIDCL,ROAD TRANSPORT & HIGHWAYS,Major,373.07,5.924442945676605,42.0,8,1,3,37.0,973.966408268734
N24000688,N24000688,NHIDCL,ROAD TRANSPORT & HIGHWAYS,Major,429.52,6.064993780396097,77.0,7,1,2,72.0,773.499901632894
N24000697,N24000697,NHAI,ROAD TRANSPORT & HIGHWAYS,Mega,1176.37,7.0710384163986415,37.0,7,4,3,58.0,0.0
N24000704,N24000704,NHAI,ROAD TRANSPORT & HIGHWAYS,Mega,1124.11,7.025636087636363,32.0,7,4,3,134.0,26375.0
N24000709,N24000709,NHAI,ROAD TRANSPORT & HIGHWAYS,Major,950.27,6.857797933922023,26.0,7,4,3,62.0,2249.2753623188405
N24000736,N24000736,NHAI,ROAD TRANSPORT & HIGHWAYS,Major,686.65,6.533279987560717,32.0,7,4,3,53.0,34700.0
N24000741,N24000741,NHIDCL,ROAD TRANSPORT & HIGHWAYS,Major,274.31,5.617897735499032,32.0,7,1,3,30.0,80600.0
N24000742,N24000742,NHIDCL,ROAD TRANSPORT & HIGHWAYS,Major,403.36,6.0023055702858565,32.0,7,1,3,29.0,80650.0
N24000743,N24000743,NHIDCL,ROAD TRANSPORT & HIGHWAYS,Major,417.24,6.036055430435857,32.0,7,1,3,30.0,80700.0
N24000745,N24000745,NHIDCL,ROAD TRANSPORT & HIGHWAYS,Major,409.85,6.018228184377197,33.0,7,1,3,24.0,37050.0
N24000749,N24000749,NIMBUTALA TO AUSTIN CREEK,OTHER CENTRAL SECTOR,Major,234.27,5.460733790792328,30.0,7,2,3,23.0,420.3883495145631
N24000752,N24000752,NHIDCL,ROAD TRANSPORT & HIGHWAYS,Major,387.0,5.961005339623274,43.0,7,2,4,60.0,907.7431539187912
N24000753,N24000753,NHIDCL,ROAD TRANSPORT & HIGHWAYS,Major,500.09,6.216785725669966,56.0,7,1,4,50.0,33275.0
N24000767,N24000767,NHIDCL,ROAD TRANSPORT & HIGHWAYS,Major,375.8,5.931714542702208,61.0,6,3,4,65.0,1200038250.0
N24000768,N24000768,NHIDCL,ROAD TRANSPORT & HIGHWAYS,Major,290.05,5.673495073717745,35.0,6,3,4,72.0,73250.0
N24000771,N24000771,NHIDCL,ROAD TRANSPORT & HIGHWAYS,Major,553.51,6.31808484089291,53.0,6,3,2,44.0,64950.0
N24000772,N24000772,MoRTH,ROAD TRANSPORT & HIGHWAYS,Major,257.34,5.5542765468038695,24.0,6,0,2,0.0,72750.0
N24000773,N24000773,MoRTH,ROAD TRANSPORT & HIGHWAYS,Major,200.34,5.304995021301277,24.0,6,0,3,0.0,80800.0
N24000774,N24000774,MoRTH,ROAD TRANSPORT & HIGHWAYS,Major,248.22,5.518336040514722,24.0,6,0,3,0.0,588.9361702127659
N24000776,N24000776,MoRTH,ROAD TRANSPORT & HIGHWAYS,Major,232.81,5.454508819722947,24.0,6,0,3,0.0,80950.0
N24000777,N24000777,MoRTH,ROAD TRANSPORT & HIGHWAYS,Major,283.51,5.650768402333546,24.0,6,0,4,0.0,81000.0
N24000778,N24000778,MoRTH,ROAD TRANSPORT & HIGHWAYS,Major,266.52,5.589194329896337,24.0,6,0,4,0.0,81050.0
N24000780,N24000780,MoRTH,ROAD TRANSPORT & HIGHWAYS,Major,293.68,5.685890021814613,38.0,6,2,3,59.0,81150.0
N24000782,N24000782,MoRTH,ROAD TRANSPORT & HIGHWAYS,Major,460.73,6.1349803046599725,38.0,6,1,2,0.0,81250.0
N24000798,N24000798,NHAI,ROAD TRANSPORT & HIGHWAYS,Mega,2140.93,7.669462570735138,44.0,6,2,4,44.0,48001496.0
N24000821,N24000821,MoRTH,ROAD TRANSPORT & HIGHWAYS,Major,257.34,5.5542765468038695,24.0,6,0,3,0.0,37300.0
N24000851,N24000851,NHAI,ROAD TRANSPORT & HIGHWAYS,Mega,1162.92,7.059548897407133,40.0,6,2,3,0.0,14362.5
N24000858,N24000858,NHIDCL,ROAD TRANSPORT & HIGHWAYS,Major,640.07,6.463138655326482,75.0,6,1,2,46.0,65250.0
N24000880,N24000880,MoRTH,ROAD TRANSPORT & HIGHWAYS,Major,426.18,6.057205470070659,31.0,6,0,3,0.0,82100.0
N24000907,N24000907,MoRTH,ROAD TRANSPORT & HIGHWAYS,Major,293.1,5.68391984555995,29.0,5,0,3,0.0,0.0
N24000909,N24000909,MoRTH,ROAD TRANSPORT & HIGHWAYS,Mega,1069.59,6.975965177358961,24.0,6,0,3,0.0,47200.0
N24000910,N24000910,MoRTH,ROAD TRANSPORT & HIGHWAYS,Major,170.57,5.144991346595335,32.0,6,0,3,0.0,70900.0
N24000912,N24000912,MoRTH,ROAD TRANSPORT & HIGHWAYS,Major,287.7,5.665388086668889,6.0,5,0,3,0.0,69800.0
N24000914,N24000914,MoRTH,ROAD TRANSPORT & HIGHWAYS,Major,223.5,5.413875707182309,20.0,5,0,4,0.0,69900.0
N24000917,N24000917,MoRTH,ROAD TRANSPORT & HIGHWAYS,Major,199.16,5.299117046718601,5.0,5,0,3,0.0,70050.0
N24000925,N24000925,MoRTH,ROAD TRANSPORT & HIGHWAYS,Major,400.76,5.995854895409275,25.0,5,1,4,18.0,0.0
N24000931,N24000931,MoRTH,ROAD TRANSPORT & HIGHWAYS,Major,290.15,5.673838598283129,6.0,5,0,4,0.0,5081.208053691275
N24000980,N24000980,MoRTH,ROAD TRANSPORT & HIGHWAYS,Major,298.32,5.701513235212158,28.0,5,0,3,0.0,730.770920272348
N24000982,N24000982,MoRTH,ROAD TRANSPORT & HIGHWAYS,Major,244.54,5.503459866752694,28.0,5,0,3,0.0,3687.5
N24000984,N24000984,MoRTH,ROAD TRANSPORT & HIGHWAYS,Major,283.0,5.648974238161206,35.0,5,0,3,0.0,9671.336553945248
N24000986,N24000986,MoRTH,ROAD TRANSPORT & HIGHWAYS,Major,300.0,5.707110264748875,28.0,5,0,3,0.0,2167.1641791044776
N24000990,N24000990,MoRTH,ROAD TRANSPORT & HIGHWAYS,Major,294.13,5.687415937235904,21.0,5,0,3,0.0,1237.137840210711
N24000993,N24000993,MoRTH,ROAD TRANSPORT & HIGHWAYS,Major,322.81,5.780156924027929,30.0,5,1,4,31.0,712.8998577691599
N24000998,N24000998,MoRTH,ROAD TRANSPORT & HIGHWAYS,Major,193.19,5.268837061225528,41.0,5,1,2,99.0,0.0
N24001003,N24001003,MoRTH,ROAD TRANSPORT & HIGHWAYS,Major,313.95,5.752413896067938,29.0,5,0,0,0.0,0.0
N24001008,N24001008,MoRTH,ROAD TRANSPORT & HIGHWAYS,Major,401.0,5.996452088619021,29.0,5,0,4,0.0,0.0
N24001013,N24001013,MoRTH,ROAD TRANSPORT & HIGHWAYS,Major,391.06,5.971414889302278,29.0,5,1,1,54.0,0.0
N24001017,N24001017,MoRTH,ROAD TRANSPORT & HIGHWAYS,Major,228.89,5.4376009336504225,29.0,5,0,0,0.0,0.0
N24001018,N24001018,MoRTH,ROAD TRANSPORT & HIGHWAYS,Major,392.83,5.975919344105853,29.0,5,0,0,0.0,0.0
N24001021,N24001021,MoRTH,ROAD TRANSPORT & HIGHWAYS,Major,396.91,5.98622584905978,29.0,5,0,0,0.0,0.0
N24001022,N24001022,MoRTH,ROAD TRANSPORT & HIGHWAYS,Major,363.82,5.899404081258768,32.0,5,0,2,0.0,0.0
N24001046,N24001046,MoRTH,ROAD TRANSPORT & HIGHWAYS,Major,210.81,5.355689646405907,30.0,5,0,0,0.0,0.0
N24001050,N24001050,MoRTH,ROAD TRANSPORT & HIGHWAYS,Major,304.58,5.722211610124568,21.0,5,0,0,0.0,0.0
N24001058,N24001058,MoRTH,ROAD TRANSPORT & HIGHWAYS,Major,276.95,5.627441241399478,21.0,5,0,0,0.0,0.0
N24001069,N24001069,MoRTH,ROAD TRANSPORT & HIGHWAYS,Major,456.93,6.126716334005255,21.0,5,0,0,0.0,0.0
N24001078,N24001078,MoRTH,ROAD TRANSPORT & HIGHWAYS,Major,228.31,5.435074799902897,21.0,5,0,0,0.0,0.0
N24001079,N24001079,MoRTH,ROAD TRANSPORT & HIGHWAYS,Major,426.06,6.056924518579768,30.0,5,0,0,0.0,0.0
N24001080,N24001080,MoRTH,ROAD TRANSPORT & HIGHWAYS,Major,256.15,5.549659572220925,21.0,5,0,0,0.0,0.0
N24001090,N24001090,MoRTH,ROAD TRANSPORT & HIGHWAYS,Major,509.18,6.234763604625756,30.0,5,0,0,0.0,0.0
N24001092,N24001092,MoRTH,ROAD TRANSPORT & HIGHWAYS,Major,653.46,6.4838104681271025,30.0,5,0,4,0.0,0.0
N24001099,N24001099,MoRTH,ROAD TRANSPORT & HIGHWAYS,Major,488.6,6.193588731198116,30.0,5,0,0,0.0,0.0
N24001101,N24001101,MoRTH,ROAD TRANSPORT & HIGHWAYS,Major,307.63,5.73214314842516,30.0,5,0,0,0.0,0.0
N24001102,N24001102,MoRTH,ROAD TRANSPORT & HIGHWAYS,Major,218.38,5.390805385983188,24.0,5,0,0,0.0,0.0
N24001114,N24001114,MoRTH,ROAD TRANSPORT & HIGHWAYS,Mega,1202.52,7.093005875281971,35.0,5,0,0,0.0,0.0
N24001124,N24001124,MoRTH,ROAD TRANSPORT & HIGHWAYS,Major,456.32,6.125383364673769,28.0,5,0,2,0.0,0.0
N24001125,N24001125,MoRTH,ROAD TRANSPORT & HIGHWAYS,Major,337.46,5.82440591697994,28.0,5,0,0,0.0,0.0
N24001130,N24001130,MoRTH,ROAD TRANSPORT & HIGHWAYS,Major,234.88,5.463323201132304,16.0,5,2,4,0.0,1200056400.0
N24001138,N24001138,MoRTH,ROAD TRANSPORT & HIGHWAYS,Major,205.72,5.331365220594237,28.0,5,0,0,0.0,0.0
N24001156,N24001156,MoRTH,ROAD TRANSPORT & HIGHWAYS,Major,166.67,5.121997761949716,8.0,5,0,3,0.0,90.92245497978682
N24001157,N24001157,MoRTH,ROAD TRANSPORT & HIGHWAYS,Major,175.5,5.173320876373351,6.0,5,0,3,0.0,327.6315789473684
N24001158,N24001158,MoRTH,ROAD TRANSPORT & HIGHWAYS,Major,159.97,5.081218012218138,15.0,5,0,3,0.0,135.52036199095022
N24001159,N24001159,MoRTH,ROAD TRANSPORT & HIGHWAYS,Major,159.7,5.0795392727434665,6.0,5,0,2,0.0,5071.215880893301
N24001160,N24001160,MoRTH,ROAD TRANSPORT & HIGHWAYS,Major,191.6,5.260615499364025,13.0,5,0,3,0.0,435.1462288353002
N24001161,N24001161,MoRTH,ROAD TRANSPORT & HIGHWAYS,Major,297.3,5.698099691520703,13.0,5,0,3,0.0,4143.90243902439
N24001162,N24001162,MoRTH,ROAD TRANSPORT & HIGHWAYS,Major,325.86,5.789531944664912,7.0,5,0,4,0.0,113.33278894344129
N24001164,N24001164,MoRTH,ROAD TRANSPORT & HIGHWAYS,Major,396.96,5.9863514977211585,5.0,5,0,3,0.0,52250.0
N24001165,N24001165,MoRTH,ROAD TRANSPORT & HIGHWAYS,Major,314.9,5.7554257078080395,4.0,5,2,4,19.0,52300.0
N24001166,N24001166,MoRTH,ROAD TRANSPORT & HIGHWAYS,Major,159.12,5.075923534124373,10.0,5,0,3,0.0,1773.2142857142858
N24001168,N24001168,MoRTH,ROAD TRANSPORT & HIGHWAYS,Major,171.6,5.150976778649327,0.0,5,4,3,43.0,714.7286821705427
N24001172,N24001172,MoRTH,ROAD TRANSPORT & HIGHWAYS,Major,291.49,5.678430478053299,7.0,5,0,3,0.0,23831.81818181818
N24001173,N24001173,MoRTH,ROAD TRANSPORT & HIGHWAYS,Major,157.32,5.064618301294311,27.0,5,0,4,0.0,482.7550935780831
N24001179,N24001179,MoRTH,ROAD TRANSPORT & HIGHWAYS,Major,217.35,5.38609927993157,44.0,5,0,3,0.0,67450.0
N24001180,N24001180,MoRTH,ROAD TRANSPORT & HIGHWAYS,Major,237.51,5.474411238170585,45.0,5,2,4,0.0,67500.0
N24001216,N24001216,MoRTH,ROAD TRANSPORT & HIGHWAYS,Major,196.0,5.2832037287379885,57.0,5,0,3,0.0,50900.0
N24001217,N24001217,MoRTH,ROAD TRANSPORT & HIGHWAYS,Major,497.14,6.210881162014558,7.0,5,0,3,0.0,2039.53488372093
N24001221,N24001221,MoRTH,ROAD TRANSPORT & HIGHWAYS,Major,624.98,6.439318421707933,9.0,5,0,3,0.0,1084.6153846153848
N24001222,N24001222,MoRTH,ROAD TRANSPORT & HIGHWAYS,Major,452.94,6.117965030717324,4.0,5,0,2,0.0,1085.897435897436
N24001244,N24001244,NHIDCL,ROAD TRANSPORT & HIGHWAYS,Major,301.06,5.710625673138195,20.0,4,0,3,0.0,39.48967193195625
N24001254,N24001254,NHIDCL,ROAD TRANSPORT & HIGHWAYS,Major,242.97,5.4970452669144585,27.0,4,0,1,0.0,0.0
N24001259,N24001259,NHIDCL,ROAD TRANSPORT & HIGHWAYS,Major,315.63,5.757733899748674,19.0,4,0,2,0.0,0.0
N24001271,N24001271,PKG- 2B,OTHER CENTRAL SECTOR,Major,365.53,5.90408037336555,26.0,4,0,2,0.0,0.0
N24001272,N24001272,PKG- 4A,OTHER CENTRAL SECTOR,Major,167.95,5.129602813160299,27.0,4,0,2,0.0,0.0
N24001273,N24001273,PKG- 4B,OTHER CENTRAL SECTOR,Major,177.76,5.18604412406525,25.0,4,0,3,0.0,0.0
N24001286,N24001286,PKG-I,OTHER CENTRAL SECTOR,Major,278.95,5.634611015794902,27.0,4,0,2,0.0,0.0
N24001303,N24001303,NHAI,ROAD TRANSPORT & HIGHWAYS,Major,649.9,6.4783560205783415,86.0,4,0,2,0.0,0.0
N24001309,N24001309,NHIDCL,ROAD TRANSPORT & HIGHWAYS,Major,159.13,5.075985985334385,19.0,3,0,1,0.0,0.0
N24001317,N24001317,NHIDCL,ROAD TRANSPORT & HIGHWAYS,Major,201.99,5.313156716744676,19.0,3,0,0,0.0,0.0
N24001322,N24001322,NHIDCL,ROAD TRANSPORT & HIGHWAYS,Major,183.31,5.216619122563531,20.0,3,0,1,0.0,0.0
N24001325,N24001325,GREENFIELD ALIGNMENT,OTHER CENTRAL SECTOR,Major,262.84,5.575342858811289,32.0,3,0,1,0.0,0.0
N24001339,N24001339,NHIDCL,ROAD TRANSPORT & HIGHWAYS,Major,157.86,5.068023311204986,18.0,3,0,1,0.0,2028753.677092139
N24001343,N24001343,NHIDCL,ROAD TRANSPORT & HIGHWAYS,Major,384.23,5.953840558511292,22.0,3,0,0,0.0,0.0
N24001353,N24001353,NHIDCL,ROAD TRANSPORT & HIGHWAYS,Major,195.14,5.2788286899641745,21.0,3,0,0,0.0,0.0
N24001356,N24001356,NHIDCL,ROAD TRANSPORT & HIGHWAYS,Major,233.25,5.456388921118531,21.0,3,1,2,0.0,55650.0
N24001360,N24001360,NHIDCL,ROAD TRANSPORT & HIGHWAYS,Major,260.21,5.565324681508634,21.0,3,0,1,0.0,2027041.891891892
N24001361,N24001361,NHIDCL,ROAD TRANSPORT & HIGHWAYS,Major,332.2,5.808742910292688,32.0,3,0,1,0.0,0.0
N24001363,N24001363,NHIDCL,ROAD TRANSPORT & HIGHWAYS,Major,354.79,5.874340669159416,21.0,3,0,1,0.0,0.0
N24001366,N24001366,NHIDCL,ROAD TRANSPORT & HIGHWAYS,Major,288.85,5.669363547785742,22.0,3,0,0,0.0,0.0
N24001370,N24001370,OLD NH 49,OTHER CENTRAL SECTOR,Major,380.76,5.944792138909551,7.0,3,1,2,0.0,6.396588486140725
N24001381,N24001381,MoRTH,ROAD TRANSPORT & HIGHWAYS,Major,272.98,5.613055111023243,8.0,3,0,1,0.0,0.0
N24001382,N24001382,MoRTH,ROAD TRANSPORT & HIGHWAYS,Major,242.8,5.496348217047172,7.0,3,0,1,0.0,0.0
N24001383,N24001383,MoRTH,ROAD TRANSPORT & HIGHWAYS,Major,349.2,5.8585044198517515,8.0,3,0,1,0.0,0.0
N24001387,N24001387,MoRTH,ROAD TRANSPORT & HIGHWAYS,Major,264.34,5.58101202248877,8.0,3,0,1,0.0,0.0
N24001388,N24001388,MoRTH,ROAD TRANSPORT & HIGHWAYS,Major,423.15,6.050087166253744,9.0,3,0,1,0.0,2583472.443487621
N24001389,N24001389,NHIDCL,ROAD TRANSPORT & HIGHWAYS,Major,206.53,5.3352759075335685,27.0,3,0,0,0.0,0.0
N24001391,N24001391,NHIDCL,ROAD TRANSPORT & HIGHWAYS,Major,294.04,5.687110940368229,20.0,3,0,1,0.0,0.0
N24001397,N24001397,NHIDCL,ROAD TRANSPORT & HIGHWAYS,Major,431.28,6.0690735264349644,25.0,3,0,1,0.0,0.0
N24001401,N24001401,NHIDCL,ROAD TRANSPORT & HIGHWAYS,Major,467.0,6.148468295917647,20.0,3,0,0,0.0,0.0
N24001402,N24001402,NHIDCL,ROAD TRANSPORT & HIGHWAYS,Major,185.8,5.230038525794742,20.0,3,0,0,0.0,0.0
N24001404,N24001404,NHIDCL,ROAD TRANSPORT & HIGHWAYS,Major,198.77,5.297166704790641,20.0,3,2,2,0.0,0.0
N24001405,N24001405,NHIDCL,ROAD TRANSPORT & HIGHWAYS,Major,673.27,6.513630624167974,27.0,3,0,2,0.0,0.0
N24001408,N24001408,MoRTH,ROAD TRANSPORT & HIGHWAYS,Major,925.47,6.8313816652767265,53.0,3,0,0,0.0,0.0
N24001424,N24001424,MoRTH,ROAD TRANSPORT & HIGHWAYS,Major,185.09,5.226230427653136,30.0,3,1,1,18.0,0.0
N24001426,N24001426,NHAI,ROAD TRANSPORT & HIGHWAYS,Major,317.9,5.764877574016012,7.0,3,0,1,0.0,0.0
N24001427,N24001427,MoRTH,ROAD TRANSPORT & HIGHWAYS,Major,166.21,5.119250507474578,34.0,2,0,0,0.0,0.0
N24001428,N24001428,NHAI,ROAD TRANSPORT & HIGHWAYS,Major,998.7,6.907455233973135,44.0,2,0,0,0.0,0.0
N24001430,N24001430,NHAI,ROAD TRANSPORT & HIGHWAYS,Mega,2120.4,7.65983152707137,46.0,2,0,0,0.0,0.0
N24001439,N24001439,NHIDCL,ROAD TRANSPORT & HIGHWAYS,Major,467.41,6.149343980769794,21.0,2,0,0,0.0,0.0
N24001440,N24001440,NHIDCL,ROAD TRANSPORT & HIGHWAYS,Major,492.94,6.202414052321486,20.0,2,0,0,0.0,0.0
N24001448,N24001448,MoRTH,ROAD TRANSPORT & HIGHWAYS,Major,223.35,5.413207332421992,3.0,2,0,1,0.0,0.0
N24001453,N24001453,NHIDCL,ROAD TRANSPORT & HIGHWAYS,Major,579.63,6.364113720941144,28.0,2,0,0,0.0,0.0
N24001455,N24001455,MoRTH,ROAD TRANSPORT & HIGHWAYS,Major,191.33,5.259212646667276,6.0,2,0,0,0.0,0.0
N24001456,N24001456,MoRTH,ROAD TRANSPORT & HIGHWAYS,Major,199.39,5.300265467766052,46.0,2,0,0,0.0,0.0
N24001464,N24001464,MoRTH,ROAD TRANSPORT & HIGHWAYS,Major,264.86,5.582969854439453,29.0,2,0,0,0.0,0.0
N24001467,N24001467,MoRTH,ROAD TRANSPORT & HIGHWAYS,Major,226.44,5.426886467342745,35.0,2,0,1,0.0,0.0
N24001468,N24001468,MoRTH,ROAD TRANSPORT & HIGHWAYS,Major,282.07,5.645694216880635,3.0,2,0,1,0.0,3260969.0217391304
N24001472,N24001472,NHAI,ROAD TRANSPORT & HIGHWAYS,Major,811.19,6.699734302938037,27.0,2,0,0,0.0,0.0
N24001475,N24001475,NHIDCL,ROAD TRANSPORT & HIGHWAYS,Major,605.36,6.407473869091818,33.0,2,1,1,33.0,0.0
N24001480,N24001480,MoRTH,ROAD TRANSPORT & HIGHWAYS,Major,227.06,5.429608752229212,30.0,2,0,0,0.0,0.0
N24001488,N24001488,NHAI,ROAD TRANSPORT & HIGHWAYS,Major,618.45,6.428831987561748,24.0,2,0,0,0.0,0.0
N24001503,N24001503,NHAI,ROAD TRANSPORT & HIGHWAYS,Major,667.66,6.505275709714339,24.0,2,0,1,0.0,33300.0
N24001505,N24001505,MASVAN - GANJAD,CIVIL AVIATION,Mega,1549.02,7.346023113055852,24.0,2,0,0,0.0,0.0
N24001516,N24001516,NHAI,ROAD TRANSPORT & HIGHWAYS,Mega,1185.69,7.078923197906002,41.0,2,0,0,0.0,0.0
N24001523,N24001523,NHAI,ROAD TRANSPORT & HIGHWAYS,Major,836.24,6.730110767739146,31.0,2,0,0,0.0,0.0
N24001524,N24001524,NHAI,ROAD TRANSPORT & HIGHWAYS,Major,990.28,6.898997037308238,31.0,2,0,0,0.0,0.0
N24001525,N24001525,NHAI,ROAD TRANSPORT & HIGHWAYS,Major,169.08,5.1362689145936375,36.0,2,0,0,0.0,0.0
N24001529,N24001529,MoRTH,ROAD TRANSPORT & HIGHWAYS,Major,451.66,6.11514129180158,32.0,2,0,0,0.0,0.0
N24001532,N24001532,NHAI,ROAD TRANSPORT & HIGHWAYS,Major,694.0,6.543911845564792,24.0,2,1,1,35.0,0.0
N24001533,N24001533,NHAI,ROAD TRANSPORT & HIGHWAYS,Mega,1690.23,7.433211353842274,37.0,2,0,0,0.0,0.0
N24001534,N24001534,NHAI,ROAD TRANSPORT & HIGHWAYS,Mega,1334.04,7.196716532932299,37.0,2,0,0,0.0,0.0
N24001536,N24001536,NHAI,ROAD TRANSPORT & HIGHWAYS,Major,817.0,6.706862336602747,24.0,2,0,0,0.0,0.0
N24001538,N24001538,NHIDCL,ROAD TRANSPORT & HIGHWAYS,Major,410.68,6.020246348533434,29.0,2,0,0,0.0,0.0
N24001539,N24001539,NHIDCL,ROAD TRANSPORT & HIGHWAYS,Major,504.76,6.226062248467308,38.0,2,0,0,0.0,0.0
N24001540,N24001540,NHIDCL,ROAD TRANSPORT & HIGHWAYS,Major,152.11,5.031156617317004,35.0,2,0,0,0.0,0.0
N24001541,N24001541,NHIDCL,ROAD TRANSPORT & HIGHWAYS,Major,283.5,5.6507332535663855,31.0,2,0,0,0.0,0.0
N24001542,N24001542,NHIDCL,ROAD TRANSPORT & HIGHWAYS,Major,456.88,6.126607141050275,35.0,2,1,1,35.0,4144.444444444444
N24001553,N24001553,NHAI,ROAD TRANSPORT & HIGHWAYS,Mega,1092.9,6.997504571125745,35.0,2,0,0,0.0,0.0
N24001559,N24001559,NHAI,ROAD TRANSPORT & HIGHWAYS,Major,672.35,6.512265253896051,33.0,2,0,0,0.0,0.0
N24001573,N24001573,CH. 247.310 TO CH. 292.950,CIVIL AVIATION,Mega,1658.06,7.414006455901737,37.0,2,1,1,23.0,576.8832639197768
N24001594,N24001594,NHAI,ROAD TRANSPORT & HIGHWAYS,Major,534.73,6.283630302812263,35.0,2,1,1,137.0,0.0
N24001600,N24001600,NHAI,ROAD TRANSPORT & HIGHWAYS,Major,434.12,6.075621855114705,31.0,2,0,0,0.0,0.0
N24001603,N24001603,NHAI,ROAD TRANSPORT & HIGHWAYS,Mega,1518.53,7.326156355498575,45.0,2,0,0,0.0,0.0
N24001610,N24001610,NHAI,ROAD TRANSPORT & HIGHWAYS,Mega,1833.73,7.514652610698094,28.0,2,1,1,44.0,0.0
N24001616,N24001616,NHAI,ROAD TRANSPORT & HIGHWAYS,Major,428.04,6.06155015467467,33.0,2,0,0,0.0,0.0
N24001618,N24001618,NHAI,ROAD TRANSPORT & HIGHWAYS,Major,194.4,5.275048739608683,36.0,2,0,0,0.0,0.0
N24001623,N24001623,NHAI,ROAD TRANSPORT & HIGHWAYS,Major,336.01,5.820112603502614,48.0,2,0,0,0.0,0.0
N24001624,N24001624,NHAI,ROAD TRANSPORT & HIGHWAYS,Major,157.05,5.062911438661627,15.0,2,0,0,0.0,0.0
N24001625,N24001625,NHAI,ROAD TRANSPORT & HIGHWAYS,Mega,1227.57,7.113606170394912,36.0,2,0,0,0.0,0.0
N24001636,N24001636,NHAI,ROAD TRANSPORT & HIGHWAYS,Mega,1368.91,7.222500323233606,43.0,2,0,0,0.0,0.0
N24001641,N24001641,NHAI,ROAD TRANSPORT & HIGHWAYS,Mega,1641.75,7.4041269457779775,43.0,2,0,0,0.0,0.0
N24001650,N24001650,NHAI,ROAD TRANSPORT & HIGHWAYS,Mega,3635.64,8.198815457409848,37.0,2,0,0,0.0,0.0
N24001654,N24001654,NHAI,ROAD TRANSPORT & HIGHWAYS,Mega,2641.37,7.879431520696962,45.0,2,1,1,0.0,188.47736625514403
N24001662,N24001662,NHAI,ROAD TRANSPORT & HIGHWAYS,Mega,1981.07,7.591897032127019,48.0,2,0,1,0.0,0.0
N24001663,N24001663,NHAI,ROAD TRANSPORT & HIGHWAYS,Mega,3041.65,8.020484125207616,46.0,2,1,1,0.0,2.127659574468085
N24001666,N24001666,NHAI,ROAD TRANSPORT & HIGHWAYS,Major,714.0,6.5722825426940075,33.0,2,1,1,0.0,5600.0
N24001670,N24001670,PACKAGE ? OD-4,COAL,Major,593.0,6.386879319362645,37.0,2,0,0,0.0,0.0
N24001671,N24001671,PACKAGE ? OD-2,COAL,Major,925.0,6.8308742346461795,37.0,2,1,1,0.0,22166.666666666664
N24001673,N24001673,NHAI,ROAD TRANSPORT & HIGHWAYS,Major,510.97,6.238266029572827,36.0,2,0,0,0.0,0.0
N24001684,N24001684,NHAI,ROAD TRANSPORT & HIGHWAYS,Major,688.0,6.535241271013659,28.0,2,1,1,14.0,41100.0
N24001692,N24001692,NHAI,ROAD TRANSPORT & HIGHWAYS,Major,467.99,6.150581446257343,32.0,2,0,0,0.0,0.0
N24001696,N24001696,NHAI,ROAD TRANSPORT & HIGHWAYS,Mega,1291.37,7.164233021053256,54.0,2,0,0,0.0,0.0
N24001698,N24001698,NHAI,ROAD TRANSPORT & HIGHWAYS,Mega,1198.02,7.089259835455534,24.0,2,0,0,0.0,0.0
N24001701,N24001701,NHAI,ROAD TRANSPORT & HIGHWAYS,Mega,1769.5,7.4790172715519585,24.0,2,1,1,0.0,0.0
N24001704,N24001704,NHAI,ROAD TRANSPORT & HIGHWAYS,Mega,1020.84,6.929360202734522,36.0,2,0,0,0.0,0.0
N24001705,N24001705,NHAI,ROAD TRANSPORT & HIGHWAYS,Mega,1485.66,7.304287272031013,24.0,2,0,0,0.0,0.0
N24001708,N24001708,NHAI,ROAD TRANSPORT & HIGHWAYS,Mega,2156.22,7.6765756346976755,45.0,2,0,0,0.0,0.0
N24001711,N24001711,NHAI,ROAD TRANSPORT & HIGHWAYS,Major,939.43,6.846337217475666,30.0,2,0,1,0.0,0.0
N24001715,N24001715,NHAI,ROAD TRANSPORT & HIGHWAYS,Major,333.6,5.812935788552724,22.0,2,0,1,0.0,1498134.3945068663
N24001716,N24001716,NHAI,ROAD TRANSPORT & HIGHWAYS,Major,186.5,5.233778845410465,13.0,2,0,0,0.0,0.0
N24001722,N24001722,NHAI,ROAD TRANSPORT & HIGHWAYS,Major,463.44,6.140832378758805,15.0,2,0,0,0.0,0.0
N24001725,N24001725,NHAI,ROAD TRANSPORT & HIGHWAYS,Major,819.89,6.710389117528287,28.0,2,0,0,0.0,0.0
N24001726,N24001726,NHAI,ROAD TRANSPORT & HIGHWAYS,Major,391.26,5.971924885233365,19.0,2,0,0,0.0,0.0
N24001736,N24001736,NHAI,ROAD TRANSPORT & HIGHWAYS,Mega,1159.96,7.057002528046662,31.0,2,0,0,0.0,0.0
N24001737,N24001737,NHAI,ROAD TRANSPORT & HIGHWAYS,Major,923.15,6.82887439612869,29.0,2,0,0,0.0,0.0
N24001739,N24001739,NHAI,ROAD TRANSPORT & HIGHWAYS,Mega,1779.83,7.484834826740568,49.0,2,0,0,0.0,0.0
N24001744,N24001744,NHAI,ROAD TRANSPORT & HIGHWAYS,Major,779.17,6.659511844654214,42.0,2,0,0,0.0,0.0
N24001747,N24001747,NHAI,ROAD TRANSPORT & HIGHWAYS,Mega,2193.23,7.693586466699003,54.0,2,0,0,0.0,0.0
N24001748,N24001748,NHAI,ROAD TRANSPORT & HIGHWAYS,Mega,2200.93,7.697089527494865,42.0,2,0,0,0.0,0.0
N24001755,N24001755,NHAI,ROAD TRANSPORT & HIGHWAYS,Mega,1936.68,7.569246660138071,41.0,2,0,0,0.0,0.0
N24001765,N24001765,NHAI,ROAD TRANSPORT & HIGHWAYS,Major,207.77,5.3412331675248685,23.0,2,0,0,0.0,0.0
N24001768,N24001768,NHAI,ROAD TRANSPORT & HIGHWAYS,Major,323.51,5.782316352310308,44.0,2,0,0,0.0,0.0
N24001770,N24001770,NHAI,ROAD TRANSPORT & HIGHWAYS,Major,417.51,6.036700784506657,25.0,2,0,0,0.0,0.0
N24001775,N24001775,NHAI,ROAD TRANSPORT & HIGHWAYS,Major,808.31,6.696182032782663,35.0,2,0,0,0.0,0.0
N24001779,N24001779,NHAI,ROAD TRANSPORT & HIGHWAYS,Mega,2507.0,7.827240901752812,54.0,2,0,0,0.0,0.0
N24001788,N24001788,NHAI,ROAD TRANSPORT & HIGHWAYS,Mega,2271.86,7.728794229346754,41.0,2,0,0,0.0,0.0
N24001797,N24001797,NHAI,ROAD TRANSPORT & HIGHWAYS,Major,815.77,6.705357537478585,27.0,2,0,1,0.0,0.0
N24001811,N24001811,NHAI,ROAD TRANSPORT & HIGHWAYS,Major,583.93,6.371492181952594,38.0,2,0,0,0.0,0.0
N24001813,N24001813,NHAI,ROAD TRANSPORT & HIGHWAYS,Mega,1692.05,7.434286915069745,38.0,2,0,0,0.0,0.0
N24001815,N24001815,NHAI,ROAD TRANSPORT & HIGHWAYS,Mega,1699.0,7.438383530044307,23.0,2,1,1,0.0,600045275.0
N24001817,N24001817,NHAI,ROAD TRANSPORT & HIGHWAYS,Major,757.45,6.631276877037681,49.0,2,0,1,0.0,26916.666666666668
N24001822,N24001822,NHAI,ROAD TRANSPORT & HIGHWAYS,Mega,1075.27,6.981256638612251,46.0,2,0,0,0.0,0.0
N24001825,N24001825,NHAI,ROAD TRANSPORT & HIGHWAYS,Mega,1894.96,7.547480585546007,39.0,2,0,0,0.0,0.0
N24001828,N24001828,MoRTH,ROAD TRANSPORT & HIGHWAYS,Major,221.03,5.402812507877485,34.0,2,1,1,0.0,4478.260869565217
N24001829,N24001829,MoRTH,ROAD TRANSPORT & HIGHWAYS,Major,172.15,5.154158270848431,25.0,1,0,0,0.0,0.0
N24001832,N24001832,NHIDCL,ROAD TRANSPORT & HIGHWAYS,Major,458.59,6.130334787687412,28.0,2,0,0,0.0,0.0
N24001833,N24001833,NHIDCL,ROAD TRANSPORT & HIGHWAYS,Major,198.28,5.294710870953925,32.0,2,0,1,0.0,0.0
N24001855,N24001855,MoRTH,ROAD TRANSPORT & HIGHWAYS,Major,192.93,5.26749726920815,52.0,2,0,0,0.0,0.0
N24001857,N24001857,MoRTH,ROAD TRANSPORT & HIGHWAYS,Major,414.24,6.028856666325044,42.0,2,0,0,0.0,0.0
N24001863,N24001863,KONGURUKONDA,COAL,Major,154.05,5.043747645546458,39.0,2,0,1,0.0,0.0
N24001864,N24001864,MoRTH,ROAD TRANSPORT & HIGHWAYS,Major,154.49,5.046581420869725,43.0,2,0,1,0.0,0.0
N24001868,N24001868,MoRTH,ROAD TRANSPORT & HIGHWAYS,Major,187.65,5.23989344641032,41.0,1,0,0,0.0,0.0
N24001869,N24001869,MoRTH,ROAD TRANSPORT & HIGHWAYS,Major,235.15,5.4644671963421265,32.0,1,0,0,0.0,0.0
N24001880,N24001880,MoRTH,ROAD TRANSPORT & HIGHWAYS,Major,778.18,6.658242084647783,40.0,1,0,0,0.0,0.0
N24001885,N24001885,MoRTH,ROAD TRANSPORT & HIGHWAYS,Major,414.81,6.030228425158765,22.0,1,0,0,0.0,0.0
N24001886,N24001886,MoRTH,ROAD TRANSPORT & HIGHWAYS,Major,304.68,5.722538803138645,22.0,1,0,0,0.0,0.0
N24001887,N24001887,MoRTH,ROAD TRANSPORT & HIGHWAYS,Major,291.37,5.678020123432761,22.0,1,0,0,0.0,0.0
N24001888,N24001888,MoRTH,ROAD TRANSPORT & HIGHWAYS,Major,288.14,5.6669109998802965,20.0,1,0,0,0.0,0.0
N24001889,N24001889,MoRTH,ROAD TRANSPORT & HIGHWAYS,Major,277.81,5.630530546248866,22.0,1,0,0,0.0,0.0
N24001890,N24001890,MoRTH,ROAD TRANSPORT & HIGHWAYS,Major,261.82,5.571469387215492,22.0,1,0,0,0.0,0.0
N24001891,N24001891,MoRTH,ROAD TRANSPORT & HIGHWAYS,Major,256.54,5.551175047845637,28.0,1,0,0,0.0,0.0
N24001892,N24001892,MoRTH,ROAD TRANSPORT & HIGHWAYS,Major,245.61,5.50780814140846,22.0,1,0,0,0.0,0.0
N24001894,N24001894,MoRTH,ROAD TRANSPORT & HIGHWAYS,Major,228.82,5.437296393829488,22.0,1,0,0,0.0,0.0
N24001895,N24001895,MoRTH,ROAD TRANSPORT & HIGHWAYS,Major,228.01,5.433765670723085,22.0,1,0,0,0.0,0.0
N24001896,N24001896,00/000) TO GANGAKHED (30/400,CIVIL AVIATION,Major,224.44,5.4180540481503705,22.0,1,0,0,0.0,0.0
N24001900,N24001900,BRO,ROAD TRANSPORT & HIGHWAYS,Major,796.97,6.682071002758175,53.0,1,0,0,0.0,0.0
N24001905,N24001905,MoRTH,ROAD TRANSPORT & HIGHWAYS,Major,188.69,5.245391160738632,22.0,1,0,0,0.0,0.0
N24001906,N24001906,MoRTH,ROAD TRANSPORT & HIGHWAYS,Major,185.59,5.228913696409157,19.0,1,0,0,0.0,0.0
N24001909,N24001909,MoRTH,ROAD TRANSPORT & HIGHWAYS,Major,157.72,5.067141643536563,31.0,1,0,0,0.0,0.0
N24001910,N24001910,MoRTH,ROAD TRANSPORT & HIGHWAYS,Major,157.62,5.066511404655174,22.0,1,0,0,0.0,0.0
N24001911,N24001911,MoRTH,ROAD TRANSPORT & HIGHWAYS,Major,152.03,5.0306339806029445,76.0,1,0,0,0.0,0.0
N24001920,N24001920,MoRTH,ROAD TRANSPORT & HIGHWAYS,Major,218.57,5.391671088281245,42.0,1,0,0,0.0,0.0
N24001924,N24001924,MoRTH,ROAD TRANSPORT & HIGHWAYS,Major,514.22,6.244593993912448,41.0,1,0,0,0.0,0.0
N24001929,N24001929,MoRTH,ROAD TRANSPORT & HIGHWAYS,Major,697.66,6.549164214742565,45.0,1,0,0,0.0,0.0
N24001932,N24001932,MoRTH,ROAD TRANSPORT & HIGHWAYS,Major,401.72,5.998241531387006,30.0,1,0,0,0.0,0.0
N24001935,N24001935,MoRTH,ROAD TRANSPORT & HIGHWAYS,Major,724.17,6.58640611012651,41.0,1,0,0,0.0,0.0
N24001936,N24001936,MoRTH,ROAD TRANSPORT & HIGHWAYS,Major,344.79,5.845831654381072,24.0,1,0,0,0.0,0.0
N24001939,N24001939,MoRTH,ROAD TRANSPORT & HIGHWAYS,Major,529.24,6.273329734238198,42.0,1,0,0,0.0,0.0
N24001943,N24001943,MoRTH,ROAD TRANSPORT & HIGHWAYS,Major,172.98,5.158940350079394,18.0,1,0,0,0.0,0.0
N24001945,N24001945,MoRTH,ROAD TRANSPORT & HIGHWAYS,Major,170.34,5.143649886535898,18.0,1,0,0,0.0,0.0
N24001946,N24001946,MoRTH,ROAD TRANSPORT & HIGHWAYS,Major,218.93,5.393309313903605,24.0,1,0,0,0.0,0.0
N24001947,N24001947,MoRTH,ROAD TRANSPORT & HIGHWAYS,Major,177.94,5.18705055411945,24.0,1,0,0,0.0,0.0
N24001952,N24001952,MoRTH,ROAD TRANSPORT & HIGHWAYS,Major,285.5,5.6577385361547945,41.0,1,0,0,0.0,0.0
N24001954,N24001954,MoRTH,ROAD TRANSPORT & HIGHWAYS,Major,568.12,6.344091308200145,34.0,1,0,0,0.0,0.0
N24001955,N24001955,MoRTH,ROAD TRANSPORT & HIGHWAYS,Major,317.22,5.762742967479711,38.0,1,0,0,0.0,0.0
N24001959,N24001959,MoRTH,ROAD TRANSPORT & HIGHWAYS,Major,839.98,6.734567878477328,42.0,1,0,0,0.0,0.0
N24001966,N24001966,MoRTH,ROAD TRANSPORT & HIGHWAYS,Major,529.44,6.273706850809399,28.0,1,0,0,0.0,0.0
N24001972,N24001972,NHIDCL,ROAD TRANSPORT & HIGHWAYS,Major,609.16,6.413721217855983,37.0,1,0,0,0.0,0.0
N24001973,N24001973,NHIDCL,ROAD TRANSPORT & HIGHWAYS,Major,562.05,6.3333684341430345,35.0,1,0,0,0.0,0.0
N24001975,N24001975,NHIDCL,ROAD TRANSPORT & HIGHWAYS,Major,523.78,6.262979127147586,41.0,1,0,0,0.0,0.0
N24001982,N24001982,NHAI,ROAD TRANSPORT & HIGHWAYS,Major,827.39,6.719484057985507,31.0,1,0,0,0.0,0.0
N24001987,N24001987,NHAI,ROAD TRANSPORT & HIGHWAYS,Major,152.05,5.0307646653914215,18.0,1,0,0,0.0,0.0
N24001990,N24001990,NHAI,ROAD TRANSPORT & HIGHWAYS,Major,524.54,6.2644263054030525,35.0,1,0,0,0.0,0.0
N24001991,N24001991,NHAI,ROAD TRANSPORT & HIGHWAYS,Major,314.31,5.7535562818742765,28.0,1,0,0,0.0,0.0
N24001992,N24001992,NHAI,ROAD TRANSPORT & HIGHWAYS,Major,199.31,5.299866166537887,18.0,1,0,0,0.0,0.0
N24001993,N24001993,NHAI,ROAD TRANSPORT & HIGHWAYS,Mega,1589.0,7.371489295214277,34.0,1,0,0,0.0,0.0
N24001996,N24001996,MoRTH,ROAD TRANSPORT & HIGHWAYS,Major,640.18,6.463310228733024,44.0,1,0,0,0.0,0.0
N24002000,N24002000,MoRTH,ROAD TRANSPORT & HIGHWAYS,Major,317.19,5.7626486886342425,40.0,1,0,0,0.0,0.0
N24002002,N24002002,MoRTH,ROAD TRANSPORT & HIGHWAYS,Major,423.48,6.0508648903894295,35.0,1,0,0,0.0,0.0
N24002006,N24002006,MoRTH,ROAD TRANSPORT & HIGHWAYS,Major,186.71,5.2348982186783815,68.0,1,0,0,0.0,0.0
N24002013,N24002013,MoRTH,ROAD TRANSPORT & HIGHWAYS,Major,766.64,6.643320873250047,11.0,1,0,0,0.0,0.0
N24002018,N24002018,MoRTH,ROAD TRANSPORT & HIGHWAYS,Major,239.72,5.483634432321789,38.0,1,0,0,0.0,0.0
N24002024,N24002024,NHIDCL,ROAD TRANSPORT & HIGHWAYS,Major,516.88,6.249743555190446,34.0,1,0,0,0.0,0.0
N24002026,N24002026,NHIDCL,ROAD TRANSPORT & HIGHWAYS,Major,643.42,6.468350687444409,33.0,1,0,0,0.0,0.0
N24002028,N24002028,NHIDCL,ROAD TRANSPORT & HIGHWAYS,Major,760.16,6.634843585433806,35.0,1,0,0,0.0,0.0
N24002029,N24002029,MoRTH,ROAD TRANSPORT & HIGHWAYS,Major,917.91,6.823188185024619,46.0,1,0,0,0.0,0.0
N24002032,N24002032,MoRTH,ROAD TRANSPORT & HIGHWAYS,Mega,1156.72,7.054207832695181,48.0,1,0,0,0.0,0.0
N24002034,N24002034,NHAI,ROAD TRANSPORT & HIGHWAYS,Mega,1181.34,7.075250804657419,39.0,1,0,0,0.0,0.0
N24002037,N24002037,NHAI,ROAD TRANSPORT & HIGHWAYS,Major,609.32,6.413983409781974,35.0,1,0,0,0.0,0.0
N24002038,N24002038,NHAI,ROAD TRANSPORT & HIGHWAYS,Mega,1691.45,7.433932462252565,33.0,1,0,0,0.0,0.0
N24002039,N24002039,NHAI,ROAD TRANSPORT & HIGHWAYS,Mega,1088.64,6.993602645440956,32.0,1,0,0,0.0,0.0
N24002041,N24002041,NHAI,ROAD TRANSPORT & HIGHWAYS,Mega,1491.71,7.308348538886533,37.0,1,0,0,0.0,0.0
N24002069,N24002069,NHAI,ROAD TRANSPORT & HIGHWAYS,Major,209.29,5.348487530460613,29.0,1,0,0,0.0,0.0
N24002072,N24002072,NHAI,ROAD TRANSPORT & HIGHWAYS,Major,150.21,5.0186695991245776,39.0,1,0,0,0.0,0.0
N24002073,N24002073,NHAI,ROAD TRANSPORT & HIGHWAYS,Mega,2068.99,7.635299055329871,48.0,1,0,0,0.0,0.0
N24002078,N24002078,NHAI,ROAD TRANSPORT & HIGHWAYS,Major,711.0,6.568077911411976,24.0,1,0,0,0.0,0.0
N24002085,N24002085,NHAI,ROAD TRANSPORT & HIGHWAYS,Mega,1470.93,7.294329743810252,16.0,1,0,0,0.0,0.0
N24002088,N24002088,NHAI,ROAD TRANSPORT & HIGHWAYS,Mega,1493.5,7.309546981723993,34.0,1,0,0,0.0,0.0
N24002092,N24002092,NHAI,ROAD TRANSPORT & HIGHWAYS,Mega,1801.37,7.496857744505479,55.0,1,0,0,0.0,0.0
N24002103,N24002103,NHAI,ROAD TRANSPORT & HIGHWAYS,Major,166.52,5.121102747122227,28.0,1,0,0,0.0,0.0
N24002107,N24002107,NHAI,ROAD TRANSPORT & HIGHWAYS,Mega,1382.0,7.232010331664759,38.0,1,0,0,0.0,0.0
N24002108,N24002108,NHAI,ROAD TRANSPORT & HIGHWAYS,Mega,1618.96,7.3901567365635685,38.0,1,0,0,0.0,0.0
N24002112,N24002112,NHAI,ROAD TRANSPORT & HIGHWAYS,Major,200.3,5.304796332645746,16.0,1,0,0,0.0,0.0
N24002117,N24002117,MoRTH,ROAD TRANSPORT & HIGHWAYS,Major,246.6,5.511814540810441,16.0,1,0,0,0.0,0.0
N26000115,N26000115,BSNL,COAL,Major,239.6,5.483135803540579,12.0,2,0,0,0.0,0.0
N26000118,N26000118,BSNL,OTHER CENTRAL SECTOR,Major,810.99,6.699488024814908,18.0,1,0,0,0.0,0.0
N28000056,N28000056,DMRC,OTHER CENTRAL SECTOR,Mega,38585.0,10.560644795362919,54.0,11,0,3,0.0,0.0
N28000067,N28000067,CPWD EDUCATION,COAL,Major,171.86,5.152482018324492,42.0,10,0,0,0.0,0.0
N28000071,N28000071,CPWD FOR MHA,OTHER CENTRAL SECTOR,Mega,1219.21,7.106778254061977,72.0,10,1,0,27.0,0.0
N28000098,N28000098,CPWD FOR HEALTH,COAL,Major,209.84,5.351099551987006,41.0,8,0,0,0.0,0.0
N28000100,N28000100,CPWD EDUCATION,CIVIL AVIATION,Major,496.18,6.208952133566035,16.0,8,0,2,0.0,0.0
N28000105,N28000105,NBCC,OTHER CENTRAL SECTOR,Mega,2694.0,7.899153483343097,38.0,7,4,3,78.0,0.0
N28000112,N28000112,CPWD FOR HEALTH,OTHER CENTRAL SECTOR,Major,150.29,5.019198524756743,30.0,7,0,0,0.0,0.0
N28000117,N28000117,CPWD EDUCATION,CIVIL AVIATION,Major,223.37,5.413296474871686,30.0,7,0,0,0.0,0.0
N28000121,N28000121,PHASE 1,CIVIL AVIATION,Mega,11420.0,9.343209045050607,59.0,6,0,1,0.0,0.0
N28000128,N28000128,CPWD,OTHER CENTRAL SECTOR,Mega,1180.0,7.074116816197362,57.0,5,0,2,0.0,0.0
N28000129,N28000129,CPWD,OTHER CENTRAL SECTOR,Mega,1128.0,7.029087564149662,65.0,5,0,3,0.0,0.0
N28000131,N28000131,CPWD EDUCATION,OTHER CENTRAL SECTOR,Major,676.0,6.517671272912275,63.0,5,1,0,184.0,0.0
N28000141,N28000141,CPWD EDUCATION,COAL,Major,808.62,6.696565001785386,28.0,4,0,0,0.0,0.0
N28000147,N28000147,CPWD FOR MHA,OTHER CENTRAL SECTOR,Major,166.98,5.123844924697481,45.0,4,0,1,0.0,6363569.772727273
N28000149,N28000149,CPWD,OTHER CENTRAL SECTOR,Major,299.97,5.707010592007626,16.0,4,0,2,0.0,148.4224965706447
N28000153,N28000153,CPWD,OTHER CENTRAL SECTOR,Major,646.52,6.4731496811275555,34.0,2,0,1,0.0,885.3260869565216
N28000154,N28000154,CPWD,OTHER CENTRAL SECTOR,Major,512.34,6.2409383936682215,31.0,2,0,0,0.0,0.0
N28000156,N28000156,NBCC,OTHER CENTRAL SECTOR,Mega,1536.72,7.338056078875251,89.0,1,0,0,0.0,0.0
N30000014,N30000014,DJB,OTHER CENTRAL SECTOR,Major,665.78,6.50246015642561,69.0,5,0,0,0.0,0.0
N30000021,N30000021,UPJalNigam,OTHER CENTRAL SECTOR,Major,231.79,5.450136759608216,35.0,5,0,4,0.0,0.0
N30000024,N30000024,UPJalNigam,OTHER CENTRAL SECTOR,Major,681.78,6.52617269933722,40.0,5,0,3,0.0,0.0
N30000032,N30000032,KMDA,CIVIL AVIATION,Major,198.43,5.295463297565131,45.0,5,0,0,0.0,0.0
N30000034,N30000034,KMDA,CIVIL AVIATION,Major,307.12,5.730489317484765,61.0,5,0,3,0.0,0.0
N30000036,N30000036,BUIDCO,COAL,Major,294.02,5.687043150651903,43.0,5,0,0,0.0,0.0
N30000039,N30000039,BUIDCO,COAL,Major,268.63,5.597050648811833,69.0,5,1,2,0.0,0.0
N30000044,N30000044,BUIDCO,COAL,Major,277.42,5.629130764960421,50.0,5,0,0,0.0,0.0
N38000001,N38000001,CPWD,CIVIL AVIATION,Major,170.99,5.147436335588401,61.0,3,0,1,0.0,0.0
N42000002,N42000002,CPWD EDUCATION,OTHER CENTRAL SECTOR,Major,303.9,5.719983853994209,27.0,5,1,0,17.0,0.0
N42000005,N42000005,CPWD EDUCATION,OTHER CENTRAL SECTOR,Major,655.34,6.486678947359755,16.0,4,0,0,0.0,0.0
N42000006,N42000006,PHASE 1A,CIVIL AVIATION,Major,851.0,6.747586526829315,32.0,4,0,0,0.0,0.0
N42000007,N42000007,CPWD EDUCATION,OTHER CENTRAL SECTOR,Major,588.72,6.379647847981619,36.0,4,0,1,0.0,0.0
N42000009,N42000009,CPWD EDUCATION,CIVIL AVIATION,Major,375.0,5.929589143389895,24.0,4,0,0,0.0,0.0
N42000010,N42000010,CPWD,CIVIL AVIATION,Major,316.25,5.759690106594497,30.0,3,2,2,0.0,299999971.4285714
N45000002,N45000002,CPWD FOR MHA,OTHER CENTRAL SECTOR,Major,277.35,5.628879314629517,37.0,4,0,1,0.0,0.0
