project_id,project_name,agency,legacy_ocms_code,state,approval_start_date,original_completion_date,revised_completion_date,original_cost_crore,revised_cost_crore,report_month,source_file,source_table
14380,KARIMGANI - SUTARKANDI SECTION ON SILCHAR-CHURAIBARI PKG-7,NHIDCL,N24002231,N24002231,2024-02,2027-02,2027-02,2.0,791.79,2025-04,FRApril2025.pdf,Table 4: Newly Added Projects
40840,DAINADUBI-DARUGIRI PKG-1B ROAD TRANSPORT AND HIGHWAYS,NHIDCL,N24002233,N24002233,2023-03,2027-03,2027-03,3.0,705.83,2025-04,FRApril2025.pdf,Table 4: Newly Added Projects
616670,TRANSMISSION SYSTEM FOR EVACUATION OF POWER FROM RAJASTHAN REZ PH-IV (PART-4: 3.5 GW): PART A,PGCIL,N18000407,N18000407,2024-12,2026-12,2026-12,12.0,5846.0,2025-04,FRApril2025.pdf,Table 4: Newly Added Projects
616671,TRANSMISSION SYSTEM UNDER ISTS FOR EVACUATION OF POWER FROM KUDANKULAM UNIT - 3 & 4 (2X1000 MW),2X1000 MW,N18000408,PGCIL,2025-01,2028-07,2028-07,1.0,548.0,2025-04,FRApril2025.pdf,Table 4: Newly Added Projects
616672,SYSTEM STRENGTHENING AT KOPPAL-II AND GADAG-II FOR INTEGRATION OF RE GENERATION PROJECTS,PGCIL,N18000409,N18000409,2025-01,2027-01,2027-01,1.0,1354.0,2025-04,FRApril2025.pdf,Table 4: Newly Added Projects
617068,AUGMENTATION OF TRANSFORMATION CAPACITY AT BIDAR PS,PGCIL,N18000410,N18000410,2025-02,2027-02,2027-02,2.0,288.0,2025-04,FRApril2025.pdf,Table 4: Newly Added Projects
617069,AUGMENTATION OF TRANSFORMATION CAPACITY AT KPS2 & KPS2,PGCIL,N18000411,N18000411,2025-03,2027-03,2027-03,3.0,466.0,2025-04,FRApril2025.pdf,Table 4: Newly Added Projects
617179,TRANSMISSION SCHEME FOR EVACUATION OF POWER FROM RATLE HEP (850 MW) & KIRU (624 MW): PART B,850 MW,N18000417,624 MW,2025-03,2027-03,2027-03,3.0,219.0,2025-04,FRApril2025.pdf,Table 4: Newly Added Projects
617181,"AUGMENTATION AT FATEHGARH-II PS, FATEHGARH-IV PS",SECTION-II,N18000415,PGCIL,2025-03,2026-12,2026-12,3.0,404.0,2025-04,FRApril2025.pdf,Table 4: Newly Added Projects
617182,AUGMENTATION OF BANASKANTHA (RAGHANESDA) PS (GIS) POWER,RAGHANESDA,N18000412,GIS,2025-03,2027-03,2027-03,3.0,172.0,2025-04,FRApril2025.pdf,Table 4: Newly Added Projects
617183,TRANSMISSION SYSTEM STRENGTHENING AT KURNOOL- III PS FOR INTEGRATION OF ADDITIONAL RE GENERATION PRO,PGCIL,N18000416,N18000416,2025-03,2027-03,2027-03,3.0,2886.0,2025-04,FRApril2025.pdf,Table 4: Newly Added Projects
617185,TRANSMISSION SYSTEM FOR INTEGRATION OF KURNOOL-IV REZ ? PHASE-I (FOR 4.5 GW),FOR 4.5 GW,N18000413,PGCIL,2025-03,2027-03,2027-03,3.0,5000.0,2025-04,FRApril2025.pdf,Table 4: Newly Added Projects
617186,RAJASTHAN REZ PH-V (PART-1: 4 GW) [SIROHI/NAGAUR] COMPLEX,PGCIL,N18000414,N18000414,2025-03,2027-03,2027-03,3.0,5028.0,2025-04,FRApril2025.pdf,Table 4: Newly Added Projects
617242,INSTALLATION OF NEW BAR MILL AT DURGAPUR STEEL PLANT,SAIL,N12000138,N12000138,2024-09,2027-06,2027-06,9.0,2115.44,2025-04,FRApril2025.pdf,Table 4: Newly Added Projects
617243,REPLACEMENT OF HOT LEVELLER-1 OF PLATE MILL AT BHILAI STEEL PLANT,SAIL,N12000137,N12000137,2024-07,2026-07,2026-07,7.0,198.62,2025-04,FRApril2025.pdf,Table 4: Newly Added Projects
617246,UP-GRADATION OF BLAST FURNACE NO. 3 AT DURGAPUR STEEL PLANT,SAIL,N12000139,N12000139,2024-09,2026-06,2026-06,9.0,758.09,2025-04,FRApril2025.pdf,Table 4: Newly Added Projects
617248,THIRD LADLE FURNACE IN SECONDARY REFINERY UNIT AT IISCO STEEL PLANT,SAIL,N12000141,N12000141,2024-11,2026-07,2026-07,11.0,227.96,2025-04,FRApril2025.pdf,Table 4: Newly Added Projects
617249,REPLACEMENT OF EXISTING GRINDERS IN CRM-I & II AT BOKARO STEEL PLANT,SAIL,N12000142,N12000142,2025-01,2027-01,2027-01,1.0,211.94,2025-04,FRApril2025.pdf,Table 4: Newly Added Projects
617250,"SECONDARY EMISSION CONTROL IN CONVERTERS OF SMS-II AT BOKARO STEEL PLANT Grand Total 33,679.69 {33,679.69}",SAIL,N12000143,N12000143,2025-01,2026-10,2026-10,1.0,207.13,2025-04,FRApril2025.pdf,Table 4: Newly Added Projects
617251,REVAMPING OF AIR POLLUTION CONTROL SYSTEMS OF SP-1 AT DURGAPUR STEEL PLANT STEEL,SAIL,N12000140,N12000140,2024-11,2026-05,2026-05,11.0,196.4,2025-04,FRApril2025.pdf,Table 4: Newly Added Projects
618244,CONSTRUCTION OF RAEBARELI RING ROAD (PHASE-2) WITH FOUR LANE CONFIGURATION FOR RAEBARELI CITY IN THE,PHASE-2,N24002235,MoRTH,2022-03,2027-05,2027-05,3.0,1273.72,2025-04,FRApril2025.pdf,Table 4: Newly Added Projects
618249,WIDENING TO 4L FROM KM.108.50 TO 139.00 OF NH-135A PKG- II (JAUNPUR TO AKBARPUR SECTION) ON HAM IN TH,JAUNPUR TO AKBARPUR SECTION,N24002234,MoRTH,2023-03,2027-03,2027-03,3.0,1511.57,2025-04,FRApril2025.pdf,Table 4: Newly Added Projects
618287,BILASIPURA- GUWAHATI ROAD PKG-2,NHIDCL,N24002229,N24002229,2023-11,2027-06,2027-06,11.0,1338.61,2025-04,FRApril2025.pdf,Table 4: Newly Added Projects
618311,BADARPUR ? CHURAIBARI PKG-6,NHIDCL,N24002230,N24002230,2024-03,2027-03,2027-03,3.0,870.0,2025-04,FRApril2025.pdf,Table 4: Newly Added Projects
N24002232,IMPHAL-KOHIMA ROAD PKG-5A,NHIDCL,N24002232,N24002232,2020-09,2026-08,2026-08,9.0,228.97,2025-04,FRApril2025.pdf,Table 4: Newly Added Projects
N24002236,CONSTRUCTION OF 4-LANE ACCESS CONTROLLED GREENFIELD HIGHWAY SECTION ON NH-163G (KHAMMAM - VIJAYAWADA,NHAI,N24002236,N24002236,2023-03,2025-03,2027-03,3.0,832.62,2025-04,FRApril2025.pdf,Table 4: Newly Added Projects
617184,TRANSMISSION SCHEME FOR INTEGRATION OF DAVANAGERE / CHITRADURGA AND BELLARY REZ IN KARNATAKA,PGCIL,N18000419,N18000419,2025-03,2027-03,2027-03,3.0,3453.0,2025-05,FR_May2025.pdf,Table 4: Newly Added Projects
617269,TRANSMISSION SYSTEM FOR STRENGTHENING TO FACILITATE EVACUATION OF POWER FROM BHADLA/BIKANER COMPLEX,PGCIL,N18000423,N18000423,2024-12,2026-06,2026-06,12.0,213.0,2025-05,FR_May2025.pdf,Table 4: Newly Added Projects
617270,EASTERN REGION EXPANSION SCHEME: 44 [ERES: 44],PGCIL,N18000422,N18000422,2025-05,2026-05,2026-05,5.0,409.0,2025-05,FR_May2025.pdf,Table 4: Newly Added Projects
617271,EASTERN REGION EXPANSION SCHEME: 43 [ERES: 43],PGCIL,N18000421,N18000421,2025-05,2026-05,2026-05,5.0,343.0,2025-05,FR_May2025.pdf,Table 4: Newly Added Projects
617272,IMPLEMENTATION OF LILO OF BOTH CIRCUITS OF 400KV VIDHYACHAL PS TO SASAN D/C LINE AT HINDALCO SWITCHY POWER,PGCIL,N18000420,N18000420,2025-02,2026-12,2026-12,2.0,370.0,2025-05,FR_May2025.pdf,Table 4: Newly Added Projects
617299,COAL 50 MW WIND POWER PROJECT PART OF 150 MW SECI HYBRID,NLC,N06000292,N06000292,2022-07,2025-06,2026-01,7.0,383.84,2025-05,FR_May2025.pdf,Table 4: Newly Added Projects
617896,CONSTRUCTION OF 4 LANE GAURIPUR BYPASS ON NH-17 IN THE STATE OF ASSAM,MoRTH,N24002237,N24002237,2024-03,2026-10,2026-10,3.0,421.15,2025-05,FR_May2025.pdf,Table 4: Newly Added Projects
618076,IMPROVEMENT AND WIDENING TWO LANNIG WITH PAVED SHOULDER OF NATIONAL HIGHWAY 127B FROM KM 31.500,MoRTH,N24002239,N24002239,2023-12,2027-05,2027-05,12.0,504.0,2025-05,FR_May2025.pdf,Table 4: Newly Added Projects
618112,"IMPROVEMENT AND UP-GRADATION OF NH-227B (84 KOSI PARIKRAMA MARG) PACKAGE ?I, FROM KM 228.920 (JAGARN ROAD TRANSPORT AND HIGHWAYS",84 KOSI PARIKRAMA MARG,N24002240,MoRTH,2022-03,2026-11,2026-11,3.0,912.5,2025-05,FR_May2025.pdf,Table 4: Newly Added Projects
618113,"IMPROVEMENT AND UP-GRADATION OF NH-227B (84 KOSI PARIKRAMA MARG) PACKAGE ?III, FROM KM.47.800 (GOSAI",84 KOSI PARIKRAMA MARG,N24002241,MoRTH,2022-03,2026-11,2026-11,3.0,587.97,2025-05,FR_May2025.pdf,Table 4: Newly Added Projects
618306,CHOITHAR TO MARREM KHULLEN SECTION IMPHAL- UKHRUL - JESSAMI PKG-5,NHIDCL,N24002242,N24002242,2023-03,2027-03,2027-03,3.0,564.05,2025-05,FR_May2025.pdf,Table 4: Newly Added Projects
618312,SILCHAR- CHURAIBARI PKG-5,NHIDCL,N24002243,N24002243,2024-02,2027-10,2027-10,2.0,1258.13,2025-05,FR_May2025.pdf,Table 4: Newly Added Projects
618338,"IMPHAL - KHONGSANG - JIRIBAM PKG-2 Grand Total 13,977.60 {14,166.60}",NHIDCL,N24002244,N24002244,2021-03,2026-03,2026-03,3.0,195.14,2025-05,FR_May2025.pdf,Table 4: Newly Added Projects
86150,CONSTRUCTION OF 2 LANE BARPETA BYPASS FROM KM 77+900(BARADI) TO KM 86+150( DEURIKUCHI) (LENGTH=8.25K,BARADI,N24002238,DEURIKUCHI,2023-03,2026-08,2026-08,3.0,173.65,2025-05,FR_May2025.pdf,Table 4: Newly Added Projects
N18000418,NOKH SOLAR PV PROJECT 735 MW,NTPC,N18000418,N18000418,2022-03,2024-04,2025-07,3.0,4189.17,2025-05,FR_May2025.pdf,Table 4: Newly Added Projects
616236,JARANGDIH OCP,CCL,N06000295,N06000295,2020-02,2029-03,2029-03,2.0,414.37,2025-06,FR_JUNE_2025.pdf,Table 4: Newly Added Projects
617233,WAGHODA UG,WCL,N06000293,N06000293,2025-01,2030-03,2030-03,1.0,379.3,2025-06,FR_JUNE_2025.pdf,Table 4: Newly Added Projects
617278,KOLARPIMPRI EXPANSION OCM (2.50 MTY) COAL,2.50 MTY,N06000294,WCL,2025-02,2030-03,2030-03,2.0,630.37,2025-06,FR_JUNE_2025.pdf,Table 4: Newly Added Projects
618243,"ROAD TRANSPORT AND HIGHWAYS CONSTRUCTION OF BASTI RING ROAD (PHASE-I) WITH 4L CONFIGURATION FOR BASTI CITY IN THE STATE OF UTTAR Grand Total 3,497.95 {3,497.95}",PHASE-I,N24002245,MoRTH,2022-12,2027-06,2027-06,12.0,1138.72,2025-06,FR_JUNE_2025.pdf,Table 4: Newly Added Projects
N22000632,RAILWAYS MURARAI - BARHARWA 3RD LINE (48.90 KM),48.90 KM,N22000632,ER,2025-05,2028-05,2028-05,5.0,935.19,2025-06,FR_JUNE_2025.pdf,Table 4: Newly Added Projects
400382,Rewas Port Project Ministry of Power Transmission & Distribution Total (2),Reliance Industries Ltd,,Maharashtra,2020-01,,,3.0,2023.0,2025-09,FlashReport_September_2025.pdf,Table 4: Newly Added Projects
611142,Fairway Development in West Bengal Farakka - Kahelgaon Total (1),Inland Waterways Authority of India [IWAI],,Offshore,2018-08,,,7.0,2023.0,2025-09,FlashReport_September_2025.pdf,Table 4: Newly Added Projects
617290,Jeypore - Malkangiri New BG Line Project,Indian Railways,,Odisha,2018-02,,,12.0,2030.0,2025-09,FlashReport_September_2025.pdf,Table 4: Newly Added Projects
617320,New B.G Railway Line between Jeypore & Navarangpur [38 Km] with Electrification,Indian Railway and Govt of Odisha,,Odisha (09/2022),2017-07,,,9.0,2025.0,2025-09,FlashReport_September_2025.pdf,Table 4: Newly Added Projects
617321,Godhani-Kalumna Chord 13.7 km,Ministry of Railways,,Offshore (07/2018),2018-07,,,7.0,2028.0,2025-09,FlashReport_September_2025.pdf,Table 4: Newly Added Projects
617326,"Project Assessment, Infrastructure Monitoring and Analytics for Nation-building Implementation of Transmission Systems in the State of Jharkhand consisting of 400/220/132/33 kV transmission lines and substations under Jharkhand Consultancy Project Total (4) 6539.92",PAIMANA,,Jharkhand (02/2012),2012-02,,,3.0,2026.0,2025-09,FlashReport_September_2025.pdf,Table 4: Newly Added Projects
617327,"Thane Integral Ring Metro Rail Project Ministry of Ports, Shipping and Waterways Total (1) 12200.1",Maharashtra Metro Rail Corporation Limited [MMRCL],,Maharashtra (09/2024),2024-09,,,9.0,2029.0,2025-09,FlashReport_September_2025.pdf,Table 4: Newly Added Projects
617333,Surface triangle line bet. Bhadura stn and new crossing stn Karma,East Central Railway [ECR] - I,,Uttar Pradesh (05/2024),2022-10,,,2.0,2027.0,2025-09,FlashReport_September_2025.pdf,Table 4: Newly Added Projects
617338,"Project Assessment, Infrastructure Monitoring and Analytics for Nation-building Stamp Charge Battery No.12 Battery Proper at IISCO Steel Plant Total (1) 2518.39",PAIMANA,,West Bengal,,2025-01,2025-02,7.0,2028.0,2025-09,FlashReport_September_2025.pdf,Table 4: Newly Added Projects
617345,SER Upgradation of maintenance infrastructure at Shalimar into Vande Bharat Chair Car maintenance cum workshop depot. Ministry of Steel Steel Total (19) 162933.01,South Eastern Railway - JH,,West Bengal,2024-12,,,10.0,2026.0,2025-09,FlashReport_September_2025.pdf,Table 4: Newly Added Projects
617361,Babupeth - Sasti New Rail Line [13.114 KMs],CR,,Maharashtra (10/2024),2024-10,,,3.0,2028.0,2025-09,FlashReport_September_2025.pdf,Table 4: Newly Added Projects
617364,Double Chord line Between Nilaje-Kopar,CR,,Maharashtra (01/2025),2025-01,,,7.0,2028.0,2025-09,FlashReport_September_2025.pdf,Table 4: Newly Added Projects
617370,Doubling between Jaunpur Jn - Zaffarabad 6.28 km,M/S SRC company Infra Private Limited,,Uttar Pradesh (02/2025),2023-03,,,1.0,2027.0,2025-09,FlashReport_September_2025.pdf,Table 4: Newly Added Projects
617372,Doubling between Pradhankunta-Patherih-Bhojudih of East Central Railway,East Central Railway [ECR] - I,,Jharkhand (11/2022),2022-11,,,12.0,2025.0,2025-09,FlashReport_September_2025.pdf,Table 4: Newly Added Projects
617373,Jhajha-Batai New Line Project,East Central Railway [ECR] - I,,Bihar (03/2023),2023-03,,,3.0,2027.0,2025-09,FlashReport_September_2025.pdf,Table 4: Newly Added Projects
617374,"Dallirajhara - Rowghat New Rail Line Project, Phase-I",Rail Vikas Nigam Limited,N22000602,Chhattisgarh,2009-11,,,3.0,2025.0,2025-09,FlashReport_September_2025.pdf,Table 4: Newly Added Projects
617375,North Eastern Region Expansion Scheme-XXIII [NERES-XXIII],Power Grid Corporation of India Limited [POWERGRID],,Arunachal Pradesh (08/2025),2025-08,,,2.0,2028.0,2025-09,FlashReport_September_2025.pdf,Table 4: Newly Added Projects
617379,Development of New Bijwasan Railway Terminal,Northern Railways,,Delhi (03/2013),2008-02,,,3.0,2020.0,2025-09,FlashReport_September_2025.pdf,Table 4: Newly Added Projects
617390,Sardega -Bhalumuda New Double line [37.24 Km],SECR,,"Multi-States (Chhattisgarh, Odisha)",,2024-09,2024-09,3.0,2028.0,2025-09,FlashReport_September_2025.pdf,Table 4: Newly Added Projects
617391,Augmentation of Transformation Capacity at Bhuj-II PS [GIS],Power Grid Corporation of India Limited [POWERGRID],,Gujarat (02/2025),2025-02,,,11.0,2026.0,2025-09,FlashReport_September_2025.pdf,Table 4: Newly Added Projects
617403,SADULPUR - CHURU DOUBLING PROJECT,North Western Railway [NWR],,Rajasthan (01/2024),2024-01,,,6.0,2026.0,2025-09,FlashReport_September_2025.pdf,Table 4: Newly Added Projects
617404,POKHRAN - RAMDEVRA New Line,North Western Railway [NWR],,Rajasthan (04/2025),2025-04,,,3.0,2028.0,2025-09,FlashReport_September_2025.pdf,Table 4: Newly Added Projects
617405,Jamnagar Transmission Limited,Adani Transmission Limited,,Gujarat,2024-10,,,10.0,2026.0,2025-09,FlashReport_September_2025.pdf,Table 4: Newly Added Projects
617406,RATLAM- DUNGARPUR VIA BANSWARA NEW LINE PROJECT,North Western Railway [NWR],,"Multi-States (Madhya Pradesh, Rajasthan)",,2015-10,2023-05,3.0,2028.0,2025-09,FlashReport_September_2025.pdf,Table 4: Newly Added Projects
617408,NATHDWARA- NATHDWARA TOWN NL,North Western Railway [NWR],,Rajasthan (04/2024),2019-03,,,3.0,2027.0,2025-09,FlashReport_September_2025.pdf,Table 4: Newly Added Projects
617409,Railway Manufacturing Unit,South Central Railway [SCR] - II,,Telangana (02/2023),2016-07,,,12.0,2026.0,2025-09,FlashReport_September_2025.pdf,Table 4: Newly Added Projects
617412,"Construction of One Tower of Office Complex and another Tower of Residential quarters consisting of 10Nos. Type-V, 10Nos. Type-VI & 1No.Type-VII Quarters i/c internal water supply, sanitary installation and all development and bulk services, Horticulture works on EPC Mode-I basis i/c comprehensive operation and maintenance of Civil, E&M services for 7 years after completion of original construction work for Ranga Reddy, Secunderabad, Medchal, AuditI, Audit-II Commissionerates of Central Tax at Khajaguda, Serilingampally, Hyderabad. Total (1)",Central Public Works Department - CPWD,,Telangana (11/2024),2024-03,,,9.0,2027.0,2025-09,FlashReport_September_2025.pdf,Table 4: Newly Added Projects
617413,Mobile connectivity in Left Wing Extremism [LWE] affected areas-Phase 1 Upgradation,Department of Telecommunications [DoT],,"Multi-States (Andhra Pradesh, Bihar, Chhattisgarh, Jharkhand, Madhya Pradesh,",,,,,,2025-09,FlashReport_September_2025.pdf,Table 4: Newly Added Projects
617416,"Revised Jharia Master Plan for Dealing with Fire, Subsidence & Rehabilitation of affected families in Jharia Coalfield- Reg. Ministry of Housing & Urban Affairs Total (1) 5940.47",BCCL,,Jharkhand (07/2025),2025-06,,,12.0,2028.0,2025-09,FlashReport_September_2025.pdf,Table 4: Newly Added Projects
617422,Bodwad Parisar Sinchan Yojna Ministry of Coal Coal Total (1) 1923.81,Department of Water Resources-MH,,Maharashtra (01/2017),2002-05,,,7.0,2027.0,2025-09,FlashReport_September_2025.pdf,Table 4: Newly Added Projects
701564,"Construction of new dry dock at exisitng Cochin Shipyard Limited premises at Perumanoor, Kochi 682 015",Cochin Shipyard,,Kerala (05/2018),2018-04,,,12.0,2022.0,2025-09,FlashReport_September_2025.pdf,Table 4: Newly Added Projects
701568,Construction of oil jetty No.8 at old kandla through internal resources Total (1),Deendayal Port Trust [DPT],,Gujarat,2021-02,,,2.0,2023.0,2025-09,FlashReport_September_2025.pdf,Table 4: Newly Added Projects
701570,"Replacement and revamping of pipeline projects in oil jetty area, Kandla Total (1)",Deendayal Port Trust [DPT],,Gujarat,2021-09,,,9.0,2023.0,2025-09,FlashReport_September_2025.pdf,Table 4: Newly Added Projects
900874,JHAJHA - BATIA,East Central Railway [ECR] - I,,Bihar (03/2023),2023-03,,,3.0,2028.0,2025-09,FlashReport_September_2025.pdf,Table 4: Newly Added Projects
400023,Construction of New BG line between Hassan to Belur [27 Km],South Western Railway [SWR] - II,N22000558,Karnataka (12/2025),2019-03,,,4.0,2028.0,2025-10,FlashReport_October_2025.pdf,Table 4: Newly Added Projects
400081,"National Sports University [NSU], Imphal [Manipur] Ministry of Coal Electricity Generation Total (1) 906.47",Department of Sports & Youth Affairs,,Manipur,2022-01,,,8.0,2024.0,2025-10,FlashReport_October_2025.pdf,Table 4: Newly Added Projects
611615,Malugur- Palasamudram New Line Project [17.975 Km],South Western Railway [SWR] - II,,Andhra Pradesh (07/2026),2022-09,,,11.0,2027.0,2025-10,FlashReport_October_2025.pdf,Table 4: Newly Added Projects
612167,"Construction of 350 beds + 50 Super Specialty beds ESIC Hospital Sheelanagar, Visakhapatnam, Andhra Pradesh",Employee's State Insurance Company [ESIC],,Andhra Pradesh (04/2023),2021-02,,,10.0,2025.0,2025-10,FlashReport_October_2025.pdf,Table 4: Newly Added Projects
612178,"Construction of 100 Bedded ESIC Hospital building and 32 Nos Residential Quarters at Vallam Vadangal, SIPCOT, Sriperumbudur",Employee's State Insurance Company [ESIC],,Tamil Nadu (03/2023),2015-02,,,6.0,2025.0,2025-10,FlashReport_October_2025.pdf,Table 4: Newly Added Projects
612185,C/o Construction of 200 bedded [Up-gradable to 300 bedded] ESI Hospital at Surat Gujarat.,Employee's State Insurance Company [ESIC],,Gujarat (03/2021),2019-06,,,6.0,2025.0,2025-10,FlashReport_October_2025.pdf,Table 4: Newly Added Projects
612186,350 Bedded [Upgradable to 500 beds] ESI Hospital at Sanand,Employee's State Insurance Company [ESIC],,Gujarat (04/2023),2022-06,,,3.0,2026.0,2025-10,FlashReport_October_2025.pdf,Table 4: Newly Added Projects
612188,"Construction of 200 Bedded [Upgradable to 500 Bedded including 50 beds of SST] ESIC Hospital at Bibewadi, Pune",Employee's State Insurance Company [ESIC],N21000033,Maharashtra (03/2023),2018-05,,,9.0,2025.0,2025-10,FlashReport_October_2025.pdf,Table 4: Newly Added Projects
612201,"Construction of 200 bedded ESIC Hospital with 62 Nos Staff quarters , Beltola",Employee's State Insurance Company [ESIC],,Assam (10/2021),2017-12,,,4.0,2025.0,2025-10,FlashReport_October_2025.pdf,Table 4: Newly Added Projects
612211,"Demolition, Construction and upgradation of ESI Hospital, Kalol, Gujarat from 50 beds to 150 beds.",Employee's State Insurance Company [ESIC],,Gujarat (10/2023),2022-08,,,10.0,2025.0,2025-10,FlashReport_October_2025.pdf,Table 4: Newly Added Projects
612213,"Construction of 200 Bedded ESIC Hospital at Butibori, Nagpur, Maharashtra.",Employee's State Insurance Company [ESIC],,Maharashtra (08/2022),2013-10,,,8.0,2025.0,2025-10,FlashReport_October_2025.pdf,Table 4: Newly Added Projects
612239,Construction of 100 bedded ESIC Hospital & 32 nos. of Staff qtrs at OMPURA J&K.,Employee's State Insurance Company [ESIC],,Jammu and Kashmir (12/2021),2019-09,,,9.0,2024.0,2025-10,FlashReport_October_2025.pdf,Table 4: Newly Added Projects
612259,"CONSTRUCTION OF 300 BEDDED HOSPITAL AT HARIDWAR Ministry of Ports, Shipping and Waterways Total (15) 3576.21",Employee's State Insurance Company [ESIC],,Uttarakhand (12/2021),2021-02,,,10.0,2024.0,2025-10,FlashReport_October_2025.pdf,Table 4: Newly Added Projects
612513,"Construction of 100 Bedded ESI Hospital at Duburi, Odisha.",Employee's State Insurance Company [ESIC],,Odisha (02/2025),2010-12,,,6.0,2027.0,2025-10,FlashReport_October_2025.pdf,Table 4: Newly Added Projects
612688,"Construction of New OPD Block 200 Bed ward Basement + GF + 6 Floors at the location of old OPD block, at existing ESIC Hospital/ Medical college campus, Sanathnagar, Hyderabad",Employee's State Insurance Company [ESIC],,Telangana (10/2021),2017-11,,,6.0,2024.0,2025-10,FlashReport_October_2025.pdf,Table 4: Newly Added Projects
612745,"Construction of 200 bed ESI Hospital at Bommasandra, Karnataka",Employee's State Insurance Company [ESIC],,Karnataka (10/2024),2015-02,,,1.0,2027.0,2025-10,FlashReport_October_2025.pdf,Table 4: Newly Added Projects
612748,"Construction of 100 bed ESI Hospital and Staff Quarters [32 Nos.] at Harohalli, Karnataka",Employee's State Insurance Company [ESIC],,Karnataka (03/2025),2019-07,,,2.0,2027.0,2025-10,FlashReport_October_2025.pdf,Table 4: Newly Added Projects
616586,Bangriposi-Gorumahisani new line [ 85.60 km ],CAO/C/SER,,Odisha (09/2025),2024-08,,,12.0,2029.0,2025-10,FlashReport_October_2025.pdf,Table 4: Newly Added Projects
616587,Badampahar-Kendujhargarh new line [82.06 km],CAO/C/SER,,Odisha (09/2025),2024-08,,,12.0,2029.0,2025-10,FlashReport_October_2025.pdf,Table 4: Newly Added Projects
616588,Buramara-Chakulia new line [59.96 km],South Eastern Railway [SER] - I,,"Multi-States (Jharkhand, Odisha, West Bengal)",,2024-08,2024-12,12.0,2029.0,2025-10,FlashReport_October_2025.pdf,Table 4: Newly Added Projects
616691,"Upgradation & Extension of ESIC Hospital and Construction of PG Hostel / Staff Housing for ESIC Hospital at Andheri, Mumbai",Employee's State Insurance Company [ESIC],,Maharashtra,2009-06,,,8.0,2025.0,2025-10,FlashReport_October_2025.pdf,Table 4: Newly Added Projects
616856,"Project Assessment, Infrastructure Monitoring and Analytics for Nation-building Doubling between Bhadrachalam Road and Dornakal Total (14) 28379.38",PAIMANA,,Telangana (04/2025),2023-08,,,4.0,2029.0,2025-10,FlashReport_October_2025.pdf,Table 4: Newly Added Projects
617200,KHARSIA- NAYA RAIPUR-PARMALKASA 5th and 6th Line [278KM],CAO/C/SECR,,Chhattisgarh (04/2025),2025-04,,,3.0,2031.0,2025-10,FlashReport_October_2025.pdf,Table 4: Newly Added Projects
617201,Gondia-Balharshah [Chanda Fort] Doubling [240 Km],South East Central Railway,,Maharashtra (04/2025),2025-04,,,3.0,2031.0,2025-10,FlashReport_October_2025.pdf,Table 4: Newly Added Projects
617210,Tiupati Katpadi 104.39 kms,South Central Railway [SCR] - II,,Andhra Pradesh (04/2025),2025-04,,,3.0,2029.0,2025-10,FlashReport_October_2025.pdf,Table 4: Newly Added Projects
617214,Rail Connectivity to Errupalem Amravati Namburu 57 Km,South Central Railway [SCR] - II,,"Multi-States (Andhra Pradesh, Telangana)",,2024-11,2024-11,3.0,2027.0,2025-10,FlashReport_October_2025.pdf,Table 4: Newly Added Projects
617216,3rd Line between Gudur Renigunta 83.17 Km,South Central Railway [SCR] - II,,Andhra Pradesh (10/2024),2024-10,,,3.0,2027.0,2025-10,FlashReport_October_2025.pdf,Table 4: Newly Added Projects
617231,Construction of Bulb line at Nabinagar Ankorah of East Central Railway,East Central Railway [ECR] - I,,Bihar (06/2024),2024-06,,,6.0,2028.0,2025-10,FlashReport_October_2025.pdf,Table 4: Newly Added Projects
617730,600 MW Khavda Solar Power Project Ministry of Labour and Employment Healthcare Total (1) 3335.85,NLC India Limited [NLCIL],,Gujarat (06/2024),2023-08,,,6.0,2026.0,2025-10,FlashReport_October_2025.pdf,Table 4: Newly Added Projects
617801,Provision of ICT Augmentation & Bus Reactor at Bhuj-II PS,Power Grid Corporation of India Limited [POWERGRID],,Gujarat (03/2025),2025-03,,,12.0,2026.0,2025-10,FlashReport_October_2025.pdf,Table 4: Newly Added Projects
617802,Augmentation of Transformation Capacity and Implementation of Line Bays at Mandsaur S/S for RE Interconnection [SPV Name- POWERGRID Mandsaur I RE Transmission Limited] Ministry of Railways Railways Total (3) 1279.74,Power Grid Corporation of India Limited [POWERGRID],,Madhya Pradesh (10/2025),2025-10,,,3.0,2028.0,2025-10,FlashReport_October_2025.pdf,Table 4: Newly Added Projects
617803,"Project Assessment, Infrastructure Monitoring and Analytics for Nation-building Transmission System Strengthening at Davanagere for Integration of RE Generation [SPV Name - POWERGRID Davanagere Power Transmission Limited]",PAIMANA,,Karnataka (09/2025),2025-09,,,9.0,2027.0,2025-10,FlashReport_October_2025.pdf,Table 4: Newly Added Projects
617804,Mechanization of Berth No.14 for handling Containers and other cargo on DBFOT basis - Phase II Ministry of Power Transmission & Distribution Total (1) 153.23,New Mangalore Port Authority,,Karnataka,2024-06,,,3.0,2027.0,2025-10,FlashReport_October_2025.pdf,Table 4: Newly Added Projects
705742,Jeypore-Malkanagiri New Railway Line Project,East Coast Railway [ECoR] - II,N22000516,Odisha (12/2023),2018-02,,,7.0,2033.0,2025-10,FlashReport_October_2025.pdf,Table 4: Newly Added Projects
706835,Belgaum-Dharwad via Kittur [73.10Km],South Western Railway [SWR] - II,N22000557,Karnataka (03/2025),2020-09,,,12.0,2027.0,2025-10,FlashReport_October_2025.pdf,Table 4: Newly Added Projects
617806,Transmission System for Integration of Ananthapur 2 REZ Phase 1 for 4.5 GW. SPV Name Anantapuram 2 REZ Transmission Ltd,Sterlite Power,,"Multi-States (Andhra Pradesh, Karnataka)",,2024-08,2025-03,3.0,2027.0,2025-11,FlashReport_November_2025.pdf,Table 4: Newly Added Projects
617807,Inter-regional [NR-WR] Transmission System strengthening to relieve the loading of 765 kV Vindhyachal-Varanasi D/c line,Power Grid Corporation of India Limited [POWERGRID],,"Multi-States (Bihar, Uttar Pradesh)",,2025-10,2025-10,10.0,2027.0,2025-11,FlashReport_November_2025.pdf,Table 4: Newly Added Projects
617808,"Project Assessment, Infrastructure Monitoring and Analytics for Nation-building Inter-Regional Strengthening between SR Grid and WR Grid Total (3) 7910.99",PAIMANA,,"Multi-States (Karnataka, Maharashtra)",,2025-10,2025-10,10.0,2027.0,2025-11,FlashReport_November_2025.pdf,Table 4: Newly Added Projects
617818,"City Gas Distribution [CGD] Project in Gajapati, Kandhamal, Boudh, & Sonepur GA",Ministry of Petroleum & Natural Gas,,Odisha (02/2022),2022-02,,,2.0,2030.0,2025-11,FlashReport_November_2025.pdf,Table 4: Newly Added Projects
617819,"City Gas Distribution [CGD] Project in Kondagaon, Bastar, Sukma, Narayanpur, Bijapur & Dantewada GA",Ministry of Petroleum & Natural Gas,,Chhattisgarh (06/2022),2022-06,,,6.0,2030.0,2025-11,FlashReport_November_2025.pdf,Table 4: Newly Added Projects
617822,ATF Pipeline from BPCLs Malkapur POL Installation to Hyderabad International airport,MinistryofPetroleumNaturalGas,,Telangana,2025-03,,,9.0,2027.0,2025-11,FlashReport_November_2025.pdf,Table 4: Newly Added Projects
617824,Bakhtiyarpur-Rajgir-Tilaiya [Single line section]104km,ECR,,Bihar (10/2025),2025-10,,,10.0,2029.0,2025-11,FlashReport_November_2025.pdf,Table 4: Newly Added Projects
617827,"Pipeline Rehabilitation Project, Phase-II",Ministry of Petroleum & Natural Gas,,Assam (12/2024),2024-12,,,12.0,2029.0,2025-11,FlashReport_November_2025.pdf,Table 4: Newly Added Projects
617828,Siliguri-Jhapa Pipeline Project,IOCL,,West Bengal (09/2024),2024-09,,,3.0,2029.0,2025-11,FlashReport_November_2025.pdf,Table 4: Newly Added Projects
617829,LPG Bottling Plant at Mualkhang Total (2) 582.57,Ministry of Petroleum & Natural Gas,,Mizoram (07/2024),2024-07,,,11.0,2027.0,2025-11,FlashReport_November_2025.pdf,Table 4: Newly Added Projects
617830,C2/C3 Vijaipur Pata Pipeline,Ministry of Petroleum & Natural Gas,,Madhya Pradesh (05/2024),2024-05,,,1.0,2027.0,2025-11,FlashReport_November_2025.pdf,Table 4: Newly Added Projects
617832,"Project Assessment, Infrastructure Monitoring and Analytics for Nation-building Koderma-Arigada Doubling 133.38 Km of East Central Railway Total (2) 4904.49",PAIMANA,,Jharkhand (06/2025),2025-06,,,12.0,2029.0,2025-11,FlashReport_November_2025.pdf,Table 4: Newly Added Projects
617836,Coke Drum Structure Package,Ministry of Petroleum & Natural Gas,,Assam (12/2022),2022-12,,,12.0,2025.0,2025-11,FlashReport_November_2025.pdf,Table 4: Newly Added Projects
617837,Siliguri Marketing Terminal [SMT] Capacity Augmentation Project Ministry of Power Transmission & Distribution Total (9) 6275.23,Ministry of Petroleum & Natural Gas,,West Bengal (11/2021),2021-11,,,12.0,2025.0,2025-11,FlashReport_November_2025.pdf,Table 4: Newly Added Projects
617838,Augmentation of CCKPL and IDPL Pipelines capacity along with setting up of Palakkad TOP,Ministry of Petroleum & Natural Gas,,Kerala (09/2024),2024-09,,,8.0,2028.0,2025-11,FlashReport_November_2025.pdf,Table 4: Newly Added Projects
617839,Capacity Augmentation of Kandla LPG Import Terminal [KLIT] from 0.6 MMTPA to 2.5 MMTPA,Ministry of Petroleum & Natural Gas,,Gujarat (05/2023),2023-05,,,7.0,2026.0,2025-11,FlashReport_November_2025.pdf,Table 4: Newly Added Projects
617877,Phase B of Construction of Permanent Campus of IIT Bhilai,"Indian Institute of Technology, Bhilai",,Chhattisgarh (06/2025),2025-05,,,10.0,2028.0,2025-11,FlashReport_November_2025.pdf,Table 4: Newly Added Projects
617878,Phase B of Construction of Permanent Campus of IIT Palakkad Ministry of Health & Family Welfare Healthcare Total (2) 2715.97,INDIAN INSTITUTE OF TECHNOLOGY PALAKKAD,,Kerala (01/2026),2025-05,,,10.0,2028.0,2025-11,FlashReport_November_2025.pdf,Table 4: Newly Added Projects
617882,"Setting up IT Infrastructure including Network Security and Hosting at AIIMS, New Delhi",PMSSY AND Institute of NATIONAL Importance,,Delhi (09/2025),2025-09,,,9.0,2026.0,2025-11,FlashReport_November_2025.pdf,Table 4: Newly Added Projects
617883,"Redevelopment of Residential colonies at Ayur Vigyan Nagar and West Ansari Nagar campuses of AIIMS, New Delhi Ministry of Housing & Urban Affairs Total (2) 4799.19",PMSSY AND Institute of NATIONAL Importance,,Delhi (06/2022),2016-10,,,6.0,2027.0,2025-11,FlashReport_November_2025.pdf,Table 4: Newly Added Projects
618971,Pune Metro Rail Project Phase-2 Corridor 2A Vanaz to Chandani Chowk and Corridor 2B Ramwadi to Wagholi/Vitthalwadi Ministry of Petroleum & Natural Gas Total (1) 3626.24,Maharashtra Metro Rail Corporation Limited [MMRCL],,Maharashtra (07/2025),2025-07,,,7.0,2029.0,2025-11,FlashReport_November_2025.pdf,Table 4: Newly Added Projects
400006,Jharsuguda-Barpali-Sardega Ph II Works- Rail Connectivity for Coal Loading Bulb at Barpali.,South Eastern Railway [SER] - I,,Odisha (10/2021),2021-10,,,10.0,2025.0,2025-12,FlashReport_December_2025.pdf,Table 4: Newly Added Projects
400047,Doubling of Lingaraj SILO connectivity of NTPC line and augmentation of NTPC exchange yard and NTPC Block Cabin.,East Coast Railway [ECoR] - II,,Odisha (06/2022),2022-08,,,12.0,2024.0,2025-12,FlashReport_December_2025.pdf,Table 4: Newly Added Projects
400048,Doubling of lines connecting the loading spurs in Talcher Yard.,East Coast Railway [ECoR] - II,,Odisha (06/2022),2022-09,,,12.0,2024.0,2025-12,FlashReport_December_2025.pdf,Table 4: Newly Added Projects
616694,Flyover between Siju and Paradeep coaching Yard to avoid Surface crossing of trains,East Coast Railway [ECoR] - II,,Odisha (10/2025),2023-04,,,7.0,2028.0,2025-12,FlashReport_December_2025.pdf,Table 4: Newly Added Projects
617213,"Project Assessment, Infrastructure Monitoring and Analytics for Nation-building Varanasi-Pt. Deen Dayal Upadhyaya multitracking 15km including construction of new Rail-cum-Road Bridge across Ganga River. Total (11) 30757.46",PAIMANA,,Uttar Pradesh (10/2025),2024-10,,,10.0,2029.0,2025-12,FlashReport_December_2025.pdf,Table 4: Newly Added Projects
617245,Katihar Kumedpur & Katihar Mukuria BG Doubling Project,Northeast Frontier Railway [NFR],,"Multi-States (Bihar, West Bengal)",,2022-08,2022-08,8.0,2026.0,2025-12,FlashReport_December_2025.pdf,Table 4: Newly Added Projects
618972,Devbhumi Dwarka [Okha] - Kanalus Doubling,WR,,Gujarat (12/2025),2025-12,,,12.0,2028.0,2025-12,FlashReport_December_2025.pdf,Table 4: Newly Added Projects
618976,"Gadarwara Super Thermal Power Project, Stage-II [3x800 MW] Ministry of Railways Railways Total (1)",National Thermal Power Corporation [NTPC],,Madhya Pradesh (05/2025),2024-11,,,3.0,2030.0,2025-12,FlashReport_December_2025.pdf,Table 4: Newly Added Projects
618977,"Development of New Greenfield Airport at Bundi, Kota Rajasthan. Ministry of Coal Coal Total (1)",Airport Authority of India [AAI],,Rajasthan (10/2025),2025-08,,,10.0,2027.0,2025-12,FlashReport_December_2025.pdf,Table 4: Newly Added Projects
618978,Gondia - Dongargarh 4th line [84 Km],South Eastern Central Railway,,"Multi-States (Chhattisgarh, Maharashtra)",,2025-10,2025-10,10.0,2030.0,2025-12,FlashReport_December_2025.pdf,Table 4: Newly Added Projects
618982,Talabira II & III OCP - FMC Electricity Generation Total (1) 522.45,NLC India Limited [NLCIL],,Odisha (05/2023),2022-10,,,6.0,2026.0,2025-12,FlashReport_December_2025.pdf,Table 4: Newly Added Projects
618985,Pune Metro Rail Project Phase-2 Line-4 Kharadi to Khadakwasla with Spur Line 4A Nal Stop - Warje - Manikbaug Ministry of Power Electricity Generation Total (1) 9857.85,Maharashtra Metro Rail Corporation Limited [MMRCL],,Maharashtra (12/2025),2025-12,,,12.0,2030.0,2025-12,FlashReport_December_2025.pdf,Table 4: Newly Added Projects
618986,Furkating-New Tinsukia[194 Km],Northeast Frontier Railway [NFR],,Assam (09/2025),2025-09,,,6.0,2029.0,2025-12,FlashReport_December_2025.pdf,Table 4: Newly Added Projects
618991,200 MW SPP part of 510 MW CPSU scheme,NLC India Limited [NLCIL],,Gujarat (03/2024),2022-07,,,12.0,2026.0,2025-12,FlashReport_December_2025.pdf,Table 4: Newly Added Projects
618992,100 MW SPP part of SECI 150 MW Hybrid Ministry of Health & Family Welfare Healthcare Total (2) 1702.09,NLC India Limited [NLCIL],,Gujarat (04/2024),2022-07,,,12.0,2026.0,2025-12,FlashReport_December_2025.pdf,Table 4: Newly Added Projects
618995,New Line between Junagarh - Nabarangpur [116.21 Km],Indian Railway,,Odisha (08/2025),2024-08,,,8.0,2030.0,2025-12,FlashReport_December_2025.pdf,Table 4: Newly Added Projects
701168,ALL India Institute of Medical Sciences-AIIMS Madurai Ministry of Housing & Urban Affairs Total (3),PMSSY AND Institute of NATIONAL Importance,,Tamil Nadu (12/2018),2018-12,,,8.0,2022.0,2025-12,FlashReport_December_2025.pdf,Table 4: Newly Added Projects
701170,AIIMS Rajkot,PMSSY AND Institute of NATIONAL Importance,,Gujarat (01/2019),2019-01,,,3.0,2026.0,2025-12,FlashReport_December_2025.pdf,Table 4: Newly Added Projects
701172,AIIMS Darbhanga,PMSSY AND Institute of NATIONAL Importance,,Bihar,,,,9.0,2024.0,2025-12,FlashReport_December_2025.pdf,Table 4: Newly Added Projects
705941,Bangalore Suburban Railway Project,Karnataka Rail Infrastructure Development Company Limited [K-RIDE],,Karnataka (10/2020),2020-10,,,12.0,2026.0,2025-12,FlashReport_December_2025.pdf,Table 4: Newly Added Projects
10080,Construction of Srinivasapura Bypass from existing Km 453.890 Design Ch. 0000 to existing Km 461.450 Design Ch 10080 on NH-69 in the State of Karnataka Under NH O in EPC mode under Annual Plan 2022-23 NH-69-KNT-2022-23-966 dated 22.11.2022,MoRTH,,Karnataka (07/2025),2022-11,,,1.0,2027.0,2026-01,FlashReport_January_2026.pdf,Table 4: Newly Added Projects
107850,"4-Laning of Sethawn - N. Kawnpui section Package-6 of NH-6 from Existing Chainage km 107850 to km 126315 Design Chainage km 95500 to km 111850 on Silchar- Vairengte- Sairang road, Vairengte - Sairang Pkg-6",NHIDCL,,Mizoram (07/2025),2021-12,,,1.0,2027.0,2026-01,FlashReport_January_2026.pdf,Table 4: Newly Added Projects
11450,Construction of 6 lane flyover from Khapari ROB to Mihan Interchange design chainage km 8760 to 11450 L- 2.69 km and upgradation of existing 4L PS road to 6LPS with service road by flexible pavement design chainage km 11450 to 14500 L- 3.05 [total project length 5.74 km] in section of Nagpur - Hyderabad NH-44 Old NH-7 in Nagpur district in the state of Maharashtra on HAM mode.,MoRTH,,Maharashtra (10/2025),2024-03,,,10.0,2027.0,2026-01,FlashReport_January_2026.pdf,Table 4: Newly Added Projects
116000,6L Greenfield Varanasi-Ranchi-Kolkata Highway from Pachmon village to Anarbansalea village From KM. 116000 to KM. 151200 Package-6,National Highways Authority of India [NHAI],,Bihar (09/2025),2023-03,,,9.0,2027.0,2026-01,FlashReport_January_2026.pdf,Table 4: Newly Added Projects
118850,Balance work of Widening to 2 Two lane with hard shoulder of Churachandpur to Tuivai section of NH-102B from Design Chainage km 118850 to km 130000 Package- 4A in the State of Manipur on EPC Mode,NHIDCL,,Manipur (08/2025),2020-04,,,8.0,2026.0,2026-01,FlashReport_January_2026.pdf,Table 4: Newly Added Projects
124470,4-lanning of Rahatgarh to Berkhedi section of NH-146 from Design Ch 124470 to Ch. 134.549,National Highways Authority of India [NHAI],,Madhya Pradesh (12/2025),2025-03,,,12.0,2027.0,2026-01,FlashReport_January_2026.pdf,Table 4: Newly Added Projects
127200,Construction of 4-Laning of N. Kawnpui N. Mualvum Mualkhang via Khamrang Village section Package-7 of NH-6 from Existing Chainage km 127200 to km 142000 Design Chainage km 111850 to km 123400 on Silchar - Vairengte - Sairang road in the State of Mizoram on EPC mode,NHIDCL,,Mizoram (10/2025),2024-02,,,10.0,2028.0,2026-01,FlashReport_January_2026.pdf,Table 4: Newly Added Projects
142000,Construction of 4-Laning of West Serawlg-Sairang section of NH-6 from Existing Chainage km 142000 to km 158900 Design Chainage km 123400 to km 136260 on Silchar - Vairengte - Sairang road in the State of Mizoram under Bharatmala Pariyojna on EPC mode under NHO-NE Package-8,NHIDCL,,Mizoram (11/2025),2024-02,,,11.0,2028.0,2026-01,FlashReport_January_2026.pdf,Table 4: Newly Added Projects
143000,Road Safety Improvement of Critical Junctions on MuzaffarnagarHaridwar Section of NH-334 from Km 143000 to Km 196000,National Highways Authority of India [NHAI],,"Multi-States (Uttar Pradesh, Uttarakhand)",,2025-04,2025-10,10.0,2027.0,2026-01,FlashReport_January_2026.pdf,Table 4: Newly Added Projects
151200,6L Greenfield Varanasi-Ranchi-Kolkata Highway from Anarbansalea village to Sagrampur village From KM. 151200 to KM. 184700Package-7,National Highways Authority of India [NHAI],,"Multi-States (Bihar, Jharkhand)",,2023-03,2025-07,6.0,2027.0,2026-01,FlashReport_January_2026.pdf,Table 4: Newly Added Projects
160200,"Improvement and up-gradation to 2LPS of NH-227B 84-Kosi Parikrama Marg PackageVI, Design Km 160200 Bahuvan Madar Majha to Km 224040 Jagarnathpur under HAM",MoRTH,,Uttar Pradesh (01/2026),2023-05,,,1.0,2028.0,2026-01,FlashReport_January_2026.pdf,Table 4: Newly Added Projects
16439,Six laning with both sides Service Road of Ayodhya Bypass from Design Km 0000 near Ashram Tiraha on NH-46 to Km 16439 end at Ratnagiri Tiraha on Nh-146,National Highways Authority of India [NHAI],,Madhya Pradesh (08/2025),2024-02,,,8.0,2027.0,2026-01,FlashReport_January_2026.pdf,Table 4: Newly Added Projects
186000,Nandyala-Kurnool/Kadapa Border section of NH-167K i.e. Km 186/000 to Km 250/000Design Ch.186000 to 248010 to 2LPS,MoRTH,,Andhra Pradesh (09/2025),2024-10,,,9.0,2027.0,2026-01,FlashReport_January_2026.pdf,Table 4: Newly Added Projects
196000,"Project Assessment, Infrastructure Monitoring and Analytics for Nation-building 6L Access Controlled Greenfield Highway from Kavulakuntla Ch. 196000 to Narayanmpet Ch. 203500Package-09",PAIMANA,,Andhra Pradesh (02/2025),2023-02,,,2.0,2027.0,2026-01,FlashReport_January_2026.pdf,Table 4: Newly Added Projects
237000,"Construction of 4/6 lane Highway of Southern Bareilly Bypass, starting at Ch. 237000 of NH 530 near Jhumka chauraha, Dhantiya village and ending at Ch. 267000 of NH 30 near Invertis University including Trumpet Interchange",National Highways Authority of India [NHAI],,Uttar Pradesh (12/2025),2024-12,,,6.0,2028.0,2026-01,FlashReport_January_2026.pdf,Table 4: Newly Added Projects
24350,Rehabilitation And Upgradation to four lane with paved shoulder configuration from km 24350 to km 61875 Jawale - Borgaon Kale of NH-63 in the State of Maharashtra on EPC mode under Annual Plan 2024-25 Total length - 37.525 Km.,MoRTH,,Maharashtra (09/2025),2024-12,,,3.0,2027.0,2026-01,FlashReport_January_2026.pdf,Table 4: Newly Added Projects
254750,4LPS Access Controlled Highway of Bellary Bypass Balance work from Ch. 254750 to Ch. 266837 and construction of 4LPS from Ch. 277.690 to Ch. 278.690 at D. Hirehal Village Balance work of NH 150A of Bellary Byrapura Section,National Highways Authority of India [NHAI],,Karnataka (08/2024),2024-02,,,7.0,2026.0,2026-01,FlashReport_January_2026.pdf,Table 4: Newly Added Projects
34000,Construction of 6 lane Indore western bypass from km 0000 to Km 34000 Pkg -l in the State of Madhya Pradesh on Hybrid Annuity Mode under NHO,National Highways Authority of India [NHAI],,Madhya Pradesh (01/2026),2024-02,,,12.0,2027.0,2026-01,FlashReport_January_2026.pdf,Table 4: Newly Added Projects
36500,Construction of Shopian Bypass on NH-444 taking off from existing chainage Km 36500 and re-joining at km 47588 of existing Chainage New Design Ch. From km 28000 to km 36925 as 2- lane with paved shoulder in the UT of Jammu & Kashmir on EPC mode.,MoRTH,,Jammu and Kashmir (01/2026),2024-03,,,1.0,2028.0,2026-01,FlashReport_January_2026.pdf,Table 4: Newly Added Projects
36635,"Project Assessment, Infrastructure Monitoring and Analytics for Nation-building Improvement and Widening of National Highway No. 127B Darugiri - Songsak - Williamnagar Junction Section to two lane with paved shoulder from design Km 0000 to Km 36635 Design length 36.635 Km existing Km 112000 to Km 151060 of NH-1278 under Bharatmala Pariyojana Lot-1 Pkg-1B Meghalaya portion",PAIMANA,,Meghalaya (09/2025),2023-03,,,9.0,2027.0,2026-01,FlashReport_January_2026.pdf,Table 4: Newly Added Projects
39500,"Improvement and Up gradation to four lane with Paved shoulder configuration from Existing Km 0000 to Km 39500 design km 0500 to Km 40342, Design length km of NH 227A near Mehrauna GhatUP Bihar Border to Siwan on the state of Bihar on Hybrid Annuity Model HAM basis",MoRTH,,Bihar (09/2025),2023-03,,,3.0,2028.0,2026-01,FlashReport_January_2026.pdf,Table 4: Newly Added Projects
406100,Construction of Six lane elevated flyover including reconstruction/rehabilitation of existing pavement from Km 406100 to Km 411150 Length 5.05 Km at Gobindpur area in the Barwa Adda Panagarh section of NH-19 from Km.398.240 to Km.521.120 including Panagarh Bypass in the State of Jharkhand on EPC Mode.,National Highways Authority of India [NHAI],,Jharkhand (09/2025),2025-01,,,3.0,2028.0,2026-01,FlashReport_January_2026.pdf,Table 4: Newly Added Projects
42000,4L of Dhrol bypass section of NH-151A Approx. length 5.7 Km & widening upto 4 laning of missing link of Amran section of NH-151A Approx. length 6.55 Km from existing Ch. 42000 to 48500 of ongoing Dhrol-Bhadra-Pipaliya section of NH-151A,National Highways Authority of India [NHAI],,Gujarat (02/2025),2024-03,,,2.0,2027.0,2026-01,FlashReport_January_2026.pdf,Table 4: Newly Added Projects
43000,4-Laning of Vairengte - Chhimluang section Package-3 of NH-306 from Existing Chainage km 43000 to Km 59700 Design Chainage km 46000 to km 60850 on Silchar - Vairengte- Sairang road in the State of Mizoram under Bharatmala Pariyojna under NHO-NE. Package-1&2 in Assam state,NHIDCL,,Mizoram (07/2025),2021-12,,,1.0,2027.0,2026-01,FlashReport_January_2026.pdf,Table 4: Newly Added Projects
485240,"Widening to Two Lane with Paved Shoulders from KB Cross to Chunchanahalli ie., Design Ch. 485240 Km Existing Km 494.000 to Design Ch. 523393 Km Existing km 533.152 & From Design Ch. 530393 Existing Km 540.175 to Design Ch. 534476 Existing Km 544.200 at Nelligere of NH-150A on EPC mode under Annual Plan 2022-23 NH-150A-KNT-2022-23-977 dated 08.03.2023",MoRTH,,Karnataka (07/2025),2023-03,,,1.0,2027.0,2026-01,FlashReport_January_2026.pdf,Table 4: Newly Added Projects
59700,4-Laning of chhimluang-Kolasib from section pkg-4 of NH-306 & NH-6 existing chainage km 59700 to km 86000 design chainage km 61000 to km 77500 on Silchar- vairengte-sairang road in the state of Mizoram under Bharatmala Pariyojna on EPC mode Vairengte - Sairang Pkg-4,NHIDCL,,Mizoram (07/2025),2021-12,,,1.0,2027.0,2026-01,FlashReport_January_2026.pdf,Table 4: Newly Added Projects
611855,Devgarh Madariya - Nathdwara Gauge Conversion [82.54 Km] part of Marwar - Mavli Gauge Conversion [152 Km] Ministry of Road Transport & Highways Roads & Highways Total (1) 968.92,North Western Railway [NWR],,Rajasthan,2023-01,,,1.0,2027.0,2026-01,FlashReport_January_2026.pdf,Table 4: Newly Added Projects
617890,Construction of Champawat Bypass with two lane with paved shoulder configuration starting from existing chainage 121.700 to existing chainage 129.450 Design Length 9.847 of NH-125 in District-Champawat in the state of Uttrakhand on EPC mode.,MoRTH,,Uttarakhand (01/2026),2025-02,,,12.0,2027.0,2026-01,FlashReport_January_2026.pdf,Table 4: Newly Added Projects
617893,Construction of additional major Bridge with 4- lane configuration of length 1.48 km on NH-60 NH-14 over River Kangshabati from Km. 117.770 to Km 119.250 and additional major Bridge with 4- lane configuration of length 0.900 km on NH-60 NH-14 over River Shilabati from Km. 173.220 to Km 174.120 in the district of Paschim Medinipur of West Bengal under Annual Plan for FY 2023-24 on EPC mode. Job No 014-W8-2023- 24/527.,MoRTH,,West Bengal (11/2025),2023-11,,,5.0,2028.0,2026-01,FlashReport_January_2026.pdf,Table 4: Newly Added Projects
617914,Upgradation and reconstruction of Shahpura-Dindori Section of NH 45 from Km 103.700 Design to Km 164.580 Design including 3 bypasses Total length 60.88km to Two lane with paved shoulder configuration along with One time improvement in 03 nos of bypassed built-up areas in a total length of 12.341 km in the State of Madhya Pradesh on EPC mode,MoRTH,,Madhya Pradesh (01/2024),2022-03,,,12.0,2025.0,2026-01,FlashReport_January_2026.pdf,Table 4: Newly Added Projects
617916,Work of 6 laning/Construction of elevated corridor from km 0/0 to 10/170 Narol Junction to Sarkhej junction including 4 lane Shastri Bridge on Sabarmati river on NH 47 in the State of Gujarat on HAM mode,MoRTH,,Gujarat (08/2025),2024-03,,,2.0,2028.0,2026-01,FlashReport_January_2026.pdf,Table 4: Newly Added Projects
617923,Construction of Daspalla Bypass from km 195.250 To 200.635 of NH-57 including land acquisition in the state of Odisha on EPC mode under Annual Plan 2022-23.,MoRTH,,Odisha (05/2025),2023-02,,,5.0,2027.0,2026-01,FlashReport_January_2026.pdf,Table 4: Newly Added Projects
617926,Construction of new 4 lane major bridge with approaches on Sabarmati River near Dharoi at Km. 82/00 to 86/00 Design length 3.300 km on NH-58 in the State of Gujarat on Hybrid Annuity Mode HAM,MoRTH,,Gujarat (08/2025),2024-03,,,8.0,2027.0,2026-01,FlashReport_January_2026.pdf,Table 4: Newly Added Projects
617927,"Project Assessment, Infrastructure Monitoring and Analytics for Nation-building Widening to 2LPS between Km 0/0 to 56/0 Khokhara Gujarat Border Vijayanagar Antrasuba Mathasur road of NH 58 in the State of Gujarat",PAIMANA,,Gujarat (09/2025),2024-03,,,8.0,2026.0,2026-01,FlashReport_January_2026.pdf,Table 4: Newly Added Projects
617945,Balance work of NH-66 from design Km 84/00 to Km 87/100 Indapur Bypass and Km 91/600 to Km 99/100 Mangaon Bypass to four lane with paved shoulder in State of Maharashtra under NHO on EPC Mode.,MoRTH,,Maharashtra (10/2025),2025-03,,,4.0,2027.0,2026-01,FlashReport_January_2026.pdf,Table 4: Newly Added Projects
617971,Up-gradation to Two/Four lane with paved shoulder Configuration of Kondagaon- Narayanpur from design ch. 0.00 - 48.693 Design Length 47.493 Km. 1.20 Km. retained on NH-130D under EPC mode in the State Chhattisgarh.,MoRTH,,Chhattisgarh (03/2025),2022-12,,,3.0,2027.0,2026-01,FlashReport_January_2026.pdf,Table 4: Newly Added Projects
617974,Rehabilitation and upgradation of 2 lane with paved shoulder from existing km. 195.175 to km. 220.000 Design Chainage km71.300 to Km. 95.947 Excluding existing chainage Km 200.300 to Km 202.400 Design chainage Km 76.400 to Km 78.400 on Dharasu to Yamunotri Road of NH- 134 Old NH-94,MoRTH,,Uttarakhand (10/2025),2025-05,,,4.0,2028.0,2026-01,FlashReport_January_2026.pdf,Table 4: Newly Added Projects
617988,Sangameswaram - Atmakuru section from Km 96 to Km 124 & Velegodu- Nandyal section including Nandyal Bypass from Km 143/6 to 185/9 NH-167K,MoRTH,,Andhra Pradesh (07/2025),2024-10,,,7.0,2027.0,2026-01,FlashReport_January_2026.pdf,Table 4: Newly Added Projects
618021,Up-gradation of Pichhore- Dinara section of NH-346 from Km 292.750 to 334.550 to two lane with paved shoulders in the state of Madhya Pradesh on EPC mode,MoRTH,,Madhya Pradesh (12/2025),2024-02,,,7.0,2025.0,2026-01,FlashReport_January_2026.pdf,Table 4: Newly Added Projects
618039,Widening to 2 Lane from Existing Chainage Km 74.700 Km 100.660 Design Chainage Km 53.365 to Km 78.785 on NH- 507 in the State of Uttarakhand.,MoRTH,,Uttarakhand (10/2025),2024-01,,,4.0,2028.0,2026-01,FlashReport_January_2026.pdf,Table 4: Newly Added Projects
618041,Rehabilitation and upgrading to two lanes with paved shoulders and Strengthening of Kotdwar-Pauri-Srinagar road section from Km 232.00 to 274.470 on NH-119 New 534 Paidul to Srinagar in the State of Uttarakhand on EPC Mode under NHO Annual Plan 2021-22.,MoRTH,,Uttarakhand (12/2025),2022-02,,,12.0,2027.0,2026-01,FlashReport_January_2026.pdf,Table 4: Newly Added Projects
618052,Gorantla - Hindupur section from Km 120/300 to 165/000 of NH716G in the State of Andhra Pradesh,MoRTH,,Andhra Pradesh (08/2025),2024-10,,,8.0,2027.0,2026-01,FlashReport_January_2026.pdf,Table 4: Newly Added Projects
618053,Muddanur to B. Kothapalli section of NH-716G from Km. 0/000 to Km. 56/500 56.500 Km in the State of Andhra Pradesh on EPC mode Job no. 741,MoRTH,,Andhra Pradesh (08/2025),2024-10,,,8.0,2027.0,2026-01,FlashReport_January_2026.pdf,Table 4: Newly Added Projects
618061,"Strengthening, Widening & Up-gradation of newly declared NH-761 from NH- 61Junction-BelheAlkutiDevibhoyareNighojShirur, from Design chainage Km 0.000 to Km 37.970 from Single/Intermediate/2L to 2LPS in the State of Maharashtra on EPC Mode Length 37.970 Km",MoRTH,,Maharashtra (03/2025),2024-03,,,9.0,2026.0,2026-01,FlashReport_January_2026.pdf,Table 4: Newly Added Projects
618067,"Rehabilitation & Up-gradation from design Km. 0.000 to Km. 69.280 of NH-931 Pratapgarh - Amethi - Gauriganj -Musafirkhana to two lane with paved shoulder on Engineering, Procurement & Construction EpC mode in the State of Uttar Pradesh",MoRTH,,Uttar Pradesh (11/2025),2023-05,,,11.0,2027.0,2026-01,FlashReport_January_2026.pdf,Table 4: Newly Added Projects
618107,Upgradation of Mehsana-Visnagar-vadnagar-Kheralu-Idar section from km 0/00 to 81/300 of NH 168G Mehsana to Idar in the State of GujaratTotal Length 81.300 Km on Hybrid Annuity Mode HAM,MoRTH,,Gujarat (12/2025),2024-02,,,6.0,2028.0,2026-01,FlashReport_January_2026.pdf,Table 4: Newly Added Projects
618116,lmprovement and Up-gradation from Km. 73.300 Bikapur to Km.140.960 Patranga of NH-227B 84 Kosi Parikrama Marg to 2LPS along with Parikrama Path,MoRTH,,Uttar Pradesh (01/2026),2022-11,,,1.0,2028.0,2026-01,FlashReport_January_2026.pdf,Table 4: Newly Added Projects
618120,construction of Four-Lane of chausa-Buxar Bypass from Km 45.000 to Km 65.915 Package - 2 in the State of Bihar on EPC Mode.,MoRTH,,Bihar (01/2026),2022-09,,,1.0,2028.0,2026-01,FlashReport_January_2026.pdf,Table 4: Newly Added Projects
618125,Rehabilitation and upgradation of NH 326A from km 0/0 to 41/979 excluding km 2/255 to 3/372 and km 36/820 to 38/275 Odisha border to Narasamapeta to two lane with paved Shoulders in the State of Andhra Pradesh under NHO on EPC Mode,MoRTH,,Andhra Pradesh (09/2018),2018-03,,,3.0,2020.0,2026-01,FlashReport_January_2026.pdf,Table 4: Newly Added Projects
618127,Construction of 2- Lane with paved shoulder from km 56.45 Dharampur More to 93.050 Pakur of NH-333A in the State of Jharkhand on EPC mode,MoRTH,,Jharkhand (11/2025),2023-03,,,5.0,2027.0,2026-01,FlashReport_January_2026.pdf,Table 4: Newly Added Projects
618134,Rehabilitation /Upgradation from Lagam to Alapalli section Desing Km. 199/400 to km 227/400 Length 28.0 Km to 2 lane with Paved Shoulders/ 4 lane configuration section of NH-353 C Sakoli-Wadsa-Armori-Gadchiroli-Ashti-Alapalli Sironcha in Gadchiroli District on EPC mode in the state of Maharashtra.,MoRTH,,Maharashtra (09/2024),2023-02,,,9.0,2026.0,2026-01,FlashReport_January_2026.pdf,Table 4: Newly Added Projects
618156,"Construction of Morena bypass, Ambah bypass & Porsa bypass Totat length 27.16 km Section of NH-552 Ext. to TWo lane with paved shoulder configuration in the state of Madhya Pradesh on EPC mode",MoRTH,,Madhya Pradesh (10/2024),2023-02,,,10.0,2026.0,2026-01,FlashReport_January_2026.pdf,Table 4: Newly Added Projects
618159,"Construction of new 2 Lane with paved shoulders of NH Standards from km 0.080 to km 11.690 L11.610 km in Majuli and from km 19.715 to km 27.484 L 7.769 km in Jorhat on the newly declared NH 715K and construction of 1.10 km flyover on NH-715 with its approaches and service roads L1.10 km, Total Length 20.479 km in the State of Assam Job No. 715K/AS/2023-24/256",MoRTH,,Assam (09/2025),2024-02,,,3.0,2027.0,2026-01,FlashReport_January_2026.pdf,Table 4: Newly Added Projects
618160,"Construction of 2 lane Major Bridge including approaches over Brahmaputra between Majuli on North Bank and Jorhat on South Bank from km. 11.690 to km. 19.715 length of bridge 6,812.5m Package - II on NH-715K in the state of Assam Job no. 715/AS/2020-21/213",MoRTH,,Assam (12/2025),2025-03,,,12.0,2027.0,2026-01,FlashReport_January_2026.pdf,Table 4: Newly Added Projects
618176,Rehabilitation and upgradation from ch km 50/200 to 56/800 and km 62/600 to 100/403 of Kolde to Visarwadi Near Junction with NH-6 section of NH 752G total length 44.40 to two-lane with paved shoulder / four lanes in the State of Maharashtra on EPC mode.,MoRTH,,Maharashtra (01/2026),2025-03,,,1.0,2028.0,2026-01,FlashReport_January_2026.pdf,Table 4: Newly Added Projects
618184,Construction of 2 Lane with paved shoulder from km 55.6 to km 90.7 existing chainages of NH-766C complete Realignment of 13.76 km with 2 major Bridges across Sharavathi Backwaters on EPC mode under Annual Plan 2022-23 in the state of Karnataka NH-766C-KNT-2022-23 dated 14.10.2022,MoRTH,,Karnataka (02/2024),2023-01,,,2.0,2026.0,2026-01,FlashReport_January_2026.pdf,Table 4: Newly Added Projects
618185,Widening to 2LPS from Km 0.000 to 37.850 Except Ex. Km 24.45 to 27.20 of NH-766c Byndoor-Ranebennur Section in the state of Karnataka on EPC Mode under Annual Plan 2022-23 NH-766C-KNT-2022-23-969 dated 30.12.2022,MoRTH,,Karnataka (08/2025),2022-12,,,8.0,2027.0,2026-01,FlashReport_January_2026.pdf,Table 4: Newly Added Projects
618187,"Rehabilitation and upgradation of Salon - Jais - Jagdishpur Road section of NH-931A, from design Chainage km 0.000 to km 5.740 to four lane divided carriageway and from design Chainage km 5.740 to km 53.500 to two lane with paved Total length km 53.500 along with One time improvement in 04 no's of realigned/bypassed built-up areas in a total length of 9.732 km in the state of Uttar Pradesh on EPC mode",MoRTH,,Uttar Pradesh (10/2025),2023-05,,,10.0,2027.0,2026-01,FlashReport_January_2026.pdf,Table 4: Newly Added Projects
618212,"Project Assessment, Infrastructure Monitoring and Analytics for Nation-building STABILIZATION OF LAND SLIDE AND SLOPE PROTECTION AT KM 11.00 TO KM 11.08, 29,730 KM TO 30,060 KM, 30,400 KM TO 31,060 KM, 34,750 KM TO 35,300 KM, 38,950 KM TO 39,030 KM & 39,460 KM TO 39,540 KM TWO LOC CLUBBED, KM 40,400 TO KM 40,650, KM 43,500 KM 43,680, 52,460 RISHIKESH - DHARASU ROAD NH-94 ON EPC MODE IN THE STATE OF UTTARAKHAND. NOSE OF LAND SLIDE - 12 NOS",PAIMANA,,Uttarakhand (10/2025),2024-01,,,4.0,2027.0,2026-01,FlashReport_January_2026.pdf,Table 4: Newly Added Projects
618247,Construction of 4 lane Mirzapur bypass including bridge over river Ganga from km 0.000 to km 15.000 of NH 135A in the State of Uttar Pradesh on HAM Mode.,MoRTH,,Uttar Pradesh (01/2026),2024-03,,,1.0,2029.0,2026-01,FlashReport_January_2026.pdf,Table 4: Newly Added Projects
618248,Widening to 4 lane from km. 139.00 to km 179.20 of NH-135A Pkg-III Jaunpur Akbarpur section and Akbarpur bypass on Hybrid Annuity Mode in the state of Uttar Pradesh.,MoRTH,,Uttar Pradesh (01/2026),2023-05,,,1.0,2028.0,2026-01,FlashReport_January_2026.pdf,Table 4: Newly Added Projects
618260,"Construction of Salempur bypass to 4LPS from km 64.000 of NH-727A Km 171.00 of Sonauli Balia Marg, old SH-01, near Mahadahan Chauraha to km 61.500 of NH-727B Km 178.500 of Sonauli Balia Marg, old SH-01, near near Ahirauli Village under Hybrid Annuity Mode HAM in the State of Uttar Pradesh",MoRTH,,Uttar Pradesh (11/2025),2022-03,,,11.0,2027.0,2026-01,FlashReport_January_2026.pdf,Table 4: Newly Added Projects
618262,Construction of Deoria Bypass from existing Km. 27.140 to existing Km. 46.780 Design Km. 49.109 on NH727A Design length 21.969 Km. to four lane with paved shoulder configuration under Hybrid Annuity Mode HAM in the State of Uttar Pradesh,MoRTH,,Uttar Pradesh (08/2025),2023-03,,,7.0,2027.0,2026-01,FlashReport_January_2026.pdf,Table 4: Newly Added Projects
618264,"Widening and Strengthening to two Lane with Paved Shoulder/Four Lane with paved shoulder configuration from km. 61.500 of NH-727B near Nawalpur km 178.500 of Sonauli Balia Marg, Old SH-01 i.e. end point of Salempur Bypass to km. 106.495 of NH-727B near Sikanderpur under EPC mode",MoRTH,,Uttar Pradesh (12/2025),2023-05,,,5.0,2028.0,2026-01,FlashReport_January_2026.pdf,Table 4: Newly Added Projects
618309,Widening/lmprovement to 4-Laning and Greenfield alignment with Paved shoulder of Silchar-Badarpur Churaibari section of NH-37 & NH-8 from Design chainage 38.600 End point of proposed Badarpur Bypass to Km. 62.800 Start point of proposed Nilambazar/Cheragi Bypass in the state of Assam on HAM Mode Package-4,NHIDCL,,Assam (08/2025),2024-02,,,8.0,2027.0,2026-01,FlashReport_January_2026.pdf,Table 4: Newly Added Projects
618313,Widening/lmprovement of Existing 2 lane to 4-Laning of Karimganj-Silchar section of NH-37 from Design Ch 0.000 near Silchar ISBT to Design Ch 15.970 near Kalinagar Pt I on NH-37 in Assam on HAM Mode Pkg-1,NHIDCL,,Assam (09/2025),2024-03,,,9.0,2027.0,2026-01,FlashReport_January_2026.pdf,Table 4: Newly Added Projects
618323,Construction of Twin Tube Uni-directional Aizawl Bypass Tunnel of 2.5 km and its approaches of 2.1 km from km 10.600 to km 15.200 on Sarrang - Phaibawk section of NH-6 in the State of Mizoram on EPC Mode under NHO-NE Package-2,NHIDCL,,Mizoram (12/2025),2024-01,,,12.0,2028.0,2026-01,FlashReport_January_2026.pdf,Table 4: Newly Added Projects
618324,Construction of 2-lane Aizawl Bypass from km 15.200 to km 34.500 Package-3 on Sairang - Phaibawk section of NH-6 in the State of Mizoram under Bharatmala Pariyojna on EPC Mode under NHO-NE,NHIDCL,,Mizoram (10/2025),2023-02,,,11.0,2028.0,2026-01,FlashReport_January_2026.pdf,Table 4: Newly Added Projects
618348,Balance work of Widening to 2 Two lane with hard shoulder of Churachandpur to Tuivai section of NH-102B from km 130.000 to km 141.029 Package-4B in the State of Manipur on EPC Mode,NHIDCL,,Manipur (11/2025),2020-06,,,11.0,2026.0,2026-01,FlashReport_January_2026.pdf,Table 4: Newly Added Projects
618401,"Construction of Intermediate Lane with Hard Shoulder of Hunli to Hayuliang Package- III from design Km 60.000 to Km 121.500 Design Length 61.500 km, Greenfield Section of Frontier Highway NH-913 in the State of Arunachal Pradesh on EPC Mode Pkg-3",NHIDCL,,Arunachal Pradesh (07/2025),2024-02,,,7.0,2028.0,2026-01,FlashReport_January_2026.pdf,Table 4: Newly Added Projects
618525,Construction of flyover at Gammon Junction at Km.903.265 on NH16 including vent at Diwancheruvu junction at Km.902.308 Blackspot ID No.AP03299 in Andhra Pradesh on EPC mode under NHO,National Highways Authority of India [NHAI],,Andhra Pradesh (10/2025),2025-03,,,10.0,2027.0,2026-01,FlashReport_January_2026.pdf,Table 4: Newly Added Projects
618536,Construction of Ring Road around Kanpur from Ch.68.650 to Ch.93.209 Jarkala to Pakari Package-IV in State of Uttar Pradesh.,National Highways Authority of India [NHAI],,Uttar Pradesh (12/2024),2023-02,,,6.0,2027.0,2026-01,FlashReport_January_2026.pdf,Table 4: Newly Added Projects
618540,Construction of Ring Road around Kanpur from Ch.23.325 to Ch.32.090 Chaudhariya to Transganga Package-IIA,National Highways Authority of India [NHAI],,Uttar Pradesh (11/2025),2024-08,,,10.0,2027.0,2026-01,FlashReport_January_2026.pdf,Table 4: Newly Added Projects
618551,Greenfield connectivity from Govindsar village on Delhi Amritsar Katra Expressway to Talwara village on NH-44 Pathankot by-pass,National Highways Authority of India [NHAI],,Punjab (07/2025),2024-11,,,7.0,2027.0,2026-01,FlashReport_January_2026.pdf,Table 4: Newly Added Projects
618567,4/6L of Northern Ayodhya Bypass starting Km. 112.540 and ending Km. 139.928 north of existing NH-27 part-1 and part-2 south of NH-27 from km 0.000 to km 5.000.,NHAI,,Uttar Pradesh (07/2025),2024-08,,,1.0,2028.0,2026-01,FlashReport_January_2026.pdf,Table 4: Newly Added Projects
618572,"Project Assessment, Infrastructure Monitoring and Analytics for Nation-building Binnaguri Bypass-Descoped portion of Ghoshpukur-Dhupguri Section of NH-31Dpkg-1 Total (169) 163542.34",PAIMANA,,West Bengal (11/2025),2025-03,,,11.0,2027.0,2026-01,FlashReport_January_2026.pdf,Table 4: Newly Added Projects
618579,6L of Anandapuram Pendurthi Anakapalli Section from km. 681.000 to km. 731.780 of NH-16,National Highways Authority of India [NHAI],,Andhra Pradesh (01/2019),2018-01,,,7.0,2021.0,2026-01,FlashReport_January_2026.pdf,Table 4: Newly Added Projects
618584,4L Kishanganj - Bahadurganj section greenfield from km. 0.000 to km. 22.600,National Highways Authority of India [NHAI],,"Multi-States (Bihar, West Bengal)",,2025-01,2025-12,12.0,2027.0,2026-01,FlashReport_January_2026.pdf,Table 4: Newly Added Projects
618592,"Balance work of 8 nos. of Elephant Underpasses EUPs, 1 no. of Vehicular Underpass VUP, 1 nos. of Light Vehicular Underpass LVUP, 1 nos. of Pedestrian Underpass PUP, 1 nos. of Foot Over Bridge FOB and A2 side approach of Jharpokharia Flyover at Km.215.270 in Baharagora-Singhara section of NH-49",National Highways Authority of India [NHAI],,Odisha (11/2024),2023-09,,,5.0,2026.0,2026-01,FlashReport_January_2026.pdf,Table 4: Newly Added Projects
618619,Bypass on Western side of Gwalior City,National Highways Authority of India [NHAI],,Madhya Pradesh (01/2026),2025-03,,,1.0,2028.0,2026-01,FlashReport_January_2026.pdf,Table 4: Newly Added Projects
618627,Construction of 7 Nos of Standalone safety structures/works at different locations on various NHs,National Highways Authority of India [NHAI],,Maharashtra (07/2025),2025-01,,,1.0,2027.0,2026-01,FlashReport_January_2026.pdf,Table 4: Newly Added Projects
618651,4 Lane with PS from Des. Ch 43.800 to Des. Ch. 89.900 of Belgaum-Hungund-Raichur Section of NH-748A Package-2,National Highways Authority of India [NHAI],,Karnataka (03/2025),2024-02,,,2.0,2027.0,2026-01,FlashReport_January_2026.pdf,Table 4: Newly Added Projects
618661,"Project Assessment, Infrastructure Monitoring and Analytics for Nation-building 4L from km 0.000 to 42.040 Bhopal Ratnaigiri Tiraha to Vidisha Morikodi",PAIMANA,,Madhya Pradesh (11/2025),2024-10,,,11.0,2027.0,2026-01,FlashReport_January_2026.pdf,Table 4: Newly Added Projects
618667,4L of near Satai Ghat to Chowka section of NH-34 from D. Ch. 89.875 to D. Ch. 145.000 Package-3,National Highways Authority of India [NHAI],,Madhya Pradesh (10/2025),2024-10,,,10.0,2027.0,2026-01,FlashReport_January_2026.pdf,Table 4: Newly Added Projects
618668,4L of Chowka to Kaimaha near MP/UP Border section NH-34 from D. Ch. 145.000 to D. Ch. 197.266 excluding existing Chhatarpur bypass from D. Ch. 160.307 to D. Ch. 168.630 Package-4,National Highways Authority of India [NHAI],,"Multi-States (Madhya Pradesh, Uttar Pradesh)",,2024-10,2025-09,9.0,2027.0,2026-01,FlashReport_January_2026.pdf,Table 4: Newly Added Projects
618688,Outer Ring Road of Jabalpur Town from Amjhar Road including Airport Connectivity to barela Pkg-V,National Highways Authority of India [NHAI],,Madhya Pradesh (10/2025),2024-10,,,10.0,2027.0,2026-01,FlashReport_January_2026.pdf,Table 4: Newly Added Projects
618691,4 laning of Aligarh-Palwal Section from Km. 46.390 Design Chainage to Km. 69.110 Terminating at junction EPE Package-II from Kurana- Eastern Peripheral Expressway of NH-334D,National Highways Authority of India [NHAI],,"Multi-States (Haryana, Uttar Pradesh)",,2024-03,2025-08,8.0,2027.0,2026-01,FlashReport_January_2026.pdf,Table 4: Newly Added Projects
618707,Additional works under BM1 to ensure road safety under 6L of Bengaluru Mysuru Access control with close toll from Km.17.300 to Km.136.300 of NH-275,National Highways Authority of India [NHAI],,Karnataka (01/2026),2024-11,,,1.0,2028.0,2026-01,FlashReport_January_2026.pdf,Table 4: Newly Added Projects
618726,6L Greenfield Varanasi-Ranchi-Kolkata Highway from junction with Chandauli- Chainpur Road near Khainti village to junction with Bhabhua-Adhaura road near Palka village from Km. 27.000 to Km. 54.000 Pkg-2,National Highways Authority of India [NHAI],,Bihar (10/2025),2023-03,,,10.0,2027.0,2026-01,FlashReport_January_2026.pdf,Table 4: Newly Added Projects
618727,6L Greenfield Varanasi-Ranchi-Kolkata Highway from junction with Bhabhua-Adhaura road in Bhairopur village to Konki village From KM. 54.000 to KM. 90.000Pkg-3,National Highways Authority of India [NHAI],,Bihar (10/2025),2023-03,,,10.0,2027.0,2026-01,FlashReport_January_2026.pdf,Table 4: Newly Added Projects
618734,6L Greenfield Varanasi- Ranchi- Kolkata Highway from junction with NH-320 in Lepo village to Kamlapur villageJH/WB border from km 358.500 to km 387.200 Pkg -13,National Highways Authority of India [NHAI],,"Multi-States (Jharkhand, West Bengal)",,2023-03,2025-09,9.0,2027.0,2026-01,FlashReport_January_2026.pdf,Table 4: Newly Added Projects
618737,Grade separated Interchanges at Km. 113.730 junction with Ranchi Hazaribagh Road & Km. 139.225 junction with Ranchi Jamshedpur road on 4L Ranchi Bypass of NH-33,National Highways Authority of India [NHAI],,Jharkhand (12/2025),2025-01,,,12.0,2027.0,2026-01,FlashReport_January_2026.pdf,Table 4: Newly Added Projects
618769,Walajahpet/Ranipet to TN/AP Border Section of from Km.106.800 to Km.133.36 NH-4,National Highways Authority of India [NHAI],,"Multi-States (Andhra Pradesh, Tamil Nadu)",,2024-12,2025-09,9.0,2027.0,2026-01,FlashReport_January_2026.pdf,Table 4: Newly Added Projects
618775,Ara Bypass,National Highways Authority of India [NHAI],,Bihar (10/2025),2025-03,,,4.0,2027.0,2026-01,FlashReport_January_2026.pdf,Table 4: Newly Added Projects
618791,4L PS under NH configuration of Manikpur-Sahebganj of NH-139W,National Highways Authority of India [NHAI],,Bihar (01/2026),2024-10,,,12.0,2027.0,2026-01,FlashReport_January_2026.pdf,Table 4: Newly Added Projects
618797,Mayjilar Jaisalmer with Jaisalmer Bypass Link Road Section of NH-11 Part of BM-7 & Sundra Myajilar Ambsingh ki Dhani Road part of Munabao Tanot project NH-70,National Highways Authority of India [NHAI],,Rajasthan (12/2025),2025-03,,,12.0,2027.0,2026-01,FlashReport_January_2026.pdf,Table 4: Newly Added Projects
618811,4L Access Controlled Greenfield Highway Section Mancherial Warangal from Pangidipalle village at Design Ch. 72.350 Km to Oorugonda village at Design Ch. 112.240 KmPackage-III,National Highways Authority of India [NHAI],,Telangana (06/2025),2023-03,,,6.0,2027.0,2026-01,FlashReport_January_2026.pdf,Table 4: Newly Added Projects
618814,4L Access Controlled Greenfield Highway section on NH163G Warangal-Khammam from Oorugonda village in Hanamkonda District at Design Ch. 112.240 Km to Venkatpur village in Warangal District at Design Ch. 150.240 KmPackage-I,National Highways Authority of India [NHAI],,Telangana (06/2025),2023-03,,,6.0,2027.0,2026-01,FlashReport_January_2026.pdf,Table 4: Newly Added Projects
618816,"Project Assessment, Infrastructure Monitoring and Analytics for Nation-building 4L Access Controlled Greenfield Highway section on NH-163G Warangal-Khammam from Thallasenkesa village at Design Ch. 189.650 km to V.Vekatayapalem village in Khammam District at Design Ch. 220.480 KmPackage-III",PAIMANA,,Telangana (07/2025),2023-03,,,7.0,2027.0,2026-01,FlashReport_January_2026.pdf,Table 4: Newly Added Projects
618817,4L Access Controlled Greenfield Highway section on NH-163G Khammam Vijayawada from V. Venkatayapalem village at Design Ch. 220.480 Km to BrahmanapalliK village at Design Ch. 250.400 Km Package-I.,National Highways Authority of India [NHAI],,Telangana (07/2024),2023-03,,,3.0,2027.0,2026-01,FlashReport_January_2026.pdf,Table 4: Newly Added Projects
618843,Construction of two lane with paved shoulders bypass to Mungrabadshapur town starting from near Kodahu at Km 47/225 of NH-319D and ending near Nauwadandi at Km 219/720 of NH-31 under NHO in the state of Uttar Pradesh on EPC mode,National Highways Authority of India [NHAI],,Uttar Pradesh (09/2025),2025-02,,,3.0,2027.0,2026-01,FlashReport_January_2026.pdf,Table 4: Newly Added Projects
618848,Construction of Underpass beneath airport runway on NH-31 old NH-56 for proposed expansion of runway of Babatpur Airport Varanasi,National Highways Authority of India [NHAI],,Uttar Pradesh (09/2025),2025-02,,,9.0,2027.0,2026-01,FlashReport_January_2026.pdf,Table 4: Newly Added Projects
618866,"Four Lane Highway from Chandan Nagar Existing Km. 59.025 of NH 530B/Design Km. 179.5000 to Bareilly BypassStartExisting Km. 59.025 of NH 530B/Design Km. 218.000 Section of NH 530B, in the State of Uttar Pradesh on HAM Mode under NH0",National Highways Authority of India [NHAI],,Uttar Pradesh (11/2025),2024-12,,,11.0,2027.0,2026-01,FlashReport_January_2026.pdf,Table 4: Newly Added Projects
618867,4L Kasganj-Badaun Section from Km. 123.100 to Km. 179.500 Pkg-III of NH530B,National Highways Authority of India [NHAI],,Uttar Pradesh (05/2025),2023-03,,,5.0,2027.0,2026-01,FlashReport_January_2026.pdf,Table 4: Newly Added Projects
618871,"Project Assessment, Infrastructure Monitoring and Analytics for Nation-building 4L PS from Near Guddehosur to Start of Kushalnagara Bypass to near Hemmige Village Periyapatna - Hassan Road Jn from Km. 122.200 to Km. 144.900 of NH-275 Pkg. II",PAIMANA,,Karnataka (12/2025),2023-02,,,12.0,2027.0,2026-01,FlashReport_January_2026.pdf,Table 4: Newly Added Projects
618881,4L PS bijni to mandi section from Km 202.815 to Km 208.000 of NH-20 New NH-154 of Pathankot-Mandi Package-VB,National Highways Authority of India [NHAI],,Himachal Pradesh (03/2025),2023-02,,,9.0,2027.0,2026-01,FlashReport_January_2026.pdf,Table 4: Newly Added Projects
618882,Construction of additional 3-Lane Bridge over River Ganga for connection between Buxar and Bharauli on NH-922 in the State of Uttar Pradesh and Bihar on Hybrid Annuity Mode,National Highways Authority of India [NHAI],,"Multi-States (Bihar, Uttar Pradesh)",,2024-03,2025-08,2.0,2028.0,2026-01,FlashReport_January_2026.pdf,Table 4: Newly Added Projects
618930,4L PS from Ch. 94.030 in Jabugam Village to Ch. 132.320 in Dhamasiya Village of NH-56 Pkg-III,National Highways Authority of India [NHAI],,Gujarat (11/2025),2023-03,,,11.0,2027.0,2026-01,FlashReport_January_2026.pdf,Table 4: Newly Added Projects
618931,4L PS from Ch. 179.780 in Bitada/Movi Village to Ch. 208.900 in Nasarpore Village of NH-56 Pkg-V,National Highways Authority of India [NHAI],,Gujarat (11/2025),2023-03,,,11.0,2027.0,2026-01,FlashReport_January_2026.pdf,Table 4: Newly Added Projects
618934,Guwahati Ring Road in the State of Assam,National Highways Authority of India [NHAI],,Assam (01/2026),2024-08,,,1.0,2030.0,2026-01,FlashReport_January_2026.pdf,Table 4: Newly Added Projects
618939,Construction of Standalone Flyover cum ROB from Design Ch.66.600 to Design Ch.68.800 in Gadchandur Town on NH-353B,National Highways Authority of India [NHAI],,Maharashtra (07/2025),2025-02,,,7.0,2027.0,2026-01,FlashReport_January_2026.pdf,Table 4: Newly Added Projects
618943,Salem - Ulundurpet section from km 0.313 to km 136.670 of NH-68,National Highways Authority of India [NHAI],,Tamil Nadu,2008-01,,,1.0,2011.0,2026-01,FlashReport_January_2026.pdf,Table 4: Newly Added Projects
618948,4L of NH-80 section of Mirza Chauki to Farakka section from existing km 190.00 to design km 200.75 junction at km 3.100 of NH 133 B and from existing km 260.00 to existing km 283.00 design km 274.133 in the state of Jharkhand package - II,National Highways Authority of India [NHAI],,"Multi-States (Jharkhand, West Bengal)",,2025-02,2026-02,1.0,2028.0,2026-01,FlashReport_January_2026.pdf,Table 4: Newly Added Projects
618950,Construction of Bypass to NH-114A Connecting NH-333 and NH-133 Deoghar Bypass from design km 0.000 to design Km 49.000,National Highways Authority of India [NHAI],,Jharkhand (01/2026),2024-11,,,1.0,2028.0,2026-01,FlashReport_January_2026.pdf,Table 4: Newly Added Projects
618961,4 Lane Inner Ring Road around Allahabad City Pkg-1 Prayagraj Southern Bypass 34.400 43.200,National Highways Authority of India [NHAI],,Uttar Pradesh (12/2025),2025-02,,,12.0,2027.0,2026-01,FlashReport_January_2026.pdf,Table 4: Newly Added Projects
618962,4L of Budhni to Shahganj Bypass End Package-III of NH-146B from Km. 73.750 to Km. 102.000,National Highways Authority of India [NHAI],,Madhya Pradesh (08/2025),2024-03,,,8.0,2027.0,2026-01,FlashReport_January_2026.pdf,Table 4: Newly Added Projects
618964,4 Laning of Sandalpur to Nasrullaganj Pkg-1 section of NH-146B Length 43.2 Km.,National Highways Authority of India [NHAI],,Madhya Pradesh (01/2026),2025-03,,,1.0,2028.0,2026-01,FlashReport_January_2026.pdf,Table 4: Newly Added Projects
618967,Upgradation and Strengthening of Chenani to Nashri Section via Patnitop of NH244 from Km 0.000 to Km 39.100,National Highways Authority of India [NHAI],,Jammu and Kashmir (08/2024),2024-03,,,8.0,2026.0,2026-01,FlashReport_January_2026.pdf,Table 4: Newly Added Projects
619004,"Construction of Dubrajpur Bypass with 4-lane configuration of length 5.676 km on NH- 60 new NH-14 from design chainage 0.00 existing km 316.135 on NH-60 to design chainage 5.676 existing km 320.980 on NH-60 in the district of Birbhum, West Bengal under Annual Plan 2022-23 in EPC Mode- reg. Job. No. 014-WB-2022-23/518.",MoRTH,,West Bengal (12/2025),2023-03,,,12.0,2027.0,2026-01,FlashReport_January_2026.pdf,Table 4: Newly Added Projects
619005,Construction of bypass around Chatra Town on NH-22 old NH-99 in the state of Jharkhand under EPC Mode,MoRTH,,Jharkhand (01/2026),2023-03,,,1.0,2028.0,2026-01,FlashReport_January_2026.pdf,Table 4: Newly Added Projects
619022,"Metro connectivity from Millennium City Centre to Cyber City with Spur to Dwarka Expressway, Gurugram.",GMRL,,Haryana (08/2024),2023-07,,,7.0,2027.0,2026-01,FlashReport_January_2026.pdf,Table 4: Newly Added Projects
619024,Mahan Transmission Limited,Adani Transmission Limited,,Madhya Pradesh (03/2025),2025-03,,,4.0,2027.0,2026-01,FlashReport_January_2026.pdf,Table 4: Newly Added Projects
619025,RAJASTHAN PART I POWER TRANSMISSION LIMITED Ministry of Railways Railways Total (8) 56840.38,Adani Transmission Limited,,"Multi-States (Madhya Pradesh, Rajasthan, Uttar Pradesh)",,2025-01,2025-01,7.0,2029.0,2026-01,FlashReport_January_2026.pdf,Table 4: Newly Added Projects
619026,KPSIII HVDC Transmission Limited,Adani Transmission Limited,,Gujarat,2025-12,,,12.0,2029.0,2026-01,FlashReport_January_2026.pdf,Table 4: Newly Added Projects
619027,WRNES Talegaon Power Transmission Limited,Adani Transmission Limited,,Maharashtra,2025-05,,,1.0,2028.0,2026-01,FlashReport_January_2026.pdf,Table 4: Newly Added Projects
619028,Augmentation of 1x500 MVA 400/220kV ICT [3rd] at Thrissur VSC HVDC Station in Kerala,Power Grid Corporation of India Limited [POWERGRID],,Kerala (08/2025),2025-08,,,8.0,2027.0,2026-01,FlashReport_January_2026.pdf,Table 4: Newly Added Projects
619029,Transmission System for Reliable Power Supply to Dholera,Power Grid Corporation of India Limited [POWERGRID],,Gujarat (09/2024),2024-09,,,3.0,2026.0,2026-01,FlashReport_January_2026.pdf,Table 4: Newly Added Projects
619030,Inter-Regional Strengthening between SR Grid and ER Grid,Power Grid Corporation of India Limited [POWERGRID],,"Multi-States (Andhra Pradesh, Odisha)",,2026-02,2026-02,8.0,2028.0,2026-01,FlashReport_January_2026.pdf,Table 4: Newly Added Projects
619031,"Project Assessment, Infrastructure Monitoring and Analytics for Nation-building Delhi Metro Rail Phase V A",PAIMANA,,Delhi (01/2026),2026-01,,,12.0,2028.0,2026-01,FlashReport_January_2026.pdf,Table 4: Newly Added Projects
619032,JAYANT EXPN. [20 TO 38 MTPA],Northern Coalfields Limited [NCL],,Madhya Pradesh (02/2025),2025-02,,,3.0,2032.0,2026-01,FlashReport_January_2026.pdf,Table 4: Newly Added Projects
619033,"1000 seater Boys hostel, 500 seater Girls hostel, 1.5 MLD Sewage Treatment Plant and Faculty Residence - 72 nos. Flats Ministry of Civil Aviation Aviation & Aviation Infrastructure Total (1) 198.97",NIT Rourkela,,Odisha,2024-01,,,6.0,2026.0,2026-01,FlashReport_January_2026.pdf,Table 4: Newly Added Projects
619049,Khavda IVA Power Transmission Limited,Adani Transmission Limited,,Gujarat (08/2024),2024-08,,,8.0,2026.0,2026-01,FlashReport_January_2026.pdf,Table 4: Newly Added Projects
619051,"Nabinagar Super Thermal Power Project, Stage-II [3x800 MW] Transmission & Distribution Total (1)",National Thermal Power Corporation [NTPC],,Bihar (03/2025),2024-11,,,7.0,2030.0,2026-01,FlashReport_January_2026.pdf,Table 4: Newly Added Projects
619052,LUCKNOW METRO RAIL PROJECT PHASE-1B EAST WEST CORRIDOR Ministry of Power Electricity Generation Total (3) 23268.68,Uttar Pradesh metro rail corporation [UPMRC],,Uttar Pradesh (05/2026),2025-09,,,4.0,2031.0,2026-01,FlashReport_January_2026.pdf,Table 4: Newly Added Projects
619053,RPR FOR RAMPUR BATURA OCP,SECL - CIL,,Madhya Pradesh (05/2025),2025-05,,,3.0,2030.0,2026-01,FlashReport_January_2026.pdf,Table 4: Newly Added Projects
619054,Development of Keshod Airport. Ministry of Coal Coal Total (1) 363.1,Airport Authority of India [AAI],,Gujarat,2025-07,,,1.0,2027.0,2026-01,FlashReport_January_2026.pdf,Table 4: Newly Added Projects
619055,SAONER-III EXPN UG MINE 1.54 Ministry of Health & Family Welfare Healthcare Total (3) 27609.59,Western Coalfields Limited [WCL],,Maharashtra (08/2025),2025-08,,,3.0,2032.0,2026-01,FlashReport_January_2026.pdf,Table 4: Newly Added Projects
619065,4L Expressway from Km 26.400 to km 53.500 of Malur to Bangarpet section of Bangalore-Chennai Expressway Phase-I Package-II,NHAI,,Karnataka (09/2021),2020-12,,,9.0,2023.0,2026-01,FlashReport_January_2026.pdf,Table 4: Newly Added Projects
619067,6L of Chiloda-Naroda section from Km. 540.595 to Km. 555.595 of NH-8Package-VII,National Highways Authority of India [NHAI],,Gujarat,2017-05,,,5.0,2019.0,2026-01,FlashReport_January_2026.pdf,Table 4: Newly Added Projects
619069,Satara Km 725.000 to Pune Km 865.350 of NH - 4 New NH - 48 in Maharashtra,National Highways Authority of India [NHAI],,Maharashtra,2010-10,,,5.0,2022.0,2026-01,FlashReport_January_2026.pdf,Table 4: Newly Added Projects
619070,Tumkur-Chitradurga,National Highways Authority of India [NHAI],,Karnataka,2011-06,,,12.0,2013.0,2026-01,FlashReport_January_2026.pdf,Table 4: Newly Added Projects
619073,4L of 42.000 to km 80.00 of Dodaballapur Bypass to Hoskote section of NH-648 Old NH-207 [Bangalore Ring Road Pkg 2],National Highways Authority of India [NHAI],,Karnataka (02/2021),2020-02,,,2.0,2023.0,2026-01,FlashReport_January_2026.pdf,Table 4: Newly Added Projects
619074,6-laning of Krishnagiri Km.0.000 to Walajahpet Km.148.300 section on NH-46 under NHDP-V,National Highways Authority of India [NHAI],,Tamil Nadu,2011-06,,,12.0,2013.0,2026-01,FlashReport_January_2026.pdf,Table 4: Newly Added Projects
619075,6L of Bhubaneswar - Jagatpur - Chandikhole Section of NH-16,National Highways Authority of India [NHAI],,Odisha,2011-12,,,6.0,2014.0,2026-01,FlashReport_January_2026.pdf,Table 4: Newly Added Projects
619076,Six Laning of Vijayawada Bypass from Chinna Avutapalli to Gollapudi in Vijayawada - Gundugolanu Section from km. 0.00 to km. 30.00 Pkg-III,National Highways Authority of India [NHAI],,Andhra Pradesh (02/2021),2020-01,,,2.0,2023.0,2026-01,FlashReport_January_2026.pdf,Table 4: Newly Added Projects
619077,6 laning of Balance Work of Chennai - Tada from km. 21.40 to km. 54.40,National Highways Authority of India [NHAI],,"Multi-States (Andhra Pradesh, Tamil Nadu)",,2017-12,2018-03,3.0,2020.0,2026-01,FlashReport_January_2026.pdf,Table 4: Newly Added Projects
619080,4L PS of Ambala Ring Road of New NH-44,National Highways Authority of India [NHAI],,Haryana (10/2023),2023-02,,,10.0,2025.0,2026-01,FlashReport_January_2026.pdf,Table 4: Newly Added Projects
619083,Thumbipadi-Namakkal from km. 180.00 to km. 248.625 Package No. NS-2/BOT/TN-02,National Highways Authority of India [NHAI],,Tamil Nadu,2006-08,,,2.0,2009.0,2026-01,FlashReport_January_2026.pdf,Table 4: Newly Added Projects
619084,Start of Karur Bypass - Dindigul from km. 292.600 to km. 305.600 Contract Package No. NS2/BOT/TN-4,National Highways Authority of India [NHAI],,Tamil Nadu,2006-10,,,4.0,2009.0,2026-01,FlashReport_January_2026.pdf,Table 4: Newly Added Projects
619086,Chengapalli km 102.035 to Neelambur Km144.680 and Madukkarai Km 170.880 to Walayar K183.010 Package No. NS-2/BOT/TN-08,National Highways Authority of India [NHAI],,Tamil Nadu,2010-09,,,3.0,2013.0,2026-01,FlashReport_January_2026.pdf,Table 4: Newly Added Projects
619092,4L of Jind-Gohana road Package-1 from km. 0.00 to km. 40.601 of NH-352 A under NHO,National Highways Authority of India [NHAI],,Haryana (07/2020),2019-01,,,7.0,2022.0,2026-01,FlashReport_January_2026.pdf,Table 4: Newly Added Projects
619093,4L Ismailabad to Ambala Section of NH-152 Lot-4/Package-1,National Highways Authority of India [NHAI],,"Multi-States (Haryana, Punjab)",,2023-02,2023-12,12.0,2025.0,2026-01,FlashReport_January_2026.pdf,Table 4: Newly Added Projects
619097,"Project Assessment, Infrastructure Monitoring and Analytics for Nation-building Thalassery Mahe Bypass Km 170.600 to Km 189.200 of NH-17New NH-66 in Kerala",PAIMANA,,"Multi-States (Kerala, Puducherry)",,2017-09,2017-12,5.0,2020.0,2026-01,FlashReport_January_2026.pdf,Table 4: Newly Added Projects
619099,6L Amritsar-Bathinda Greenfield section from Jn. with Moga Jalandhar road NH-703 near Dharamkot to Jn. with Bhagta Bhai Ka-Bhadaur Road near Dyalpura Bhai Ka from km 39.000 to km 93.000 of NH-754A Pkg-2,National Highways Authority of India [NHAI],,Punjab (06/2024),2021-03,,,6.0,2026.0,2026-01,FlashReport_January_2026.pdf,Table 4: Newly Added Projects
619100,Dhangaon - Borgaon section km 81.000 to km 139.000 [Indore - Edlabad Pkg IV],National Highways Authority of India [NHAI],,Madhya Pradesh (08/2021),2020-01,,,8.0,2023.0,2026-01,FlashReport_January_2026.pdf,Table 4: Newly Added Projects
619101,4L Shahpur to Muktainagar from Km. 186.000 to km 216.278 of NH 753L Pkg II of Boregaon Buzurg to Muktainagar,National Highways Authority of India [NHAI],,"Multi-States (Madhya Pradesh, Maharashtra)",,2022-12,2024-03,3.0,2026.0,2026-01,FlashReport_January_2026.pdf,Table 4: Newly Added Projects
619103,4/6 Laning of Raipur-Simga Pkg-I from km. 0.00 to km. 48.58,National Highways Authority of India [NHAI],,Chhattisgarh,2016-04,,,4.0,2018.0,2026-01,FlashReport_January_2026.pdf,Table 4: Newly Added Projects
619104,4L/2L PS of Govindpur Raiganj - Chas - WB border section of from km. 0.00 to km. 56.889 of Old NH-32,National Highways Authority of India [NHAI],,"Multi-States (Jharkhand, West Bengal)",2017-12,,,12.0,2019.0,2026-01,FlashReport_January_2026.pdf,Table 4: Newly Added Projects
619105,6L Access Controlled Ludhiana-Bathinda Greenfield highway from Jn. with Moga- Barnala Road NH-703 near village Tallewal to Jn. with Delhi-Katra Expressway NE-5 near Ludhiana village Ballowal from Km 30.300 to Km 75.543 of NH-754AD Pkg-2,National Highways Authority of India [NHAI],,Punjab (09/2025),2021-07,,,9.0,2027.0,2026-01,FlashReport_January_2026.pdf,Table 4: Newly Added Projects
619106,4 Lane with PS from Des. Ch 182.300 to Des. Ch. 228.500 of Belgaum-Hungund- Raichur Section of NH 748 A Package-5,National Highways Authority of India [NHAI],,Karnataka (11/2024),2023-03,,,11.0,2026.0,2026-01,FlashReport_January_2026.pdf,Table 4: Newly Added Projects
619107,4 Lane with PS from Des. Ch 136.100 to Des. Ch. 182.300 of Belgaum-Hungund- Raichur Section of NH-748A Package-4,National Highways Authority of India [NHAI],,Karnataka (09/2025),2024-02,,,9.0,2027.0,2026-01,FlashReport_January_2026.pdf,Table 4: Newly Added Projects
619108,4 Lane with PS from Des. Ch 0.000 to Des. Ch. 43.800 of Belgaum-Hungund-Raichur Section of NH-748A Package-1,National Highways Authority of India [NHAI],,Karnataka (06/2025),2024-02,,,6.0,2027.0,2026-01,FlashReport_January_2026.pdf,Table 4: Newly Added Projects
619113,4L of Padalur - Trichy section from km. 285.00 to km. 325.00 of NH - 45 Pkg VI-C,National Highways Authority of India [NHAI],,Tamil Nadu,2006-11,,,5.0,2009.0,2026-01,FlashReport_January_2026.pdf,Table 4: Newly Added Projects
619114,Indore - Harda Pkg-II [Raghavgarh to Nanasa from km. 29.30 to km. 92.30],National Highways Authority of India [NHAI],,Madhya Pradesh (03/2024),2023-01,,,3.0,2026.0,2026-01,FlashReport_January_2026.pdf,Table 4: Newly Added Projects
619115,4L of Byrapura to Challakere Section from km 308.550 to km 358.500 of NH-150 A,National Highways Authority of India [NHAI],,Karnataka (12/2018),2018-03,,,12.0,2020.0,2026-01,FlashReport_January_2026.pdf,Table 4: Newly Added Projects
619117,Hassan km 184.912 to Maranahally km 230.060 of NH - 75 in Karnataka,National Highways Authority of India [NHAI],,Karnataka,2017-03,,,3.0,2019.0,2026-01,FlashReport_January_2026.pdf,Table 4: Newly Added Projects
619120,Nidagatta-Mysore Pkg II,National Highways Authority of India [NHAI],,Karnataka (12/2019),2018-02,,,6.0,2022.0,2026-01,FlashReport_January_2026.pdf,Table 4: Newly Added Projects
619121,4L of Hubli - Hospet Section of NH-63 from Km 128.850 to Km 272.571,National Highways Authority of India [NHAI],,Karnataka,2017-03,,,3.0,2020.0,2026-01,FlashReport_January_2026.pdf,Table 4: Newly Added Projects
619127,4L of Greenfield Alignment from Km. 47.000 to Km. 89.210 of Balbhadarpur to Bela Nawda Section of NH-119D,NHAI,,Bihar (03/2024),2022-03,,,3.0,2026.0,2026-01,FlashReport_January_2026.pdf,Table 4: Newly Added Projects
619136,Rehabilitation and Upgradation of Chorma - Bairgania Section of National Highway No 227F to 2 lane with paved shoulders from Design Ch.0.000 to Ch. 34.566,National Highways Authority of India [NHAI],,Bihar (02/2024),2022-06,,,1.0,2026.0,2026-01,FlashReport_January_2026.pdf,Table 4: Newly Added Projects
619137,4L of Dwarka-Khambaliya-Devariya section from km 203.500 to km 176.500 and from km 171.800 to km 125.000 of NH-151A,National Highways Authority of India [NHAI],,Gujarat (02/2020),2019-01,,,8.0,2022.0,2026-01,FlashReport_January_2026.pdf,Table 4: Newly Added Projects
619139,Construction of New Double Tier 4L Elevated Corridor from Chennai Port to Maduravoyal in Chennai District from km -0.342 to Km 20.593 and Package III from Km 9.700 to Km 14.185,National Highways Authority of India [NHAI],,Tamil Nadu (11/2023),2023-03,,,5.0,2026.0,2026-01,FlashReport_January_2026.pdf,Table 4: Newly Added Projects
619142,Construction of 4-lane connectivity to Banbasa ICP at India Nepal border from NH-09 old NH-125 Sitarganj-Tanakpur at Km 40.00 near Jagbuda bridge under Bharatmala Priyojana of NH-109D on EPC mode in the State of Uttarakhand,National Highways Authority of India [NHAI],,Uttarakhand (03/2023),2022-06,,,9.0,2024.0,2026-01,FlashReport_January_2026.pdf,Table 4: Newly Added Projects
619143,4L Access Controlled Greenfield Highway section on NH-163G Khammam Vijayawada from BrahmanapalliK village at Design Ch. 250.400 Km to Remidicherla village at Design Ch. 280.200 KmPackage-II,National Highways Authority of India [NHAI],,"Multi-States (Andhra Pradesh, Telangana)",,2023-03,2025-03,3.0,2027.0,2026-01,FlashReport_January_2026.pdf,Table 4: Newly Added Projects
619144,Hospet - Chitradurga from km. 299.00 to km. 418.750,National Highways Authority of India [NHAI],,Karnataka,2016-02,,,8.0,2018.0,2026-01,FlashReport_January_2026.pdf,Table 4: Newly Added Projects
619145,Four Laning of Una to Kodinar from km. 180.478 to km. 221.610 Package-V,National Highways Authority of India [NHAI],,Gujarat,2017-02,,,8.0,2019.0,2026-01,FlashReport_January_2026.pdf,Table 4: Newly Added Projects
619148,4L of Bhavnagar - Talaja Package-I from Km. 6.945 to Km. 54.990 of Old NH-8E,National Highways Authority of India [NHAI],,Gujarat,2017-02,,,8.0,2019.0,2026-01,FlashReport_January_2026.pdf,Table 4: Newly Added Projects
619150,BRT Tiger Reserve Boundary Km.287.500 to Bangalore Section Km.458.420 of NH- 209 in Karnataka,National Highways Authority of India [NHAI],,Karnataka,2017-08,,,8.0,2019.0,2026-01,FlashReport_January_2026.pdf,Table 4: Newly Added Projects
619154,Construction of Four Lane Highway from Ghazipur- Ballia-UP/Bihar State Border Greenfield section of NH-31 Package III [from Pindari km 78.150 to Rawalganj Bypass Km 117.120] on EPC Mode in the state of Uttar Pradesh.,National Highways Authority of India [NHAI],,"Multi-States (Bihar, Uttar Pradesh)",,2022-10,2023-08,8.0,2025.0,2026-01,FlashReport_January_2026.pdf,Table 4: Newly Added Projects
619160,Balance works in AP Portion and punch list items in TN & AP portion of NH-205,National Highways Authority of India [NHAI],,Andhra Pradesh (07/2023),2022-10,,,1.0,2025.0,2026-01,FlashReport_January_2026.pdf,Table 4: Newly Added Projects
619161,Access Controlled Highway of 4 Lane with Paved Shoulders from Tiruvallur Design Chainage Km 1756 to TN/AP Broder Design Chainage Km 6151 of NH-716 Chennai- Tirupati Package-1,National Highways Authority of India [NHAI],,Tamil Nadu (12/2024),2024-03,,,12.0,2026.0,2026-01,FlashReport_January_2026.pdf,Table 4: Newly Added Projects
619164,Belgaum-Khanapur Pkg I Km 0.000-Km 30.800 of NH-4A,National Highways Authority of India [NHAI],,Karnataka (03/2019),2018-03,,,9.0,2021.0,2026-01,FlashReport_January_2026.pdf,Table 4: Newly Added Projects
619165,Thanamcherla-Jamandlapally 2LPS,National Highways Authority of India [NHAI],,Telangana,2014-03,,,2.0,2023.0,2026-01,FlashReport_January_2026.pdf,Table 4: Newly Added Projects
619166,Umagaon-Saharsa Package-V Bakaur-Parsarma-Bangaon-Bariyahi & Spur to Mahishi,NHAI,,Bihar (12/2023),2022-10,,,12.0,2025.0,2026-01,FlashReport_January_2026.pdf,Table 4: Newly Added Projects
619167,4 Laning with PS of Pathrapalli-Katghora km 53.3 to km 92.6 Pkg-II of Bilaspur Kathghora,National Highways Authority of India [NHAI],,Chhattisgarh (12/2020),2019-12,,,12.0,2022.0,2026-01,FlashReport_January_2026.pdf,Table 4: Newly Added Projects
707020,Establishment of new GMC Jamui,"Medical Education, Ministry of Health and Family Welfare",,Bihar (10/2022),2019-03,,,10.0,2025.0,2026-01,FlashReport_January_2026.pdf,Table 4: Newly Added Projects
707021,Establishment of new GMC Koderma,"Medical Education, Ministry of Health and Family Welfare",,Jharkhand (02/2024),2023-09,,,8.0,2026.0,2026-01,FlashReport_January_2026.pdf,Table 4: Newly Added Projects
707022,Establishment of new GMC Chaibasa [Singhbhum],"Medical Education, Ministry of Health and Family Welfare",,Jharkhand (03/2023),2018-06,,,9.0,2025.0,2026-01,FlashReport_January_2026.pdf,Table 4: Newly Added Projects
707039,Establishment of new GMC Gangtok,"Medical Education, Ministry of Health and Family Welfare",,Sikkim (12/2018),2018-10,,,12.0,2026.0,2026-01,FlashReport_January_2026.pdf,Table 4: Newly Added Projects
707044,Establishment of new GMC Korba,"Medical Education, Ministry of Health and Family Welfare",,Chhattisgarh (10/2023),2023-02,,,12.0,2026.0,2026-01,FlashReport_January_2026.pdf,Table 4: Newly Added Projects
707045,Establishment of new GMC Mahasamund,"Medical Education, Ministry of Health and Family Welfare",,Chhattisgarh (10/2023),2023-10,,,5.0,2026.0,2026-01,FlashReport_January_2026.pdf,Table 4: Newly Added Projects
707046,Establishment of new GMC Kanker,"Medical Education, Ministry of Health and Family Welfare",,Chhattisgarh (09/2024),2020-02,,,3.0,2027.0,2026-01,FlashReport_January_2026.pdf,Table 4: Newly Added Projects
707049,Establishment of new GMC Panchmahal,"Medical Education, Ministry of Health and Family Welfare",,Gujarat (09/2022),2022-09,,,3.0,2026.0,2026-01,FlashReport_January_2026.pdf,Table 4: Newly Added Projects
707050,Establishment of new GMC Porbandar,"Medical Education, Ministry of Health and Family Welfare",,Gujarat (10/2022),2022-04,,,9.0,2024.0,2026-01,FlashReport_January_2026.pdf,Table 4: Newly Added Projects
707058,Establishment of new GMC Rajgarh,"Medical Education, Ministry of Health and Family Welfare",,Madhya Pradesh (11/2022),2021-12,,,4.0,2024.0,2026-01,FlashReport_January_2026.pdf,Table 4: Newly Added Projects
707059,Establishment of new GMC Mandla,"Medical Education, Ministry of Health and Family Welfare",,Madhya Pradesh (10/2023),2023-08,,,4.0,2026.0,2026-01,FlashReport_January_2026.pdf,Table 4: Newly Added Projects
707069,Establishment of new GMC Kapurthala,"Medical Education, Ministry of Health and Family Welfare",,Punjab (07/2027),2019-11,,,12.0,2028.0,2026-01,FlashReport_January_2026.pdf,Table 4: Newly Added Projects
707070,Establishment of new GMC Hoshiarpur,"Medical Education, Ministry of Health and Family Welfare",,Punjab (03/2026),2020-01,,,12.0,2028.0,2026-01,FlashReport_January_2026.pdf,Table 4: Newly Added Projects
707086,Establishment of new GMC Rudrapur,"Medical Education, Ministry of Health and Family Welfare",,Uttarakhand (02/2024),2022-10,,,12.0,2026.0,2026-01,FlashReport_January_2026.pdf,Table 4: Newly Added Projects
707087,Establishment of new GMC Pithoragarh Ministry of Housing & Urban Affairs Total (15),"Medical Education, Ministry of Health and Family Welfare",,Uttarakhand (04/2023),2021-08,,,12.0,2026.0,2026-01,FlashReport_January_2026.pdf,Table 4: Newly Added Projects
707410,Integrated Multi Modal Logistics Hub at Nangal Chaudhary in Haryana - Other Trunk Infrastructure Development Phase 1 Department of Higher Education Education Total (1),National Highways & Infrastructure Development Corporation Ltd. [NHIDCL],,Haryana (12/2021),2018-05,,,12.0,2023.0,2026-01,FlashReport_January_2026.pdf,Table 4: Newly Added Projects
86000,4-Laning of Kolasib - Sethawn section Package-5 of NH-6 from Existing Chainage km 86000 to km 107850 Design Chainage km 77500 to km 95500 on silchar - vairengte - sairang road under Bharatmala Pariyojna on EPC mode under NHO-NE Vairengte - Sairang Pkg-5,NHIDCL,,Mizoram (07/2025),2021-11,,,7.0,2027.0,2026-01,FlashReport_January_2026.pdf,Table 4: Newly Added Projects
88361,4-lanning of Gyaraspur to Rahatgarh section of NH-146 from Design Ch. 88361 to Ch 124470 in the state of MP on HAM mode,National Highways Authority of India [NHAI],,Madhya Pradesh (11/2025),2024-10,,,11.0,2027.0,2026-01,FlashReport_January_2026.pdf,Table 4: Newly Added Projects
12509,"Project Assessment, Infrastructure Monitoring and Analytics for Nation-building Treatment of landslide zone from location no. 01 to 28 km 62.860 to 152.750 on NH- 12509 in the State of Uttarakhand under EPC mode in NHO Annual Plan 2022-23",PAIMANA,,Uttarakhand (06/2023),2022-11,,,6.0,2024.0,2026-02,FlashReport_February_2026.pdf,Table 4: Newly Added Projects
131600,Development to 4-lane with paved shoulder for the road section Talwandi Sabo-Raman road to refinery Road junction with Bathinda Dabwali Road of NH-254 from existing Km 131.600 to Km 155.650 Design Km 131600 to km 155600 in the State of Punjab. Job No NH-254-PB-2022-23-565,MoRTH,,Punjab (05/2025),2023-03,,,11.0,2026.0,2026-02,FlashReport_February_2026.pdf,Table 4: Newly Added Projects
13485,Rehabilitation and Upgradation of Shewali phata to Kalambhir section i.e. Km 0443 to Km 4500 & Nizampur to Chadwel section i.e. Km 13485 to Km 26265 Length16.317 Km excluding 2 Major Bridges with approaches Km 13735 to Km 14095 & Km 19660 to Km 20030 of NH 753B to 2LPS Configuration in the State of Maharashtra on EPC Mode.,MoRTH,,Maharashtra (08/2024),2024-03,,,2.0,2026.0,2026-02,FlashReport_February_2026.pdf,Table 4: Newly Added Projects
159900,Upgradation of 2L/4L with Paved Shoulder of Shirwal-Lonand Section from KM 159900 To KM 188025 of NH-965DD Section I and 2L With Paved Shoulder of Lonand-Satara Section from KM 51500 To KM 96246 Of NH-965D Section II in Satara District in the State of Maharashtra on EPC Mode under NHO-,National Highways Authority of India [NHAI],,Maharashtra (06/2025),2025-03,,,6.0,2027.0,2026-02,FlashReport_February_2026.pdf,Table 4: Newly Added Projects
19870,"4L Elevated Corridor and at-grade improvements from Design Ch0000 to Design Ch 19870 of Danapur Bihta Section, Design Ch0000 to Design Ch0231 connecting the existing RoB near Danapur station ,1.35 Km ramps and at-grade improvements to 4- lane section on Danapur side and Upgradation of existing Two lane carriageway to Four Lane carriageway from Design Ch19870 to Design Ch23500 of Bihta - Koilwar section",National Highways Authority of India [NHAI],,Bihar (03/2024),2022-10,,,9.0,2026.0,2026-02,FlashReport_February_2026.pdf,Table 4: Newly Added Projects
21330,Rehabilitation and upgradation of Askot-Lipulekh on EPC Basis for Phase-I Existing Km 72.00 to 107.620 Design Chainage Km 21330 to Km 56935 under Project Hirak of BRO in the state of Uttarakhand under Bharatmala Pariyojna Phase-I on EPC Mode Length-35.605 Km CA No EPC/MORT&H/HRK/01/2021-22,MoRTH,,Uttarakhand (12/2021),2020-09,,,12.0,2023.0,2026-02,FlashReport_February_2026.pdf,Table 4: Newly Added Projects
21411,Rehabilitation and Upgradation to two lane with paved shoulder configuration of NH- 752G from Sakri to Pimpalner Section Design Ch km 0000 to Ch km 21411 in the state of Maharashtra on EPC Mode. Length 21.411 km.,MoRTH,,Maharashtra (04/2025),2024-03,,,10.0,2026.0,2026-02,FlashReport_February_2026.pdf,Table 4: Newly Added Projects
22300,Rehabilitation and upgradation from Km 22300 to 58635 of MudireddyPalle to Kadapa/Nellore Border via porumamilla Section of NH 167 Two Lane with paved Shoulder in,MoRTH,,Andhra Pradesh (10/2024),2022-03,,,4.0,2026.0,2026-02,FlashReport_February_2026.pdf,Table 4: Newly Added Projects
23310,Widening to Two Lane with Paved Shoulders from Km 0.00 Design Chainage 0.00 to Km 23.338 Design Chainage 23310 of NH-166E MH/KNT Border- Kanamadi- Bijjargi- Tikota section in the state of Karnataka in EPC Mode under Annual plan 2022-23 NH- 166E-KNT-2022-23-974,MoRTH,,Karnataka (09/2024),2023-02,,,3.0,2026.0,2026-02,FlashReport_February_2026.pdf,Table 4: Newly Added Projects
241940,4L Elevated corridor of Kalimandir-Dimna Chowk-Baliguma Jamshedpur Section of NH-33 New NH-18 from km 241940 to km 251961 Length 10.021 km,National Highways Authority of India [NHAI],,Jharkhand (09/2024),2024-03,,,3.0,2027.0,2026-02,FlashReport_February_2026.pdf,Table 4: Newly Added Projects
25100,Rehabilitation and Up gradation of Charthana Jintur Section of NH 752 I Km 25100 to 47100 to 2 Lane with Paved Shoulder configuration Flexible Pavement in the state of Maharashtra on EPC mode. Reg- Resubmission of Annual Plan Estimate.,MoRTH,,Maharashtra (01/2026),2025-03,,,7.0,2027.0,2026-02,FlashReport_February_2026.pdf,Table 4: Newly Added Projects
261705,Construction of Trumpet Interchange Connecting Bangalore Chennai Expressway km.261705 to km. 262800 with Maduravoyal to Walajapet Section of NH 48 near Sriperumbudur Toll Plaza at km. 35700,National Highways Authority of India [NHAI],,Tamil Nadu (02/2024),2023-05,,,8.0,2025.0,2026-02,FlashReport_February_2026.pdf,Table 4: Newly Added Projects
274610,Improvement/Up-gradation of existing 2-Lane Road to 4-Lane Divided Highway from Daili to Kuraopokpi section of Imphal-Kohima road NH-02 Design Chainage from Km 274610 to Km 287000 in the state of Manipur on EPC mode Pkg-4B,NHIDCL,,Manipur (12/2024),2020-09,,,6.0,2026.0,2026-02,FlashReport_February_2026.pdf,Table 4: Newly Added Projects
33100,Construction of Two lane with paved shoulder configuration of Shujalpur Bypass section of NH-752C from km 33100 Design to km. 42570 Design total design length 10.470 km in the State of Madhya Pradesh on EPC mode.,MoRTH,,Madhya Pradesh (03/2024),2023-03,,,9.0,2025.0,2026-02,FlashReport_February_2026.pdf,Table 4: Newly Added Projects
34000,Delhi-Amritsar-Katra Expressway Phase-I Pkg-I from Jussur Kheri on NH-KMP Expressway to Junction with Rohtak-Panipat road NH-709 near Rukhi Paani village Km 0000 to Km 34000,National Highways Authority of India [NHAI],,Haryana (12/2021),2020-12,,,12.0,2023.0,2026-02,FlashReport_February_2026.pdf,Table 4: Newly Added Projects
36300,Upgradation to 2-Lane with Paved Shoulder from Design Km 36300 to Design Chainage 47918 and from Design Ch 69900 to Design Ch 83940 of NH-248A Natni Ka Bara in the State of Rajasthan on EPC Mode.,MoRTH,,Rajasthan (11/2024),2024-02,,,5.0,2026.0,2026-02,FlashReport_February_2026.pdf,Table 4: Newly Added Projects
37000,Balance Works for six laning of Sriperumbudur to karaipettai section of NH-4 New NH- 48 from 37000 Existing Km 37000 to Km 71015 Existing Km 71000 in Tamilnadu on EPC mode underNHDP Phase-V,National Highways Authority of India [NHAI],,Tamil Nadu (01/2025),2024-06,,,10.0,2026.0,2026-02,FlashReport_February_2026.pdf,Table 4: Newly Added Projects
37728,"Widening, Reconstruction & Up-gradation to 2 lane with Paved Shoulder/Four Lane configuration for the work of Ahmednagar to Sabalkhed & Ashti to Chinchpur Section of NH-561 from Design km 2915 to km 37728 & Design km 55100 to km 70000 in the State of Maharashtra on EPC mode. Length 49.713 km",MoRTH,,Maharashtra (05/2025),2024-03,,,5.0,2027.0,2026-02,FlashReport_February_2026.pdf,Table 4: Newly Added Projects
39240,4L Behsuma at Km 39.250 Ex. Km 39240 To Bijnor at Km 78.810 Ex. Km 86590 Design Length 39.560 Km of NH-119 Pkg-II,National Highways Authority of India [NHAI],,Uttar Pradesh (05/2024),2023-03,,,5.0,2026.0,2026-02,FlashReport_February_2026.pdf,Table 4: Newly Added Projects
40080,6L access controlled Highway from Km 40080 to Km 86513 Mator to Barodameo Section,National Highways Authority of India [NHAI],,Rajasthan (03/2024),2022-09,,,3.0,2026.0,2026-02,FlashReport_February_2026.pdf,Table 4: Newly Added Projects
42700,"Construction of Additional Structures, Improvement of Service Road & Maintenance of Six Lane Gurgaon-Jaipur Section of NH-48 old NH-8 between km 42700 to km 107100 in the State of Haryana",National Highways Authority of India [NHAI],,Haryana (05/2025),2024-05,,,5.0,2027.0,2026-02,FlashReport_February_2026.pdf,Table 4: Newly Added Projects
468000,Construction & up gradation of existing road to 2-Lane with paved shoulder from existing chainage km 468000 to km 489350 Design Chainage km 465150 to km 471500 of NH-07 Old NH-58 including Joshimath bypass on EPC mode in the state of Uttarakhand Length 6.35 km,MoRTH,,Uttarakhand (09/2022),2022-03,,,9.0,2025.0,2026-02,FlashReport_February_2026.pdf,Table 4: Newly Added Projects
49917,Kondamodu to Perecherla Section Design Ch. Km 000 to Km 49917 of NH-167AG to to 4LPS,MoRTH,,Andhra Pradesh (04/2025),2024-10,,,4.0,2027.0,2026-02,FlashReport_February_2026.pdf,Table 4: Newly Added Projects
50300,4- Laning of Mohari to Satai Ghat section NH-934 from Km 50300 to Km 89875 Total length 39.575 km Package-2 in the State of Madhya Pradesh on EPC Mode,National Highways Authority of India [NHAI],,Madhya Pradesh (08/2024),2022-08,,,8.0,2026.0,2026-02,FlashReport_February_2026.pdf,Table 4: Newly Added Projects
51000,Widening and Strengthening of Rafiabad-Kupwara-Chowkibal-Tangdhar-Chamkot NH- 701 road from design Ch. From 0000 to 51000 to two lanes with paved shoulders under Project Beacon in the UT of Jammu & Kashmir on EPC mode Package-I.,MoRTH,,Jammu and Kashmir (11/2024),2024-03,,,5.0,2027.0,2026-02,FlashReport_February_2026.pdf,Table 4: Newly Added Projects
56720,"Widening and strengthening to 2 lane with paved shoulder from existing Ch. Km 56720 to Km 100820 and Design Ch. From Km 62600 to Km 106360 Total Length43.760 Km on SRINAGAR -BARAMULA URINH-01 in the UT of Jammu & Kashmir under project BEACON, Border Roads Organization BRO on EPC mode.",MoRTH,,Jammu and Kashmir (11/2024),2023-09,,,11.0,2026.0,2026-02,FlashReport_February_2026.pdf,Table 4: Newly Added Projects
56935,Improvement/construction of 2-lane with paved shoulder of Askote Llipulekh road from Tawaghat village to Budhi village design km. 56935 to km 95748 and from end of Tunnel portal to Kali Mandir design km 113828 to km. 133078 [total design length 58.063 km] under project Hirak of BRO in the state of Uttarakhand under Bharatmala Pariyojna on EPC Mode,MoRTH,,Uttarakhand (11/2024),2022-05,,,11.0,2026.0,2026-02,FlashReport_February_2026.pdf,Table 4: Newly Added Projects
58790,"Work of Upgradation of Jirapur-Pachore Road including Pachore, Jirapur, Chhapiheda & Khujner Bypasses from 0000 to 58790 Design Length 58.79 Km section of NH-752C to 2LPS in the State of Madhya Pradesh under EPC mode",MoRTH,,Madhya Pradesh (01/2024),2022-03,,,1.0,2026.0,2026-02,FlashReport_February_2026.pdf,Table 4: Newly Added Projects
59500,Rehabilitation and Up-gradation of Jarud - Sirsala section of NH-361F km 59500 to km11500 to Two lane with paved shoulder/ Four Lane in the state of Maharashtra on EPC mode Length 55.5 Km.,MoRTH,,Maharashtra (05/2025),2024-03,,,5.0,2027.0,2026-02,FlashReport_February_2026.pdf,Table 4: Newly Added Projects
617888,Landslide treatment work on NH 58 from Kodiyala Km. 266.130 to Devprayag Km. 296.925 10 location under EPC mode in the State of Uttarakhand on EPC Mode,MoRTH,,Uttarakhand (02/2024),2023-01,,,2.0,2025.0,2026-02,FlashReport_February_2026.pdf,Table 4: Newly Added Projects
617894,"Construction or 4 lane Raniganj Bypass of length 5.261 km on NH-60 new NH-14 from km 273.00 of NH to km 478.18 of NH-2 New NH 16 in paschim Bardhaman, West Bengal in EPC Mode- reg. Job No. 014-WB-2022-23/514",MoRTH,,West Bengal (03/2024),2023-03,,,3.0,2026.0,2026-02,FlashReport_February_2026.pdf,Table 4: Newly Added Projects
617898,New construction of Major Bridge with Approaches from Km 0.000 to 1.200 Madhopur - Badabanta section of NH-20 under NHO in Annual Plan 2022-23 in the State of Odisha,MoRTH,,Odisha (04/2025),2023-03,,,10.0,2027.0,2026-02,FlashReport_February_2026.pdf,Table 4: Newly Added Projects
617902,construction or By-pass road on NH-26 for Nabrangpur Town,MoRTH,,Odisha (12/2024),2023-03,,,12.0,2026.0,2026-02,FlashReport_February_2026.pdf,Table 4: Newly Added Projects
617908,Bemetara Bypass NH 30,MoRTH,,Chhattisgarh (04/2025),2024-01,,,4.0,2027.0,2026-02,FlashReport_February_2026.pdf,Table 4: Newly Added Projects
617909,Construction of Rewa Bypass to 4-lane with paved shoulder along with service road from Ratahara Chowk to Chorhata Chowk Road section of NH-30 from km 00.000 to 19.200 in the State of Madhya Pradesh on Hybrid Annuity Mode HAM.,MoRTH,,Madhya Pradesh (02/2025),2024-03,,,2.0,2027.0,2026-02,FlashReport_February_2026.pdf,Table 4: Newly Added Projects
617920,Widening and Strengthening to 2LPS including LA from km 318.970 to 353.450 Balikuda-Mulkani Section of NH-55 under NHO in Annual Plan 2022-23 in the State of Odisha. Job No. NH-55-OD-2022-23-656,MoRTH,,Odisha (06/2025),2022-01,,,6.0,2027.0,2026-02,FlashReport_February_2026.pdf,Table 4: Newly Added Projects
617922,Construction of Jharsuguda Bypass including Land acqusition on NH-49 from km 258.636 to km 283.300 design chainage 258.636 to km 289.876 under NHO in Annual Plan 2022-23 for the state of Odisha Job No.NH-49-OD-2022-23-655,MoRTH,,Odisha (01/2025),2021-09,,,7.0,2027.0,2026-02,FlashReport_February_2026.pdf,Table 4: Newly Added Projects
617931,Construction of ROB and its approaches in lieu of LC No. 10/B/T at Km 307.050 of NH-60.,MoRTH,,West Bengal (08/2023),2016-03,,,8.0,2025.0,2026-02,FlashReport_February_2026.pdf,Table 4: Newly Added Projects
617939,6-Laning of Pune-Hyderabad Section of NH-65 from Km 493/0 to Km 524/0 from Sangareddy X Roads to Madinaguda in the State of Telangana,MoRTH,,Telangana (07/2024),2023-03,,,7.0,2026.0,2026-02,FlashReport_February_2026.pdf,Table 4: Newly Added Projects
617941,4-Laning from End of Zuari approaches to Start of Margao Bypass section of NH-66 from Km 536.800 to Km 543.450,MoRTH,,Goa (02/2026),2024-07,,,2.0,2028.0,2026-02,FlashReport_February_2026.pdf,Table 4: Newly Added Projects
617967,Construction of Rudraprayag tunnel of length 900.30 MTR including approaches and one major bridge on river Alaknanda connecting NH-107/old-109 to NH-07old-58 on EPC mode in the state of Uttarakhand.,MoRTH,,Uttarakhand (01/2023),2021-02,,,7.0,2025.0,2026-02,FlashReport_February_2026.pdf,Table 4: Newly Added Projects
617972,Upgradation to Two lane with Paved Shoulder Configuration of Narayanpur Kasturmeta pkg-II from design ch. 48.693 to 70.453 design length21.760 Km. on NH-130D under EPC mode in the state of Chhattisgarh.,MoRTH,,Chhattisgarh (12/2024),2022-12,,,6.0,2026.0,2026-02,FlashReport_February_2026.pdf,Table 4: Newly Added Projects
617977,Development of Chiloda - Gandhinagar- Sarkhej ofNH-147 Package -II,MoRTH,,Gujarat (11/2018),2018-04,,,11.0,2020.0,2026-02,FlashReport_February_2026.pdf,Table 4: Newly Added Projects
617978,"Rehabilitation, upgradation & widening of existing highway to 2L/4LPS Rigid Pavement of NH 160 section- Phaltan to Mhaishal near Karnataka Border including Tasgaon Bypass, from existing chainage Km 301/430 to Km 458/415 in the State of Maharashtra- Package-II & Package III combined- starting from existing chainage Km 341/300 to Km 394/130 and design chainage Km 340/250 at Dahiwadi Village to Km 392/950 ending at Vita Village in the State of Maharashtra on EPC Mode.",MoRTH,,Maharashtra (05/2025),2024-03,,,5.0,2027.0,2026-02,FlashReport_February_2026.pdf,Table 4: Newly Added Projects
617979,"Rehabilitation, upgradation & widening of existing highway to 2L/4LPS Rigid Pavement of NH 160 section- Phaltan to Mhaisal near Karnataka Border including Tasgaon Bypass, from existing chainage Km 301/430 to Km 458/415 in the State of Maharashtra. Package-I starting from existing chainage Km 301/430 at Phaltan Village Junction of Phaltan Baramati Road Design Chainage -301/430km & ending at existing chainage Km 341/300 Dahiwadi Village Bus Stop Design chainage Km 340466km in the S",MoRTH,,Maharashtra (05/2025),2024-03,,,5.0,2027.0,2026-02,FlashReport_February_2026.pdf,Table 4: Newly Added Projects
617981,Widening to Two with Paved shoulders from Km 59.500 to Km 132.033 of Manneguda- Ravunapally section of NH-163 Erstwhile SH-4 in the State of Telangana on EPC mode under NH O Annual Plan 2016-17,MoRTH,,Telangana (05/2017),2017-03,,,5.0,2019.0,2026-02,FlashReport_February_2026.pdf,Table 4: Newly Added Projects
617993,Rehabilitation and upgradation of NH-167 from design km 157.707 to 187.723 design length 30.016 km to two lane with paved shoulders of Alinagar-Miryalaguda Sec on EPC mode in the state of Telangana,MoRTH,,Telangana (05/2018),2018-02,,,11.0,2019.0,2026-02,FlashReport_February_2026.pdf,Table 4: Newly Added Projects
617999,Widening to 2LPS from Km 67 to Km 115 on Kadur-Hosadurga section NH 173 in the state of Karnataka NH-173-KNT-2022-23-980 dated 13.03.2023,MoRTH,,Karnataka (09/2024),2023-03,,,4.0,2026.0,2026-02,FlashReport_February_2026.pdf,Table 4: Newly Added Projects
618013,4-laning of Puttaparthi-Koduru Section of NH-342,MoRTH,,Andhra Pradesh (11/2023),2022-10,,,11.0,2025.0,2026-02,FlashReport_February_2026.pdf,Table 4: Newly Added Projects
618014,"Upgradation of Ambikapur-Ramanujganj-Garwa road of NH-343, Package-III, Badki mahri village to Ramanujganj section from existing km 80.600 to km 110.330 Design Ch. 85.370 to Ch. 114.800 of total length 29.430 km to two lane with paved shoulders udner corridor scheme under EPC Mode in the of Chhattisgarh",MoRTH,,Chhattisgarh (05/2025),2022-03,,,10.0,2026.0,2026-02,FlashReport_February_2026.pdf,Table 4: Newly Added Projects
618015,"Project Assessment, Infrastructure Monitoring and Analytics for Nation-building Upgradation of Keonchi - Ratanpur Road of NH 45 Package-I, from design chainage km 237.860 to km 273.200 of length 35.340 km to two lane with paved shoulders under Corridor scheme on EPC mode in the state of Chhattisgarh.",PAIMANA,,Chhattisgarh (07/2024),2022-03,,,1.0,2026.0,2026-02,FlashReport_February_2026.pdf,Table 4: Newly Added Projects
618016,"Upgradation of Ambikapur Ramanujganj - Garhwa Road NH 343 of Package-I, Rajpuri Khurd Village to Padih Village section from existing km 7.830 to km 57.650 Design Ch. 13.700 to Ch. 62.700 of total length 49.00 km to two lane with paved shoulders under EPC mode in the state of Chhattisgarh",MoRTH,,Chhattisgarh (05/2025),2022-03,,,5.0,2027.0,2026-02,FlashReport_February_2026.pdf,Table 4: Newly Added Projects
618017,"Upgradation of Keonchi - Ratanpur Road of NH 45 Package-II, from design chainage km 278.75 to km 321.348 of length 42.598 km to two lane with paved shoulders under Corridor scheme on EPC mode in the state of Chhattisgarh.",MoRTH,,Chhattisgarh (07/2024),2022-03,,,1.0,2026.0,2026-02,FlashReport_February_2026.pdf,Table 4: Newly Added Projects
618018,Upgradation of Bilaspur-Takhatpur-Mungeli-Pandariya-Pondi Road on N.H.-130A Package IIIA Takhatpur By-pass from existing Ch. 26.542 to 32.093 [Design Ch. 18.700 to 25.900] & Mungeli By-pass from existing Ch. 45.786 to 56.275 [Design Ch. 29.600 to 51.600] and Package IIIB Pandariya By-Pass from existing Ch. 82.582 to 87.133 [Design Ch. 77.900 to 81.1000 & Pondi By-pass from existing Ch. 103.166 to 104.756 [Design Ch. 97.000 to 103.395] to two lane with paved shoulder configuration in the,MoRTH,,Chhattisgarh (01/2024),2022-03,,,7.0,2025.0,2026-02,FlashReport_February_2026.pdf,Table 4: Newly Added Projects
618027,Widening to 2LPS from Km 71.00 to 104.00 Existing chainages Sarjapur to Pattadkallu on Bhanapur to Gaddanakeri section NH-367 in the State of Karnataka under NHO on EPC mode under Annual Plan 2022-23 NH-367-KNT-2022-23-972 dated 08.02.2023,MoRTH,,Karnataka (03/2024),2023-02,,,3.0,2026.0,2026-02,FlashReport_February_2026.pdf,Table 4: Newly Added Projects
618028,"Construction of Bypass at Kuknoor, Yelburga, Gajendragada of Bhanapur Gaddanakeri section of NH-367 in the State of Karnataka under NHO on EPC mode under Annual Plan 2022-23. NH-367-KNT-2022-23-973 dated 08.02.2023",MoRTH,,Karnataka (06/2025),2023-02,,,6.0,2027.0,2026-02,FlashReport_February_2026.pdf,Table 4: Newly Added Projects
618035,Rehabilitation & Upgradation of existing intermediate lane to two Lane with paved shoulder from km. 0.600 Gulganj bypass on NH-34 to km. 43.00 Barna River length 42.400 km. on Gulganj-Amanganj-Pawai-Katni NH43 Extn. in the state of Madhya Pradesh on EPCmode.,MoRTH,,Madhya Pradesh (11/2024),2023-03,,,5.0,2026.0,2026-02,FlashReport_February_2026.pdf,Table 4: Newly Added Projects
618036,Upgradation and reconstruction of existing intermediate lane to two Lane with paved shoulder configuration from km. 43.00 Barna River to km. 77.00 ken river length 34.00 km. on Gulganj-Amanganj-Pawai-Katni NH43 Extn. along with One time improvement in 01 no. of bypassed built-up area in a total length of 1.585 km in the state of Madhya Pradesh on EPCmode.,MoRTH,,Madhya Pradesh (11/2024),2023-03,,,11.0,2026.0,2026-02,FlashReport_February_2026.pdf,Table 4: Newly Added Projects
618040,Rehabilitation and Upgradation to Two lanes with Paved Shoulders configuration and Strengthening from Km 175.00 to Km 196.00 Gumkhal to Satpuli of NH-119 New NH- 534 in the State of Uttarakhand under NHO Annual Plan 2021-22 under EPC mode,MoRTH,,Uttarakhand (01/2025),2022-03,,,1.0,2027.0,2026-02,FlashReport_February_2026.pdf,Table 4: Newly Added Projects
618049,Up-gradation to 2/4 lane with paved shoulder configuration of NH-652 from Tuljapur Naldurg-Akkalkot road Chainage from Km. 00.000 to km 30.982 in the State of Maharashtra on EPC mode.,MoRTH,,Maharashtra (01/2025),2024-03,,,7.0,2026.0,2026-02,FlashReport_February_2026.pdf,Table 4: Newly Added Projects
618079,"Project Assessment, Infrastructure Monitoring and Analytics for Nation-building Construction of Dharmagarh Bypass on NH-130C including land acquisition in the state of Odisha on EPC Mode under Annual plan 2022-23.",PAIMANA,,Odisha (04/2025),2023-03,,,10.0,2026.0,2026-02,FlashReport_February_2026.pdf,Table 4: Newly Added Projects
618083,Construction of byepass around Lohardaga town of NH-143A in the Sate of Jharkhand under EPC mode.,MoRTH,,Jharkhand (01/2024),2022-02,,,1.0,2026.0,2026-02,FlashReport_February_2026.pdf,Table 4: Newly Added Projects
618088,Nandurshingote to Kolhar,MoRTH,,Maharashtra (06/2025),2024-09,,,12.0,2026.0,2026-02,FlashReport_February_2026.pdf,Table 4: Newly Added Projects
618091,Widening to two lane with paved shoulders from Km 0/000 to Km 45/946 of Nizampet- Narayankhed-bidar section of NH-161B in the state of Telangana under Annual Plan 2021-22 on EPC mode under NHO,MoRTH,,Telangana (02/2024),2022-03,,,2.0,2026.0,2026-02,FlashReport_February_2026.pdf,Table 4: Newly Added Projects
618099,"Rehabilitation & up-gradation for Talere Gaganbawada - kolhapur Road NH 166G stretch start from km. 0/00 to Km. 06/00 and km. 13/00 to km 19/440 of NH-166G, length 12.440 km in the State of Maharashtra.",MoRTH,,Maharashtra (10/2024),2024-03,,,4.0,2026.0,2026-02,FlashReport_February_2026.pdf,Table 4: Newly Added Projects
618119,Rehabilitation and up-gradation to 2-lane configuration of Bageshwar to Kangarchina road from km 129.600 to Km 161.600 Existing Chainage 136.00 to Km 169.00 of NH- 309Ain the State of Uttarakhand Package-IV under NHO Annual Plan 2021-22,MoRTH,,Uttarakhand (08/2024),2022-03,,,2.0,2027.0,2026-02,FlashReport_February_2026.pdf,Table 4: Newly Added Projects
618122,Widening to 2 lane with paved shoulded of Jareikela Jharkhand/Odisha Border - Dhabaleswar section from 0/0 to 36/0 of NH-320D in the State of Odisha under Annual Plan 2021-22.,MoRTH,,Odisha (10/2024),2022-03,,,10.0,2026.0,2026-02,FlashReport_February_2026.pdf,Table 4: Newly Added Projects
618126,"Pre-Construction activities from Km 134.000 to Km 190.233 of NH-333A and Construction of 4 no. of Bypasses at Katoria, Lakhpura, Banka & Panjwara total length- 14.359 Km to two lane with paved shoulders standard in State of Bihar.",MoRTH,,Bihar (12/2024),2022-11,,,12.0,2026.0,2026-02,FlashReport_February_2026.pdf,Table 4: Newly Added Projects
618129,"Construction of Kasrawad bypass, Selani bypass, Khargone bypass & Bistan bypass Total length. 31.950 km Section of NH-347 C to Two lane with paved shoulder configuration in the State of Madhya Pradesh on EPC mode.",MoRTH,,Madhya Pradesh (12/2024),2023-03,,,12.0,2026.0,2026-02,FlashReport_February_2026.pdf,Table 4: Newly Added Projects
618130,Widening to 2 lane with paved shoulders from 0.00 to 32.970 ofAdilabadto Bela section of NH 353B in the State of Telangana,MoRTH,,Telangana (05/2024),2022-10,,,5.0,2026.0,2026-02,FlashReport_February_2026.pdf,Table 4: Newly Added Projects
618139,Rehabilitation and Up-gradation of Gangakhed Loha section of NH-361F from Km 169/00 to 210/00 to two lane with paved shoulder/ four lane configuration in the state of Maharashtra on EPC mode Length - 41.00 Km.,MoRTH,,Maharashtra (04/2025),2024-03,,,9.0,2026.0,2026-02,FlashReport_February_2026.pdf,Table 4: Newly Added Projects
618140,Widening to two/four lane with paved shoulders from Km.34.250 to Km.71.830 of NH- 365A on Kodad-Khammam-Kurvi road.,MoRTH,,Telangana (02/2025),2022-10,,,1.0,2027.0,2026-02,FlashReport_February_2026.pdf,Table 4: Newly Added Projects
618147,Widening to 2 Lane with Paved Shoulders from design Km 103.200 Existing Km 103.200 to design Km 116.700 Existing Km 118.470 on AP/KNT Border to Sira Section of NH-544E in the State of Karnatakaon EPC mode under Annual plan 2022-23,MoRTH,,Karnataka (03/2024),2023-01,,,9.0,2025.0,2026-02,FlashReport_February_2026.pdf,Table 4: Newly Added Projects
618149,Widening to two lane with paved shoulders from Km 0.00 to 102.310 Design Chainage of NH-548B Murrum-Maharashtra Border in the State of Karnataka,MoRTH,,Karnataka (01/2025),2023-02,,,1.0,2027.0,2026-02,FlashReport_February_2026.pdf,Table 4: Newly Added Projects
618150,Rehabilitation and Up-gradation of i. Deogaon phata to Digras phata Ch. 0/000 to 15/000 & Selu to Borgavhan Ch 20/900 to 35/800 [Length 29.9km] ii. Injegaon Dhamoni to Pohner Phata Ch.58/200 to Ch. 83/700 [Length25.5 km] and iii. Pohner phata to Pathri Design Ch. 42/700 to 58/200 [Length 15.5 km] sections of NH-548B to Two lane with paved shoulder configuartion in the state of Maharashtra on EPC mode Total project length 70.9 Km.,MoRTH,,Maharashtra (05/2025),2024-03,,,5.0,2027.0,2026-02,FlashReport_February_2026.pdf,Table 4: Newly Added Projects
618155,Development/Widening of Talegaon Chakan Shikrapur Nhavara Section of NH-548D from existing chainage km. 54/000 to 82/300 and Design chainage Km. 54/000 to 82/120 Shikrapur to Nhavara Section to 2LPS/4L Configuration on EPC Mode in the State of Maharashtra.,MoRTH,,Maharashtra (01/2025),2024-03,,,7.0,2026.0,2026-02,FlashReport_February_2026.pdf,Table 4: Newly Added Projects
618157,Construction of Ater realignment & Bhind bypass Total length. 21.50 km Section of NH-552Extn. to Two lane with paved shoulder configuration in the State of Madhya Pradesh on EPC mode.,MoRTH,,Madhya Pradesh (12/2024),2023-03,,,6.0,2026.0,2026-02,FlashReport_February_2026.pdf,Table 4: Newly Added Projects
618158,"Upgradation of Goras to Shyampur Road section of NH-552 Ext., from Design Chainge 48.400 to 111.800 Km Total length 63.40 km to two lane with paved shoulder configuration along with One time improvement of 8.91 km in the state of Madhya Pradesh on EPC mode",MoRTH,,Madhya Pradesh (12/2024),2023-03,,,12.0,2026.0,2026-02,FlashReport_February_2026.pdf,Table 4: Newly Added Projects
618178,Widening and strengthening of Gangakhed to Kingaon section of NH-752K in Km 38/750 to 72/304 Flexible Pavement Length33.554 km to 2-lane configuration on EPC mode in the State of Maharashtra.,MoRTH,,Maharashtra (12/2024),2024-02,,,6.0,2026.0,2026-02,FlashReport_February_2026.pdf,Table 4: Newly Added Projects
618182,Widening to Two lane with paved shoulders from 106/830 to 158/496 of Yellareddy- Rudrur Section of NH-765D in the state of Telangana on EPC mode under NHO under Annual plan 2022-23,MoRTH,,Telangana (07/2024),2022-10,,,7.0,2026.0,2026-02,FlashReport_February_2026.pdf,Table 4: Newly Added Projects
618183,Widening to 2 lane with paved shoulders from Km 62/920 to km 106/830 of Medak - Yellareddy section in the State of Telangana under Annual Plan 2022-23 on EPC mode under NHO,MoRTH,,Telangana (08/2024),2022-10,,,8.0,2026.0,2026-02,FlashReport_February_2026.pdf,Table 4: Newly Added Projects
618189,Widening to Two Lane with Paved Shoulder of NH-73 New Spur Road Ujire - Dharmasthala - Periyashanthi in the State of Karnataka under on HAM under NHO Annual Plan 2023-24Job No NH-73Spur-KNT-2023-24-996,MoRTH,,Karnataka (11/2025),2024-01,,,11.0,2027.0,2026-02,FlashReport_February_2026.pdf,Table 4: Newly Added Projects
618193,"Project Assessment, Infrastructure Monitoring and Analytics for Nation-building Widening of Existing Road to Two Lane with Paved Shoulder Configuration from Km 0.00 to 26.000 & Km 45.200 To 59.622 Of NH 365BB in the State of Andhra Pradesh Under Annual Plan 2023-24 through EPC Mode",PAIMANA,,Andhra Pradesh (04/2025),2024-01,,,12.0,2026.0,2026-02,FlashReport_February_2026.pdf,Table 4: Newly Added Projects
618207,Widening to 2-lane with Hard Shoulder configuration of Mana Ch. 0.00 to Mana Pass Ch. 50.987 road on NH-07 under Bharatmala Pariyojna in the state of Uttarakhand under Annual Plan 2022-23 length 50.987,MoRTH,,Uttarakhand (10/2023),2022-10,,,10.0,2027.0,2026-02,FlashReport_February_2026.pdf,Table 4: Newly Added Projects
618208,Construction and upgradation of existing road to 2-lane with paved shoulder from existing chainage Km 509.725 to Km 528.000 design chainage Km 490.550 to Km 507.850 of NH-58 new NH-07 Benakuli bend to Mana Village in EPC mode under Chardham Programme in the State of Uttarakhand.,MoRTH,,Uttarakhand (11/2019),2019-02,,,10.0,2021.0,2026-02,FlashReport_February_2026.pdf,Table 4: Newly Added Projects
618213,Rehabilitation and Upgradation of road Rishikesh Dharasu Old NH-94 with 2-lane with paved shoulder from km 76.000 to km 110.000 Design Chainage from km 74.733 to km 107.347 32.614 km including construction of Kamand re-alignment from existing Chainage Km 105.200 to Km 108.600 design chainage Km 103.436 to Km 105.949 - total length 2513 mtrs and land slide treatment work between design chainage Km 73.800 to Km 74.00 200m on EPC mode under improvement to NH connectivity to Chardham in,MoRTH,,Uttarakhand (01/2019),2018-03,,,1.0,2021.0,2026-02,FlashReport_February_2026.pdf,Table 4: Newly Added Projects
618214,Rehabilitation and upgradation to 2 lane / 2 lane with paved shoulder configuration for design chainage km 107.347 to km 129.208 & km 133.878 to km 138.570 existing chainage km 110.000 to km 133.020 & km 137.330 to km 142.028 and land slide treatment at existing km 138.500 Design chainage km 134.970 of NH -94 on EPC mode under improvement to NH connectivity to Chardham in the state of Uttarakhand.,MoRTH,,Uttarakhand (01/2019),2018-03,,,7.0,2021.0,2026-02,FlashReport_February_2026.pdf,Table 4: Newly Added Projects
618215,"Improvement/construction of existing CL-5 Road to NH Intermediate lane specification with hard shoulder from Km 166.000 to 203.77 net Length 37.770 kms of NH-505 Sumdo-Kaza-Gramphoo road in the state of Himachal Pradesh on EPC mode under project Deepak, BRO",MoRTH,,Himachal Pradesh (06/2024),2021-06,,,6.0,2027.0,2026-02,FlashReport_February_2026.pdf,Table 4: Newly Added Projects
618218,Rehabilitation & upgradation of existing road to 2-lane with hard shoulder from Joshimath km 0.00 to Saraithota km 29.725 road on NH-107B under Bharatmala Pariyojna on EPC mode in the state of Uttarakhand,MoRTH,,Uttarakhand (05/2023),2022-10,,,5.0,2025.0,2026-02,FlashReport_February_2026.pdf,Table 4: Newly Added Projects
618219,Upgradation to 2-lane with Hard shoulder configuration of Suraithota Ch. 29.725 km to Malari Ch. 60.550 km road on NH- 107B under in the state of Uttarakhand.,MoRTH,,Uttarakhand (05/2024),2022-10,,,5.0,2026.0,2026-02,FlashReport_February_2026.pdf,Table 4: Newly Added Projects
618232,Rehabilitation and Upgradation to 2-lane configuration of Karnohal- Kalwahn Section km 181.00 to 208.950 of NH-70 in the State of Himachal Pradesh under Green National Highways Corridor Project GNHCP with the loan assistance of World Bank on EPC mode.Package-2,MoRTH,,Himachal Pradesh (11/2023),2020-08,,,5.0,2026.0,2026-02,FlashReport_February_2026.pdf,Table 4: Newly Added Projects
618235,Balance work of Rehabilitation and Up-gradation to 4-Lane configuration of Ras- Beawar Section Km 00.000 to km 30.050 of NH-158 in the State of Rajasthan under Green National Highway Corridor Project GNHCP.,MoRTH,,Rajasthan (06/2025),2025-01,,,12.0,2026.0,2026-02,FlashReport_February_2026.pdf,Table 4: Newly Added Projects
618236,Rehabilitation and Up-gradation of Dhindi - Digamarru section from Km 126/510 to Km 135/740 of NH -214New NH -216 and digamarru -Losari section from Km 0/000 tp Km 34/230 of NH-214 ANew Nh-216 to two lane with paved shoulder in the state of AP-NH,MoRTH,,Andhra Pradesh (05/2016),2016-02,,,5.0,2018.0,2026-02,FlashReport_February_2026.pdf,Table 4: Newly Added Projects
618239,"Rehabilitation & Upgradation of NH214New NH-216 from Km 34/230 to Km 84/550 Losari to Machavaram Section to two lane with paved shoulder in the state of Andhrapradesh under NHDP-IV through Engineering, Procurement& Construction EPC mode.",MoRTH,,Andhra Pradesh (09/2016),2016-03,,,9.0,2018.0,2026-02,FlashReport_February_2026.pdf,Table 4: Newly Added Projects
618242,Widening and Reconstruction to 4-lane/4-lane with service road including structures from Pokharia More at Km 47.600 Ex. Km 50.230 to Govindpur at km 62.949 Ex. Km 65.325 of Nh-419 in the State of Jharkhand on EPC mode.,MoRTH,,Jharkhand (01/2024),2022-05,,,1.0,2026.0,2026-02,FlashReport_February_2026.pdf,Table 4: Newly Added Projects
618301,Widening/Improvement of existing 2-lane to 4-Lane Divided Highway from Kuraopokpi to Sekmai section of Imphal-Kohima Road Design Ch. km 287.00 to 297.700 of NH-39 New NH-02 in state of Manipur on EPC mode Pkg-5A,NHIDCL,,Manipur (02/2025),2020-09,,,8.0,2026.0,2026-02,FlashReport_February_2026.pdf,Table 4: Newly Added Projects
618397,Widening and Up-gradation to 2-Lane with Paved Shoulder of configuration and geometric improvement from Km 0.000 to Km 16.990 on Chenani Sudhmahadev section of NH-244 in UT of Jammu and Kashmir to be executed on EPC basis,NHIDCL,,Jammu and Kashmir (11/2018),2018-03,,,11.0,2020.0,2026-02,FlashReport_February_2026.pdf,Table 4: Newly Added Projects
618404,Construction of lntermediate Lane Road with hard shoulder from design chainage Km 0.000 to Km 53.040 Existing Length68.500 Km & Total Design length 53.04 km of Tato to Monigong section of NH-913 Frontier Highway on Nafra Bomdila to Vijaynagar along China border in state of Arunachal pradesh on EPC mode,NHIDCL,,Arunachal Pradesh (05/2025),2023-12,,,11.0,2027.0,2026-02,FlashReport_February_2026.pdf,Table 4: Newly Added Projects
618426,Construction/Up gradation of Existing road to 2 Lane with Paved Shoulder including Geometric Improvement from Ranipool to Pakyong Balance work from Km 2.000 to 16.167 of NH-717-A on EPC basis under SARDP-NE Phase A in the State of Sikkim,NHIDCL,,Sikkim (01/2023),2018-03,,,7.0,2024.0,2026-02,FlashReport_February_2026.pdf,Table 4: Newly Added Projects
618428,Realignment of NH-717A from Design Ch.0.00 Km 77.800 of NH-10 to Design Ch.2.00 Km 3.100 of NH-717A with two lane paved shoulder including Major Bridge of 680 m in the State of Sikkim on EPC Mode-COS work,NHIDCL,,Sikkim (04/2021),2021-01,,,4.0,2023.0,2026-02,FlashReport_February_2026.pdf,Table 4: Newly Added Projects
618445,Construction of 2-Laning with hard shoulders of Demwe-Brahmakund section of NH-13 from Ch.0.00 km to 18.464 km on EPC under SARDP-NE NHO-NE -Balance Work,NHIDCL,,Arunachal Pradesh (06/2025),2020-08,,,12.0,2027.0,2026-02,FlashReport_February_2026.pdf,Table 4: Newly Added Projects
618464,Vadodara Mumbai Expressway Ena -Kim Phase IB - Pkg VI [Km 217.500 to Km 254.430],National Highways Authority of India [NHAI],,Gujarat (12/2021),2020-05,,,12.0,2023.0,2026-02,FlashReport_February_2026.pdf,Table 4: Newly Added Projects
618466,Vadodara Mumbai Expressway Jujuwa - Gandeva from Km. 154.600 to Km. 190.000 Phase-I Package-VIII,National Highways Authority of India [NHAI],,Gujarat (08/2024),2023-07,,,3.0,2026.0,2026-02,FlashReport_February_2026.pdf,Table 4: Newly Added Projects
618467,Vadodara Mumbai Expressway Karvad - Jujuwa from Km. 128.000 to Km. 154.600 Phase-I Package-IX,National Highways Authority of India [NHAI],,Gujarat (04/2024),2023-07,,,10.0,2025.0,2026-02,FlashReport_February_2026.pdf,Table 4: Newly Added Projects
618507,"Balance work of Six Laning of Shamlaji-Motachiloda from Km. 401.200 to Km.494.410 section Design Chainage Km.447.385 to Km 540.595, Length- 93.210 Km of old NH-8 NH-48 in the state of Gujarat on single Percentage Item Rate Contract",National Highways Authority of India [NHAI],,Gujarat (08/2024),2024-06,,,6.0,2025.0,2026-02,FlashReport_February_2026.pdf,Table 4: Newly Added Projects
618508,Construction of Additional Structures including Approaches in Vadodara Surat Section of NH48 between existing Km. 108.000 to Km. 250.000,National Highways Authority of India [NHAI],,Gujarat (01/2025),2024-03,,,1.0,2027.0,2026-02,FlashReport_February_2026.pdf,Table 4: Newly Added Projects
618511,Upgradation & rehabilitation of Service Roads on both sides in urban areas of Pune City on PuneSatara section of NH48,National Highways Authority of India [NHAI],,Maharashtra (06/2025),2025-01,,,6.0,2026.0,2026-02,FlashReport_February_2026.pdf,Table 4: Newly Added Projects
618518,Davanagere - Haveri of NH-48 Old NH-4 from km. 260.00 to km. 338.923,National Highways Authority of India [NHAI],,Karnataka,2018-01,,,7.0,2020.0,2026-02,FlashReport_February_2026.pdf,Table 4: Newly Added Projects
618520,4L of km 0.00 to km 42.00 of Dobbaspet to Doddaballapura Bypass section of NH-648 old NH-207] [Bangalore Ring Road Pkg 1],National Highways Authority of India [NHAI],,Karnataka (04/2021),2020-08,,,4.0,2023.0,2026-02,FlashReport_February_2026.pdf,Table 4: Newly Added Projects
618526,6L of Gundugolanu Design km 1023.280 to Kalaparru Design km 1050.680 of NH-5 New NH-16,National Highways Authority of India [NHAI],,Andhra Pradesh (01/2020),2018-10,,,7.0,2021.0,2026-02,FlashReport_February_2026.pdf,Table 4: Newly Added Projects
618538,Construction of Ring Road around kanpur from Ch.51.200 to Ch. 68.650 Badarka to Harbanch-Uchti Pkg-III,National Highways Authority of India [NHAI],,Uttar Pradesh (01/2025),2023-09,,,7.0,2027.0,2026-02,FlashReport_February_2026.pdf,Table 4: Newly Added Projects
618539,Construction of Ring Road Kanpur from Ch. 32.090 to Ch.51.200 Transganaga to Sathara Package-II B,National Highways Authority of India [NHAI],,Uttar Pradesh (03/2025),2024-08,,,9.0,2027.0,2026-02,FlashReport_February_2026.pdf,Table 4: Newly Added Projects
618556,"Construction of 26 VUPs, Major Bridge, Service Road etc. on Lalitpur-Sagar- Lakhnadon section of NH-44 NS",National Highways Authority of India [NHAI],,"Multi-States (Madhya Pradesh, Uttar Pradesh)",,2023-02,2024-03,3.0,2026.0,2026-02,FlashReport_February_2026.pdf,Table 4: Newly Added Projects
618561,Improving the Alignment of Thoppur Ghat Section from Km 158.500 to Km 165.100 in Dharmapuri - Salem Section of NH-44,National Highways Authority of India [NHAI],,Tamil Nadu (03/2025),2024-03,,,3.0,2028.0,2026-02,FlashReport_February_2026.pdf,Table 4: Newly Added Projects
618562,Dindigul Bypass - Samyanallore from km. 373.275 to km. 426.00,National Highways Authority of India [NHAI],,Tamil Nadu,2006-07,,,1.0,2009.0,2026-02,FlashReport_February_2026.pdf,Table 4: Newly Added Projects
618564,6L with PS of Samakhiyali to Santalpur section from km. 339.700 to Km. 430.100 of NH-27,National Highways Authority of India [NHAI],,Gujarat (12/2023),2023-01,,,12.0,2025.0,2026-02,FlashReport_February_2026.pdf,Table 4: Newly Added Projects
618568,4/6L Southern Ayodhya Bypass from Km 5.000 to Km 37.172 starting near Km. 112.540 and ending at Km. 153.281 of NH-27,NHAI,,Uttar Pradesh (03/2025),2024-08,,,9.0,2027.0,2026-02,FlashReport_February_2026.pdf,Table 4: Newly Added Projects
618574,Balance Works of 4L of NH-31D from Km. 113.200 to Km. 154.854 Package-II A Ghoshpukur-Salsalabari Section,National Highways Authority of India [NHAI],,West Bengal (12/2024),2023-11,,,6.0,2027.0,2026-02,FlashReport_February_2026.pdf,Table 4: Newly Added Projects
618577,Dwarka Expressway Pkg-III Delhi/HR Border to Start of RoB Gurugram,National Highways Authority of India [NHAI],,"Multi-States (Delhi, Haryana) (11/2018)",2018-01,,,11.0,2020.0,2026-02,FlashReport_February_2026.pdf,Table 4: Newly Added Projects
618582,4L of Galgalia - Bahadurganj section from Km 0.000 to Km 49.000 Package-I of NH327E,National Highways Authority of India [NHAI],,Bihar (01/2022),2021-01,,,1.0,2024.0,2026-02,FlashReport_February_2026.pdf,Table 4: Newly Added Projects
618583,4L of Bahadurganj Araria section from Km 49.000 to Km 94.000 Package-II of NH- 327E,National Highways Authority of India [NHAI],,Bihar (01/2022),2021-01,,,1.0,2024.0,2026-02,FlashReport_February_2026.pdf,Table 4: Newly Added Projects
618585,"Project Assessment, Infrastructure Monitoring and Analytics for Nation-building 6L of Gonde Km. 439.038 to Pimpri Sado Km. 459.905 section of NH-848 Old NH-3",PAIMANA,,Maharashtra (10/2024),2024-02,,,4.0,2027.0,2026-02,FlashReport_February_2026.pdf,Table 4: Newly Added Projects
618586,Improvement and strengthening of existing 2 lane stretch to 2-Lane with PS 1.5m on both sides on Ghoti-Sinnar section of NH-160A using Thin White Topping 200mm thick in the State Of Maharashtra on EPC Mode,National Highways Authority of India [NHAI],,Maharashtra (06/2025),2025-03,,,6.0,2026.0,2026-02,FlashReport_February_2026.pdf,Table 4: Newly Added Projects
618591,"Construction of 6-lane flyover at Ainthapali junction and a 2-lane ROB LHS on NH-53 Earlier NH-6 in Sambalpur, on EPC mode in Odisha under NHO",National Highways Authority of India [NHAI],,Odisha (06/2024),2024-03,,,12.0,2026.0,2026-02,FlashReport_February_2026.pdf,Table 4: Newly Added Projects
618593,Balance work of Rehabilitation and Upgradation to four laning of Baharagora Singhara section of NH-49 from Km.229.727 to Km.238.990 Length 9.263 Km. including construction of five nos. of Elephant Underpasses EUP and fourteen nos. of Animal Underpasses AUP inside the buffer zone of Similipal Tiger Reserve Area in Bangriposi Ghat section in the State of Odisha on EPC Mode,National Highways Authority of India [NHAI],,Odisha (05/2025),2025-03,,,11.0,2027.0,2026-02,FlashReport_February_2026.pdf,Table 4: Newly Added Projects
618609,Construction of 4L Flyover from MES College Junction to Bogmalo Junction on NH-566 from Km. 7.106 to Km. 10.460 and 4L VUP at Queeny Nagar Junction from Km. 3.330 to Km. 4.550,National Highways Authority of India [NHAI],,Goa (08/2024),2024-01,,,7.0,2026.0,2026-02,FlashReport_February_2026.pdf,Table 4: Newly Added Projects
618611,Sangariya near Chautala-Rasisar near Bikaner section of NH-754K Phase-I AJ/SR- Package-7,National Highways Authority of India [NHAI],,Rajasthan (06/2021),2019-02,,,6.0,2023.0,2026-02,FlashReport_February_2026.pdf,Table 4: Newly Added Projects
618620,"Additional works 2VUPs, MR-10 junction flyover and underpass in Six lane Indore- Dewas section of NH-52 in the state of Madhya Pradesh on EPC Mode",National Highways Authority of India [NHAI],,Madhya Pradesh (01/2023),2022-08,,,7.0,2024.0,2026-02,FlashReport_February_2026.pdf,Table 4: Newly Added Projects
618623,4L Boregaon Buzurg to Shahpur Pkg I of Boregaon Buzurg to Muktainagar of NH 753L,National Highways Authority of India [NHAI],,Madhya Pradesh (02/2024),2022-11,,,1.0,2026.0,2026-02,FlashReport_February_2026.pdf,Table 4: Newly Added Projects
618624,Mangloor to Telangana Maharashtra Border,National Highways Authority of India [NHAI],,"Multi-States (Maharashtra, Telangana)",,2018-03,2019-04,4.0,2021.0,2026-02,FlashReport_February_2026.pdf,Table 4: Newly Added Projects
618625,Indore - Gujarat / MP Border from km. Km 9.500 to Km 171.000 of NH-59 in MP,National Highways Authority of India [NHAI],,Madhya Pradesh,2010-08,,,2.0,2013.0,2026-02,FlashReport_February_2026.pdf,Table 4: Newly Added Projects
618626,Four laning from Dive Ghat Km. 220.900 to Hadapsar Km. 234.150 of Mohol Alandi section Pkg VI of NH-965,National Highways Authority of India [NHAI],,Maharashtra (10/2024),2023-12,,,10.0,2026.0,2026-02,FlashReport_February_2026.pdf,Table 4: Newly Added Projects
618628,Strengthening of Existing Alignment of Pandharpur Town Part Bypassed Section of NH 965 from KM 36.230 to KM 44.230 from Chh. Shivaji Maharaj Chowk to Wakhari,National Highways Authority of India [NHAI],,Maharashtra (11/2023),2022-08,,,10.0,2025.0,2026-02,FlashReport_February_2026.pdf,Table 4: Newly Added Projects
618629,Nandigama Bypass and Kanchikacherla bypass,National Highways Authority of India [NHAI],,Andhra Pradesh (03/2018),2017-11,,,6.0,2019.0,2026-02,FlashReport_February_2026.pdf,Table 4: Newly Added Projects
618631,6L of MH/KN Border Nimbal Village to KN/TS Border Singnodi Village from Km. 162.5 to Km. 203.100 in Raichur of NH-150C Pkg-IV,National Highways Authority of India [NHAI],,"Multi-States (Karnataka, Telangana)",,2022-03,2022-11,5.0,2025.0,2026-02,FlashReport_February_2026.pdf,Table 4: Newly Added Projects
618636,"Project Assessment, Infrastructure Monitoring and Analytics for Nation-building Akkalkot MH/KN border New Greenfield corridor from Km 512.000 to Km 548.400 of NH-150C part of Akkalkot KN/TS Border section Package XIV",PAIMANA,,"Multi-States (Karnataka, Maharashtra)",,2023-03,2024-10,10.0,2026.0,2026-02,FlashReport_February_2026.pdf,Table 4: Newly Added Projects
618638,Tarsod - Fagne section of NH-6,National Highways Authority of India [NHAI],,Maharashtra (01/2019),2016-06,,,7.0,2021.0,2026-02,FlashReport_February_2026.pdf,Table 4: Newly Added Projects
618640,4L of Urga - Pathalgaon from Km. 70.200 to km. 157.745 of NH-130A,National Highways Authority of India [NHAI],,Chhattisgarh (02/2024),2022-03,,,8.0,2026.0,2026-02,FlashReport_February_2026.pdf,Table 4: Newly Added Projects
618641,4 Lane of CG/JH Border-Gumla from km 0.000 to km 32.370 of NH-43 in the State of Jhrkhand,National Highways Authority of India [NHAI],,Jharkhand (02/2026),2024-08,,,2.0,2028.0,2026-02,FlashReport_February_2026.pdf,Table 4: Newly Added Projects
618649,4 Lane with PS from Des. Ch 228.500 to Des. Ch. 273.400 of Belgaum-Hungund- Raichur Section of NH 748 A Package-6,National Highways Authority of India [NHAI],,Karnataka (11/2024),2023-03,,,11.0,2026.0,2026-02,FlashReport_February_2026.pdf,Table 4: Newly Added Projects
618650,4 Lane with PS from Des. Ch 89.900 to Des. Ch. 136.100 of Belgaum-Hungund- Raichur Section of NH-748A Package-3,National Highways Authority of India [NHAI],,Karnataka (04/2025),2024-01,,,4.0,2027.0,2026-02,FlashReport_February_2026.pdf,Table 4: Newly Added Projects
618652,Chakur Loha Section of NH-361 from km 114.600 to km 187.80,National Highways Authority of India [NHAI],,Maharashtra (03/2019),2018-03,,,3.0,2021.0,2026-02,FlashReport_February_2026.pdf,Table 4: Newly Added Projects
618653,Loha-Waranga Section of NH-361 from km 187.800 to km 244.369,National Highways Authority of India [NHAI],,Maharashtra (03/2019),2018-03,,,3.0,2021.0,2026-02,FlashReport_February_2026.pdf,Table 4: Newly Added Projects
618655,2L PS of Roshni to Ashapur Section of NH-347B from Design KM Ch. 89.900 to 114.000 KM Package III of Betul Khandwa,National Highways Authority of India [NHAI],,Madhya Pradesh (08/2024),2024-03,,,8.0,2026.0,2026-02,FlashReport_February_2026.pdf,Table 4: Newly Added Projects
618669,4 -Laning of MP/UP Border to Kabarai section of NH-34&35 from km 197.000 to km 242.991 Length 45.991 Km Sagar-Kabrai Package-5 under Bharat Mala Pariyojana EC in MP & UP on HAM,National Highways Authority of India [NHAI],,Uttar Pradesh (02/2025),2022-10,,,2.0,2027.0,2026-02,FlashReport_February_2026.pdf,Table 4: Newly Added Projects
618682,6L Korlam-Kantakapalle Section of NH-130CD Road from Km 421.100 to Km 445.100 Pkg-3,National Highways Authority of India [NHAI],,Andhra Pradesh (02/2022),2021-02,,,2.0,2024.0,2026-02,FlashReport_February_2026.pdf,Table 4: Newly Added Projects
618684,Outer Ring Road of Jabalpur Town from Manegaon to NH-45 Pkg-2,National Highways Authority of India [NHAI],,Madhya Pradesh (03/2024),2022-11,,,3.0,2026.0,2026-02,FlashReport_February_2026.pdf,Table 4: Newly Added Projects
618685,Outer Ring Road of Jabalpur Town from NH45 to Kushner Pkg-3,National Highways Authority of India [NHAI],,Madhya Pradesh (03/2024),2022-09,,,3.0,2026.0,2026-02,FlashReport_February_2026.pdf,Table 4: Newly Added Projects
618686,Outer Ring Road of Jabalpur Town from Kushner to Amjhar Road including Airport Connectivity Pkg-IV,National Highways Authority of India [NHAI],,Madhya Pradesh (03/2024),2022-08,,,3.0,2026.0,2026-02,FlashReport_February_2026.pdf,Table 4: Newly Added Projects
618690,"4 lanning of Aligarh Palwal section from km 0.00 to km 46.39 package -1 from khereshwar junction-kurana of NH33D , including khair & jattari bypass in the state of UP on HAM mode",National Highways Authority of India [NHAI],,Uttar Pradesh (03/2025),2024-03,,,3.0,2027.0,2026-02,FlashReport_February_2026.pdf,Table 4: Newly Added Projects
618692,Aligarh-Kanpur Pkg I [Aligarh-Bhadwas],National Highways Authority of India [NHAI],,Uttar Pradesh (02/2019),2018-03,,,6.0,2022.0,2026-02,FlashReport_February_2026.pdf,Table 4: Newly Added Projects
618696,Bellary to Byrapura Section km 253.600 to km 308.550 of NH-150A,National Highways Authority of India [NHAI],,"Multi-States (Andhra Pradesh, Karnataka)",,2018-03,2019-10,10.0,2021.0,2026-02,FlashReport_February_2026.pdf,Table 4: Newly Added Projects
618698,Challakere to Hariyur section from km 358.500 to km 414.205 of NH-150 A,National Highways Authority of India [NHAI],,Karnataka (01/2021),2018-03,,,1.0,2023.0,2026-02,FlashReport_February_2026.pdf,Table 4: Newly Added Projects
618699,Pipli Bhavnagar-Package 1 from km 136.025 to km 169.328,National Highways Authority of India [NHAI],,Gujarat (02/2019),2018-03,,,9.0,2021.0,2026-02,FlashReport_February_2026.pdf,Table 4: Newly Added Projects
618704,6L Flyover including RE Wall approaches with Flexible Pavement in the Elephant Corridor of Angul Sambalpur Section of NH-42 New NH-55 Km.202.533,National Highways Authority of India [NHAI],,Odisha (06/2024),2023-09,,,1.0,2027.0,2026-02,FlashReport_February_2026.pdf,Table 4: Newly Added Projects
618706,Bangalore-Nidagatta Pkg. I,National Highways Authority of India [NHAI],,Karnataka (05/2019),2018-02,,,11.0,2021.0,2026-02,FlashReport_February_2026.pdf,Table 4: Newly Added Projects
618728,6L Greenfield Varanasi-Ranchi-Kolkata Highway from junction with NH-19 & Varanasi Ring Road near Rewasa village to junction with Chandauli-Chainpur road near Khainti village from Km. 0.000 to Km. 27.000 - Pkg-1,National Highways Authority of India [NHAI],,"Multi-States (Bihar, Uttar Pradesh)",,2023-03,2024-11,11.0,2026.0,2026-02,FlashReport_February_2026.pdf,Table 4: Newly Added Projects
618743,Trichy 135.800 to Karur 218.000 section of NH-67 - Trichy Bypass,National Highways Authority of India [NHAI],,Tamil Nadu,2007-07,,,10.0,2024.0,2026-02,FlashReport_February_2026.pdf,Table 4: Newly Added Projects
618755,4L of left out existing road section from Lalgopalganj Km 161.450 to Nawabganj Km 180.200 in Prayagraj,National Highways Authority of India [NHAI],,"Multi-States (Rajasthan, Uttar Pradesh)",,2024-03,2025-04,3.0,2026.0,2026-02,FlashReport_February_2026.pdf,Table 4: Newly Added Projects
618762,Itarsi Km. 63.000 to Betul Km. 137.000 of NH-69 in Madhya Pradesh,National Highways Authority of India [NHAI],,Madhya Pradesh (02/2018),2017-08,,,2.0,2020.0,2026-02,FlashReport_February_2026.pdf,Table 4: Newly Added Projects
618766,Up-gradation to Four Lane with Paved Shoulder configuration of the highway starting from existing km 88.400 Savali Vihir to km 163.400 start of Ahmednagar bypass Design Length 75.000 km section of NH-160 in the State of Maharashtra under Bharatmala Pariyojana on EPC Mode,NHAI,,Maharashtra (04/2025),2024-10,,,4.0,2027.0,2026-02,FlashReport_February_2026.pdf,Table 4: Newly Added Projects
618773,Tuticorin - Tirunelveli from km. 0.00 to km. 47.250,National Highways Authority of India [NHAI],,Tamil Nadu,2010-04,,,4.0,2012.0,2026-02,FlashReport_February_2026.pdf,Table 4: Newly Added Projects
618776,4L of Greenfield section from Sirhind to Mohali,National Highways Authority of India [NHAI],,Punjab (05/2023),2022-03,,,5.0,2025.0,2026-02,FlashReport_February_2026.pdf,Table 4: Newly Added Projects
618782,4L of Bareilly-Pilibhit-Sitarganj from Km. 0.000 to Km. 32.500 of NH-30 Pkg-1,National Highways Authority of India [NHAI],,Uttar Pradesh (03/2024),2023-02,,,3.0,2026.0,2026-02,FlashReport_February_2026.pdf,Table 4: Newly Added Projects
618783,4-laning of Pilibhit - Sitarganj from Km. 32.500 to Km. 70.800 Pkg-2 of NH-30,National Highways Authority of India [NHAI],,"Multi-States (Uttar Pradesh, Uttarakhand)",,2023-01,2024-03,3.0,2026.0,2026-02,FlashReport_February_2026.pdf,Table 4: Newly Added Projects
618784,Balance works of 4 lane divided carriageway of Missing Link section of NH-39 Rewa Bypass from junction with NH 30 near Bela to Junction with MPRDC ring road near Silpara on SH 9 design length 13.100 km on EPC Mode under Bharatmala Pariyojana in the State of Madhya Pradesh,NHAI,,Madhya Pradesh (04/2024),2023-08,,,4.0,2026.0,2026-02,FlashReport_February_2026.pdf,Table 4: Newly Added Projects
618786,4L of Phagwara - Hoshiarpur,National Highways Authority of India [NHAI],,Punjab (03/2025),2022-11,,,3.0,2027.0,2026-02,FlashReport_February_2026.pdf,Table 4: Newly Added Projects
618793,4L of Fazilka to Abohar section of NH-07 including construction of Greenfield Abohar & Fazilka Bypasses,National Highways Authority of India [NHAI],,Punjab (04/2024),2023-03,,,4.0,2026.0,2026-02,FlashReport_February_2026.pdf,Table 4: Newly Added Projects
618805,6L Connectivity to Port Road from Sabbavaram Sheelanagar-NH516C,National Highways Authority of India [NHAI],,Andhra Pradesh (02/2026),2024-12,,,2.0,2028.0,2026-02,FlashReport_February_2026.pdf,Table 4: Newly Added Projects
618806,Improvement of 4L road to 6L road and 4L dedicated Port Roads for the Port connectivity road from Convent junction to Sheelanagar Junction,National Highways Authority of India [NHAI],,Andhra Pradesh (02/2024),2023-01,,,2.0,2026.0,2026-02,FlashReport_February_2026.pdf,Table 4: Newly Added Projects
618808,6L Elevated Kona Expressway from Km. 0.145 to Km. 7.337 of NH-117,National Highways Authority of India [NHAI],,West Bengal (06/2024),2023-03,,,12.0,2026.0,2026-02,FlashReport_February_2026.pdf,Table 4: Newly Added Projects
618812,4L Access Controlled Greenfield Section Mancherial Warangal from Puttapaka village at Design Ch. 35.300 Km to Pangidipalle village at Design Ch. 72.350 KmPackage-II,National Highways Authority of India [NHAI],,Telangana (06/2025),2023-01,,,6.0,2027.0,2026-02,FlashReport_February_2026.pdf,Table 4: Newly Added Projects
618813,4L Access Controlled Greenfield Section Mancherial Warangal from Narva village at Design Ch. 3.834 Km to Puttapaka village at Design Ch. 35.300 Km Package-I,National Highways Authority of India [NHAI],,Telangana (12/2024),2023-03,,,12.0,2026.0,2026-02,FlashReport_February_2026.pdf,Table 4: Newly Added Projects
618815,4L Access Controlled Greenfield Highway section on NH-163G Warangal-Khammam from Venkatpur village in Warangal District at Design Ch. 150.240 Km to Thallasenkesa village in Mahabubabed District at Design Ch. 189.650 kmPackage-II,National Highways Authority of India [NHAI],,Telangana (04/2024),2023-03,,,4.0,2026.0,2026-02,FlashReport_February_2026.pdf,Table 4: Newly Added Projects
618818,4L Access Controlled Greenfield Highway section on NH-163G Khammam Vijayawada from Remidicherla village at Design Ch. 280.200 Km to Jakkampudi village on NH-16 at Design Ch. 309.909 Km Package-III,National Highways Authority of India [NHAI],,"Multi-States (Andhra Pradesh, Telangana)",,2023-03,2025-05,5.0,2027.0,2026-02,FlashReport_February_2026.pdf,Table 4: Newly Added Projects
618822,Rehabilitation and Up gradation from 4 to 8 laning of Chandikhole Paradip Section of NH-53 Old NH 5A from Km.0.00 to Km.18.00Package-1,National Highways Authority of India [NHAI],,Odisha (12/2023),2023-03,,,12.0,2025.0,2026-02,FlashReport_February_2026.pdf,Table 4: Newly Added Projects
618823,4 laning of Barasat - Barajaguli Section of NH-12 from Km. 31.000 to Km. 48.679 in the district of North 24 - Parganas,National Highways Authority of India [NHAI],,West Bengal (08/2024),2024-02,,,2.0,2026.0,2026-02,FlashReport_February_2026.pdf,Table 4: Newly Added Projects
618824,"Development to 4-laning of the de-scoped stretches from Km 115.342 to Km 191.700 of NH-34 in Nadia District 3.962 & Murshidabad District 5.538 pertaining to Krishnagar to Berhampore section of NH-34 New NH-12 , in the state of West Bengal under NHO.",National Highways Authority of India [NHAI],,West Bengal (07/2024),2024-03,,,1.0,2026.0,2026-02,FlashReport_February_2026.pdf,Table 4: Newly Added Projects
618831,4L from Km 95.400 Udaipura to Km 147.450 Bhogu on NH-75 Sec-II,National Highways Authority of India [NHAI],,Jharkhand (10/2024),2023-03,,,10.0,2026.0,2026-02,FlashReport_February_2026.pdf,Table 4: Newly Added Projects
618832,4L from Km 55.00 Kuru to Km 95.400 Udaipura on NH-75 Sec-I,National Highways Authority of India [NHAI],,Jharkhand (01/2026),2024-02,,,1.0,2028.0,2026-02,FlashReport_February_2026.pdf,Table 4: Newly Added Projects
618844,Viluppuram Km.0.000 to Puducherry Km.29.000,National Highways Authority of India [NHAI],,"Multi-States (Puducherry, Tamil Nadu)",,2018-03,2021-11,11.0,2023.0,2026-02,FlashReport_February_2026.pdf,Table 4: Newly Added Projects
618846,Poondiyankuppam Km.67.000 to Sattanathapuram Km.123.800,National Highways Authority of India [NHAI],,Tamil Nadu (01/2022),2018-03,,,1.0,2024.0,2026-02,FlashReport_February_2026.pdf,Table 4: Newly Added Projects
618851,Pandoh bypass 221.305 to Takoli 242.000 of NH-21 in the state of Himachal Pradesh,National Highways Authority of India [NHAI],,Himachal Pradesh (03/2018),2017-06,,,9.0,2021.0,2026-02,FlashReport_February_2026.pdf,Table 4: Newly Added Projects
618853,Construction of Four lane Elevated Structure at Raniwada Circle in Sanchore City on NH-68,National Highways Authority of India [NHAI],,Rajasthan (07/2024),2024-01,,,7.0,2026.0,2026-02,FlashReport_February_2026.pdf,Table 4: Newly Added Projects
618858,"Project Assessment, Infrastructure Monitoring and Analytics for Nation-building Improvement and Up-Gradation of Existing Road to 4L PS from Km 88.750 to 123.650, from Start of Shahjahanpur Bypass to start of Shahabad bypass of NH 731Pkg.-2A",PAIMANA,,Uttar Pradesh (01/2024),2022-09,,,1.0,2026.0,2026-02,FlashReport_February_2026.pdf,Table 4: Newly Added Projects
618862,Bakhtiyarpur-Rajauli Pkg-III from km. 101.630 to km.152.520,National Highways Authority of India [NHAI],,Bihar (12/2021),2020-09,,,6.0,2024.0,2026-02,FlashReport_February_2026.pdf,Table 4: Newly Added Projects
618863,Barhi-Koderma Section of NH31 km 0.00 - km 27.5,National Highways Authority of India [NHAI],,Jharkhand (11/2019),2017-02,,,8.0,2024.0,2026-02,FlashReport_February_2026.pdf,Table 4: Newly Added Projects
618868,4L from Devinagar Bypass End Existing Km. 208.000 of NH 530B/Design Km. 66.000 to Kasganj Bypass End Existing Km.150.100 of NH 530B/ Design Km. 123.100 of NH 530B,National Highways Authority of India [NHAI],,Uttar Pradesh (06/2024),2023-03,,,6.0,2026.0,2026-02,FlashReport_February_2026.pdf,Table 4: Newly Added Projects
618870,"Project Assessment, Infrastructure Monitoring and Analytics for Nation-building 4L PS from near Hemmige Village Periyapatna - Hassan Road Jn. to near Hunsur - KR Nagar Jn section from Km. 144.900 to Km. 169.000 of NH-275 Pkg. III",PAIMANA,,Karnataka (04/2025),2023-02,,,4.0,2027.0,2026-02,FlashReport_February_2026.pdf,Table 4: Newly Added Projects
618872,4L PS from near Hunsur - KR Nagar Junction to near Yalachahalli village KR Nagara - Yelawala Road Junction fcrom Km 169.000 to Km 195.550 of NH-275 Pkg-IV,National Highways Authority of India [NHAI],,Karnataka (04/2025),2023-02,,,4.0,2027.0,2026-02,FlashReport_February_2026.pdf,Table 4: Newly Added Projects
618873,4L PS from near Yalachahalli village KR Nagara - Yelawala Road junction to Srirangapatna Bypass Near Paschima Vahini from km 195.550 to Km 214.535 of NH- 275 Pkg-V,National Highways Authority of India [NHAI],,Karnataka (04/2025),2023-01,,,4.0,2027.0,2026-02,FlashReport_February_2026.pdf,Table 4: Newly Added Projects
618874,Four Laning of Trichy - Dindigul from km. 333.00 to km. 421.273 of NH-45,National Highways Authority of India [NHAI],,Tamil Nadu,2008-01,,,7.0,2010.0,2026-02,FlashReport_February_2026.pdf,Table 4: Newly Added Projects
618875,4L of Haridwar Nagina section Design Ch. LME from km 13.829 to km 17.110 & km 26.077 to km 27.508 and Design Ch. RME from km 13.839 to km 17.120 & km 26.078 to km 27.509 of EUP mitigation measures on NH74,National Highways Authority of India [NHAI],,Uttarakhand (08/2022),2021-11,,,2.0,2024.0,2026-02,FlashReport_February_2026.pdf,Table 4: Newly Added Projects
618876,4L of Nagina-Kashipur section from km. 73.00 to km. 175.00 of NH-74,National Highways Authority of India [NHAI],,"Multi-States (Uttar Pradesh, Uttarakhand)",,2015-01,2017-10,4.0,2020.0,2026-02,FlashReport_February_2026.pdf,Table 4: Newly Added Projects
618879,Rehabilitation and Upgradation to 2L PS configuration & Strengthening of Padhar to Bijni section from Km 180.000 to Km 202.815 of NH-154 Pkg-VA,National Highways Authority of India [NHAI],,Himachal Pradesh (11/2024),2022-06,,,11.0,2026.0,2026-02,FlashReport_February_2026.pdf,Table 4: Newly Added Projects
618880,Rehabilitation and Up-gradation to 4L configuration & Strengthening of Thanpuri to Paror section from Km 85.135 to Km 100.840 of NH-154 Pkg-IIC,National Highways Authority of India [NHAI],,Himachal Pradesh (03/2024),2022-07,,,12.0,2025.0,2026-02,FlashReport_February_2026.pdf,Table 4: Newly Added Projects
618891,4L PS from Kalar Bala Village to Nauni Chowk of NH 205 from Km 41.000 to Km 58.450,National Highways Authority of India [NHAI],,Himachal Pradesh (05/2025),2024-01,,,5.0,2027.0,2026-02,FlashReport_February_2026.pdf,Table 4: Newly Added Projects
618893,Varanasi Gorakhpur Section Packege IV from km. 149.540 to km. 215.160 Mau- Gorakhpur,National Highways Authority of India [NHAI],,Uttar Pradesh (04/2017),2015-04,,,10.0,2019.0,2026-02,FlashReport_February_2026.pdf,Table 4: Newly Added Projects
618898,Balance Works for Four laning of Vikravandi to Sethiyathope section from Km 0.0 to Km 65.96 of NH-45C in Tamil Nadu under NHDP Phase-IV on EPC mode,National Highways Authority of India [NHAI],,Tamil Nadu (06/2025),2025-01,,,6.0,2027.0,2026-02,FlashReport_February_2026.pdf,Table 4: Newly Added Projects
618899,"Project Assessment, Infrastructure Monitoring and Analytics for Nation-building Kallagam km.38.700 to Meensurutti Km.98.433 of NH-227 in Tamil Nadu",PAIMANA,,Tamil Nadu (04/2019),2018-02,,,4.0,2021.0,2026-02,FlashReport_February_2026.pdf,Table 4: Newly Added Projects
618901,4L PS Divided Carriageway from Patan Near Rajpur to Gojariya From Km 52.000 to Km 128.940 of NH-68,National Highways Authority of India [NHAI],,Gujarat (03/2023),2021-12,,,3.0,2025.0,2026-02,FlashReport_February_2026.pdf,Table 4: Newly Added Projects
618905,Widening with additional 3L abetting Chhapra Bypass Section of NH-19 from Km. 143.200 to Km. 159.255 Pkg-1,National Highways Authority of India [NHAI],,Bihar (08/2024),2024-02,,,8.0,2026.0,2026-02,FlashReport_February_2026.pdf,Table 4: Newly Added Projects
618907,2L/4L of Hoshiarpur to Una section including Hoshiarpur Bypass of NH 503A,National Highways Authority of India [NHAI],,"Multi-States (Himachal Pradesh, Punjab)",,2023-03,2025-05,5.0,2027.0,2026-02,FlashReport_February_2026.pdf,Table 4: Newly Added Projects
618912,Construction of Rudrapur Bypass Section from Km. 0.000 to 20.640 in the state of Uttar Pradesh & Uttarakhand,National Highways Authority of India [NHAI],,"Multi-States (Uttar Pradesh, Uttarakhand)",,2023-03,2024-01,1.0,2026.0,2026-02,FlashReport_February_2026.pdf,Table 4: Newly Added Projects
618917,4L Greenfield starting from NH-30 near Saristabad Patna to Nathupur Project end point of Patna-Gaya-Dobhi Section of NH-83,National Highways Authority of India [NHAI],,Bihar (03/2024),2023-07,,,8.0,2025.0,2026-02,FlashReport_February_2026.pdf,Table 4: Newly Added Projects
618922,4L of Shakral Village to Dhalli Section from Km 146.300 to Km 156.560 Shimla Bypass - Pkg II and Shimla connectivity from Km 0.000 to Km 0.725 of NH-5,National Highways Authority of India [NHAI],,Himachal Pradesh (03/2024),2022-04,,,3.0,2027.0,2026-02,FlashReport_February_2026.pdf,Table 4: Newly Added Projects
618924,2L PS of Najibabad Kotdwar section from 112.575 to Km. 138.635 of NH 119,National Highways Authority of India [NHAI],,Uttar Pradesh (03/2024),2021-10,,,9.0,2025.0,2026-02,FlashReport_February_2026.pdf,Table 4: Newly Added Projects
618926,4L of Siwan- Masrakh section of Ram Janki Marg from Km 230.385 to Km 281.391 of NH-227A,National Highways Authority of India [NHAI],,Bihar (11/2024),2022-08,,,11.0,2026.0,2026-02,FlashReport_February_2026.pdf,Table 4: Newly Added Projects
618927,4L of Moradabad-Thakurdwara-Kashipur Section from Km. 0.000 to Km. 38.77 of NH- 734 Pkg-II,National Highways Authority of India [NHAI],,Uttar Pradesh (03/2024),2022-10,,,3.0,2026.0,2026-02,FlashReport_February_2026.pdf,Table 4: Newly Added Projects
618929,4L of Moradabad western side spur connecting NH-734 & NH-24 from Km. 0.000 to Km. 33.200 Pkg-I,National Highways Authority of India [NHAI],,Uttar Pradesh (09/2023),2022-11,,,9.0,2025.0,2026-02,FlashReport_February_2026.pdf,Table 4: Newly Added Projects
618941,4L of Bamni - Rajura - Warur - Devada upto M.S. Border of NH - 930D from km 19.000 to km 51.985,National Highways Authority of India [NHAI],,"Multi-States (Maharashtra, Telangana)",,2022-03,2024-03,3.0,2026.0,2026-02,FlashReport_February_2026.pdf,Table 4: Newly Added Projects
618944,Hyderabad - Maneguda,National Highways Authority of India [NHAI],,Telangana (11/2024),2021-10,,,11.0,2026.0,2026-02,FlashReport_February_2026.pdf,Table 4: Newly Added Projects
618954,Umagaon - Saharsa Package - I Combined Umagaon-Kaluahi0.000KM to 21.609Km of NH227LSaharghat-Rahika0.000 Km to 26.130KM of NH227JRahika-Rampatti 0.00 KM to 15.00KM of NH527ABideshwarsthan-Bheja0.000KM to 25.915KM of NH527A.,NHAI,,Bihar (01/2025),2022-08,,,7.0,2027.0,2026-02,FlashReport_February_2026.pdf,Table 4: Newly Added Projects
618956,Construction of Major Bridge over Baghmati and Lakhandei River along with Approaches from Design km.16.500 to km.21.500,NHAI,,Bihar (10/2024),2024-02,,,4.0,2027.0,2026-02,FlashReport_February_2026.pdf,Table 4: Newly Added Projects
618957,4 laning of Champa - Korba from km 0.00 to km 38.2,National Highways Authority of India [NHAI],,Chhattisgarh (01/2022),2021-02,,,1.0,2024.0,2026-02,FlashReport_February_2026.pdf,Table 4: Newly Added Projects
618958,2L with ES of Yagyi - Kalewa section from Milepost 40/0 to Milepost 115/5 in Myanmar,National Highways Authority of India [NHAI],,Assam (05/2018),2017-12,,,6.0,2023.0,2026-02,FlashReport_February_2026.pdf,Table 4: Newly Added Projects
618963,Construction work of 4-laning of Shahganj bypass end to Badi Package-IV of NH-146B from design km 102.000 to design km 142.357 Design length 40.357 km,National Highways Authority of India [NHAI],,Madhya Pradesh (03/2025),2024-02,,,3.0,2027.0,2026-02,FlashReport_February_2026.pdf,Table 4: Newly Added Projects
619007,Upgradation of Sarvardewla to Pal MP/MH Border Road section of NH-347 C from Design Chainge km 81.600 to 137.400 Total length 55.80 km to two lane with paved shoulder configuration along with One time improvement of 1 .95 km in the State of Madhya Pradesh on EPC mode.,MoRTH,,Madhya Pradesh (01/2026),2023-03,,,1.0,2028.0,2026-02,FlashReport_February_2026.pdf,Table 4: Newly Added Projects
619045,Construction of New Double Tier 4L Elevated Corridor from Chennai Port to Maduravoyal in Chennai District from km -0.342 to Km 20.593 and Package IV from Km 14.185 to Km 20.593,National Highways Authority of India [NHAI],,Tamil Nadu (11/2023),2023-03,,,5.0,2026.0,2026-02,FlashReport_February_2026.pdf,Table 4: Newly Added Projects
619171,RPR FOR DURGAPUR OCP 10 MTY,SECL - CIL,,Chhattisgarh (09/2025),2025-09,,,3.0,2032.0,2026-02,FlashReport_February_2026.pdf,Table 4: Newly Added Projects
619172,MADANNAGAR OCP 12 MTY - MDO Ministry of Petroleum & Natural Gas Total (2) 4275.1,SECL - CIL,,Chhattisgarh (12/2024),2024-12,,,3.0,2029.0,2026-02,FlashReport_February_2026.pdf,Table 4: Newly Added Projects
619181,Rehabilitation and Up gradation from 4 to 8 laning of Chandikhole Paradip Section of NH-53 Old NH 5A from Km.60.000 to Km.76.646 Package-4,National Highways Authority of India [NHAI],,Odisha (11/2024),2023-03,,,10.0,2026.0,2026-02,FlashReport_February_2026.pdf,Table 4: Newly Added Projects
619183,Widening of Existing Road from Intermediate Lane 2-lane to 4-lane Between Km 19.994 to Km 35.180 of NH-848A Rakholi-Khadoli-Velugam Section in U.T. of Dadra and Nagar Haveli and Daman and Diu,MoRTH,,Dadra & Nagar Haveli and Daman & Diu,,2022-10,2024-02,2.0,2026.0,2026-02,FlashReport_February_2026.pdf,Table 4: Newly Added Projects
619184,"Rehabilitation and up-gradation of section to Intermediate/2-Lane with hard shoulder from Km 107.760 to Km 129.445 After Middle strait to Humphrey, Km 130.600 to Km 138.00 After Humphrey to Kadamtala & Km 155.00 to Km 181.0 End of Jarwa to Rangat of NH-04 in UT of A&N on EPC Package-IIIA",NHIDCL,,Andaman & Nicobar (03/2024),2018-02,,,9.0,2025.0,2026-02,FlashReport_February_2026.pdf,Table 4: Newly Added Projects
619185,Rehabilitation and up-gradation and completion of balance work of section from Km 155.00 to Km 181.00 End of Jarwa to Rangat of NH -4 Total length 26 Km to Intermediate Lane/2-lane with hard shoulders in the UT of A&N Islands on EPC basis - Package-III.B Balance work,NHIDCL,,Andaman & Nicobar (05/2024),2018-02,,,10.0,2025.0,2026-02,FlashReport_February_2026.pdf,Table 4: Newly Added Projects
619186,Construction of Balance works of Major Bridge over Middle Strait Creek between Km.106.590 to km108.553 of NH-04 connecting South Andaman & Baratang Island in the Union Territory of Andaman & Nicobar Islands on EPC basis,NHIDCL,,Andaman & Nicobar (05/2024),2015-03,,,2.0,2026.0,2026-02,FlashReport_February_2026.pdf,Table 4: Newly Added Projects
619187,"Project Assessment, Infrastructure Monitoring and Analytics for Nation-building Slope protection and landslide mitigation at 4 vulnerable locations km 1.950 to Km 2.100, km 11.100 to 11.450, km 22.435 to km 22.485 and km 22.610 to km 22.680 within Sevoke-Rangpo section of NH-10 old NH-31A in Darjeeling & Kalimpong district in the State of West Bengal on EPC mode Total (258) 237953.86",PAIMANA,,West Bengal,2025-06,,,6.0,2027.0,2026-02,FlashReport_February_2026.pdf,Table 4: Newly Added Projects
619191,Kanpur LPG Bottling Plant Ministry of Road Transport & Highways Roads & Highways Total (6) 15549.54,MinistryofPetroleumNaturalGas,,Uttar Pradesh (09/2025),2025-09,,,9.0,2027.0,2026-02,FlashReport_February_2026.pdf,Table 4: Newly Added Projects
619193,Rehabilitation and upgradation of NH-221 from km 121/0 to 165/0 Rudrampur to Bhadrachalam section to two lane with paved shoulder under NHDPIV in the state of Telangana through EPC mode,MoRTH,,Telangana (02/2015),2015-01,,,2.0,2017.0,2026-02,FlashReport_February_2026.pdf,Table 4: Newly Added Projects
619196,Change of service of existing Mundra-Panipat Pipeline [Panipat - Churwa section] from Crude oil to Product,IOCL,,Haryana (05/2025),2025-05,,,3.0,2027.0,2026-02,FlashReport_February_2026.pdf,Table 4: Newly Added Projects
619197,Delhi-Vadodara Greenfield Alignment NH-148N Pkg-27 Ch.729.700 to Ch.756.052,National Highways Authority of India [NHAI],,Gujarat (02/2022),2020-09,,,2.0,2024.0,2026-02,FlashReport_February_2026.pdf,Table 4: Newly Added Projects
619198,Vadodara Mumbai Expressway Phase II - Pkg XII [Km. 50.700 to Km. 77.000] Masvan - Ganjad,National Highways Authority of India [NHAI],,Maharashtra (03/2022),2020-08,,,3.0,2024.0,2026-02,FlashReport_February_2026.pdf,Table 4: Newly Added Projects
619199,Bangalore Chennai Expressway Phase-II Pkg-I from km.71.000 to Km 96.000 Bethamangala in the state of Karnataka to Byreddypalli,National Highways Authority of India [NHAI],,"Multi-States (Andhra Pradesh, Karnataka)",,2020-12,2022-10,10.0,2024.0,2026-02,FlashReport_February_2026.pdf,Table 4: Newly Added Projects
619201,"Project Assessment, Infrastructure Monitoring and Analytics for Nation-building Karnal ring road Lot-4/Pkg-1",PAIMANA,,Haryana (08/2023),2022-11,,,8.0,2025.0,2026-02,FlashReport_February_2026.pdf,Table 4: Newly Added Projects
619202,Dwarka Expressway from Km -0.600 to Km 5.300 - Pkg-I Shivmurti Chowk-RuB near Dwarka Sector 21,National Highways Authority of India [NHAI],,Delhi (09/2020),2018-03,,,9.0,2022.0,2026-02,FlashReport_February_2026.pdf,Table 4: Newly Added Projects
619203,Vadape to Thane from km 539.202 to km 563.000 section of NH-3 new NH-848,National Highways Authority of India [NHAI],,Maharashtra (01/2019),2018-03,,,7.0,2021.0,2026-02,FlashReport_February_2026.pdf,Table 4: Newly Added Projects
619205,Six Laning of KT/KL Border Thalapaddy -Chengala from Km. 17.200 to Km. 57.20,National Highways Authority of India [NHAI],,"Multi-States (Karnataka, Kerala)",,2020-05,2021-11,5.0,2024.0,2026-02,FlashReport_February_2026.pdf,Table 4: Newly Added Projects
619206,6L of Perole Nileshwar town to Taliparamba from Km 94.248 to Km 134.650 of NH-66,National Highways Authority of India [NHAI],,Kerala (10/2021),2020-06,,,1.0,2024.0,2026-02,FlashReport_February_2026.pdf,Table 4: Newly Added Projects
619207,Start of Kollam Bypass - Kadambattukonam,National Highways Authority of India [NHAI],,Kerala (10/2022),2021-06,,,3.0,2025.0,2026-02,FlashReport_February_2026.pdf,Table 4: Newly Added Projects
619208,Kadambattukonam-Kazhakuttom,National Highways Authority of India [NHAI],,Kerala (07/2022),2021-12,,,1.0,2025.0,2026-02,FlashReport_February_2026.pdf,Table 4: Newly Added Projects
619209,4L of existing 2/4L stretch from Lonand to Dive Ghat Km 166.400 to Km 220.900 of Mohol Alandi section of NH-965 Pkg - V,National Highways Authority of India [NHAI],,Maharashtra (05/2022),2021-10,,,5.0,2024.0,2026-02,FlashReport_February_2026.pdf,Table 4: Newly Added Projects
619210,Dharampuri-Lonand from km. 117.00 to 166.40 Pkg-IV on Mohol-Alandi Section,National Highways Authority of India [NHAI],,Maharashtra (09/2021),2021-01,,,9.0,2023.0,2026-02,FlashReport_February_2026.pdf,Table 4: Newly Added Projects
619211,6L of MH/KN Border Nimbal Village to KN/TS Border Singnodi Village from Km. 97.000 to Km. 162.500 in Yadgir of NH-150C Pkg-III,National Highways Authority of India [NHAI],,Karnataka (04/2023),2022-03,,,10.0,2025.0,2026-02,FlashReport_February_2026.pdf,Table 4: Newly Added Projects
619212,6L Access Controlled Greenfield Highway of Julekal village to Dinnedevarapadu village from Km 242.200 to Km 280.400 Pkg-2,National Highways Authority of India [NHAI],,"Multi-States (Andhra Pradesh, Telangana)",,2022-01,2023-01,1.0,2025.0,2026-02,FlashReport_February_2026.pdf,Table 4: Newly Added Projects
619213,6L of Hatibena - Badakumari Section from Km 146.50 to km 179.00 of NH-130-CD Package OD-2,National Highways Authority of India [NHAI],,Odisha (03/2022),2021-02,,,3.0,2024.0,2026-02,FlashReport_February_2026.pdf,Table 4: Newly Added Projects
619214,4L of Channarayapatna Bypass and Hassan Bypass with structures in Devihalli - Hassan section,National Highways Authority of India [NHAI],,Karnataka (01/2021),2020-04,,,1.0,2023.0,2026-02,FlashReport_February_2026.pdf,Table 4: Newly Added Projects
619215,Cuttack-Angul Section of NH-42 New NH-55 from Km.60.200 to Km. 112.000 Pkg-II in the State of Odisha,National Highways Authority of India [NHAI],,Odisha (03/2018),2017-10,,,9.0,2020.0,2026-02,FlashReport_February_2026.pdf,Table 4: Newly Added Projects
619216,6L access Controlled Greenfield Highway from Adhoya Musalmana to Sadopur section of Shamli -Ambala Package-III Design Ch. Form km 84.400 to km 121.786,National Highways Authority of India [NHAI],,"Multi-States (Haryana, Punjab)",,2022-05,2023-05,5.0,2025.0,2026-02,FlashReport_February_2026.pdf,Table 4: Newly Added Projects
619217,4L of Haridwar-Nagina section from km. 0.00 to km. 71.614 of NH-74,National Highways Authority of India [NHAI],,"Multi-States (Uttar Pradesh, Uttarakhand)",2018-01,,,7.0,2020.0,2026-02,FlashReport_February_2026.pdf,Table 4: Newly Added Projects
619218,4L Tumkur-Shimoga Pkg-I from Mallasandra to Karadi village of NH-206 from Km. 12.300 to Km. 65.195,National Highways Authority of India [NHAI],,Karnataka (10/2019),2018-02,,,10.0,2021.0,2026-02,FlashReport_February_2026.pdf,Table 4: Newly Added Projects
619219,4L of Tumkur-Shimoga Pkg-II from Km 65.195 Karadi to Km 121.900 Banawara of NH-,National Highways Authority of India [NHAI],,Karnataka (10/2019),2018-02,,,10.0,2021.0,2026-02,FlashReport_February_2026.pdf,Table 4: Newly Added Projects
619220,Tumkur-Shimoga Pkg-III from Km 121.900 Banawara to Km 170.415 Bettadahalli of Old NH-206,National Highways Authority of India [NHAI],,Karnataka (03/2021),2018-02,,,3.0,2023.0,2026-02,FlashReport_February_2026.pdf,Table 4: Newly Added Projects
619222,"Balance works of four lane from km 43.950 Thiruvallur Bypass to km 61.470 Veppampattu Bypass passing through Thannerkulam, Thozur and Sevapet Bypass 17.520 kms of Tirupathi- Tiruttani- Chennai section of NH 205",National Highways Authority of India [NHAI],,Tamil Nadu (09/2022),2022-03,,,9.0,2024.0,2026-02,FlashReport_February_2026.pdf,Table 4: Newly Added Projects
619223,Petro Resid Fluidized Catalytic Cracking [PRFCC] Unit and its associated facilities at Mumbai Refinery,Ministry of Petroleum & Natural Gas,,Maharashtra (05/2025),2025-05,,,9.0,2029.0,2026-02,FlashReport_February_2026.pdf,Table 4: Newly Added Projects
619224,Augmentation of DUPL-DPPL Pipeline,Ministry of Petroleum & Natural Gas,,Maharashtra (06/2025),2025-06,,,3.0,2028.0,2026-02,FlashReport_February_2026.pdf,Table 4: Newly Added Projects
619225,Installation of Compression facility at GAIL Usar,Ministry of Petroleum & Natural Gas,,Maharashtra (04/2025),2025-04,,,4.0,2027.0,2026-02,FlashReport_February_2026.pdf,Table 4: Newly Added Projects
619226,Provision of four bitumen tanks with capacity of 5 TMT each at Visakh Refinery,Ministry of Petroleum and Natural Gas,,Andhra Pradesh (09/2025),2025-09,,,3.0,2028.0,2026-02,FlashReport_February_2026.pdf,Table 4: Newly Added Projects
629880,Construction of 6 lane elevated corridor including its approaches from Km. 629880 to Km. 634470 Design Chainage of NH-16 in Ranasthalam Town portion in the state of Andhra Pradesh on EPC Mode under NHO.,National Highways Authority of India [NHAI],,Andhra Pradesh (03/2025),2024-07,,,3.0,2027.0,2026-02,FlashReport_February_2026.pdf,Table 4: Newly Added Projects
701402,"Subernarekha Project, Odisha Ministry of Coal Coal Total (2) 24085.88","Department of Water Resources, River Development & GR",,Odisha,1998-01,,,12.0,2019.0,2026-02,FlashReport_February_2026.pdf,Table 4: Newly Added Projects
701530,Ken-Betwa Linking Development Project,"Department of Water Resources, River Development,",,"Multi-States (Madhya Pradesh, Uttar Pradesh)",2022-03,,,3.0,2029.0,2026-02,FlashReport_February_2026.pdf,Table 4: Newly Added Projects
71000,Delhi-Amritsar-Katra Expressway Phase-I Spur-III from Junction with Amritsar- Jalandhar road NH-3 near Bhishambarpura to Junction with Amritsar-Anjala road NH- 354 near Amritsar Airport [Km 71000 to Km 99000 of Amritsar connectivity],National Highways Authority of India [NHAI],,Punjab (11/2022),2021-03,,,10.0,2024.0,2026-02,FlashReport_February_2026.pdf,Table 4: Newly Added Projects
77100,"Project Assessment, Infrastructure Monitoring and Analytics for Nation-building Upgradation and reconstruction of Dindori - Mandla Section of NH 543 from Km 77100 Design to Km 170580 Design Total length 93.48km to Two lane with paved shoulder configuration along with One time improvement in 04 nos of bypassed built-up areas in a total length of 7.23 km in the state of Madhya Pradesh on EPC mode",PAIMANA,,Madhya Pradesh (01/2024),2022-03,,,7.0,2026.0,2026-02,FlashReport_February_2026.pdf,Table 4: Newly Added Projects
81540,Access Controlled Highway of 4 Lane with Paved Shoulders from TN/AP Border Design Chainage Km 6151 to Puttur Design Chainage Km 81540 of NH-716 & 6 Lane with Paved Shoulders from Mallavaram to Renigunta,National Highways Authority of India [NHAI],,Andhra Pradesh (12/2024),2024-03,,,12.0,2026.0,2026-02,FlashReport_February_2026.pdf,Table 4: Newly Added Projects
85000,Rehabilitation and Up-gradation to 2 lane road with paved shoulders configuration for the balance work of 13 km length on Helwak-Patan-Karad section Km. 85000 to 133 417 of NH-166E in the state of Maharashtra on EPC mode.,MoRTH,,Maharashtra (10/2024),2024-02,,,4.0,2026.0,2026-02,FlashReport_February_2026.pdf,Table 4: Newly Added Projects
86300,"Widening, Reconstruction & Up-gradation to 2 lane with Paved Shoulder/Four Lane configuration for the work of Sautada to Shirapur Section of NH-561 from Design km 86300 to km 125589 in the state of Maharashtra on EPC mode. Design length 39.289 km",MoRTH,,Maharashtra (05/2025),2024-03,,,11.0,2026.0,2026-02,FlashReport_February_2026.pdf,Table 4: Newly Added Projects
12220,Construction of 4 Lane Access Controlled Bypass for Dehradun on NH307 from Design Chainage km 0050 Jhajra on NH-07 to Design Chainage km 12220 Asharori on EPC Mode in the State of Uttarakhand under NHO,NHAI,,Uttarakhand (04/2025),2023-12,,,4.0,2027.0,2026-03,FlashReport_March_2026.pdf,Table 4: Newly Added Projects
125000,4L of Munger Mirzachauki section from start of existing Bhagalpur bypass to Rasulpur from Km 125000 to Km 157350 Pkg-3,NHAI,,Bihar (04/2022),2021-01,,,4.0,2024.0,2026-03,FlashReport_March_2026.pdf,Table 4: Newly Added Projects
157350,4L of Munger Mirzachauki section from Km 157350 to Km 193931 Pkg-4,NHAI,,"Multi-States (Bihar, Jharkhand)",,2021-02,2022-08,8.0,2024.0,2026-03,FlashReport_March_2026.pdf,Table 4: Newly Added Projects
619251,Construction of two lane with paved shoulder of Ghatol Bypass from km 133.250 to km 140.950 of NH-56 old NH No. 113 on EPC mode in the State of Rajasthan.,MoRTH,,Rajasthan (03/2026),2025-03,,,9.0,2027.0,2026-03,FlashReport_March_2026.pdf,Table 4: Newly Added Projects
619291,4L Poanta SahebMednipur from Km. 435.65 to km. 458.65 of NH-07Pkg-1,NHAI,,"Multi-States (Himachal Pradesh, Uttarakhand)",,2022-03,2023-05,5.0,2025.0,2026-03,FlashReport_March_2026.pdf,Table 4: Newly Added Projects
619292,4L Medinipur to Ballupur from Km. 458.65 to Km. 487.65 of NH-07Pkg-2,NHAI,,Uttarakhand (02/2023),2022-03,,,2.0,2025.0,2026-03,FlashReport_March_2026.pdf,Table 4: Newly Added Projects
619294,Road Safety Improvement of existing four lane section of Dehradun-Lal Tappar-Nepali Farm Section of NH-7 and Nepali Farm-Motichur NH-34 on EPC Mode in Uttarakhand under NHO.,NHAI,,Uttarakhand (02/2026),2025-05,,,8.0,2028.0,2026-03,FlashReport_March_2026.pdf,Table 4: Newly Added Projects
619295,"Project Assessment, Infrastructure Monitoring and Analytics for Nation-building Four/Six laning of Bhaniyawala-Jollygrant-Rishikesh spur section of NH-07 from Km. 0.000 to Km 19.780 Total (12) 11167.83",PAIMANA,,Uttarakhand (12/2025),2023-02,,,11.0,2027.0,2026-03,FlashReport_March_2026.pdf,Table 4: Newly Added Projects
619301,Construction of Approach Road to Rail-cum- Road Bridge across river Ganga at Munger Ghat NH-333 B,NHAI,,Bihar,2018-12,,,5.0,2021.0,2026-03,FlashReport_March_2026.pdf,Table 4: Newly Added Projects
619308,6L access-controlled highway from Ganeshpur tonear Mohand of Ganeshpur Dehradun section from Km.0 to Km.8.3 of NH-72A Package-1,NHAI,,Uttar Pradesh (10/2021),2020-11,,,10.0,2023.0,2026-03,FlashReport_March_2026.pdf,Table 4: Newly Added Projects
69520,4L of Munger Mirzachauki section from Munger to Kharia village junction from Km 69520 to Km 95580 Pkg-1,NHAI,,Bihar (03/2022),2021-01,,,3.0,2024.0,2026-03,FlashReport_March_2026.pdf,Table 4: Newly Added Projects
95580,4L of Munger Mirzachauki section from Km 95580 to Km 125000 Pkg-2,NHAI,,Bihar (03/2022),2021-02,,,3.0,2024.0,2026-03,FlashReport_March_2026.pdf,Table 4: Newly Added Projects
109700,"Project Assessment, Infrastructure Monitoring and Analytics for Nation-building Construction of 6-lane Greenfield corridor from Ramnagar to Kacchi Dargah NH-119D from Km 109700 to Km 122300, including widening of the existing NH-31 from Km 196700 to Km 198600, as part of the Amas-Darbhanga.",PAIMANA,,Bihar (04/2026),2025-01,,,4.0,2028.0,2026-04,FlashReport_April2026.pdf,Table 4: Newly Added Projects
181590,Construction of 4 lane Bypass to Nalgonda Town lrorn Km 000 Existing Ch. 181590 to Km 14.00 Existing Ch. 28/685 ol Nakrekal to Nagarjunsagar Section of NH -565 in the State of Telangara on EPC under Annual Plan 2024 -25,MoRTH,,Telangana (10/2025),2024-10,,,10.0,2027.0,2026-04,FlashReport_April2026.pdf,Table 4: Newly Added Projects
38814,Construction of four laning of Bakarpur- Manikpur road section starting from village Chitarsenpur km 0000 and terminating at SH-74 near Manikpur 38814 at NH-139W under Bharatmalapariyona,National Highways Authority of India [NHAI],,Bihar (10/2024),2023-03,,,4.0,2027.0,2026-04,FlashReport_April2026.pdf,Table 4: Newly Added Projects
428880,Construction of Chintamani Bypass from Design Ch.0000 Existing Ch.428880 to Design Ch.15400 Existing Ch.444010 on NH-69 in the State of Karnataka in EPC Mode under NHO Annual Plan 2022-23. NH-69-KNT-2022-23-989 dated 24.03.2023,MoRTH,,Karnataka (01/2026),2023-03,,,7.0,2027.0,2026-04,FlashReport_April2026.pdf,Table 4: Newly Added Projects
46300,4L of Hajipur-Muzaffarpur Section of the existing NH-77 from Km. 0000 Ramashish Chowk to Km. 46300 and new bypass starting at Km. 46300 and connecting NH-28 of E-W Corridor at Km. 515045,NHAI,,Bihar,2010-08,,,2.0,2013.0,2026-04,FlashReport_April2026.pdf,Table 4: Newly Added Projects
59475,4L Vidisha Gyaraspur section of NH-146 from Design Chainage km 59475 existing chainage km 81240 to Design Chainage km 88361 existing chainage km 110.315,National Highways Authority of India [NHAI],,Madhya Pradesh (03/2026),2024-10,,,3.0,2028.0,2026-04,FlashReport_April2026.pdf,Table 4: Newly Added Projects
601812,Development of Zaheerabad Node under Hyderabad Nagpur Industrial Corridor,National Industrial Corridor Development Corporation,,Telangana (02/2026),2024-08,,,1.0,2029.0,2026-04,FlashReport_April2026.pdf,Table 4: Newly Added Projects
607653,Ludhiana Mullanpur 21Km Doubling Railway project,CAO/C/NR,,Punjab,2022-10,,,6.0,2024.0,2026-04,FlashReport_April2026.pdf,Table 4: Newly Added Projects
611716,700 MW Tato-II HE Project,North Eastern Electric Power Corporation Limited,,Arunachal Pradesh (09/2025),2025-09,,,9.0,2031.0,2026-04,FlashReport_April2026.pdf,Table 4: Newly Added Projects
611961,Construction of IIT Bhubaneswar -Phase III Ministry of Coal Coal Total (1) 454.27,"Indian Institute of Technology, Bhubaneshwar",,Odisha (05/2024),2024-02,,,11.0,2026.0,2026-04,FlashReport_April2026.pdf,Table 4: Newly Added Projects
612845,Gauge Conversion of Pachora-Jamner with Extension upto Malkapur [Bodwad] [84.34 Kms],Central Railway [CR] - II,,Maharashtra (01/2026),2022-08,,,7.0,2028.0,2026-04,FlashReport_April2026.pdf,Table 4: Newly Added Projects
612878,Bangalore Metro Rail Project - PHASE-3 Waste & Water Total (1),Bengaluru Metro Rail,,Karnataka,2026-06,,,5.0,2031.0,2026-04,FlashReport_April2026.pdf,Table 4: Newly Added Projects
615336,"Project Assessment, Infrastructure Monitoring and Analytics for Nation-building Transmission system for evacuation of Power from REZ in Rajasthan [20 GW] under phase-III Part-D Phase-II",PAIMANA,,Delhi (10/2024),2023-11,,,2.0,2026.0,2026-04,FlashReport_April2026.pdf,Table 4: Newly Added Projects
615915,Rourkela-Bondamunda A-Cabin 5th line [9.6 km],CAO/C/SER,,Odisha (12/2023),2022-09,,,3.0,2026.0,2026-04,FlashReport_April2026.pdf,Table 4: Newly Added Projects
616839,Naupada-Gunupur - New line upto Theruvali [73.62 km],Indian Railway,,Odisha (04/2026),2024-08,,,12.0,2029.0,2026-04,FlashReport_April2026.pdf,Table 4: Newly Added Projects
616983,Kosamba Umarpada GC PROJECT,Ministry of Railways-,,Gujarat (07/2023),2023-07,,,6.0,2027.0,2026-04,FlashReport_April2026.pdf,Table 4: Newly Added Projects
617239,Doubling of Narkatiaganj Raxaul Sitamarhi Darbhanga & Sitamarhi Muzaffarpur 256 KM,East Central Railway [ECR] - I,,Bihar (11/2025),2024-11,,,11.0,2029.0,2026-04,FlashReport_April2026.pdf,Table 4: Newly Added Projects
617727,Orvakal Industrial Area,NICDC,,Andhra Pradesh (10/2025),2024-08,,,10.0,2028.0,2026-04,FlashReport_April2026.pdf,Table 4: Newly Added Projects
617729,Kopparthy Industrial Area,NICDC,,Andhra Pradesh (10/2025),2024-08,,,10.0,2028.0,2026-04,FlashReport_April2026.pdf,Table 4: Newly Added Projects
617764,North Dhadu Western Part OCP Electricity Generation Total (1) 1354.2,NLC India Limited [NLCIL],,Jharkhand (12/2023),2023-10,,,3.0,2029.0,2026-04,FlashReport_April2026.pdf,Table 4: Newly Added Projects
617880,Desalpar-Hajipir-Luna and Vayor-Lakhpat New Line,Western Railway [WR] - II,,Gujarat (09/2025),2025-09,,,9.0,2028.0,2026-04,FlashReport_April2026.pdf,Table 4: Newly Added Projects
617937,Udgir Raavi Degloor Aadampur phata to Sagroli fata,MoRTH,,Maharashtra (04/2026),2024-11,,,4.0,2028.0,2026-04,FlashReport_April2026.pdf,Table 4: Newly Added Projects
618114,"Improvement and up-gradation of NH-227B 84 Kosi Parikrama Marg PackageV, from Design Km.140.960 Patranga to Km.160.200 Bahuvan Madar Majha on EPC mode in the State of Uttar Pradesh",MoRTH,,Uttar Pradesh (02/2026),2023-03,,,8.0,2028.0,2026-04,FlashReport_April2026.pdf,Table 4: Newly Added Projects
618253,Construction of missing link from Birhu to Lathiani from Km 35/550 Design chainage Km 0.000 to Km 42/800 Design Chainage Km 8.153on NH-503A including Lathiani Bridge on back water of Govindsagar and its approaches in Himachal Pradesh.,MoRTH,,Himachal Pradesh (03/2026),2023-06,,,3.0,2029.0,2026-04,FlashReport_April2026.pdf,Table 4: Newly Added Projects
618633,4L of Kadapa China Orampadu section of NH-716 Package I of Kadapa-Renigunta section,National Highways Authority of India [NHAI],,Andhra Pradesh (03/2026),2022-12,,,3.0,2028.0,2026-04,FlashReport_April2026.pdf,Table 4: Newly Added Projects
618705,"4L Godibandha to Ballhar Chhak, Ballhar Chhak to Banarpal & Banarpal to Start of Angul bypass at Km.314.130 to Km.321.035 of NH53, at Km.75.200 to Km.84.000 of NH149 & at Km.84.000 to Km.86.100 of NH55",National Highways Authority of India [NHAI],,Odisha (02/2026),2024-12,,,2.0,2028.0,2026-04,FlashReport_April2026.pdf,Table 4: Newly Added Projects
618768,"Project Assessment, Infrastructure Monitoring and Analytics for Nation-building Four laning of Agra-Aligarh Section from Km. 0.000 Junction of NH-34 Aligarh Km 144.60 to Km. 28.000 near Asroi village in Hathras of NH-509 Package-I Total (18) 20976.25",PAIMANA,,Uttar Pradesh (03/2026),2024-06,,,3.0,2028.0,2026-04,FlashReport_April2026.pdf,Table 4: Newly Added Projects
618981,810 MW Solar Power Project - Rajasthan Ministry of Housing & Urban Affairs Total (1) 4147.07,NLC India Limited [NLCIL],,Rajasthan (09/2025),2024-10,,,3.0,2028.0,2026-04,FlashReport_April2026.pdf,Table 4: Newly Added Projects
619009,Upgradation to Two Lane with Paved Shoulders from Km 0.000 to Km 41.920 Green Field Alignment of Gowrelly to Valigonda Section of NH-930P in the State of Telangana on EPC Mode under Annual Plan 2022-23,MoRTH,,Telangana (05/2026),2022-11,,,4.0,2028.0,2026-04,FlashReport_April2026.pdf,Table 4: Newly Added Projects
619014,"lmprovement and Widening to 2 lane with paved Shoulder of NH-15 old NH-52 from Existing Km 770.600 Design Km 24.819 to Existing km 805.750 Design Km 59.885 Kamlang T-Junction to Chowkham, Existing Length 35.150 Km, Design Length-35.066 Km in the state of Arunachal Pradesh on EPC mode Pkg-2",NHIDCL,,Arunachal Pradesh (02/2026),2023-12,,,2.0,2028.0,2026-04,FlashReport_April2026.pdf,Table 4: Newly Added Projects
619056,"Darlipali Super Thermal Power Project, Stage-II [1x800 MW] Transmission & Distribution Total (3) 33383.04",National Thermal Power Corporation [NTPC],,Odisha (11/2025),2025-11,,,1.0,2031.0,2026-04,FlashReport_April2026.pdf,Table 4: Newly Added Projects
619102,4 L of China Orampadu-Renigunta section of NH-716 Package-II of Kadapa-Renigunta section,National Highways Authority of India [NHAI],,Andhra Pradesh (03/2026),2022-12,,,3.0,2028.0,2026-04,FlashReport_April2026.pdf,Table 4: Newly Added Projects
619227,Network Expansion Scheme in Maharashtra for removal of Transmission constraints in Pune Region-I [765/400kV AIS Pune East] Ministry of Railways Railways Total (3),Power Grid Corporation of India Limited [POWERGRID],,Maharashtra (03/2026),2026-03,,,3.0,2028.0,2026-04,FlashReport_April2026.pdf,Table 4: Newly Added Projects
619228,Transmission System Strengthening for integration of additional RE Potential at Davanagere [0.25 GW] and Bellary [2.75 GW],Power Grid Corporation of India Limited [POWERGRID],,Karnataka (02/2026),2026-02,,,2.0,2028.0,2026-04,FlashReport_April2026.pdf,Table 4: Newly Added Projects
619311,Kalai-II Hydro Electric Project [1200 MW],THDC India Limited,,Arunachal Pradesh (04/2026),2026-04,,,10.0,2032.0,2026-04,FlashReport_April2026.pdf,Table 4: Newly Added Projects
619312,Bulk Loading Hub- Kanpur Ministry of Power Electricity Generation Total (3) 6856.59,MinistryofPetroleumNaturalGas,,Uttar Pradesh (09/2025),2025-09,,,9.0,2027.0,2026-04,FlashReport_April2026.pdf,Table 4: Newly Added Projects
619313,Setting up of 50 MW [plus/minus 5 percent] Wind Power Plant for Captive Consumption at MR Total (1) 483.14,MinistryofPetroleumNaturalGas,,Maharashtra (05/2023),2023-05,,,4.0,2027.0,2026-04,FlashReport_April2026.pdf,Table 4: Newly Added Projects
619314,Pipeline Replacement Project- PRP-IX,Ministry of Petroleum & Natural Gas,,Offshore (08/2025),2025-08,,,5.0,2027.0,2026-04,FlashReport_April2026.pdf,Table 4: Newly Added Projects
619316,"Group Gathering Station, Lakwagaon",Ministry of Petroleum & Natural Gas,,Assam (10/2025),2025-10,,,10.0,2027.0,2026-04,FlashReport_April2026.pdf,Table 4: Newly Added Projects
619318,4/6L Greenfield Ludhiana Rupnagar highway from Jn. with NE-5 village near to ManewalLudhiana to Jn. with NH-205 near Bheora Village Rupnagar from Km. 0.00 to Km. 37.7 including spur to Kharar with Ludhiana bypass of NH-205K Pkg-1,National Highways Authority of India [NHAI],,Punjab (12/2022),2021-05,,,12.0,2024.0,2026-04,FlashReport_April2026.pdf,Table 4: Newly Added Projects
619320,Muzaffarpur - Sonbarsa Section of NH-77 from km 2.800 to km 89.000,NHAI,,Bihar,2011-05,,,11.0,2013.0,2026-04,FlashReport_April2026.pdf,Table 4: Newly Added Projects
69400,Upgradation of Shahdol- Sagartola Section of NH 543 from km 0000 to km 69400 to 2 lane with paved shoulders under Hybrid Annuity Mode HAM in the State of Madhya Pradesh,MoRTH,,Madhya Pradesh (03/2026),2024-02,,,3.0,2028.0,2026-04,FlashReport_April2026.pdf,Table 4: Newly Added Projects
701668,Development of Palakkad Node under extension of CBIC to Kochi,National Industrial Corridor Development Corporation,,Kerala (10/2025),2024-08,,,4.0,2029.0,2026-04,FlashReport_April2026.pdf,Table 4: Newly Added Projects
702958,Lucknow Sewerage Management Infrastructure Project Ministry of Petroleum & Natural Gas Total (1) 142.46,Ministry of Housing & Urban Affairs,,Uttar Pradesh,2019-05,,,3.0,2023.0,2026-04,FlashReport_April2026.pdf,Table 4: Newly Added Projects
705394,Tetlia-Byrnihat New Railway Line,Northeast Frontier Railway [NFR],,"Multi-States (Assam, Meghalaya)",,2010-08,2007-03,11.0,2011.0,2026-04,FlashReport_April2026.pdf,Table 4: Newly Added Projects
705396,Byrnihat-Shillong New Rail Line- 108 km,Northeast Frontier Railway [NFR],,Meghalaya (03/2010),2011-04,,,3.0,2021.0,2026-04,FlashReport_April2026.pdf,Table 4: Newly Added Projects
705464,Bangalore-Satyamanglam New Line Project [260 Km] - Part Hejjala - Chamarajanagar [142 Km],South Western Railway [SWR] - II,,Karnataka (07/2026),1999-02,,,12.0,2031.0,2026-04,FlashReport_April2026.pdf,Table 4: Newly Added Projects
705489,Madurai- Tuticorin New Line Ministry of Road Transport & Highways Roads & Highways Total (17) 33917.64,Ministry of Railways,,Tamil Nadu (09/2016),2011-04,,,7.0,2021.0,2026-04,FlashReport_April2026.pdf,Table 4: Newly Added Projects
705493,Hubli-Ankola New Line Project [164.44 km],South Western Railway [SWR] - II,,Karnataka (01/2000),1999-01,,,3.0,2005.0,2026-04,FlashReport_April2026.pdf,Table 4: Newly Added Projects
705497,Wardha - Yavatmal Nanded Railway Line Project,Central Railways,,Maharashtra (04/2013),2008-02,,,12.0,2026.0,2026-04,FlashReport_April2026.pdf,Table 4: Newly Added Projects
705747,Parasnath-Madhuban-Giridih new line,East Central Railway [ECR] - I,,Jharkhand (03/2019),2019-03,,,3.0,2024.0,2026-04,FlashReport_April2026.pdf,Table 4: Newly Added Projects
705762,Construction of New BG line between Hassan [Alur] to Belur [ Km 27.34],South Western Railway [SWR] - II,,Karnataka (09/2022),2019-06,,,4.0,2027.0,2026-04,FlashReport_April2026.pdf,Table 4: Newly Added Projects
706836,Dedicated Test Track for RDSO /Phase-II Project,North Western Railway [NWR],,Rajasthan (01/2022),2021-11,,,3.0,2026.0,2026-04,FlashReport_April2026.pdf,Table 4: Newly Added Projects
706865,Chandargaon - Cansaulium Rail Flyover Project [16 Km],South Western Railway [SWR] - II,,Goa,2026-04,,,3.0,2031.0,2026-04,FlashReport_April2026.pdf,Table 4: Newly Added Projects
707419,IMC at Prayagraj Department of Higher Education Education Total (5),National Industrial Corridor Development Corporation,,Uttar Pradesh (04/2026),2024-08,,,12.0,2028.0,2026-04,FlashReport_April2026.pdf,Table 4: Newly Added Projects
11000,Balance work of widening to two laning/re-alignment and geometric improvement from Km. 11000 to Km. 114618 with rectification of damaged stretches and provision of protection works in vulnerable location of NH-44 in the State of Mizoram.,MoRTH,,Mizoram (05/2026),2025-10,,,5.0,2028.0,2026-05,FlashReport_May2026.pdf,Table 4: Newly Added Projects
426230,Construction of Six lane elevated flyover including reconstruction/rehabilitation of existing pavement from Km 426230 to Km 430500 Length 4.27 Km at Nirsa in the Barwa Adda Panagarh section of NH-19 from Km.398.240 to Km.521.120 including Panagarh Bypass in the State of Jharkhand on EPC Mode.,National Highways Authority of India [NHAI],,Jharkhand (02/2026),2025-01,,,8.0,2028.0,2026-05,FlashReport_May2026.pdf,Table 4: Newly Added Projects
603210,Development of Jodhpur Pali Marwar Industrial Area JPMIA in Rajasthan Ministry of Health & Family Welfare Healthcare Total (1) 921.66,National Industrial Corridor Development Corporation,,Rajasthan (01/2026),2024-08,,,7.0,2028.0,2026-05,FlashReport_May2026.pdf,Table 4: Newly Added Projects
612066,Jaipur Metro Phase 1C from Badi Chaupar to Transport Nagar via Ramganj,Jaipur Metro Rail Corporation,,Rajasthan,2023-09,,,4.0,2027.0,2026-05,FlashReport_May2026.pdf,Table 4: Newly Added Projects
612068,Jaipur Metro Phase 1D Project from Mansarovar to Ajmer Road Chauraha,Jaipur Metro Rail Corporation,,Rajasthan,2023-12,,,3.0,2026.0,2026-05,FlashReport_May2026.pdf,Table 4: Newly Added Projects
616221,"Extension of Aqua Line Metro Corridor from Noida Sector-142 station to Botanical Garden, Noida of Noida Metro Rail Corporation Ministry of Petroleum & Natural Gas Total (3) 3439.24",Noida Metro Rail Corporation Ltd. [NMRCL],,Uttar Pradesh (03/2026),2026-03,,,3.0,2030.0,2026-05,FlashReport_May2026.pdf,Table 4: Newly Added Projects
617943,4-laning of Navelim to Cuncolim Section of NH-66 from Km 554.245 to Km 561.480 on HAM Mode,MoRTH,,Goa (04/2026),2024-12,,,10.0,2028.0,2026-05,FlashReport_May2026.pdf,Table 4: Newly Added Projects
617997,Widening of existing 2 lane to 4 lane with paved shoulder from Designed km 25.15 to km 56.70 Except Km 52.70 to 53.50 of NH-169 Nellisara Camp to Thirthahalli of NH- 169 on Shimoga-Mangalore section in the state of Karnataka on EPC mode under Annual plan 2022-23 NH-169-KNT-2022-23-978 dated 08.03.2023,MoRTH,,Karnataka (02/2026),2023-03,,,2.0,2028.0,2026-05,FlashReport_May2026.pdf,Table 4: Newly Added Projects
618148,Widening to 4LPS of NH-548B from Km 80.000 Near Murgundi to Km 140.200 Near Chikkodi excluding length from Km 118.450 to Km 128.450 in the State of Karnataka under NH O on EPC Mode under Annual Plan 2022-23 - Package 1 NH-548B-KNT- 2022-23-979 dated 09.03.2023,MoRTH,,Karnataka (04/2026),2023-03,,,4.0,2028.0,2026-05,FlashReport_May2026.pdf,Table 4: Newly Added Projects
618151,Widening to 4LPS of NH-548B from Km 118.450 Near Shirguppi to Km 128.450 Near Ankali in the State of Karnataka under NH O on EPC Mode Under Annual Plan 2022- 23 NH-548B-KNT-2022-23-982,MoRTH,,Karnataka (05/2026),2023-03,,,5.0,2029.0,2026-05,FlashReport_May2026.pdf,Table 4: Newly Added Projects
618267,"Project Assessment, Infrastructure Monitoring and Analytics for Nation-building Widening/Upgradation to four lane configuration of Shahjahanpur-Bisalpur section from km 0.00 to km 47.026 of NH-731K on Hybrid Annuity Mode in the state of Uttar Pradesh. Total (14) 15363.24",PAIMANA,,Uttar Pradesh (05/2026),2023-03,,,5.0,2028.0,2026-05,FlashReport_May2026.pdf,Table 4: Newly Added Projects
618542,4L of existing Wayul Ganderbal Pandach Soura section of old NH-1 as a part of Srinagar Ring Road Phase IIA,National Highways Authority of India [NHAI],,Jammu and Kashmir (05/2026),2024-12,,,5.0,2028.0,2026-05,FlashReport_May2026.pdf,Table 4: Newly Added Projects
618646,4L of Pathalgaon-Kunkuri-CG/JH Border section of NH-43 from Km. 00.000 to Km.104.250,National Highways Authority of India [NHAI],,Chhattisgarh (04/2026),2024-08,,,4.0,2029.0,2026-05,FlashReport_May2026.pdf,Table 4: Newly Added Projects
618730,6 Lane Greenfield Varanasi- Ranchi- Kolkata Highway from Deoria village to Donoreshan village from km 253.000 to km 288.600 Pkg -10,National Highways Authority of India [NHAI],,Jharkhand (05/2026),2023-03,,,5.0,2028.0,2026-05,FlashReport_May2026.pdf,Table 4: Newly Added Projects
618732,6L Greenfield Varanasi- Ranchi- Kolkata Highway from Sonepurbigha village to junction with NH- 22 Chatra Bypass near Chatra from km 184.700 to km 222.000Pkg -,National Highways Authority of India [NHAI],,"Multi-States (Bihar, Jharkhand)",,2023-03,2026-05,5.0,2028.0,2026-05,FlashReport_May2026.pdf,Table 4: Newly Added Projects
619061,Construction of 4 lane with PS Idar-Badoli bypass section from design km 81/300 to km 95/500 of NH 168G in the State of Gujarat,MoRTH,,Gujarat (05/2026),2025-03,,,5.0,2028.0,2026-05,FlashReport_May2026.pdf,Table 4: Newly Added Projects
619156,4 Laning of Paramakudi to Ramanathapuram Section of NH-87 Old NH-49,National Highways Authority of India [NHAI],,Tamil Nadu (05/2026),2025-07,,,5.0,2028.0,2026-05,FlashReport_May2026.pdf,Table 4: Newly Added Projects
619194,"Construction of Four Lane Gola Flyover at Km 99.850 of NH 730 Major Junction with State Highways -93 of Engineering, Procurement and Construction EPC mode in the State of Uttar Pradesh.",MoRTH,,Uttar Pradesh (05/2026),2025-03,,,10.0,2027.0,2026-05,FlashReport_May2026.pdf,Table 4: Newly Added Projects
619229,"Integrated development of Outer Container Terminal and berth No. 1 though 5 NSD at KDS, SMPK on DBFOT basis through PPP mode Ministry of Power Electricity Generation Total (1) 832.25",Syama Prasad Mookerjee Port Kolkata,,West Bengal (02/2027),2025-03,,,8.0,2028.0,2026-05,FlashReport_May2026.pdf,Table 4: Newly Added Projects
619326,Nidadavolu-Duvvada 3rd & 4th Lines Ministry of Road Transport & Highways Roads & Highways Total (1) 9889.24,South Central Railway [SCR] - II,,Andhra Pradesh (04/2026),2026-04,,,1.0,2032.0,2026-05,FlashReport_May2026.pdf,Table 4: Newly Added Projects
619328,"ONGC-BP Redevelopment Phase-1 Scheme of Mumbai High Field Ministry of Ports, Shipping and Waterways Total (1) 3713.4",Ministry of Petroleum & Natural Gas,,Maharashtra (11/2025),2025-11,,,3.0,2027.0,2026-05,FlashReport_May2026.pdf,Table 4: Newly Added Projects
619341,"Project Assessment, Infrastructure Monitoring and Analytics for Nation-building Telangana Super Thermal Power Project , Stage-II [3 x 800 MW] Total (1) 29344.85",PAIMANA,,Telangana (03/2026),2026-03,,,1.0,2032.0,2026-05,FlashReport_May2026.pdf,Table 4: Newly Added Projects
706965,Establishment of new GMC Saran [Chhapara],"Medical Education, Ministry of Health and Family Welfare",,Bihar,,,,189.0,,2026-05,FlashReport_May2026.pdf,Table 4: Newly Added Projects
706966,Establishment of new GMC Samastipur,"Medical Education, Ministry of Health and Family Welfare",,Bihar,,,,189.0,,2026-05,FlashReport_May2026.pdf,Table 4: Newly Added Projects
706988,Establishment of new GMC Gondia,"Medical Education, Ministry of Health and Family Welfare",,Maharashtra,,,,189.0,,2026-05,FlashReport_May2026.pdf,Table 4: Newly Added Projects
706989,Establishment of new GMC West Garo Hills [Tura],"Medical Education, Ministry of Health and Family Welfare",,Meghalaya,,,,189.0,,2026-05,FlashReport_May2026.pdf,Table 4: Newly Added Projects
707016,Establishment of new GMC Sitamarhi,"Medical Education, Ministry of Health and Family Welfare",,Bihar,,,,250.0,,2026-05,FlashReport_May2026.pdf,Table 4: Newly Added Projects
707017,Establishment of new GMC Jhanjharpur,"Medical Education, Ministry of Health and Family Welfare",,Bihar,,,,250.0,,2026-05,FlashReport_May2026.pdf,Table 4: Newly Added Projects
707018,Establishment of new GMC Siwan,"Medical Education, Ministry of Health and Family Welfare",,Bihar,,,,250.0,,2026-05,FlashReport_May2026.pdf,Table 4: Newly Added Projects
707019,Establishment of new GMC Buxar,"Medical Education, Ministry of Health and Family Welfare",,Bihar,,,,250.0,,2026-05,FlashReport_May2026.pdf,Table 4: Newly Added Projects
707051,Establishment of new GMc Udhampur,"Medical Education, Ministry of Health and Family Welfare",,Jammu and Kashmir (01/2022),2019-09,,,3.0,2027.0,2026-05,FlashReport_May2026.pdf,Table 4: Newly Added Projects
707052,Establishment of new GMC Handwara [Distt. Kupwara],"Medical Education, Ministry of Health and Family Welfare",,Jammu and Kashmir,,,,325.0,,2026-05,FlashReport_May2026.pdf,Table 4: Newly Added Projects
707057,Establishment of new GMC Leh,"Medical Education, Ministry of Health and Family Welfare",,Ladakh,,,,325.0,,2026-05,FlashReport_May2026.pdf,Table 4: Newly Added Projects
707067,Establishment of new GMC Mon Ministry of Housing & Urban Affairs Total (12),"Medical Education, Ministry of Health and Family Welfare",,Nagaland,,,,325.0,,2026-05,FlashReport_May2026.pdf,Table 4: Newly Added Projects
707414,Multi Modal Transport Hub [MMTH] Project at Boraki in Greater Noida - Infrastructure Development - Phase 1 Real Estate Total (1),National Industrial Corridor Development Corporation,,Uttar Pradesh (11/2026),2020-12,,,3.0,2030.0,2026-05,FlashReport_May2026.pdf,Table 4: Newly Added Projects
108841,"Amended BharatNet Program - KTK, GOA, PY",Department of Telecommunications,,PAN India (06/2025),2023-08,,,6.0,2028.0,2026-06,FlashReport_June_2026.pdf,Table 4: Newly Added Projects
162120,"Balance Works of Rehabilitation and Up gradation of NH-43 New NH-30 from Krn 162120 to Krn 173500 Length 11.380 Km. Keshkal Bypass 4-Lane with Paved shoulder in the State Of Chhattisgarh under NHDP-IV through Engineering, Procurement & Construction EPC Basis",MoRTH,,Chhattisgarh (06/2026),2025-06,,,6.0,2028.0,2026-06,FlashReport_June_2026.pdf,Table 4: Newly Added Projects
222253,Amended BharatNet Program - UP (East),East,,Uttar Pradesh (02/2025),2023-08,,,2.0,2028.0,2026-06,FlashReport_June_2026.pdf,Table 4: Newly Added Projects
25240,"Development of 6-lane Greenfield Southern Ludhiana Bypass from intersection with NH-44 near Village Rajgarh to intersection with Delhi Katra Expressway NE-5 near Village Ballowal, km 0000 to km 25240",NHAI,,Punjab (03/2026),2024-11,,,3.0,2028.0,2026-06,FlashReport_June_2026.pdf,Table 4: Newly Added Projects
274100,"Upgradation of 6 laned Jaipur- Kishangarh section of NH-48 from km 274100 to 363885 involving construction of flyovers and Service road in Rajasthan On Engineering, Procurement & Construction EPC Mode",NHAI,,Rajasthan (07/2026),2026-03,,,1.0,2029.0,2026-06,FlashReport_June_2026.pdf,Table 4: Newly Added Projects
33185,"4 Lane with Paved Shoulder from Dareota Village to Kalar Bala NH 205, Design Chainage -Km 33185 to Km 41000, Design Length-7.815 Km Package-IIB",NHAI,,Himachal Pradesh (06/2026),2025-06,,,6.0,2028.0,2026-06,FlashReport_June_2026.pdf,Table 4: Newly Added Projects
37000,Construction of Four Lane Nagpur-Katol section of NH-353J including Mitigation Structures from Design Ch. 37000 to Ch. 45990 Tiger Corridor-I Mitigation Structures from Design Ch. 37000 to Ch. 45990 Tiger Corridor-I in the State of Maharashtra on EPC Mode,NHAI,,Maharashtra (06/2026),2026-01,,,12.0,2027.0,2026-06,FlashReport_June_2026.pdf,Table 4: Newly Added Projects
460900,"Capacity Augmentation in the stretch of Pimpri Sado Vadape section of NH848 Km. 460900 to Km. 537000 by Construction of Slip/Service Road on either side at various locations total length 25.140 Km LHSRHS, Flyover 2 x 25m at Borivali Junction Km. 528550 & LVUP 1 x 15m at Sherekarpada Km. 528800",NHAI,,Maharashtra (04/2026),2025-12,,,10.0,2027.0,2026-06,FlashReport_June_2026.pdf,Table 4: Newly Added Projects
53177,"Project Assessment, Infrastructure Monitoring and Analytics for Nation-building 2L PS Greenfield bypass lalganj ajhara, mohanganj and Raniganj on Raebareli - Jaunpur Section Design km 0.00 to Km 53177 of NH-31 Total (14) 11374.75",PAIMANA,,Uttar Pradesh (06/2026),2024-12,,,6.0,2028.0,2026-06,FlashReport_June_2026.pdf,Table 4: Newly Added Projects
593766,Construction of a 6-Lane Elevated Corridor from Km 593766 to Km 596620 Including Construction of Service Roads in Kagal City on NH-48 in the State of Maharashtra on EPC Mode.,NHAI,,Maharashtra (06/2026),2026-03,,,6.0,2028.0,2026-06,FlashReport_June_2026.pdf,Table 4: Newly Added Projects
612582,Construction of 6 Lane Elevated corridor from KM 612582 to KM 617540 including construction of Service Roads in Kolhapur City on NH -48 in the State of Maharashtra on EPC mode under NHO,NHAI,,Maharashtra (06/2026),2026-02,,,6.0,2029.0,2026-06,FlashReport_June_2026.pdf,Table 4: Newly Added Projects
618729,6 Lane Greenfield Varanasi- Ranchi- Kolkata Highway from Donoreshan village to junction with NH-20 in Bongabar village from km 288.600 to km 325.500 Pkg -11,NHAI,,Jharkhand (07/2026),2023-03,,,7.0,2028.0,2026-06,FlashReport_June_2026.pdf,Table 4: Newly Added Projects
618733,6L Greenfield Varanasi- Ranchi- Kolkata Highway from junction with NH-20 in Bongabar village to junction with NH-30 in Lepo village from km 325.500 to km 358.500 Pkg -12,NHAI,,Jharkhand (07/2026),2023-03,,,7.0,2028.0,2026-06,FlashReport_June_2026.pdf,Table 4: Newly Added Projects
619248,"lmprovement and Widening to 2-lane with Paved Shoulder of NH-13 & 15 Old NH-52 from Existing Km 745.60 Design Km 0.000 to Existing km 770.600 Design Km 24.819 Brahmakund T-junction to Kamlang T-Junction, Existing Length 25.00 Km, Design Length 24.819 Km in the state of Arunachal Pradesh on EPC mode Pkg-1",NHIDCL,,Arunachal Pradesh (06/2026),2023-12,,,6.0,2028.0,2026-06,FlashReport_June_2026.pdf,Table 4: Newly Added Projects
619271,Construction of Elevated Corridor at Kherwara Town on Udaipur Ratanpur Shamlaji Section of NH-48 in Udaipur District in the State of Rajasthan on EPC mode,NHAI,,Rajasthan (07/2026),2026-03,,,1.0,2029.0,2026-06,FlashReport_June_2026.pdf,Table 4: Newly Added Projects
619347,Balance Work Estimate of Rehabilitation and Up-gradation of NH- 43 from Km. 468.600 to Km. 531.250 Pathalgaon to kunkuri Section to two-lane with paved shoulder in the State of Chhattisgarh on SBD mode under NHO under Annual plan 2025-26,MoRTH,,Chhattisgarh (06/2026),2026-03,,,6.0,2028.0,2026-06,FlashReport_June_2026.pdf,Table 4: Newly Added Projects
708687,Amended BharatNet Program - UP (West) Ministry of Road Transport & Highways Roads & Highways Total (3),West,,Uttar Pradesh (02/2025),2023-08,,,2.0,2028.0,2026-06,FlashReport_June_2026.pdf,Table 4: Newly Added Projects
