project_id,ocms_code,project_name,sector,agency,ministry,state,original_cost,final_or_revised_cost,cumulative_expenditure_crore,cost_field_used,original_doc,actual_completion_date,time_overrun_months,cost_overrun_pct,report_month,source_file,source_table,source_page,historical_delay_flag,historical_delay_months,historical_cost_overrun_flag,historical_cost_overrun_pct
618562,NAN,Dindigul Bypass - Samyanallore from km. 373.275 to km. 426.00 Tamil Nadu 06/2005,UNKNOWN,NHAI,UNKNOWN,Tamil Nadu,579.0,295.5,141.09,revised_cost_crore,2025-07,2009-01,,,2026-06,FlashReport_June_2026.pdf,Table 3: Completed Projects,,0.0,-198.0,0.0,-48.96373056994819
619083,NAN,"Project Assessment, Infrastructure Monitoring and Analytics for Nation-building Thumbipadi-Namakkal from km. 180.00 to km. 248.625 Package No. NS- 2/BOT/TN-02",UNKNOWN,PAIMANA,UNKNOWN,Tamil Nadu (08/2006),255.53,395.43,392.41,revised_cost_crore,2026-06,2009-02,,,2026-06,FlashReport_June_2026.pdf,Table 3: Completed Projects,,0.0,-208.0,1.0,54.74895315618519
619084,NAN,Start of Karur Bypass - Dindigul from km. 292.600 to km. 305.600 Contract Package No. NS2/BOT/TN-4,UNKNOWN,NHAI,UNKNOWN,Tamil Nadu (10/2006),461.54,515.03,222.72,revised_cost_crore,2025-12,2009-04,,,2026-06,FlashReport_June_2026.pdf,Table 3: Completed Projects,,0.0,-200.0,1.0,11.589461368462093
180100210,180100210,PARBATI HEP (4X200 MW) (NHPC) II RAILWAYS,UNKNOWN,4X200 MW,UNKNOWN,NHPC,3919.59,,12832.59,cumulative_expenditure_crore,2009-09,2009-09,,,2025-05,FR_May2025.pdf,Table 3: Completed Projects,,0.0,0.0,,
N16000082,N16000082,1,PETROLEUM,"BHARAT 
PETROLEUM CORPORATION LIMITED",PETROLEUM,CENTRAL / UNKNOWN,16000082.0,,390.0,cumulative_expenditure_only,2010-01,2010-05,,,2011-03,FR_MARCH_2011.pdf,Table: Month-wise Completed Projects,10.0,1.0,4.0,,
160100281,160100281,3,PETROLEUM,HPCL,PETROLEUM,CENTRAL / UNKNOWN,3.0,,160100281.0,cumulative_expenditure_only,2006-05,2010-06,,,2011-03,FR_MARCH_2011.pdf,Table: Month-wise Completed Projects,10.0,1.0,49.0,,
N12000021,N12000021,2,STEEL,"STEEL 
AUTHORITY OF INDIA LIMITED (SAIL",STEEL,CENTRAL / UNKNOWN,2.0,,12000021.0,cumulative_expenditure_only,2009-08,2010-06,,,2011-03,FR_MARCH_2011.pdf,Table: Month-wise Completed Projects,10.0,1.0,10.0,,
N26000049,N26000049,4,TELECOMMUNICATIONS,"MAHANAGAR TELEPHONE 
NIGAM LIMITED",TELECOMMUNICATIONS,CENTRAL / UNKNOWN,4.0,,750.0,cumulative_expenditure_only,2008-12,2010-06,,,2011-03,FR_MARCH_2011.pdf,Table: Month-wise Completed Projects,10.0,1.0,18.0,,
N26000052,N26000052,5,TELECOMMUNICATIONS,MAHANAGAR TELEPHONE NIGAM LIMITED,TELECOMMUNICATIONS,CENTRAL / UNKNOWN,4.0,,750.0,cumulative_expenditure_only,2009-12,2010-06,,,2011-03,FR_MARCH_2011.pdf,Table: Month-wise Completed Projects,10.0,1.0,6.0,,
618743,NAN,Trichy 135.800 to Karur 218.000 section of NH-67 - Trichy Bypass Tamil Nadu 12/2006,UNKNOWN,NHAI,UNKNOWN,Tamil Nadu,876.88,360.88,336.71,revised_cost_crore,2026-06,2010-07,,,2026-06,FlashReport_June_2026.pdf,Table 3: Completed Projects,,0.0,-191.0,0.0,-58.84499589453517
618874,NAN,Four Laning of Trichy - Dindigul from km. 333.00 to km. 421.273 of NH-45 Tamil Nadu 12/2006,UNKNOWN,NHAI,UNKNOWN,Tamil Nadu,1003.11,435.81,377.7,revised_cost_crore,2026-06,2010-07,,,2026-06,FlashReport_June_2026.pdf,Table 3: Completed Projects,,0.0,-191.0,0.0,-56.5541166970721
N16000055,N16000055,6,PETROLEUM,OIL & NATURAL GAS CORPORATION LIMITED,PETROLEUM,CENTRAL / UNKNOWN,6.0,,16000055.0,cumulative_expenditure_only,2010-05,2010-07,,,2011-03,FR_MARCH_2011.pdf,Table: Month-wise Completed Projects,10.0,1.0,2.0,,
N16000079,N16000079,7,PETROLEUM,"BHARAT PETROLEUM 
CORPORATION LIMITED",PETROLEUM,CENTRAL / UNKNOWN,7.0,,16000079.0,cumulative_expenditure_only,2009-12,2010-07,,,2011-03,FR_MARCH_2011.pdf,Table: Month-wise Completed Projects,10.0,1.0,7.0,,
060100090,060100090,8,COAL,NLC,COAL,CENTRAL / UNKNOWN,8.0,,2.1,cumulative_expenditure_only,2009-06,2010-09,,,2011-03,FR_MARCH_2011.pdf,Table: Month-wise Completed Projects,10.0,1.0,15.0,,
160100292,160100292,10,PETROLEUM,"INDIAN OIL 
CORPORATION LIMITED",PETROLEUM,CENTRAL / UNKNOWN,10.0,,160100292.0,cumulative_expenditure_only,2009-09,2010-09,,,2011-03,FR_MARCH_2011.pdf,Table: Month-wise Completed Projects,10.0,1.0,12.0,,
N12000016,N12000016,9,STEEL,"STEEL AUTHORITY 
OF INDIA LIMITED (SAIL",STEEL,CENTRAL / UNKNOWN,9.0,,12000016.0,cumulative_expenditure_only,2009-09,2010-09,,,2011-03,FR_MARCH_2011.pdf,Table: Month-wise Completed Projects,10.0,1.0,12.0,,
210100001,210100001,50,TELECOMMUNICATIONS,HEALTH & FAMILY WELFARE,TELECOMMUNICATIONS,CENTRAL / UNKNOWN,50.0,,210100001.0,cumulative_expenditure_only,1999-03,2010-10,,,2011-03,FR_MARCH_2011.pdf,Table: Month-wise Completed Projects,12.0,1.0,139.0,,
220100282,220100282,51,RAILWAYS,GC,RAILWAYS,CENTRAL / UNKNOWN,51.0,,220100282.0,cumulative_expenditure_only,,2010-10,,,2011-03,FR_MARCH_2011.pdf,Table: Month-wise Completed Projects,12.0,,,,
160100289,160100289,59,PETROLEUM,IOCL,PETROLEUM,CENTRAL / UNKNOWN,59.0,,160100289.0,cumulative_expenditure_only,2009-04,2010-11,,,2011-03,FR_MARCH_2011.pdf,Table: Month-wise Completed Projects,13.0,1.0,19.0,,
180100220,180100220,61,POWER,NHPC,POWER,CENTRAL / UNKNOWN,61.0,,180100220.0,cumulative_expenditure_only,2007-09,2010-11,,,2011-03,FR_MARCH_2011.pdf,Table: Month-wise Completed Projects,13.0,1.0,38.0,,
220100312,220100312,66,RAILWAYS,NL,RAILWAYS,CENTRAL / UNKNOWN,66.0,,220100312.0,cumulative_expenditure_only,2006-03,2010-11,,,2011-03,FR_MARCH_2011.pdf,Table: Month-wise Completed Projects,13.0,1.0,56.0,,
N16000017,N16000017,60,PETROLEUM,INDIAN OIL CORPORATION LIMITED,PETROLEUM,CENTRAL / UNKNOWN,59.0,,160100289.0,cumulative_expenditure_only,2008-03,2010-11,,,2011-03,FR_MARCH_2011.pdf,Table: Month-wise Completed Projects,13.0,1.0,32.0,,
N18000034,N18000034,62,POWER,"POWER 
GRID CORPORATION OF INDIA LIMITED",POWER,CENTRAL / UNKNOWN,61.0,,180100220.0,cumulative_expenditure_only,2010-12,2010-11,,,2011-03,FR_MARCH_2011.pdf,Table: Month-wise Completed Projects,13.0,0.0,-1.0,,
N18000036,N18000036,63,POWER,POWER GRID CORPORATION OF INDIA LIMITED,POWER,CENTRAL / UNKNOWN,62.0,,18000034.0,cumulative_expenditure_only,2010-12,2010-11,,,2011-03,FR_MARCH_2011.pdf,Table: Month-wise Completed Projects,13.0,0.0,-1.0,,
N18000039,N18000039,64,POWER,POWER GRID CORPORATION OF INDIA LIMITED,POWER,CENTRAL / UNKNOWN,64.0,,18000039.0,cumulative_expenditure_only,2010-11,2010-11,,,2011-03,FR_MARCH_2011.pdf,Table: Month-wise Completed Projects,13.0,0.0,0.0,,
N18000055,N18000055,65,POWER,POWER GRID CORPORATION OF INDIA LIMITED,POWER,CENTRAL / UNKNOWN,65.0,,18000055.0,cumulative_expenditure_only,2011-07,2010-11,,,2011-03,FR_MARCH_2011.pdf,Table: Month-wise Completed Projects,13.0,0.0,-8.0,,
N24000079,N24000079,67,ROAD TRANSPORT & HIGHWAYS,NS CORR.PH-II,ROAD TRANSPORT & HIGHWAYS,CENTRAL / UNKNOWN,67.0,,376.0,cumulative_expenditure_only,2009-08,2010-11,,,2011-03,FR_MARCH_2011.pdf,Table: Month-wise Completed Projects,13.0,1.0,15.0,,
240106302,240106302,74,ROAD TRANSPORT & HIGHWAYS,NHAI,ROAD TRANSPORT & HIGHWAYS,CENTRAL / UNKNOWN,74.0,,255.0,cumulative_expenditure_only,2008-10,2010-12,,,2011-03,FR_MARCH_2011.pdf,Table: Month-wise Completed Projects,14.0,1.0,26.0,,
N16000036,N16000036,71,PETROLEUM,INDIAN OIL CORPORATION LIMITED,PETROLEUM,CENTRAL / UNKNOWN,71.0,,16000036.0,cumulative_expenditure_only,,2010-12,,,2011-03,FR_MARCH_2011.pdf,Table: Month-wise Completed Projects,14.0,,,,
N16000037,N16000037,72,PETROLEUM,"INDIAN 
OIL CORPORATION LIMITED",PETROLEUM,CENTRAL / UNKNOWN,71.0,,16000036.0,cumulative_expenditure_only,2010-04,2010-12,,,2011-03,FR_MARCH_2011.pdf,Table: Month-wise Completed Projects,14.0,1.0,8.0,,
N16000038,N16000038,73,PETROLEUM,"INDIAN 
OIL CORPORATION LIMITED",PETROLEUM,CENTRAL / UNKNOWN,72.0,,16000037.0,cumulative_expenditure_only,2010-04,2010-12,,,2011-03,FR_MARCH_2011.pdf,Table: Month-wise Completed Projects,14.0,1.0,8.0,,
N24000078,N24000078,75,ROAD TRANSPORT & HIGHWAYS,NS CORR.PH-II,ROAD TRANSPORT & HIGHWAYS,CENTRAL / UNKNOWN,75.0,,336.0,cumulative_expenditure_only,2008-09,2010-12,,,2011-03,FR_MARCH_2011.pdf,Table: Month-wise Completed Projects,14.0,1.0,27.0,,
N24000104,N24000104,76,ROAD TRANSPORT & HIGHWAYS,"NATIONAL HIGHWAYS 
AUTHORITY OF INDIA",ROAD TRANSPORT & HIGHWAYS,CENTRAL / UNKNOWN,76.0,,24000104.0,cumulative_expenditure_only,2010-07,2010-12,,,2011-03,FR_MARCH_2011.pdf,Table: Month-wise Completed Projects,14.0,1.0,5.0,,
N25000030,N25000030,77,SHIPPING,SHIPPING crp. of india,SHIPPING,CENTRAL / UNKNOWN,77.0,,2.0,cumulative_expenditure_only,2010-11,2010-12,,,2011-03,FR_MARCH_2011.pdf,Table: Month-wise Completed Projects,14.0,1.0,1.0,,
N26000036,N26000036,78,TELECOMMUNICATIONS,"BHARAT SANCHAR 
NIGAM LIMITED",TELECOMMUNICATIONS,CENTRAL / UNKNOWN,78.0,,26000036.0,cumulative_expenditure_only,2008-09,2010-12,,,2011-03,FR_MARCH_2011.pdf,Table: Month-wise Completed Projects,14.0,1.0,27.0,,
020100041,020100041,79,POWER,NPCIL,POWER,CENTRAL / UNKNOWN,79.0,,3.0,cumulative_expenditure_only,2009-10,2011-01,,,2011-03,FR_MARCH_2011.pdf,Table: Month-wise Completed Projects,14.0,1.0,15.0,,
618943,NAN,Salem - Ulundurpet section from km 0.313 to km 136.670 of NH-68 Tamil Nadu 12/2006,UNKNOWN,NHAI,UNKNOWN,Tamil Nadu,861.23,1019.85,940.44,revised_cost_crore,2025-11,2011-01,,,2026-06,FlashReport_June_2026.pdf,Table 3: Completed Projects,,0.0,-178.0,1.0,18.417844246020227
N12000025,N12000025,80,STEEL,STEEL AUTHORITY OF INDIA LIMITED (SAIL,STEEL,CENTRAL / UNKNOWN,80.0,,700.0,cumulative_expenditure_only,2009-06,2011-01,,,2011-03,FR_MARCH_2011.pdf,Table: Month-wise Completed Projects,14.0,1.0,19.0,,
N12000035,N12000035,81,STEEL,"BOKARO STEEL 
PL(STEEL AUTHORITY OF INDIA LIMITED (SAIL",STEEL,CENTRAL / UNKNOWN,81.0,,2.0,cumulative_expenditure_only,,2011-01,,,2011-03,FR_MARCH_2011.pdf,Table: Month-wise Completed Projects,14.0,,,,
220100162,220100162,98,RAILWAYS,GC,RAILWAYS,CENTRAL / UNKNOWN,98.0,,220100162.0,cumulative_expenditure_only,2001-03,2011-02,,,2011-03,FR_MARCH_2011.pdf,Table: Month-wise Completed Projects,15.0,1.0,119.0,,
N04000017,N04000017,97,CIVIL AVIATION,AIRPORT AUTHORITY OF INDIA LIMITED,CIVIL AVIATION,CENTRAL / UNKNOWN,97.0,,4000017.0,cumulative_expenditure_only,2011-01,2011-02,,,2011-03,FR_MARCH_2011.pdf,Table: Month-wise Completed Projects,15.0,1.0,1.0,,
220100125,220100125,89,RAILWAYS,GC,RAILWAYS,CENTRAL / UNKNOWN,89.0,,220100125.0,cumulative_expenditure_only,1999-03,2011-03,,,2011-03,FR_MARCH_2011.pdf,Table: Month-wise Completed Projects,15.0,1.0,144.0,,
220100131,220100131,107,RAILWAYS,RE,RAILWAYS,CENTRAL / UNKNOWN,107.0,,220100131.0,cumulative_expenditure_only,1998-03,2011-03,,,2011-03,FR_MARCH_2011.pdf,Table: Month-wise Completed Projects,16.0,1.0,156.0,,
220100195,220100195,19,RAILWAYS,LD,RAILWAYS,CENTRAL / UNKNOWN,19.0,,220100195.0,cumulative_expenditure_only,1999-12,2011-03,,,2011-03,FR_MARCH_2011.pdf,Table: Month-wise Completed Projects,11.0,1.0,135.0,,
220100224,220100224,20,RAILWAYS,GC,RAILWAYS,CENTRAL / UNKNOWN,19.0,,220100195.0,cumulative_expenditure_only,2003-03,2011-03,,,2011-03,FR_MARCH_2011.pdf,Table: Month-wise Completed Projects,11.0,1.0,96.0,,
220100244,220100244,21,RAILWAYS,G.C,RAILWAYS,CENTRAL / UNKNOWN,20.0,,220100224.0,cumulative_expenditure_only,2008-03,2011-03,,,2011-03,FR_MARCH_2011.pdf,Table: Month-wise Completed Projects,11.0,1.0,36.0,,
220100249,220100249,108,RAILWAYS,DL,RAILWAYS,CENTRAL / UNKNOWN,107.0,,220100131.0,cumulative_expenditure_only,,2011-03,,,2011-03,FR_MARCH_2011.pdf,Table: Month-wise Completed Projects,16.0,,,,
220100253,220100253,109,RAILWAYS,G.C,RAILWAYS,CENTRAL / UNKNOWN,108.0,,220100249.0,cumulative_expenditure_only,,2011-03,,,2011-03,FR_MARCH_2011.pdf,Table: Month-wise Completed Projects,16.0,,,,
220100267,220100267,111,RAILWAYS,DL,RAILWAYS,CENTRAL / UNKNOWN,110.0,,220100254.0,cumulative_expenditure_only,2009-03,2011-03,,,2011-03,FR_MARCH_2011.pdf,Table: Month-wise Completed Projects,16.0,1.0,24.0,,
220100291,220100291,90,RAILWAYS,GC,RAILWAYS,CENTRAL / UNKNOWN,89.0,,220100125.0,cumulative_expenditure_only,2009-12,2011-03,,,2011-03,FR_MARCH_2011.pdf,Table: Month-wise Completed Projects,15.0,1.0,15.0,,
240100203,240100203,24,ROAD TRANSPORT & HIGHWAYS,KM.158-KM.198,ROAD TRANSPORT & HIGHWAYS,CENTRAL / UNKNOWN,24.0,,158.0,cumulative_expenditure_only,2006-12,2011-03,,,2011-03,FR_MARCH_2011.pdf,Table: Month-wise Completed Projects,11.0,1.0,51.0,,
240100204,240100204,25,ROAD TRANSPORT & HIGHWAYS,KM.198-KM.242.708,ROAD TRANSPORT & HIGHWAYS,CENTRAL / UNKNOWN,24.0,,158.0,cumulative_expenditure_only,2007-05,2011-03,,,2011-03,FR_MARCH_2011.pdf,Table: Month-wise Completed Projects,11.0,1.0,46.0,,
240100206,240100206,92,ROAD TRANSPORT & HIGHWAYS,PORT CONNECTIVITY,ROAD TRANSPORT & HIGHWAYS,CENTRAL / UNKNOWN,92.0,,348.0,cumulative_expenditure_only,2006-08,2011-03,,,2011-03,FR_MARCH_2011.pdf,Table: Month-wise Completed Projects,15.0,1.0,55.0,,
240101178,240101178,26,ROAD TRANSPORT & HIGHWAYS,GQ,ROAD TRANSPORT & HIGHWAYS,CENTRAL / UNKNOWN,25.0,,198.0,cumulative_expenditure_only,2007-05,2011-03,,,2011-03,FR_MARCH_2011.pdf,Table: Month-wise Completed Projects,11.0,1.0,46.0,,
240101181,240101181,27,ROAD TRANSPORT & HIGHWAYS,GQ,ROAD TRANSPORT & HIGHWAYS,CENTRAL / UNKNOWN,26.0,,38.0,cumulative_expenditure_only,2005-03,2011-03,,,2011-03,FR_MARCH_2011.pdf,Table: Month-wise Completed Projects,11.0,1.0,72.0,,
240101187,240101187,28,ROAD TRANSPORT & HIGHWAYS,GQ,ROAD TRANSPORT & HIGHWAYS,CENTRAL / UNKNOWN,27.0,,317.0,cumulative_expenditure_only,2005-03,2011-03,,,2011-03,FR_MARCH_2011.pdf,Table: Month-wise Completed Projects,11.0,1.0,72.0,,
240106202,240106202,93,ROAD TRANSPORT & HIGHWAYS,NHAI,ROAD TRANSPORT & HIGHWAYS,CENTRAL / UNKNOWN,92.0,,348.0,cumulative_expenditure_only,2006-08,2011-03,,,2011-03,FR_MARCH_2011.pdf,Table: Month-wise Completed Projects,15.0,1.0,55.0,,
240106220,240106220,113,ROAD TRANSPORT & HIGHWAYS,UP-3,ROAD TRANSPORT & HIGHWAYS,CENTRAL / UNKNOWN,113.0,,104.0,cumulative_expenditure_only,2005-08,2011-03,,,2011-03,FR_MARCH_2011.pdf,Table: Month-wise Completed Projects,16.0,1.0,67.0,,
240106224,240106224,114,ROAD TRANSPORT & HIGHWAYS,LMNHP-12,ROAD TRANSPORT & HIGHWAYS,CENTRAL / UNKNOWN,113.0,,104.0,cumulative_expenditure_only,2005-07,2011-03,,,2011-03,FR_MARCH_2011.pdf,Table: Month-wise Completed Projects,16.0,1.0,68.0,,
240106227,240106227,29,ROAD TRANSPORT & HIGHWAYS,BR-1,ROAD TRANSPORT & HIGHWAYS,CENTRAL / UNKNOWN,28.0,,320.0,cumulative_expenditure_only,2005-03,2011-03,,,2011-03,FR_MARCH_2011.pdf,Table: Month-wise Completed Projects,11.0,1.0,72.0,,
240106228,240106228,30,ROAD TRANSPORT & HIGHWAYS,BR-2,ROAD TRANSPORT & HIGHWAYS,CENTRAL / UNKNOWN,29.0,,309.0,cumulative_expenditure_only,2008-04,2011-03,,,2011-03,FR_MARCH_2011.pdf,Table: Month-wise Completed Projects,11.0,1.0,35.0,,
240106241,240106241,31,ROAD TRANSPORT & HIGHWAYS,NS-42/TN,ROAD TRANSPORT & HIGHWAYS,CENTRAL / UNKNOWN,30.0,,268.0,cumulative_expenditure_only,2008-04,2011-03,,,2011-03,FR_MARCH_2011.pdf,Table: Month-wise Completed Projects,11.0,1.0,35.0,,
240106245,240106245,(Rs. Crore),CENTRAL SECTOR,Rs. Crore,UNKNOWN,CENTRAL / UNKNOWN,99.0,,251.7,cumulative_expenditure_only,2008-10,2011-03,,,2011-03,FR_MARCH_2011.pdf,Table: Month-wise Completed Projects,16.0,1.0,29.0,,
240106247,240106247,(Rs. Crore),CENTRAL SECTOR,Rs. Crore,UNKNOWN,CENTRAL / UNKNOWN,115.0,,164.0,cumulative_expenditure_only,2008-10,2011-03,,,2011-03,FR_MARCH_2011.pdf,Table: Month-wise Completed Projects,17.0,1.0,29.0,,
240106248,240106248,116,CENTRAL SECTOR,LMNHP-3,UNKNOWN,CENTRAL / UNKNOWN,116.0,,135.0,cumulative_expenditure_only,2008-10,2011-03,,,2011-03,FR_MARCH_2011.pdf,Table: Month-wise Completed Projects,17.0,1.0,29.0,,
240106249,240106249,100,CENTRAL SECTOR,UP-4,UNKNOWN,CENTRAL / UNKNOWN,100.0,,170.0,cumulative_expenditure_only,2008-04,2011-03,,,2011-03,FR_MARCH_2011.pdf,Table: Month-wise Completed Projects,16.0,1.0,35.0,,
240106257,240106257,32,ROAD TRANSPORT & HIGHWAYS,"NATIONAL 
HIGHWAYS AUTHORITY OF INDIA",ROAD TRANSPORT & HIGHWAYS,CENTRAL / UNKNOWN,32.0,,380.0,cumulative_expenditure_only,2009-03,2011-03,,,2011-03,FR_MARCH_2011.pdf,Table: Month-wise Completed Projects,11.0,1.0,24.0,,
240106268,240106268,(Rs. Crore),CENTRAL SECTOR,Rs. Crore,UNKNOWN,CENTRAL / UNKNOWN,52.0,,407.0,cumulative_expenditure_only,2009-02,2011-03,,,2011-03,FR_MARCH_2011.pdf,Table: Month-wise Completed Projects,13.0,1.0,25.0,,
240106273,240106273,33,ROAD TRANSPORT & HIGHWAYS,TN6,ROAD TRANSPORT & HIGHWAYS,CENTRAL / UNKNOWN,32.0,,380.0,cumulative_expenditure_only,2008-12,2011-03,,,2011-03,FR_MARCH_2011.pdf,Table: Month-wise Completed Projects,11.0,1.0,27.0,,
240106285,240106285,(Rs. Crore),CENTRAL SECTOR,Rs. Crore,UNKNOWN,CENTRAL / UNKNOWN,34.0,,45.0,cumulative_expenditure_only,2008-08,2011-03,,,2011-03,FR_MARCH_2011.pdf,Table: Month-wise Completed Projects,12.0,1.0,31.0,,
240106286,240106286,117,CENTRAL SECTOR,NH-54,UNKNOWN,CENTRAL / UNKNOWN,117.0,,240106286.0,cumulative_expenditure_only,2008-06,2011-03,,,2011-03,FR_MARCH_2011.pdf,Table: Month-wise Completed Projects,17.0,1.0,33.0,,
240106295,240106295,118,CENTRAL SECTOR,NHAI,UNKNOWN,CENTRAL / UNKNOWN,117.0,,240106286.0,cumulative_expenditure_only,2008-06,2011-03,,,2011-03,FR_MARCH_2011.pdf,Table: Month-wise Completed Projects,17.0,1.0,33.0,,
240106296,240106296,101,CENTRAL SECTOR,KM 30 TO KM 0,UNKNOWN,CENTRAL / UNKNOWN,101.0,,30.0,cumulative_expenditure_only,2008-06,2011-03,,,2011-03,FR_MARCH_2011.pdf,Table: Month-wise Completed Projects,16.0,1.0,33.0,,
260100051,260100051,44,TELECOMMUNICATIONS,DEPARTMENT OF TELECOMMUNICATION,TELECOMMUNICATIONS,CENTRAL / UNKNOWN,44.0,,260100051.0,cumulative_expenditure_only,2004-12,2011-03,,,2011-03,FR_MARCH_2011.pdf,Table: Month-wise Completed Projects,12.0,1.0,75.0,,
260100095,260100095,45,TELECOMMUNICATIONS,B,TELECOMMUNICATIONS,CENTRAL / UNKNOWN,44.0,,260100051.0,cumulative_expenditure_only,2006-03,2011-03,,,2011-03,FR_MARCH_2011.pdf,Table: Month-wise Completed Projects,12.0,1.0,60.0,,
N12000036,N12000036,(Rs. Crore),CENTRAL SECTOR,Rs. Crore,UNKNOWN,CENTRAL / UNKNOWN,82.0,,12000036.0,cumulative_expenditure_only,2009-11,2011-03,,,2011-03,FR_MARCH_2011.pdf,Table: Month-wise Completed Projects,15.0,1.0,16.0,,
N12000039,N12000039,83,POWER,RASTRIYA ISPAT NIGAM LIMITED,POWER,CENTRAL / UNKNOWN,83.0,,12000039.0,cumulative_expenditure_only,2009-12,2011-03,,,2011-03,FR_MARCH_2011.pdf,Table: Month-wise Completed Projects,15.0,1.0,15.0,,
N12000050,N12000050,84,STEEL,"STEEL AUTHORITY OF 
INDIA LIMITED (SAIL",STEEL,CENTRAL / UNKNOWN,83.0,,12000039.0,cumulative_expenditure_only,2011-06,2011-03,,,2011-03,FR_MARCH_2011.pdf,Table: Month-wise Completed Projects,15.0,0.0,-3.0,,
N12000060,N12000060,103,STEEL,ASU-4,STEEL,CENTRAL / UNKNOWN,103.0,,12000060.0,cumulative_expenditure_only,2010-06,2011-03,,,2011-03,FR_MARCH_2011.pdf,Table: Month-wise Completed Projects,16.0,1.0,9.0,,
N16000018,N16000018,(Rs. Crore),CENTRAL SECTOR,Rs. Crore,UNKNOWN,CENTRAL / UNKNOWN,11.0,,16000018.0,cumulative_expenditure_only,2008-06,2011-03,,,2011-03,FR_MARCH_2011.pdf,Table: Month-wise Completed Projects,11.0,1.0,33.0,,
N16000021,N16000021,104,PETROLEUM,INDIAN OIL CORPORATION LIMITED,PETROLEUM,CENTRAL / UNKNOWN,104.0,,16000021.0,cumulative_expenditure_only,2009-09,2011-03,,,2011-03,FR_MARCH_2011.pdf,Table: Month-wise Completed Projects,16.0,1.0,18.0,,
N16000026,N16000026,12,CENTRAL SECTOR,HINDUSTAN PETROLEUM CORPORATION LIMITED,UNKNOWN,CENTRAL / UNKNOWN,12.0,,16000026.0,cumulative_expenditure_only,2009-04,2011-03,,,2011-03,FR_MARCH_2011.pdf,Table: Month-wise Completed Projects,11.0,1.0,23.0,,
N16000034,N16000034,13,CENTRAL SECTOR,INDIAN OIL CORPORATION LIMITED,UNKNOWN,CENTRAL / UNKNOWN,13.0,,16000034.0,cumulative_expenditure_only,2009-12,2011-03,,,2011-03,FR_MARCH_2011.pdf,Table: Month-wise Completed Projects,11.0,1.0,15.0,,
N16000035,N16000035,14,CENTRAL SECTOR,"INDIAN 
OIL CORPORATION LIMITED",UNKNOWN,CENTRAL / UNKNOWN,13.0,,16000034.0,cumulative_expenditure_only,2009-12,2011-03,,,2011-03,FR_MARCH_2011.pdf,Table: Month-wise Completed Projects,11.0,1.0,15.0,,
N16000047,N16000047,15,CENTRAL SECTOR,"GAS AUTHORITY OF 
INDIA LIMITED",UNKNOWN,CENTRAL / UNKNOWN,14.0,,16000035.0,cumulative_expenditure_only,2009-09,2011-03,,,2011-03,FR_MARCH_2011.pdf,Table: Month-wise Completed Projects,11.0,1.0,18.0,,
N16000048,N16000048,85,PETROLEUM,"GAS 
AUTHORITY OF INDIA LIMITED",PETROLEUM,CENTRAL / UNKNOWN,85.0,,16000048.0,cumulative_expenditure_only,2009-11,2011-03,,,2011-03,FR_MARCH_2011.pdf,Table: Month-wise Completed Projects,15.0,1.0,16.0,,
N16000056,N16000056,105,PETROLEUM,"HINDUSTAN 
PETROLEUM CORPORATION LIMITED",PETROLEUM,CENTRAL / UNKNOWN,105.0,,16000056.0,cumulative_expenditure_only,2009-09,2011-03,,,2011-03,FR_MARCH_2011.pdf,Table: Month-wise Completed Projects,16.0,1.0,18.0,,
N16000067,N16000067,16,CENTRAL SECTOR,"HINDUSTAN PETROLEUM CORPORATION 
LIMITED",UNKNOWN,CENTRAL / UNKNOWN,15.0,,16000047.0,cumulative_expenditure_only,,2011-03,,,2011-03,FR_MARCH_2011.pdf,Table: Month-wise Completed Projects,11.0,,,,
N16000075,N16000075,17,CENTRAL SECTOR,"INDIAN OIL 
CORPORATION LIMITED",UNKNOWN,CENTRAL / UNKNOWN,17.0,,16000075.0,cumulative_expenditure_only,2009-12,2011-03,,,2011-03,FR_MARCH_2011.pdf,Table: Month-wise Completed Projects,11.0,1.0,15.0,,
N16000078,N16000078,18,PETROLEUM,"BHARAT PETROLEUM 
CORPORATION LIMITED",PETROLEUM,CENTRAL / UNKNOWN,17.0,,16000075.0,cumulative_expenditure_only,2009-12,2011-03,,,2011-03,FR_MARCH_2011.pdf,Table: Month-wise Completed Projects,11.0,1.0,15.0,,
N18000011,N18000011,86,POWER,"NATIONAL THERMAL POWER 
CORPORATION",POWER,CENTRAL / UNKNOWN,86.0,,18000011.0,cumulative_expenditure_only,2010-02,2011-03,,,2011-03,FR_MARCH_2011.pdf,Table: Month-wise Completed Projects,15.0,1.0,13.0,,
N18000013,N18000013,87,POWER,"NATIONAL 
THERMAL POWER CORPORATION",POWER,CENTRAL / UNKNOWN,86.0,,18000011.0,cumulative_expenditure_only,2010-10,2011-03,,,2011-03,FR_MARCH_2011.pdf,Table: Month-wise Completed Projects,15.0,1.0,5.0,,
N18000038,N18000038,88,POWER,"POWER GRID 
CORPORATION OF INDIA LIMITED",POWER,CENTRAL / UNKNOWN,87.0,,18000013.0,cumulative_expenditure_only,2010-11,2011-03,,,2011-03,FR_MARCH_2011.pdf,Table: Month-wise Completed Projects,15.0,1.0,4.0,,
N18000044,N18000044,106,POWER,POWER GRID CORPORATION OF INDIA LIMITED,POWER,CENTRAL / UNKNOWN,106.0,,18000044.0,cumulative_expenditure_only,2011-09,2011-03,,,2011-03,FR_MARCH_2011.pdf,Table: Month-wise Completed Projects,16.0,0.0,-6.0,,
N22000033,N22000033,22,RAILWAYS,G.C.,RAILWAYS,CENTRAL / UNKNOWN,21.0,,220100244.0,cumulative_expenditure_only,2008-03,2011-03,,,2011-03,FR_MARCH_2011.pdf,Table: Month-wise Completed Projects,11.0,1.0,36.0,,
N22000048,N22000048,112,RAILWAYS,NL,RAILWAYS,CENTRAL / UNKNOWN,111.0,,220100267.0,cumulative_expenditure_only,2009-03,2011-03,,,2011-03,FR_MARCH_2011.pdf,Table: Month-wise Completed Projects,16.0,1.0,24.0,,
N22000055,N22000055,23,RAILWAYS,NORTHERN RAILWAY,RAILWAYS,CENTRAL / UNKNOWN,22.0,,22000033.0,cumulative_expenditure_only,2009-03,2011-03,,,2011-03,FR_MARCH_2011.pdf,Table: Month-wise Completed Projects,11.0,1.0,24.0,,
N22000103,N22000103,91,RAILWAYS,GAUGE CONVERSION,RAILWAYS,CENTRAL / UNKNOWN,90.0,,220100291.0,cumulative_expenditure_only,2009-12,2011-03,,,2011-03,FR_MARCH_2011.pdf,Table: Month-wise Completed Projects,15.0,1.0,15.0,,
N24000054,N24000054,35,CENTRAL SECTOR,NHAI,UNKNOWN,CENTRAL / UNKNOWN,35.0,,45.0,cumulative_expenditure_only,2008-08,2011-03,,,2011-03,FR_MARCH_2011.pdf,Table: Month-wise Completed Projects,12.0,1.0,31.0,,
N24000060,N24000060,36,CENTRAL SECTOR,NATIONAL HIGHWAYS AUTHORITY OF INDIA,UNKNOWN,CENTRAL / UNKNOWN,35.0,,45.0,cumulative_expenditure_only,2009-03,2011-03,,,2011-03,FR_MARCH_2011.pdf,Table: Month-wise Completed Projects,12.0,1.0,24.0,,
N24000069,N24000069,119,CENTRAL SECTOR,"NATIONAL HIGHWAYS AUTHORITY 
OF INDIA",UNKNOWN,CENTRAL / UNKNOWN,118.0,,240106295.0,cumulative_expenditure_only,2009-04,2011-03,,,2011-03,FR_MARCH_2011.pdf,Table: Month-wise Completed Projects,17.0,1.0,23.0,,
N24000076,N24000076,94,ROAD TRANSPORT & HIGHWAYS,NS CORR.PH-II,ROAD TRANSPORT & HIGHWAYS,CENTRAL / UNKNOWN,93.0,,4.0,cumulative_expenditure_only,2009-08,2011-03,,,2011-03,FR_MARCH_2011.pdf,Table: Month-wise Completed Projects,15.0,1.0,19.0,,
N24000077,N24000077,95,ROAD TRANSPORT & HIGHWAYS,NS CORR.PH-II,ROAD TRANSPORT & HIGHWAYS,CENTRAL / UNKNOWN,95.0,,293.4,cumulative_expenditure_only,2009-09,2011-03,,,2011-03,FR_MARCH_2011.pdf,Table: Month-wise Completed Projects,15.0,1.0,18.0,,
N24000080,N24000080,(Rs. Crore),CENTRAL SECTOR,Rs. Crore,UNKNOWN,CENTRAL / UNKNOWN,68.0,,418.0,cumulative_expenditure_only,2009-08,2011-03,,,2011-03,FR_MARCH_2011.pdf,Table: Month-wise Completed Projects,14.0,1.0,19.0,,
N24000081,N24000081,96,ROAD TRANSPORT & HIGHWAYS,NS CORR.PH-II,ROAD TRANSPORT & HIGHWAYS,CENTRAL / UNKNOWN,95.0,,293.4,cumulative_expenditure_only,2009-09,2011-03,,,2011-03,FR_MARCH_2011.pdf,Table: Month-wise Completed Projects,15.0,1.0,18.0,,
N24000083,N24000083,37,CENTRAL SECTOR,"NATIONAL HIGHWAYS AUTHORITY 
OF INDIA",UNKNOWN,CENTRAL / UNKNOWN,37.0,,24000083.0,cumulative_expenditure_only,2009-05,2011-03,,,2011-03,FR_MARCH_2011.pdf,Table: Month-wise Completed Projects,12.0,1.0,22.0,,
N24000093,N24000093,38,CENTRAL SECTOR,"NS-2/BOT/AP-
6",UNKNOWN,CENTRAL / UNKNOWN,37.0,,24000083.0,cumulative_expenditure_only,2009-11,2011-03,,,2011-03,FR_MARCH_2011.pdf,Table: Month-wise Completed Projects,12.0,1.0,16.0,,
N24000105,N24000105,39,CENTRAL SECTOR,NATIONAL HIGHWAYS AUTHORITY OF INDIA,UNKNOWN,CENTRAL / UNKNOWN,39.0,,24000105.0,cumulative_expenditure_only,2008-07,2011-03,,,2011-03,FR_MARCH_2011.pdf,Table: Month-wise Completed Projects,12.0,1.0,32.0,,
N24000109,N24000109,40,CENTRAL SECTOR,"NATIONAL HIGHWAYS AUTHORITY 
OF INDIA",UNKNOWN,CENTRAL / UNKNOWN,40.0,,24000109.0,cumulative_expenditure_only,2010-03,2011-03,,,2011-03,FR_MARCH_2011.pdf,Table: Month-wise Completed Projects,12.0,1.0,12.0,,
N24000120,N24000120,41,CENTRAL SECTOR,NATIONAL HIGHWAYS AUTHORITY OF INDIA,UNKNOWN,CENTRAL / UNKNOWN,40.0,,24000109.0,cumulative_expenditure_only,2010-09,2011-03,,,2011-03,FR_MARCH_2011.pdf,Table: Month-wise Completed Projects,12.0,1.0,6.0,,
N24000121,N24000121,53,CENTRAL SECTOR,"NATIONAL HIGHWAYS 
AUTHORITY OF INDIA",UNKNOWN,CENTRAL / UNKNOWN,53.0,,24000121.0,cumulative_expenditure_only,2010-06,2011-03,,,2011-03,FR_MARCH_2011.pdf,Table: Month-wise Completed Projects,13.0,1.0,9.0,,
N25000013,N25000013,42,SHIPPING,SHIPPING crp. of india,SHIPPING,CENTRAL / UNKNOWN,42.0,,470000.0,cumulative_expenditure_only,2010-03,2011-03,,,2011-03,FR_MARCH_2011.pdf,Table: Month-wise Completed Projects,12.0,1.0,12.0,,
N25000015,N25000015,102,SHIPPING,"PORT 
TRUST",SHIPPING,CENTRAL / UNKNOWN,102.0,,25000015.0,cumulative_expenditure_only,2009-04,2011-03,,,2011-03,FR_MARCH_2011.pdf,Table: Month-wise Completed Projects,16.0,1.0,23.0,,
N25000029,N25000029,54,SHIPPING,SHIPPING crp. of india,SHIPPING,CENTRAL / UNKNOWN,54.0,,6.0,cumulative_expenditure_only,2010-07,2011-03,,,2011-03,FR_MARCH_2011.pdf,Table: Month-wise Completed Projects,13.0,1.0,8.0,,
N25000046,N25000046,43,SHIPPING,PORT TRUST,SHIPPING,CENTRAL / UNKNOWN,42.0,,470000.0,cumulative_expenditure_only,2004-11,2011-03,,,2011-03,FR_MARCH_2011.pdf,Table: Month-wise Completed Projects,12.0,1.0,76.0,,
N26000026,N26000026,46,TELECOMMUNICATIONS,MAHANAGAR TELEPHONE NIGAM LIMITED,TELECOMMUNICATIONS,CENTRAL / UNKNOWN,45.0,,260100095.0,cumulative_expenditure_only,2007-10,2011-03,,,2011-03,FR_MARCH_2011.pdf,Table: Month-wise Completed Projects,12.0,1.0,41.0,,
N26000028,N26000028,47,TELECOMMUNICATIONS,"PH-
(BHARAT SANCHAR NIGAM LIMITED",TELECOMMUNICATIONS,CENTRAL / UNKNOWN,46.0,,750.0,cumulative_expenditure_only,2008-12,2011-03,,,2011-03,FR_MARCH_2011.pdf,Table: Month-wise Completed Projects,12.0,1.0,27.0,,
N26000034,N26000034,55,TELECOMMUNICATIONS,"BHARAT 
SANCHAR NIGAM LIMITED",TELECOMMUNICATIONS,CENTRAL / UNKNOWN,55.0,,26000034.0,cumulative_expenditure_only,2008-04,2011-03,,,2011-03,FR_MARCH_2011.pdf,Table: Month-wise Completed Projects,13.0,1.0,35.0,,
N26000042,N26000042,48,TELECOMMUNICATIONS,BHARAT SANCHAR NIGAM LIMITED,TELECOMMUNICATIONS,CENTRAL / UNKNOWN,47.0,,650.0,cumulative_expenditure_only,2008-12,2011-03,,,2011-03,FR_MARCH_2011.pdf,Table: Month-wise Completed Projects,12.0,1.0,27.0,,
N26000051,N26000051,69,TELECOMMUNICATIONS,2G,TELECOMMUNICATIONS,CENTRAL / UNKNOWN,69.0,,1625.0,cumulative_expenditure_only,2009-08,2011-03,,,2011-03,FR_MARCH_2011.pdf,Table: Month-wise Completed Projects,14.0,1.0,19.0,,
N26000061,N26000061,49,TELECOMMUNICATIONS,MAHANAGAR TELEPHONE NIGAM LIMITED,TELECOMMUNICATIONS,CENTRAL / UNKNOWN,48.0,,1006280.0,cumulative_expenditure_only,2008-12,2011-03,,,2011-03,FR_MARCH_2011.pdf,Table: Month-wise Completed Projects,12.0,1.0,27.0,,
N26000064,N26000064,70,TELECOMMUNICATIONS,"BHARAT SANCHAR 
NIGAM LIMITED",TELECOMMUNICATIONS,CENTRAL / UNKNOWN,69.0,,1625.0,cumulative_expenditure_only,2010-12,2011-03,,,2011-03,FR_MARCH_2011.pdf,Table: Month-wise Completed Projects,14.0,1.0,3.0,,
N26000076,N26000076,56,TELECOMMUNICATIONS,"MAHANAGAR 
TELEPHONE NIGAM LIMITED",TELECOMMUNICATIONS,CENTRAL / UNKNOWN,55.0,,26000034.0,cumulative_expenditure_only,2010-10,2011-03,,,2011-03,FR_MARCH_2011.pdf,Table: Month-wise Completed Projects,13.0,1.0,5.0,,
N26000077,N26000077,57,TELECOMMUNICATIONS,"MAHANAGAR 
TELEPHONE NIGAM LIMITED",TELECOMMUNICATIONS,CENTRAL / UNKNOWN,56.0,,26000076.0,cumulative_expenditure_only,2010-06,2011-03,,,2011-03,FR_MARCH_2011.pdf,Table: Month-wise Completed Projects,13.0,1.0,9.0,,
N26000079,N26000079,58,TELECOMMUNICATIONS,2G,TELECOMMUNICATIONS,CENTRAL / UNKNOWN,57.0,,2.0,cumulative_expenditure_only,2010-09,2011-03,,,2011-03,FR_MARCH_2011.pdf,Table: Month-wise Completed Projects,13.0,1.0,6.0,,
220100330,220100330,5,RAILWAYS,GL,RAILWAYS,CENTRAL / UNKNOWN,5.0,,220100330.0,cumulative_expenditure_only,,2011-04,,,2012-03,FR_MARCH_2012.pdf,Table: Month-wise Completed Projects,10.0,,,,
240106240,240106240,6,ROAD TRANSPORT & HIGHWAYS,NS-41/TN,ROAD TRANSPORT & HIGHWAYS,CENTRAL / UNKNOWN,6.0,,120.0,cumulative_expenditure_only,2008-03,2011-04,,,2012-03,FR_MARCH_2012.pdf,Table: Month-wise Completed Projects,10.0,1.0,37.0,,
N04000056,N04000056,1,CIVIL AVIATION,K2,CIVIL AVIATION,CENTRAL / UNKNOWN,2.0,,4000056.0,cumulative_expenditure_only,2011-01,2011-04,,,2012-03,FR_MARCH_2012.pdf,Table: Month-wise Completed Projects,10.0,1.0,3.0,,
N16000049,N16000049,2,PETROLEUM,"Spurline to 
CJPL",PETROLEUM,CENTRAL / UNKNOWN,2.0,,16000049.0,cumulative_expenditure_only,2009-10,2011-04,,,2012-03,FR_MARCH_2012.pdf,Table: Month-wise Completed Projects,10.0,1.0,18.0,,
N16000076,N16000076,3,PETROLEUM,HINDUSTAN PETROLEUM CORPORATION LIMITED,PETROLEUM,CENTRAL / UNKNOWN,2.0,,16000049.0,cumulative_expenditure_only,2010-12,2011-04,,,2012-03,FR_MARCH_2012.pdf,Table: Month-wise Completed Projects,10.0,1.0,4.0,,
N18000016,N18000016,4,POWER,"NATIONAL THERMAL POWER 
CORPORATION",POWER,CENTRAL / UNKNOWN,4.0,,18000016.0,cumulative_expenditure_only,2010-08,2011-04,,,2012-03,FR_MARCH_2012.pdf,Table: Month-wise Completed Projects,10.0,1.0,8.0,,
N25000032,N25000032,7,SHIPPING,SHIPPING crp. of india,SHIPPING,CENTRAL / UNKNOWN,7.0,,4.0,cumulative_expenditure_only,2011-04,2011-04,,,2012-03,FR_MARCH_2012.pdf,Table: Month-wise Completed Projects,10.0,0.0,0.0,,
N04000068,N04000068,8,CIVIL AVIATION,AIRPORT AUTHORITY OF INDIA LIMITED,CIVIL AVIATION,CENTRAL / UNKNOWN,8.0,,3.0,cumulative_expenditure_only,2010-09,2011-05,,,2012-03,FR_MARCH_2012.pdf,Table: Month-wise Completed Projects,10.0,1.0,8.0,,
N18000037,N18000037,9,POWER,POWER GRID CORPORATION OF INDIA LIMITED,POWER,CENTRAL / UNKNOWN,9.0,,18000037.0,cumulative_expenditure_only,2010-04,2011-05,,,2012-03,FR_MARCH_2012.pdf,Table: Month-wise Completed Projects,10.0,1.0,13.0,,
180100256,180100256,17,POWER,PGCIL,POWER,CENTRAL / UNKNOWN,17.0,,180100256.0,cumulative_expenditure_only,2008-06,2011-06,,,2012-03,FR_MARCH_2012.pdf,Table: Month-wise Completed Projects,11.0,1.0,36.0,,
220100251,220100251,20,RAILWAYS,GC,RAILWAYS,CENTRAL / UNKNOWN,20.0,,220100251.0,cumulative_expenditure_only,,2011-06,,,2012-03,FR_MARCH_2012.pdf,Table: Month-wise Completed Projects,11.0,,,,
240103191,240103191,21,ROAD TRANSPORT & HIGHWAYS,EW,ROAD TRANSPORT & HIGHWAYS,CENTRAL / UNKNOWN,21.0,,419.0,cumulative_expenditure_only,2004-07,2011-06,,,2012-03,FR_MARCH_2012.pdf,Table: Month-wise Completed Projects,11.0,1.0,83.0,,
240106223,240106223,22,ROAD TRANSPORT & HIGHWAYS,LMNHP-II,ROAD TRANSPORT & HIGHWAYS,CENTRAL / UNKNOWN,22.0,,480.0,cumulative_expenditure_only,2005-07,2011-06,,,2012-03,FR_MARCH_2012.pdf,Table: Month-wise Completed Projects,11.0,1.0,71.0,,
260100100,260100100,18,POWER,POWER GRID CORPORATION OF INDIA LIMITED,POWER,CENTRAL / UNKNOWN,17.0,,180100256.0,cumulative_expenditure_only,2009-06,2011-06,,,2012-03,FR_MARCH_2012.pdf,Table: Month-wise Completed Projects,11.0,1.0,24.0,,
N16000080,N16000080,16,PETROLEUM,"BHARAT 
PETROLEUM CORPORATION LIMITED",PETROLEUM,CENTRAL / UNKNOWN,16.0,,16000080.0,cumulative_expenditure_only,2009-12,2011-06,,,2012-03,FR_MARCH_2012.pdf,Table: Month-wise Completed Projects,11.0,1.0,18.0,,
N18000059,N18000059,19,POWER,POWER GRID CORPORATION OF INDIA LIMITED,POWER,CENTRAL / UNKNOWN,19.0,,18000059.0,cumulative_expenditure_only,2011-06,2011-06,,,2012-03,FR_MARCH_2012.pdf,Table: Month-wise Completed Projects,11.0,0.0,0.0,,
N24000106,N24000106,23,ROAD TRANSPORT & HIGHWAYS,"NATIONAL 
HIGHWAYS AUTHORITY OF INDIA",ROAD TRANSPORT & HIGHWAYS,CENTRAL / UNKNOWN,22.0,,480.0,cumulative_expenditure_only,2005-07,2011-06,,,2012-03,FR_MARCH_2012.pdf,Table: Month-wise Completed Projects,11.0,1.0,71.0,,
220100185,220100185,31,RAILWAYS,GC,RAILWAYS,CENTRAL / UNKNOWN,31.0,,220100185.0,cumulative_expenditure_only,,2011-08,,,2012-03,FR_MARCH_2012.pdf,Table: Month-wise Completed Projects,12.0,,,,
240106222,240106222,32,ROAD TRANSPORT & HIGHWAYS,LMNHP-I,ROAD TRANSPORT & HIGHWAYS,CENTRAL / UNKNOWN,32.0,,45.0,cumulative_expenditure_only,2008-10,2011-08,,,2012-03,FR_MARCH_2012.pdf,Table: Month-wise Completed Projects,12.0,1.0,34.0,,
240106256,240106256,33,ROAD TRANSPORT & HIGHWAYS,NATIONAL HIGHWAYS AUTHORITY OF INDIA,ROAD TRANSPORT & HIGHWAYS,CENTRAL / UNKNOWN,33.0,,52.25,cumulative_expenditure_only,2009-03,2011-08,,,2012-03,FR_MARCH_2012.pdf,Table: Month-wise Completed Projects,12.0,1.0,29.0,,
280100002,280100002,35,URBAN DEVELOPMENT,"DELHI METRO RAIL 
CORPORATION",URBAN DEVELOPMENT,CENTRAL / UNKNOWN,35.0,,280100002.0,cumulative_expenditure_only,2010-06,2011-08,,,2012-03,FR_MARCH_2012.pdf,Table: Month-wise Completed Projects,12.0,1.0,14.0,,
N18000040,N18000040,30,POWER,POWER GRID CORPORATION OF INDIA LIMITED,POWER,CENTRAL / UNKNOWN,30.0,,400.0,cumulative_expenditure_only,2010-09,2011-08,,,2012-03,FR_MARCH_2012.pdf,Table: Month-wise Completed Projects,12.0,1.0,11.0,,
N26000037,N26000037,34,TELECOMMUNICATIONS,"BHARAT SANCHAR 
NIGAM LIMITED",TELECOMMUNICATIONS,CENTRAL / UNKNOWN,34.0,,26000037.0,cumulative_expenditure_only,2008-02,2011-08,,,2012-03,FR_MARCH_2012.pdf,Table: Month-wise Completed Projects,12.0,1.0,42.0,,
N24000087,N24000087,30,ROAD TRANSPORT & HIGHWAYS,"NATIONAL HIGHWAYS AUTHORITY 
OF INDIA",ROAD TRANSPORT & HIGHWAYS,CENTRAL / UNKNOWN,30.0,,24000087.0,cumulative_expenditure_only,2010-06,2011-09,,,2011-09,FR_SEP_2011.pdf,Table: Month-wise Completed Projects,11.0,1.0,15.0,,
N18000043,N18000043,40,POWER,POWER GRID CORPORATION OF INDIA LIMITED,POWER,CENTRAL / UNKNOWN,40.0,,18000043.0,cumulative_expenditure_only,2011-06,2011-10,,,2012-03,FR_MARCH_2012.pdf,Table: Month-wise Completed Projects,13.0,1.0,4.0,,
N18000050,N18000050,41,POWER,"POWER 
GRID CORPORATION OF INDIA LIMITED",POWER,CENTRAL / UNKNOWN,2011.0,,41.0,cumulative_expenditure_only,2011-11,2011-11,,,2012-03,FR_MARCH_2012.pdf,Table: Month-wise Completed Projects,13.0,0.0,0.0,,
N24000030,N24000030,42,ROAD TRANSPORT & HIGHWAYS,BR-6,ROAD TRANSPORT & HIGHWAYS,CENTRAL / UNKNOWN,42.0,,24000030.0,cumulative_expenditure_only,2008-06,2011-11,,,2012-03,FR_MARCH_2012.pdf,Table: Month-wise Completed Projects,13.0,1.0,41.0,,
N24000037,N24000037,43,ROAD TRANSPORT & HIGHWAYS,NH-47,ROAD TRANSPORT & HIGHWAYS,CENTRAL / UNKNOWN,42.0,,24000030.0,cumulative_expenditure_only,2009-03,2011-11,,,2012-03,FR_MARCH_2012.pdf,Table: Month-wise Completed Projects,13.0,1.0,32.0,,
100100054,100100054,44,MINES,"NATIONAL ALUMINUM 
COMPANY LIMITED (NALCO",MINES,CENTRAL / UNKNOWN,44.0,,100100054.0,cumulative_expenditure_only,2008-12,2011-12,,,2012-03,FR_MARCH_2012.pdf,Table: Month-wise Completed Projects,13.0,1.0,36.0,,
N16000024,N16000024,45,PETROLEUM,"OIL 
& NATURAL GAS CORPORATION LIMITED",PETROLEUM,CENTRAL / UNKNOWN,45.0,,16000024.0,cumulative_expenditure_only,2010-06,2011-12,,,2012-03,FR_MARCH_2012.pdf,Table: Month-wise Completed Projects,13.0,1.0,18.0,,
N16000052,N16000052,46,PETROLEUM,PHASE-II,PETROLEUM,CENTRAL / UNKNOWN,45.0,,16000024.0,cumulative_expenditure_only,2010-10,2011-12,,,2012-03,FR_MARCH_2012.pdf,Table: Month-wise Completed Projects,13.0,1.0,14.0,,
N18000023,N18000023,47,POWER,"POWER 
GRID CORPORATION OF INDIA LIMITED",POWER,CENTRAL / UNKNOWN,47.0,,18000023.0,cumulative_expenditure_only,2011-05,2011-12,,,2012-03,FR_MARCH_2012.pdf,Table: Month-wise Completed Projects,13.0,1.0,7.0,,
060100089,060100089,79,COAL,2 125MW,COAL,CENTRAL / UNKNOWN,79.0,,2.0,cumulative_expenditure_only,2009-06,2012-02,,,2012-03,FR_MARCH_2012.pdf,Table: Month-wise Completed Projects,15.0,1.0,32.0,,
240106216,240106216,82,ROAD TRANSPORT & HIGHWAYS,"PK-IV,NH15",ROAD TRANSPORT & HIGHWAYS,CENTRAL / UNKNOWN,82.0,,15.0,cumulative_expenditure_only,2007-11,2012-02,,,2012-03,FR_MARCH_2012.pdf,Table: Month-wise Completed Projects,15.0,1.0,51.0,,
N18000033,N18000033,80,POWER,"POWER GRID 
CORPORATION OF INDIA LIMITED",POWER,CENTRAL / UNKNOWN,80.0,,18000033.0,cumulative_expenditure_only,2010-06,2012-02,,,2012-03,FR_MARCH_2012.pdf,Table: Month-wise Completed Projects,15.0,1.0,20.0,,
N18000062,N18000062,81,POWER,"POWER 
GRID CORPORATION OF INDIA LIMITED",POWER,CENTRAL / UNKNOWN,80.0,,18000033.0,cumulative_expenditure_only,2010-07,2012-02,,,2012-03,FR_MARCH_2012.pdf,Table: Month-wise Completed Projects,15.0,1.0,19.0,,
160100168,160100168,25,PETROLEUM,ONGC,PETROLEUM,CENTRAL / UNKNOWN,25.0,,2.0,cumulative_expenditure_only,2008-05,2012-03,,,2012-03,FR_MARCH_2012.pdf,Table: Month-wise Completed Projects,12.0,1.0,46.0,,
220100116,220100116,37,RAILWAYS,GC,RAILWAYS,CENTRAL / UNKNOWN,37.0,,220100116.0,cumulative_expenditure_only,1996-03,2012-03,,,2012-03,FR_MARCH_2012.pdf,Table: Month-wise Completed Projects,13.0,1.0,192.0,,
220100187,220100187,28,RAILWAYS,GC,RAILWAYS,CENTRAL / UNKNOWN,28.0,,220100187.0,cumulative_expenditure_only,2004-03,2012-03,,,2012-03,FR_MARCH_2012.pdf,Table: Month-wise Completed Projects,12.0,1.0,96.0,,
220100264,220100264,10,RAILWAYS,DOUBL.,RAILWAYS,CENTRAL / UNKNOWN,10.0,,220100264.0,cumulative_expenditure_only,2006-12,2012-03,,,2012-03,FR_MARCH_2012.pdf,Table: Month-wise Completed Projects,11.0,1.0,63.0,,
220100278,220100278,11,RAILWAYS,LD,RAILWAYS,CENTRAL / UNKNOWN,10.0,,220100264.0,cumulative_expenditure_only,2007-03,2012-03,,,2012-03,FR_MARCH_2012.pdf,Table: Month-wise Completed Projects,11.0,1.0,60.0,,
220100322,220100322,70,RAILWAYS,GC,RAILWAYS,CENTRAL / UNKNOWN,70.0,,220100322.0,cumulative_expenditure_only,2008-03,2012-03,,,2012-03,FR_MARCH_2012.pdf,Table: Month-wise Completed Projects,15.0,1.0,48.0,,
240106203,240106203,29,ROAD TRANSPORT & HIGHWAYS,NHAI,ROAD TRANSPORT & HIGHWAYS,CENTRAL / UNKNOWN,29.0,,240106203.0,cumulative_expenditure_only,2007-04,2012-03,,,2012-03,FR_MARCH_2012.pdf,Table: Month-wise Completed Projects,12.0,1.0,59.0,,
240106225,240106225,39,ROAD TRANSPORT & HIGHWAYS,LMNHP-II,ROAD TRANSPORT & HIGHWAYS,CENTRAL / UNKNOWN,39.0,,93.075,cumulative_expenditure_only,2008-10,2012-03,,,2012-03,FR_MARCH_2012.pdf,Table: Month-wise Completed Projects,13.0,1.0,41.0,,
240106246,240106246,48,ROAD TRANSPORT & HIGHWAYS,LMNHP-5,ROAD TRANSPORT & HIGHWAYS,CENTRAL / UNKNOWN,48.0,,208.0,cumulative_expenditure_only,2008-10,2012-03,,,2012-03,FR_MARCH_2012.pdf,Table: Month-wise Completed Projects,14.0,1.0,41.0,,
240106262,240106262,13,ROAD TRANSPORT & HIGHWAYS,THANE,ROAD TRANSPORT & HIGHWAYS,CENTRAL / UNKNOWN,13.0,,440.0,cumulative_expenditure_only,2009-04,2012-03,,,2012-03,FR_MARCH_2012.pdf,Table: Month-wise Completed Projects,11.0,1.0,35.0,,
240106276,240106276,49,ROAD TRANSPORT & HIGHWAYS,NATIONAL HIGHWAYS AUTHORITY OF INDIA,ROAD TRANSPORT & HIGHWAYS,CENTRAL / UNKNOWN,49.0,,138.8,cumulative_expenditure_only,2010-11,2012-03,,,2012-03,FR_MARCH_2012.pdf,Table: Month-wise Completed Projects,14.0,1.0,16.0,,
240106289,240106289,14,ROAD TRANSPORT & HIGHWAYS,NH-37,ROAD TRANSPORT & HIGHWAYS,CENTRAL / UNKNOWN,14.0,,240106289.0,cumulative_expenditure_only,2008-06,2012-03,,,2012-03,FR_MARCH_2012.pdf,Table: Month-wise Completed Projects,11.0,1.0,45.0,,
240106291,240106291,71,ROAD TRANSPORT & HIGHWAYS,NH-28,ROAD TRANSPORT & HIGHWAYS,CENTRAL / UNKNOWN,71.0,,240106291.0,cumulative_expenditure_only,2008-12,2012-03,,,2012-03,FR_MARCH_2012.pdf,Table: Month-wise Completed Projects,15.0,1.0,39.0,,
240106299,240106299,50,ROAD TRANSPORT & HIGHWAYS,NHAI,ROAD TRANSPORT & HIGHWAYS,CENTRAL / UNKNOWN,50.0,,240106299.0,cumulative_expenditure_only,2008-11,2012-03,,,2012-03,FR_MARCH_2012.pdf,Table: Month-wise Completed Projects,14.0,1.0,40.0,,
250100112,250100112,94,SHIPPING,SHIPPING crp. of india,SHIPPING,CENTRAL / UNKNOWN,94.0,,250100112.0,cumulative_expenditure_only,2005-12,2012-03,,,2012-03,FR_MARCH_2012.pdf,Table: Month-wise Completed Projects,16.0,1.0,75.0,,
N12000054,N12000054,24,STEEL,BSP,STEEL,CENTRAL / UNKNOWN,24.0,,12000054.0,cumulative_expenditure_only,2010-01,2012-03,,,2012-03,FR_MARCH_2012.pdf,Table: Month-wise Completed Projects,12.0,1.0,26.0,,
N16000040,N16000040,36,PETROLEUM,INDIAN OIL CORPORATION LIMITED,PETROLEUM,CENTRAL / UNKNOWN,36.0,,16000040.0,cumulative_expenditure_only,2009-12,2012-03,,,2012-03,FR_MARCH_2012.pdf,Table: Month-wise Completed Projects,13.0,1.0,27.0,,
N16000045,N16000045,83,PETROLEUM,"OIL & NATURAL GAS 
CORPORATION LIMITED",PETROLEUM,CENTRAL / UNKNOWN,83.0,,16000045.0,cumulative_expenditure_only,2009-03,2012-03,,,2012-03,FR_MARCH_2012.pdf,Table: Month-wise Completed Projects,15.0,1.0,36.0,,
N16000050,N16000050,(Rs. Crore),CENTRAL SECTOR,Rs. Crore,UNKNOWN,CENTRAL / UNKNOWN,84.0,,16000050.0,cumulative_expenditure_only,2011-12,2012-03,,,2012-03,FR_MARCH_2012.pdf,Table: Month-wise Completed Projects,16.0,1.0,3.0,,
N16000053,N16000053,26,PETROLEUM,VIJAYPUR AND JHABUA,PETROLEUM,CENTRAL / UNKNOWN,25.0,,2.0,cumulative_expenditure_only,2011-04,2012-03,,,2012-03,FR_MARCH_2012.pdf,Table: Month-wise Completed Projects,12.0,1.0,11.0,,
N16000059,N16000059,85,CENTRAL SECTOR,INDIAN OIL CORPORATION LIMITED,UNKNOWN,CENTRAL / UNKNOWN,85.0,,16000059.0,cumulative_expenditure_only,2013-03,2012-03,,,2012-03,FR_MARCH_2012.pdf,Table: Month-wise Completed Projects,16.0,0.0,-12.0,,
N16000062,N16000062,86,CENTRAL SECTOR,"OIL & NATURAL GAS 
CORPORATION LIMITED",UNKNOWN,CENTRAL / UNKNOWN,85.0,,16000059.0,cumulative_expenditure_only,2010-04,2012-03,,,2012-03,FR_MARCH_2012.pdf,Table: Month-wise Completed Projects,16.0,1.0,23.0,,
N16000063,N16000063,87,CENTRAL SECTOR,"OIL & NATURAL GAS 
CORPORATION LIMITED",UNKNOWN,CENTRAL / UNKNOWN,86.0,,16000062.0,cumulative_expenditure_only,2011-04,2012-03,,,2012-03,FR_MARCH_2012.pdf,Table: Month-wise Completed Projects,16.0,1.0,11.0,,
N16000083,N16000083,88,PETROLEUM,"BHARAT 
PETROLEUM CORPORATION LIMITED",PETROLEUM,CENTRAL / UNKNOWN,87.0,,16000063.0,cumulative_expenditure_only,2010-09,2012-03,,,2012-03,FR_MARCH_2012.pdf,Table: Month-wise Completed Projects,16.0,1.0,18.0,,
N16000102,N16000102,89,PETROLEUM,HINDUSTAN PETROLEUM CORPORATION LIMITED,PETROLEUM,CENTRAL / UNKNOWN,88.0,,16000083.0,cumulative_expenditure_only,2010-12,2012-03,,,2012-03,FR_MARCH_2012.pdf,Table: Month-wise Completed Projects,16.0,1.0,15.0,,
N16000111,N16000111,27,PETROLEUM,"OIL & NATURAL GAS 
CORPORATION LIMITED",PETROLEUM,CENTRAL / UNKNOWN,26.0,,16000053.0,cumulative_expenditure_only,2011-05,2012-03,,,2012-03,FR_MARCH_2012.pdf,Table: Month-wise Completed Projects,12.0,1.0,10.0,,
N16000126,N16000126,90,PETROLEUM,GAS AUTHORITY OF INDIA LIMITED,PETROLEUM,CENTRAL / UNKNOWN,90.0,,16000126.0,cumulative_expenditure_only,,2012-03,,,2012-03,FR_MARCH_2012.pdf,Table: Month-wise Completed Projects,16.0,,,,
N18000032,N18000032,91,POWER,"NATIONAL THERMAL POWER 
CORPORATION",POWER,CENTRAL / UNKNOWN,91.0,,18000032.0,cumulative_expenditure_only,2011-05,2012-03,,,2012-03,FR_MARCH_2012.pdf,Table: Month-wise Completed Projects,16.0,1.0,10.0,,
N18000058,N18000058,92,POWER,POWER GRID CORPORATION OF INDIA LIMITED,POWER,CENTRAL / UNKNOWN,91.0,,18000032.0,cumulative_expenditure_only,2011-08,2012-03,,,2012-03,FR_MARCH_2012.pdf,Table: Month-wise Completed Projects,16.0,1.0,7.0,,
N22000056,N22000056,12,RAILWAYS,SWR,RAILWAYS,CENTRAL / UNKNOWN,11.0,,220100278.0,cumulative_expenditure_only,,2012-03,,,2012-03,FR_MARCH_2012.pdf,Table: Month-wise Completed Projects,11.0,,,,
N22000106,N22000106,38,RAILWAYS,"NORTH 
WESTERN RAILWAY",RAILWAYS,CENTRAL / UNKNOWN,37.0,,220100116.0,cumulative_expenditure_only,2011-03,2012-03,,,2012-03,FR_MARCH_2012.pdf,Table: Month-wise Completed Projects,13.0,1.0,12.0,,
N24000036,N24000036,72,ROAD TRANSPORT & HIGHWAYS,"NATIONAL HIGHWAYS AUTHORITY OF 
INDIA",ROAD TRANSPORT & HIGHWAYS,CENTRAL / UNKNOWN,71.0,,240106291.0,cumulative_expenditure_only,2009-06,2012-03,,,2012-03,FR_MARCH_2012.pdf,Table: Month-wise Completed Projects,15.0,1.0,33.0,,
N24000090,N24000090,73,ROAD TRANSPORT & HIGHWAYS,NATIONAL HIGHWAYS AUTHORITY OF INDIA,ROAD TRANSPORT & HIGHWAYS,CENTRAL / UNKNOWN,72.0,,24000036.0,cumulative_expenditure_only,2010-03,2012-03,,,2012-03,FR_MARCH_2012.pdf,Table: Month-wise Completed Projects,15.0,1.0,24.0,,
N24000097,N24000097,51,ROAD TRANSPORT & HIGHWAYS,"NATIONAL HIGHWAYS 
AUTHORITY OF INDIA",ROAD TRANSPORT & HIGHWAYS,CENTRAL / UNKNOWN,50.0,,240106299.0,cumulative_expenditure_only,2009-09,2012-03,,,2012-03,FR_MARCH_2012.pdf,Table: Month-wise Completed Projects,14.0,1.0,30.0,,
N24000099,N24000099,74,ROAD TRANSPORT & HIGHWAYS,"NATIONAL HIGHWAYS 
AUTHORITY OF INDIA",ROAD TRANSPORT & HIGHWAYS,CENTRAL / UNKNOWN,73.0,,24000090.0,cumulative_expenditure_only,2010-07,2012-03,,,2012-03,FR_MARCH_2012.pdf,Table: Month-wise Completed Projects,15.0,1.0,20.0,,
N24000100,N24000100,52,ROAD TRANSPORT & HIGHWAYS,"NATIONAL HIGHWAYS 
AUTHORITY OF INDIA",ROAD TRANSPORT & HIGHWAYS,CENTRAL / UNKNOWN,51.0,,24000097.0,cumulative_expenditure_only,2010-07,2012-03,,,2012-03,FR_MARCH_2012.pdf,Table: Month-wise Completed Projects,14.0,1.0,20.0,,
N24000117,N24000117,93,ROAD TRANSPORT & HIGHWAYS,HARYANA,ROAD TRANSPORT & HIGHWAYS,CENTRAL / UNKNOWN,93.0,,24000117.0,cumulative_expenditure_only,2010-08,2012-03,,,2012-03,FR_MARCH_2012.pdf,Table: Month-wise Completed Projects,16.0,1.0,19.0,,
N24000119,N24000119,15,ROAD TRANSPORT & HIGHWAYS,NATIONAL HIGHWAYS AUTHORITY OF INDIA,ROAD TRANSPORT & HIGHWAYS,CENTRAL / UNKNOWN,14.0,,240106289.0,cumulative_expenditure_only,2010-05,2012-03,,,2012-03,FR_MARCH_2012.pdf,Table: Month-wise Completed Projects,11.0,1.0,22.0,,
N25000038,N25000038,53,COAL,PORT TRUST,COAL,CENTRAL / UNKNOWN,53.0,,25000038.0,cumulative_expenditure_only,2010-12,2012-03,,,2012-03,FR_MARCH_2012.pdf,Table: Month-wise Completed Projects,14.0,1.0,15.0,,
N26000039,N26000039,54,TELECOMMUNICATIONS,2G,TELECOMMUNICATIONS,CENTRAL / UNKNOWN,54.0,,900.0,cumulative_expenditure_only,2008-12,2012-03,,,2012-03,FR_MARCH_2012.pdf,Table: Month-wise Completed Projects,14.0,1.0,39.0,,
N26000040,N26000040,55,TELECOMMUNICATIONS,2G,TELECOMMUNICATIONS,CENTRAL / UNKNOWN,54.0,,900.0,cumulative_expenditure_only,2009-03,2012-03,,,2012-03,FR_MARCH_2012.pdf,Table: Month-wise Completed Projects,14.0,1.0,36.0,,
N26000043,N26000043,75,TELECOMMUNICATIONS,2G,TELECOMMUNICATIONS,CENTRAL / UNKNOWN,75.0,,3125.0,cumulative_expenditure_only,2009-09,2012-03,,,2012-03,FR_MARCH_2012.pdf,Table: Month-wise Completed Projects,15.0,1.0,30.0,,
N26000050,N26000050,76,TELECOMMUNICATIONS,2G,TELECOMMUNICATIONS,CENTRAL / UNKNOWN,75.0,,3125.0,cumulative_expenditure_only,2009-03,2012-03,,,2012-03,FR_MARCH_2012.pdf,Table: Month-wise Completed Projects,15.0,1.0,36.0,,
N26000066,N26000066,56,TELECOMMUNICATIONS,"BHARAT SANCHAR 
NIGAM LIMITED",TELECOMMUNICATIONS,CENTRAL / UNKNOWN,55.0,,216650.0,cumulative_expenditure_only,2009-03,2012-03,,,2012-03,FR_MARCH_2012.pdf,Table: Month-wise Completed Projects,14.0,1.0,36.0,,
N26000067,N26000067,57,TELECOMMUNICATIONS,40 chl,TELECOMMUNICATIONS,CENTRAL / UNKNOWN,56.0,,2.5,cumulative_expenditure_only,2009-03,2012-03,,,2012-03,FR_MARCH_2012.pdf,Table: Month-wise Completed Projects,14.0,1.0,36.0,,
N26000068,N26000068,58,TELECOMMUNICATIONS,12 chi equipped,TELECOMMUNICATIONS,CENTRAL / UNKNOWN,57.0,,10.0,cumulative_expenditure_only,2010-03,2012-03,,,2012-03,FR_MARCH_2012.pdf,Table: Month-wise Completed Projects,14.0,1.0,24.0,,
N26000069,N26000069,59,TELECOMMUNICATIONS,"BHARAT SANCHAR 
NIGAM LIMITED",TELECOMMUNICATIONS,CENTRAL / UNKNOWN,58.0,,10.0,cumulative_expenditure_only,2010-03,2012-03,,,2012-03,FR_MARCH_2012.pdf,Table: Month-wise Completed Projects,14.0,1.0,24.0,,
N26000070,N26000070,60,TELECOMMUNICATIONS,"BHARAT SANCHAR 
NIGAM LIMITED",TELECOMMUNICATIONS,CENTRAL / UNKNOWN,59.0,,26000069.0,cumulative_expenditure_only,2010-03,2012-03,,,2012-03,FR_MARCH_2012.pdf,Table: Month-wise Completed Projects,14.0,1.0,24.0,,
N26000071,N26000071,61,TELECOMMUNICATIONS,"BHARAT SANCHAR 
NIGAM LIMITED",TELECOMMUNICATIONS,CENTRAL / UNKNOWN,60.0,,26000070.0,cumulative_expenditure_only,2010-03,2012-03,,,2012-03,FR_MARCH_2012.pdf,Table: Month-wise Completed Projects,14.0,1.0,24.0,,
N26000074,N26000074,62,TELECOMMUNICATIONS,"BHARAT SANCHAR NIGAM 
LIMITED",TELECOMMUNICATIONS,CENTRAL / UNKNOWN,61.0,,26000071.0,cumulative_expenditure_only,2010-03,2012-03,,,2012-03,FR_MARCH_2012.pdf,Table: Month-wise Completed Projects,14.0,1.0,24.0,,
N26000081,N26000081,63,TELECOMMUNICATIONS,2G,TELECOMMUNICATIONS,CENTRAL / UNKNOWN,62.0,,26000074.0,cumulative_expenditure_only,2009-09,2012-03,,,2012-03,FR_MARCH_2012.pdf,Table: Month-wise Completed Projects,14.0,1.0,30.0,,
N26000083,N26000083,64,TELECOMMUNICATIONS,2G,TELECOMMUNICATIONS,CENTRAL / UNKNOWN,63.0,,900000.0,cumulative_expenditure_only,2010-02,2012-03,,,2012-03,FR_MARCH_2012.pdf,Table: Month-wise Completed Projects,14.0,1.0,25.0,,
N26000084,N26000084,65,TELECOMMUNICATIONS,2G,TELECOMMUNICATIONS,CENTRAL / UNKNOWN,64.0,,975000.0,cumulative_expenditure_only,2010-09,2012-03,,,2012-03,FR_MARCH_2012.pdf,Table: Month-wise Completed Projects,14.0,1.0,18.0,,
N26000085,N26000085,66,TELECOMMUNICATIONS,2G,TELECOMMUNICATIONS,CENTRAL / UNKNOWN,65.0,,1100000.0,cumulative_expenditure_only,2009-06,2012-03,,,2012-03,FR_MARCH_2012.pdf,Table: Month-wise Completed Projects,14.0,1.0,33.0,,
N26000086,N26000086,77,TELECOMMUNICATIONS,2G,TELECOMMUNICATIONS,CENTRAL / UNKNOWN,76.0,,2.0,cumulative_expenditure_only,2008-10,2012-03,,,2012-03,FR_MARCH_2012.pdf,Table: Month-wise Completed Projects,15.0,1.0,41.0,,
N26000087,N26000087,67,TELECOMMUNICATIONS,2G,TELECOMMUNICATIONS,CENTRAL / UNKNOWN,66.0,,375000.0,cumulative_expenditure_only,2009-02,2012-03,,,2012-03,FR_MARCH_2012.pdf,Table: Month-wise Completed Projects,14.0,1.0,37.0,,
N26000091,N26000091,68,TELECOMMUNICATIONS,2G,TELECOMMUNICATIONS,CENTRAL / UNKNOWN,67.0,,849862.0,cumulative_expenditure_only,2009-10,2012-03,,,2012-03,FR_MARCH_2012.pdf,Table: Month-wise Completed Projects,14.0,1.0,29.0,,
N26000092,N26000092,69,TELECOMMUNICATIONS,2G,TELECOMMUNICATIONS,CENTRAL / UNKNOWN,68.0,,1900000.0,cumulative_expenditure_only,2009-10,2012-03,,,2012-03,FR_MARCH_2012.pdf,Table: Month-wise Completed Projects,14.0,1.0,29.0,,
N26000093,N26000093,95,TELECOMMUNICATIONS,2G,TELECOMMUNICATIONS,CENTRAL / UNKNOWN,95.0,,1500000.0,cumulative_expenditure_only,2010-01,2012-03,,,2012-03,FR_MARCH_2012.pdf,Table: Month-wise Completed Projects,16.0,1.0,26.0,,
N26000094,N26000094,78,TELECOMMUNICATIONS,2G,TELECOMMUNICATIONS,CENTRAL / UNKNOWN,77.0,,945000.0,cumulative_expenditure_only,2010-01,2012-03,,,2012-03,FR_MARCH_2012.pdf,Table: Month-wise Completed Projects,15.0,1.0,26.0,,
180100184,180100184,1,POWER,THDC,POWER,CENTRAL / UNKNOWN,180100184.0,,1301.56,cumulative_expenditure_only,2005-04,2012-04,,,2013-03,FR_MAR_2013.pdf,Table: Month-wise Completed Projects,22.0,1.0,84.0,,
618773,NAN,Tuticorin - Tirunelveli from km. 0.00 to km. 47.250 Tamil Nadu 11/2009,UNKNOWN,NHAI,UNKNOWN,Tamil Nadu,449.85,452.48,2.8,revised_cost_crore,2014-06,2012-04,,,2026-06,FlashReport_June_2026.pdf,Table 3: Completed Projects,,0.0,-26.0,1.0,0.5846393242191831
N18000049,N18000049,2,POWER,"POWER 
GRID CORPORATION OF INDIA LIMITED",POWER,CENTRAL / UNKNOWN,180100184.0,,2.0,cumulative_expenditure_only,2012-02,2012-04,,,2013-03,FR_MAR_2013.pdf,Table: Month-wise Completed Projects,22.0,1.0,2.0,,
N24000085,N24000085,3,ROAD TRANSPORT & HIGHWAYS,NATIONAL HIGHWAYS AUTHORITY OF INDIA,ROAD TRANSPORT & HIGHWAYS,CENTRAL / UNKNOWN,3.0,,24000085.0,cumulative_expenditure_only,2009-10,2012-04,,,2013-03,FR_MAR_2013.pdf,Table: Month-wise Completed Projects,22.0,1.0,30.0,,
N24000137,N24000137,4,ROAD TRANSPORT & HIGHWAYS,"NATIONAL HIGHWAYS AUTHORITY OF 
INDIA",ROAD TRANSPORT & HIGHWAYS,CENTRAL / UNKNOWN,4.0,,24000137.0,cumulative_expenditure_only,,2012-04,,,2013-03,FR_MAR_2013.pdf,Table: Month-wise Completed Projects,22.0,,,,
N25000033,N25000033,5,SHIPPING,SHIPPING crp. of india,SHIPPING,CENTRAL / UNKNOWN,5.0,,6.0,cumulative_expenditure_only,2012-03,2012-04,,,2013-03,FR_MAR_2013.pdf,Table: Month-wise Completed Projects,22.0,1.0,1.0,,
N25000058,N25000058,6,SHIPPING,AH(SHIPPING crp. of india,SHIPPING,CENTRAL / UNKNOWN,5.0,,6.0,cumulative_expenditure_only,2011-09,2012-04,,,2013-03,FR_MAR_2013.pdf,Table: Month-wise Completed Projects,22.0,1.0,7.0,,
N26000046,N26000046,7,TELECOMMUNICATIONS,2G,TELECOMMUNICATIONS,CENTRAL / UNKNOWN,7.0,,700.0,cumulative_expenditure_only,2009-03,2012-04,,,2013-03,FR_MAR_2013.pdf,Table: Month-wise Completed Projects,22.0,1.0,37.0,,
N26000089,N26000089,8,TELECOMMUNICATIONS,2G,TELECOMMUNICATIONS,CENTRAL / UNKNOWN,7.0,,700.0,cumulative_expenditure_only,2009-08,2012-04,,,2013-03,FR_MAR_2013.pdf,Table: Month-wise Completed Projects,22.0,1.0,32.0,,
N08000003,N08000003,9,TELECOMMUNICATIONS,"RASHTRIYA CHEMICAL & 
FERTILISER LIMITED",TELECOMMUNICATIONS,CENTRAL / UNKNOWN,9.0,,8000003.0,cumulative_expenditure_only,2012-04,2012-05,,,2013-03,FR_MAR_2013.pdf,Table: Month-wise Completed Projects,22.0,1.0,1.0,,
N16000009,N16000009,10,PETROLEUM,BONGAIGAON REFINERY PETROLEUM LIMITED,PETROLEUM,CENTRAL / UNKNOWN,10.0,,16000009.0,cumulative_expenditure_only,2009-09,2012-05,,,2013-03,FR_MAR_2013.pdf,Table: Month-wise Completed Projects,22.0,1.0,32.0,,
N18000084,N18000084,11,POWER,"POWER GRID 
CORPORATION OF INDIA LIMITED",POWER,CENTRAL / UNKNOWN,11.0,,18000084.0,cumulative_expenditure_only,2012-10,2012-05,,,2013-03,FR_MAR_2013.pdf,Table: Month-wise Completed Projects,22.0,0.0,-5.0,,
N22000034,N22000034,12,RAILWAYS,RVNL,RAILWAYS,CENTRAL / UNKNOWN,12.0,,3.0,cumulative_expenditure_only,2009-03,2012-05,,,2013-03,FR_MAR_2013.pdf,Table: Month-wise Completed Projects,22.0,1.0,38.0,,
180100241,180100241,20,POWER,NHPC,POWER,CENTRAL / UNKNOWN,20.0,,180100241.0,cumulative_expenditure_only,2010-08,2012-06,,,2013-03,FR_MAR_2013.pdf,Table: Month-wise Completed Projects,23.0,1.0,22.0,,
180100260,180100260,21,POWER,P.GR.,POWER,CENTRAL / UNKNOWN,20.0,,180100241.0,cumulative_expenditure_only,2009-09,2012-06,,,2013-03,FR_MAR_2013.pdf,Table: Month-wise Completed Projects,23.0,1.0,33.0,,
220100194,220100194,23,RAILWAYS,NL,RAILWAYS,CENTRAL / UNKNOWN,23.0,,220100194.0,cumulative_expenditure_only,2012-03,2012-06,,,2013-03,FR_MAR_2013.pdf,Table: Month-wise Completed Projects,23.0,1.0,3.0,,
220100313,220100313,24,RAILWAYS,GC,RAILWAYS,CENTRAL / UNKNOWN,23.0,,220100194.0,cumulative_expenditure_only,2011-03,2012-06,,,2013-03,FR_MAR_2013.pdf,Table: Month-wise Completed Projects,23.0,1.0,15.0,,
240106292,240106292,25,ROAD TRANSPORT & HIGHWAYS,NH-28,ROAD TRANSPORT & HIGHWAYS,CENTRAL / UNKNOWN,25.0,,240106292.0,cumulative_expenditure_only,2008-12,2012-06,,,2013-03,FR_MAR_2013.pdf,Table: Month-wise Completed Projects,23.0,1.0,42.0,,
240106300,240106300,26,ROAD TRANSPORT & HIGHWAYS,NHAI,ROAD TRANSPORT & HIGHWAYS,CENTRAL / UNKNOWN,25.0,,240106292.0,cumulative_expenditure_only,2008-10,2012-06,,,2013-03,FR_MAR_2013.pdf,Table: Month-wise Completed Projects,23.0,1.0,44.0,,
N12000023,N12000023,19,STEEL,STEEL AUTHORITY OF INDIA LIMITED (SAIL,STEEL,CENTRAL / UNKNOWN,19.0,,700.0,cumulative_expenditure_only,2011-05,2012-06,,,2013-03,FR_MAR_2013.pdf,Table: Month-wise Completed Projects,23.0,1.0,13.0,,
N18000082,N18000082,22,POWER,POWER GRID CORPORATION OF INDIA LIMITED,POWER,CENTRAL / UNKNOWN,22.0,,18000082.0,cumulative_expenditure_only,2012-06,2012-06,,,2013-03,FR_MAR_2013.pdf,Table: Month-wise Completed Projects,23.0,0.0,0.0,,
180100229,180100229,30,POWER,NTPC,POWER,CENTRAL / UNKNOWN,30.0,,180100229.0,cumulative_expenditure_only,2009-12,2012-08,,,2013-03,FR_MAR_2013.pdf,Table: Month-wise Completed Projects,24.0,1.0,32.0,,
240106235,240106235,33,ROAD TRANSPORT & HIGHWAYS,J&K,ROAD TRANSPORT & HIGHWAYS,CENTRAL / UNKNOWN,33.0,,16.35,cumulative_expenditure_only,2008-03,2012-08,,,2013-03,FR_MAR_2013.pdf,Table: Month-wise Completed Projects,24.0,1.0,53.0,,
N12000033,N12000033,29,STEEL,BOKA(STEEL AUTHORITY OF INDIA LIMITED (SAIL,STEEL,CENTRAL / UNKNOWN,29.0,,2.0,cumulative_expenditure_only,,2012-08,,,2013-03,FR_MAR_2013.pdf,Table: Month-wise Completed Projects,24.0,,,,
N18000054,N18000054,31,POWER,POWER GRID CORPORATION OF INDIA LIMITED,POWER,CENTRAL / UNKNOWN,30.0,,180100229.0,cumulative_expenditure_only,2011-11,2012-08,,,2013-03,FR_MAR_2013.pdf,Table: Month-wise Completed Projects,24.0,1.0,9.0,,
N18000067,N18000067,32,POWER,"POWER 
GRID CORPORATION OF INDIA LIMITED",POWER,CENTRAL / UNKNOWN,32.0,,18000067.0,cumulative_expenditure_only,2011-07,2012-08,,,2013-03,FR_MAR_2013.pdf,Table: Month-wise Completed Projects,24.0,1.0,13.0,,
260100099,260100099,35,TELECOMMUNICATIONS,"BHARAT 
SANCHAR NIGAM LIMITED",TELECOMMUNICATIONS,CENTRAL / UNKNOWN,35.0,,260100099.0,cumulative_expenditure_only,2005-12,2012-09,,,2013-03,FR_MAR_2013.pdf,Table: Month-wise Completed Projects,24.0,1.0,81.0,,
N16000044,N16000044,34,PETROLEUM,"OIL & 
NATURAL GAS CORPORATION LIMITED",PETROLEUM,CENTRAL / UNKNOWN,34.0,,16000044.0,cumulative_expenditure_only,2010-05,2012-09,,,2013-03,FR_MAR_2013.pdf,Table: Month-wise Completed Projects,24.0,1.0,28.0,,
N26000098,N26000098,36,TELECOMMUNICATIONS,"BHARAT SANCHAR NIGAM 
LIMITED",TELECOMMUNICATIONS,CENTRAL / UNKNOWN,35.0,,260100099.0,cumulative_expenditure_only,2008-12,2012-09,,,2013-03,FR_MAR_2013.pdf,Table: Month-wise Completed Projects,24.0,1.0,45.0,,
240106204,240106204,37,ROAD TRANSPORT & HIGHWAYS,NHAI,ROAD TRANSPORT & HIGHWAYS,CENTRAL / UNKNOWN,37.0,,93.0,cumulative_expenditure_only,2007-09,2012-10,,,2013-03,FR_MAR_2013.pdf,Table: Month-wise Completed Projects,24.0,1.0,61.0,,
240106301,240106301,38,ROAD TRANSPORT & HIGHWAYS,NHAI,ROAD TRANSPORT & HIGHWAYS,CENTRAL / UNKNOWN,38.0,,187.0,cumulative_expenditure_only,2008-10,2012-10,,,2013-03,FR_MAR_2013.pdf,Table: Month-wise Completed Projects,24.0,1.0,48.0,,
N16000071,N16000071,39,PETROLEUM,GAS AUTHORITY OF INDIA LIMITED,PETROLEUM,CENTRAL / UNKNOWN,39.0,,16000071.0,cumulative_expenditure_only,2012-03,2012-11,,,2013-03,FR_MAR_2013.pdf,Table: Month-wise Completed Projects,25.0,1.0,8.0,,
240106288,240106288,44,ROAD TRANSPORT & HIGHWAYS,NH-36,ROAD TRANSPORT & HIGHWAYS,CENTRAL / UNKNOWN,44.0,,240106288.0,cumulative_expenditure_only,2008-06,2012-12,,,2013-03,FR_MAR_2013.pdf,Table: Month-wise Completed Projects,25.0,1.0,54.0,,
N08000007,N08000007,40,PETROLEUM,"NATIONAL 
FERTILISER LIMITED",PETROLEUM,CENTRAL / UNKNOWN,40.0,,8000007.0,cumulative_expenditure_only,2011-07,2012-12,,,2013-03,FR_MAR_2013.pdf,Table: Month-wise Completed Projects,25.0,1.0,17.0,,
N08000008,N08000008,41,PETROLEUM,NATIONAL FERTILISER LIMITED,PETROLEUM,CENTRAL / UNKNOWN,40.0,,8000007.0,cumulative_expenditure_only,2011-07,2012-12,,,2013-03,FR_MAR_2013.pdf,Table: Month-wise Completed Projects,25.0,1.0,17.0,,
N18000022,N18000022,42,POWER,"POWER 
GRID CORPORATION OF INDIA LIMITED",POWER,CENTRAL / UNKNOWN,42.0,,18000022.0,cumulative_expenditure_only,2010-07,2012-12,,,2013-03,FR_MAR_2013.pdf,Table: Month-wise Completed Projects,25.0,1.0,29.0,,
N22000093,N22000093,43,RAILWAYS,METROPOLITAN RAPID TRANSPORT PROJECTS,RAILWAYS,CENTRAL / UNKNOWN,43.0,,22000093.0,cumulative_expenditure_only,2011-06,2012-12,,,2013-03,FR_MAR_2013.pdf,Table: Month-wise Completed Projects,25.0,1.0,18.0,,
N24000031,N24000031,45,ROAD TRANSPORT & HIGHWAYS,BR-7,ROAD TRANSPORT & HIGHWAYS,CENTRAL / UNKNOWN,44.0,,240106288.0,cumulative_expenditure_only,2008-09,2012-12,,,2013-03,FR_MAR_2013.pdf,Table: Month-wise Completed Projects,25.0,1.0,51.0,,
N24000118,N24000118,46,ROAD TRANSPORT & HIGHWAYS,NATIONAL HIGHWAYS AUTHORITY OF INDIA,ROAD TRANSPORT & HIGHWAYS,CENTRAL / UNKNOWN,45.0,,24000031.0,cumulative_expenditure_only,2011-01,2012-12,,,2013-03,FR_MAR_2013.pdf,Table: Month-wise Completed Projects,25.0,1.0,23.0,,
N24000142,N24000142,47,ROAD TRANSPORT & HIGHWAYS,"NATIONAL HIGHWAYS 
AUTHORITY OF INDIA",ROAD TRANSPORT & HIGHWAYS,CENTRAL / UNKNOWN,47.0,,24000142.0,cumulative_expenditure_only,2012-05,2012-12,,,2013-03,FR_MAR_2013.pdf,Table: Month-wise Completed Projects,25.0,1.0,7.0,,
N25000031,N25000031,48,SHIPPING,SHIPPING crp. of india,SHIPPING,CENTRAL / UNKNOWN,48.0,,4.0,cumulative_expenditure_only,2012-09,2012-12,,,2013-03,FR_MAR_2013.pdf,Table: Month-wise Completed Projects,25.0,1.0,3.0,,
N08000004,N08000004,49,SHIPPING,NATIONAL FERTILISER LIMITED,SHIPPING,CENTRAL / UNKNOWN,49.0,,8000004.0,cumulative_expenditure_only,2013-01,2013-01,,,2013-03,FR_MAR_2013.pdf,Table: Month-wise Completed Projects,25.0,0.0,0.0,,
N08000005,N08000005,50,SHIPPING,NATIONAL FERTILISER LIMITED,SHIPPING,CENTRAL / UNKNOWN,49.0,,8000004.0,cumulative_expenditure_only,2013-01,2013-01,,,2013-03,FR_MAR_2013.pdf,Table: Month-wise Completed Projects,25.0,0.0,0.0,,
240101173,240101173,59,ROAD TRANSPORT & HIGHWAYS,GQ,ROAD TRANSPORT & HIGHWAYS,CENTRAL / UNKNOWN,59.0,,199.66,cumulative_expenditure_only,2005-03,2013-02,,,2013-03,FR_MAR_2013.pdf,Table: Month-wise Completed Projects,26.0,1.0,95.0,,
618625,NAN,"Project Assessment, Infrastructure Monitoring and Analytics for Nation-building Indore - Gujarat / MP Border from km. Km 9.500 to Km 171.000 of NH-59 in MP Madhya Pradesh 12/2009",UNKNOWN,PAIMANA,UNKNOWN,Madhya Pradesh,1175.0,217.22,191.43,revised_cost_crore,2026-02,2013-02,,,2026-06,FlashReport_June_2026.pdf,Table 3: Completed Projects,,0.0,-156.0,0.0,-81.5131914893617
N02000007,N02000007,53,ATOMIC ENERGY,URANIUM CORPORATION OF INDIA LIMITED,ATOMIC ENERGY,CENTRAL / UNKNOWN,53.0,,2000007.0,cumulative_expenditure_only,2011-04,2013-02,,,2013-03,FR_MAR_2013.pdf,Table: Month-wise Completed Projects,26.0,1.0,22.0,,
N16000054,N16000054,54,PETROLEUM,KAILARAS AND CHAINSA,PETROLEUM,CENTRAL / UNKNOWN,54.0,,16000054.0,cumulative_expenditure_only,2011-04,2013-02,,,2013-03,FR_MAR_2013.pdf,Table: Month-wise Completed Projects,26.0,1.0,22.0,,
N16000073,N16000073,55,PETROLEUM,"GAS 
AUTHORITY OF INDIA LIMITED",PETROLEUM,CENTRAL / UNKNOWN,54.0,,16000054.0,cumulative_expenditure_only,2012-03,2013-02,,,2013-03,FR_MAR_2013.pdf,Table: Month-wise Completed Projects,26.0,1.0,11.0,,
N16000109,N16000109,56,PETROLEUM,"CHENNAI PETROLEUM CORPORATION 
LIMITED",PETROLEUM,CENTRAL / UNKNOWN,55.0,,16000073.0,cumulative_expenditure_only,2010-05,2013-02,,,2013-03,FR_MAR_2013.pdf,Table: Month-wise Completed Projects,26.0,1.0,33.0,,
N16000110,N16000110,57,PETROLEUM,CHENNAI PETROLEUM CORPORATION LIMITED,PETROLEUM,CENTRAL / UNKNOWN,56.0,,16000109.0,cumulative_expenditure_only,2012-10,2013-02,,,2013-03,FR_MAR_2013.pdf,Table: Month-wise Completed Projects,26.0,1.0,4.0,,
N22000095,N22000095,58,RAILWAYS,"RAILWAY 
ELECTRIFICATION",RAILWAYS,CENTRAL / UNKNOWN,58.0,,22000095.0,cumulative_expenditure_only,2011-03,2013-02,,,2013-03,FR_MAR_2013.pdf,Table: Month-wise Completed Projects,26.0,1.0,23.0,,
N24000217,N24000217,60,ROAD TRANSPORT & HIGHWAYS,"NATIONAL HIGHWAYS AUTHORITY OF 
INDIA",ROAD TRANSPORT & HIGHWAYS,CENTRAL / UNKNOWN,59.0,,199.66,cumulative_expenditure_only,2005-03,2013-02,,,2013-03,FR_MAR_2013.pdf,Table: Month-wise Completed Projects,26.0,1.0,95.0,,
N25000042,N25000042,61,SHIPPING,"SHIPPING crp. of 
india",SHIPPING,CENTRAL / UNKNOWN,61.0,,120.0,cumulative_expenditure_only,2011-06,2013-02,,,2013-03,FR_MAR_2013.pdf,Table: Month-wise Completed Projects,26.0,1.0,20.0,,
220100279,220100279,(Rs. Crore),CENTRAL SECTOR,Rs. Crore,UNKNOWN,CENTRAL / UNKNOWN,51.0,,220100279.0,cumulative_expenditure_only,2010-02,2013-03,,,2013-03,FR_MAR_2013.pdf,Table: Month-wise Completed Projects,26.0,1.0,37.0,,
240104196,240104196,14,ROAD TRANSPORT & HIGHWAYS,PORT CONNECTIVITY,ROAD TRANSPORT & HIGHWAYS,CENTRAL / UNKNOWN,14.0,,240104196.0,cumulative_expenditure_only,2005-03,2013-03,,,2013-03,FR_MAR_2013.pdf,Table: Month-wise Completed Projects,23.0,1.0,96.0,,
240106303,240106303,69,ROAD TRANSPORT & HIGHWAYS,NHAI,ROAD TRANSPORT & HIGHWAYS,CENTRAL / UNKNOWN,69.0,,211.0,cumulative_expenditure_only,2008-10,2013-03,,,2013-03,FR_MAR_2013.pdf,Table: Month-wise Completed Projects,27.0,1.0,53.0,,
240106305,240106305,70,ROAD TRANSPORT & HIGHWAYS,NHA(NATIONAL HIGHWAYS AUTHORITY OF INDIA,ROAD TRANSPORT & HIGHWAYS,CENTRAL / UNKNOWN,70.0,,351.0,cumulative_expenditure_only,2008-10,2013-03,,,2013-03,FR_MAR_2013.pdf,Table: Month-wise Completed Projects,27.0,1.0,53.0,,
N16000030,N16000030,62,PETROLEUM,"OIL & 
NATURAL GAS CORPORATION LIMITED",PETROLEUM,CENTRAL / UNKNOWN,62.0,,16000030.0,cumulative_expenditure_only,2010-05,2013-03,,,2013-03,FR_MAR_2013.pdf,Table: Month-wise Completed Projects,26.0,1.0,34.0,,
N16000065,N16000065,63,PETROLEUM,"OIL & 
NATURAL GAS CORPORATION LIMITED",PETROLEUM,CENTRAL / UNKNOWN,62.0,,16000030.0,cumulative_expenditure_only,2011-04,2013-03,,,2013-03,FR_MAR_2013.pdf,Table: Month-wise Completed Projects,26.0,1.0,23.0,,
N16000090,N16000090,64,PETROLEUM,INDIAN OIL CORPORATION LIMITED,PETROLEUM,CENTRAL / UNKNOWN,63.0,,16000065.0,cumulative_expenditure_only,2012-06,2013-03,,,2013-03,FR_MAR_2013.pdf,Table: Month-wise Completed Projects,26.0,1.0,9.0,,
N16000115,N16000115,65,PETROLEUM,"INDIAN OIL 
CORPORATION LIMITED",PETROLEUM,CENTRAL / UNKNOWN,64.0,,16000090.0,cumulative_expenditure_only,2012-09,2013-03,,,2013-03,FR_MAR_2013.pdf,Table: Month-wise Completed Projects,26.0,1.0,6.0,,
N18000051,N18000051,(Rs. Crore),CENTRAL SECTOR,Rs. Crore,UNKNOWN,CENTRAL / UNKNOWN,27.0,,18000051.0,cumulative_expenditure_only,2012-02,2013-03,,,2013-03,FR_MAR_2013.pdf,Table: Month-wise Completed Projects,24.0,1.0,13.0,,
N18000064,N18000064,(Rs. Crore),CENTRAL SECTOR,Rs. Crore,UNKNOWN,CENTRAL / UNKNOWN,66.0,,18000064.0,cumulative_expenditure_only,2011-07,2013-03,,,2013-03,FR_MAR_2013.pdf,Table: Month-wise Completed Projects,27.0,1.0,20.0,,
N18000086,N18000086,67,POWER,"POWER GRID CORPORATION OF 
INDIA LIMITED",POWER,CENTRAL / UNKNOWN,67.0,,18000086.0,cumulative_expenditure_only,2012-04,2013-03,,,2013-03,FR_MAR_2013.pdf,Table: Month-wise Completed Projects,27.0,1.0,11.0,,
N18000090,N18000090,68,POWER,"POWER GRID CORPORATION OF INDIA 
LIMITED",POWER,CENTRAL / UNKNOWN,67.0,,18000086.0,cumulative_expenditure_only,2013-08,2013-03,,,2013-03,FR_MAR_2013.pdf,Table: Month-wise Completed Projects,27.0,0.0,-5.0,,
N22000046,N22000046,52,CENTRAL SECTOR,LD,UNKNOWN,CENTRAL / UNKNOWN,52.0,,22000046.0,cumulative_expenditure_only,2006-03,2013-03,,,2013-03,FR_MAR_2013.pdf,Table: Month-wise Completed Projects,26.0,1.0,84.0,,
N22000081,N22000081,(Rs. Crore),CENTRAL SECTOR,Rs. Crore,UNKNOWN,CENTRAL / UNKNOWN,13.0,,22000081.0,cumulative_expenditure_only,,2013-03,,,2013-03,FR_MAR_2013.pdf,Table: Month-wise Completed Projects,23.0,,,,
N22000096,N22000096,28,RAILWAYS,GC,RAILWAYS,CENTRAL / UNKNOWN,28.0,,22000096.0,cumulative_expenditure_only,2011-03,2013-03,,,2013-03,FR_MAR_2013.pdf,Table: Month-wise Completed Projects,24.0,1.0,24.0,,
N24000045,N24000045,71,ROAD TRANSPORT & HIGHWAYS,WB-1,ROAD TRANSPORT & HIGHWAYS,CENTRAL / UNKNOWN,71.0,,24000045.0,cumulative_expenditure_only,2008-11,2013-03,,,2013-03,FR_MAR_2013.pdf,Table: Month-wise Completed Projects,27.0,1.0,52.0,,
N24000103,N24000103,15,ROAD TRANSPORT & HIGHWAYS,NATIONAL HIGHWAYS AUTHORITY OF INDIA,ROAD TRANSPORT & HIGHWAYS,CENTRAL / UNKNOWN,14.0,,240104196.0,cumulative_expenditure_only,,2013-03,,,2013-03,FR_MAR_2013.pdf,Table: Month-wise Completed Projects,23.0,,,,
N24000126,N24000126,72,ROAD TRANSPORT & HIGHWAYS,"NATIONAL HIGHWAYS 
AUTHORITY OF INDIA",ROAD TRANSPORT & HIGHWAYS,CENTRAL / UNKNOWN,71.0,,24000045.0,cumulative_expenditure_only,2012-06,2013-03,,,2013-03,FR_MAR_2013.pdf,Table: Month-wise Completed Projects,27.0,1.0,9.0,,
N24000134,N24000134,73,ROAD TRANSPORT & HIGHWAYS,"NATIONAL 
HIGHWAYS AUTHORITY OF INDIA",ROAD TRANSPORT & HIGHWAYS,CENTRAL / UNKNOWN,72.0,,24000126.0,cumulative_expenditure_only,2012-10,2013-03,,,2013-03,FR_MAR_2013.pdf,Table: Month-wise Completed Projects,27.0,1.0,5.0,,
N25000054,N25000054,16,SHIPPING,"ENNORE TANK TERMINAL 
PVT.LTD.",SHIPPING,CENTRAL / UNKNOWN,16.0,,25000054.0,cumulative_expenditure_only,2006-06,2013-03,,,2013-03,FR_MAR_2013.pdf,Table: Month-wise Completed Projects,23.0,1.0,81.0,,
N25000055,N25000055,17,COAL,ENNORE PORT LTD.,COAL,CENTRAL / UNKNOWN,16.0,,25000054.0,cumulative_expenditure_only,2010-08,2013-03,,,2013-03,FR_MAR_2013.pdf,Table: Month-wise Completed Projects,23.0,1.0,31.0,,
N25000056,N25000056,18,COAL,ENNORE PORT LTD.,COAL,CENTRAL / UNKNOWN,17.0,,25000055.0,cumulative_expenditure_only,2010-08,2013-03,,,2013-03,FR_MAR_2013.pdf,Table: Month-wise Completed Projects,23.0,1.0,31.0,,
220100260,220100260,2,RAILWAYS,RE,RAILWAYS,CENTRAL / UNKNOWN,168.34,,4.0,cumulative_expenditure_only,2003-04,2013-04,,,2014-03,FR_mar_2014.pdf,Table: Month-wise Completed Projects,24.0,1.0,120.0,,
220100321,220100321,3,RAILWAYS,DL,RAILWAYS,CENTRAL / UNKNOWN,2.0,,220100260.0,cumulative_expenditure_only,2013-05,2013-04,,,2014-03,FR_mar_2014.pdf,Table: Month-wise Completed Projects,24.0,0.0,-1.0,,
N18000091,N18000091,1,POWER,POWER GRID CORPORATION OF INDIA LIMITED,POWER,CENTRAL / UNKNOWN,18000091.0,,209.78,cumulative_expenditure_only,2013-08,2013-04,,,2014-03,FR_mar_2014.pdf,Table: Month-wise Completed Projects,24.0,0.0,-4.0,,
240106250,240106250,7,ROAD TRANSPORT AND HIGHWAYS,UP-5,ROAD TRANSPORT AND HIGHWAYS,CENTRAL / UNKNOWN,7.0,,220.0,cumulative_expenditure_only,2008-03,2013-05,,,2014-03,FR_mar_2014.pdf,Table: Month-wise Completed Projects,24.0,1.0,62.0,,
N08000006,N08000006,4,RAILWAYS,NATIONAL FERTILISER LIMITED,RAILWAYS,CENTRAL / UNKNOWN,1478.63,,1133.0,cumulative_expenditure_only,2013-01,2013-05,,,2014-03,FR_mar_2014.pdf,Table: Month-wise Completed Projects,24.0,1.0,4.0,,
N18000068,N18000068,5,POWER,POWER GRID CORPORATION OF INDIA LIMITED,POWER,CENTRAL / UNKNOWN,1347.32,,2.0,cumulative_expenditure_only,2012-02,2013-05,,,2014-03,FR_mar_2014.pdf,Table: Month-wise Completed Projects,24.0,1.0,15.0,,
N18000078,N18000078,6,POWER,"POWER GRID CORPORATION OF INDIA 
LIMITED",POWER,CENTRAL / UNKNOWN,5.0,,765.0,cumulative_expenditure_only,2012-06,2013-05,,,2014-03,FR_mar_2014.pdf,Table: Month-wise Completed Projects,24.0,1.0,11.0,,
N22000027,N22000027,8,RAILWAYS,NCR,RAILWAYS,CENTRAL / UNKNOWN,8.0,,3.0,cumulative_expenditure_only,2009-03,2013-06,,,2014-03,FR_mar_2014.pdf,Table: Month-wise Completed Projects,24.0,1.0,51.0,,
N22000076,N22000076,9,RAILWAYS,RAIL VIKAS NIGAM LTD.,RAILWAYS,CENTRAL / UNKNOWN,8.0,,3.0,cumulative_expenditure_only,2010-02,2013-06,,,2014-03,FR_mar_2014.pdf,Table: Month-wise Completed Projects,24.0,1.0,40.0,,
N16000096,N16000096,10,PETROLEUM,OIL & NATURAL GAS CORPORATION LIMITED,PETROLEUM,CENTRAL / UNKNOWN,10.0,,16000096.0,cumulative_expenditure_only,2011-03,2013-07,,,2014-03,FR_mar_2014.pdf,Table: Month-wise Completed Projects,24.0,1.0,28.0,,
N18000089,N18000089,13,POWER,"POWER GRID 
CORPORATION OF INDIA LIMITED",POWER,CENTRAL / UNKNOWN,2013.0,,13.0,cumulative_expenditure_only,2013-08,2013-08,,,2014-03,FR_mar_2014.pdf,Table: Month-wise Completed Projects,25.0,0.0,0.0,,
N22000200,N22000200,14,RAILWAYS,SOUTHERN RAILWAY,RAILWAYS,CENTRAL / UNKNOWN,14.0,,22000200.0,cumulative_expenditure_only,2015-03,2013-08,,,2014-03,FR_mar_2014.pdf,Table: Month-wise Completed Projects,25.0,0.0,-19.0,,
N22000226,N22000226,15,RAILWAYS,EASTERN RAILWAYS,RAILWAYS,CENTRAL / UNKNOWN,14.0,,22000200.0,cumulative_expenditure_only,2015-03,2013-08,,,2014-03,FR_mar_2014.pdf,Table: Month-wise Completed Projects,25.0,0.0,-19.0,,
N22000284,N22000284,16,RAILWAYS,SAUTH COST RAILWAY,RAILWAYS,CENTRAL / UNKNOWN,15.0,,22000226.0,cumulative_expenditure_only,2013-09,2013-08,,,2014-03,FR_mar_2014.pdf,Table: Month-wise Completed Projects,25.0,0.0,-1.0,,
N16000108,N16000108,17,PETROLEUM,BDEU,PETROLEUM,CENTRAL / UNKNOWN,341.5,,2.0,cumulative_expenditure_only,2013-02,2013-09,,,2014-03,FR_mar_2014.pdf,Table: Month-wise Completed Projects,25.0,1.0,7.0,,
N18000046,N18000046,18,POWER,"POWER GRID CORPORATION 
OF INDIA LIMITED",POWER,CENTRAL / UNKNOWN,18.0,,18000046.0,cumulative_expenditure_only,2012-12,2013-09,,,2014-03,FR_mar_2014.pdf,Table: Month-wise Completed Projects,25.0,1.0,9.0,,
N24000088,N24000088,19,ROAD TRANSPORT AND HIGHWAYS,NATIONAL HIGHWAYS AUTHORITY OF INDIA,ROAD TRANSPORT AND HIGHWAYS,CENTRAL / UNKNOWN,19.0,,24000088.0,cumulative_expenditure_only,2009-10,2013-09,,,2014-03,FR_mar_2014.pdf,Table: Month-wise Completed Projects,25.0,1.0,47.0,,
220100241,220100241,22,RAILWAYS,NEW BG    LINE,RAILWAYS,CENTRAL / UNKNOWN,248.44,,12.0,cumulative_expenditure_only,2012-12,2013-10,,,2014-03,FR_mar_2014.pdf,Table: Month-wise Completed Projects,25.0,1.0,10.0,,
N18000006,N18000006,20,POWER,NATIONAL HYDRO-ELECTRIC POWER CORPORATION,POWER,CENTRAL / UNKNOWN,611.01,,8.0,cumulative_expenditure_only,2010-08,2013-10,,,2014-03,FR_mar_2014.pdf,Table: Month-wise Completed Projects,25.0,1.0,38.0,,
N18000018,N18000018,21,POWER,POWER GRID CORPORATION OF INDIA LIMITED,POWER,CENTRAL / UNKNOWN,20.0,,18000006.0,cumulative_expenditure_only,2010-01,2013-10,,,2014-03,FR_mar_2014.pdf,Table: Month-wise Completed Projects,25.0,1.0,45.0,,
220100190,220100190,25,RAILWAYS,NL,RAILWAYS,CENTRAL / UNKNOWN,25.0,,220100190.0,cumulative_expenditure_only,2012-03,2013-11,,,2014-03,FR_mar_2014.pdf,Table: Month-wise Completed Projects,26.0,1.0,20.0,,
619320,NAN,Muzaffarpur - Sonbarsa Section of NH-77 from km 2.800 to km 89.000 Bihar 05/2011,UNKNOWN,NHAI,UNKNOWN,Bihar,2290.72,2311.1,2308.19,revised_cost_crore,2026-03,2013-11,,,2026-06,FlashReport_June_2026.pdf,Table 3: Completed Projects,,0.0,-148.0,1.0,0.8896766082279856
619070,NAN,Tumkur-Chitradurga Karnataka 04/2010 Total (2) 1863.69 894.06,UNKNOWN,National Highways Authority of India [NHAI],UNKNOWN,Karnataka,839.0,47.44,8.42,revised_cost_crore,2026-05,2013-12,,,2026-05,FlashReport_May2026.pdf,Table 3: Completed Projects,,0.0,-149.0,0.0,-94.3456495828367
N16000057,N16000057,26,PETROLEUM,HINDUSTAN PETROLEUM CORPORATION LIMITED,PETROLEUM,CENTRAL / UNKNOWN,756.0,,913.72,cumulative_expenditure_only,,2013-12,,,2014-03,FR_mar_2014.pdf,Table: Month-wise Completed Projects,26.0,,,,
N16000066,N16000066,27,PETROLEUM,HINDUSTAN PETROLEUM CORPORATION LIMITED,PETROLEUM,CENTRAL / UNKNOWN,26.0,,16000057.0,cumulative_expenditure_only,2013-01,2013-12,,,2014-03,FR_mar_2014.pdf,Table: Month-wise Completed Projects,26.0,1.0,11.0,,
N16000107,N16000107,28,PETROLEUM,FCCU,PETROLEUM,CENTRAL / UNKNOWN,27.0,,16000066.0,cumulative_expenditure_only,2013-01,2013-12,,,2014-03,FR_mar_2014.pdf,Table: Month-wise Completed Projects,26.0,1.0,11.0,,
N16000153,N16000153,29,PETROLEUM,"BHARAT PETROLEUM CORPORATION 
LIMITED",PETROLEUM,CENTRAL / UNKNOWN,29.0,,16000153.0,cumulative_expenditure_only,2013-06,2013-12,,,2014-03,FR_mar_2014.pdf,Table: Month-wise Completed Projects,26.0,1.0,6.0,,
N22000275,N22000275,30,RAILWAYS,SOUTH WESTERN RAILWAY,RAILWAYS,CENTRAL / UNKNOWN,30.0,,22000275.0,cumulative_expenditure_only,1999-01,2013-12,,,2014-03,FR_mar_2014.pdf,Table: Month-wise Completed Projects,26.0,1.0,179.0,,
N16000064,N16000064,31,PETROLEUM,OIL & NATURAL GAS CORPORATION LIMITED,PETROLEUM,CENTRAL / UNKNOWN,1797.35,,12.0,cumulative_expenditure_only,2011-12,2014-01,,,2014-03,FR_mar_2014.pdf,Table: Month-wise Completed Projects,26.0,1.0,25.0,,
N18000079,N18000079,32,POWER,"POWER GRID CORPORATION OF INDIA 
LIMITED",POWER,CENTRAL / UNKNOWN,32.0,,765.0,cumulative_expenditure_only,2012-05,2014-01,,,2014-03,FR_mar_2014.pdf,Table: Month-wise Completed Projects,26.0,1.0,20.0,,
N18000092,N18000092,33,POWER,"POWER GRID 
CORPORATION OF INDIA LIMITED",POWER,CENTRAL / UNKNOWN,33.0,,18000092.0,cumulative_expenditure_only,2013-08,2014-01,,,2014-03,FR_mar_2014.pdf,Table: Month-wise Completed Projects,26.0,1.0,5.0,,
180100251,180100251,54,POWER,NHPC,POWER,CENTRAL / UNKNOWN,54.0,,180100251.0,cumulative_expenditure_only,2009-11,2014-02,,,2014-03,FR_mar_2014.pdf,Table: Month-wise Completed Projects,27.0,1.0,51.0,,
220100212,220100212,55,RAILWAYS,NL,RAILWAYS,CENTRAL / UNKNOWN,55.0,,220100212.0,cumulative_expenditure_only,,2014-02,,,2014-03,FR_mar_2014.pdf,Table: Month-wise Completed Projects,27.0,,,,
160100215,160100215,56,PETROLEUM,ONGCL,PETROLEUM,CENTRAL / UNKNOWN,56.0,,160100215.0,cumulative_expenditure_only,2007-03,2014-03,,,2014-03,FR_mar_2014.pdf,Table: Month-wise Completed Projects,28.0,1.0,84.0,,
160100216,160100216,57,PETROLEUM,ONGCL,PETROLEUM,CENTRAL / UNKNOWN,56.0,,160100215.0,cumulative_expenditure_only,2007-03,2014-03,,,2014-03,FR_mar_2014.pdf,Table: Month-wise Completed Projects,28.0,1.0,84.0,,
160100217,160100217,58,PETROLEUM,ONGCL,PETROLEUM,CENTRAL / UNKNOWN,57.0,,160100216.0,cumulative_expenditure_only,2006-03,2014-03,,,2014-03,FR_mar_2014.pdf,Table: Month-wise Completed Projects,28.0,1.0,96.0,,
180100222,180100222,11,POWER,NHPC,POWER,CENTRAL / UNKNOWN,11.0,,180100222.0,cumulative_expenditure_only,2007-03,2014-03,,,2014-03,FR_mar_2014.pdf,Table: Month-wise Completed Projects,25.0,1.0,84.0,,
220100148,220100148,69,RAILWAYS,ECOR,RAILWAYS,CENTRAL / UNKNOWN,100.0,,3.0,cumulative_expenditure_only,2002-03,2014-03,,,2014-03,FR_mar_2014.pdf,Table: Month-wise Completed Projects,28.0,1.0,144.0,,
220100323,220100323,(Rs. crore),CENTRAL SECTOR,Rs. crore,UNKNOWN,CENTRAL / UNKNOWN,23.0,,220100323.0,cumulative_expenditure_only,1998-03,2014-03,,,2014-03,FR_mar_2014.pdf,Table: Month-wise Completed Projects,26.0,1.0,192.0,,
240101132,240101132,(Rs. crore),CENTRAL SECTOR,Rs. crore,UNKNOWN,CENTRAL / UNKNOWN,34.0,,340.0,cumulative_expenditure_only,2004-08,2014-03,,,2014-03,FR_mar_2014.pdf,Table: Month-wise Completed Projects,27.0,1.0,115.0,,
240101133,240101133,35,CENTRAL SECTOR,GQ,UNKNOWN,CENTRAL / UNKNOWN,318.0,,8.0,cumulative_expenditure_only,2004-08,2014-03,,,2014-03,FR_mar_2014.pdf,Table: Month-wise Completed Projects,27.0,1.0,115.0,,
240101153,240101153,36,CENTRAL SECTOR,GQ,UNKNOWN,CENTRAL / UNKNOWN,35.0,,284.0,cumulative_expenditure_only,2004-04,2014-03,,,2014-03,FR_mar_2014.pdf,Table: Month-wise Completed Projects,27.0,1.0,119.0,,
240106205,240106205,37,CENTRAL SECTOR,OTHERS,UNKNOWN,CENTRAL / UNKNOWN,36.0,,338.0,cumulative_expenditure_only,2007-09,2014-03,,,2014-03,FR_mar_2014.pdf,Table: Month-wise Completed Projects,27.0,1.0,78.0,,
240106237,240106237,38,CENTRAL SECTOR,NATIONAL HIGHWAYS AUTHORITY OF INDIA,UNKNOWN,CENTRAL / UNKNOWN,37.0,,58.0,cumulative_expenditure_only,2008-05,2014-03,,,2014-03,FR_mar_2014.pdf,Table: Month-wise Completed Projects,27.0,1.0,70.0,,
240106243,240106243,39,CENTRAL SECTOR,10 LMNHP,UNKNOWN,CENTRAL / UNKNOWN,38.0,,26.0,cumulative_expenditure_only,2008-10,2014-03,,,2014-03,FR_mar_2014.pdf,Table: Month-wise Completed Projects,27.0,1.0,65.0,,
240106260,240106260,40,CENTRAL SECTOR,NATIONAL HIGHWAYS AUTHORITY OF INDIA,UNKNOWN,CENTRAL / UNKNOWN,39.0,,10.0,cumulative_expenditure_only,2009-01,2014-03,,,2014-03,FR_mar_2014.pdf,Table: Month-wise Completed Projects,27.0,1.0,62.0,,
N16000031,N16000031,59,PETROLEUM,OIL & NATURAL GAS CORPORATION LIMITED,PETROLEUM,CENTRAL / UNKNOWN,58.0,,160100217.0,cumulative_expenditure_only,2010-03,2014-03,,,2014-03,FR_mar_2014.pdf,Table: Month-wise Completed Projects,28.0,1.0,48.0,,
N16000081,N16000081,60,PETROLEUM,"BHARAT PETROLEUM CORPORATION 
LIMITED",PETROLEUM,CENTRAL / UNKNOWN,59.0,,16000031.0,cumulative_expenditure_only,2013-04,2014-03,,,2014-03,FR_mar_2014.pdf,Table: Month-wise Completed Projects,28.0,1.0,11.0,,
N16000116,N16000116,61,PETROLEUM,OIL & NATURAL GAS CORPORATION LIMITED,PETROLEUM,CENTRAL / UNKNOWN,410.44,,11.0,cumulative_expenditure_only,2012-11,2014-03,,,2014-03,FR_mar_2014.pdf,Table: Month-wise Completed Projects,28.0,1.0,16.0,,
N16000118,N16000118,62,PETROLEUM,OIL & NATURAL GAS CORPORATION LIMITED,PETROLEUM,CENTRAL / UNKNOWN,61.0,,16000116.0,cumulative_expenditure_only,2013-03,2014-03,,,2014-03,FR_mar_2014.pdf,Table: Month-wise Completed Projects,28.0,1.0,12.0,,
N16000139,N16000139,63,PETROLEUM,INDIAN OIL CORPORATION LIMITED,PETROLEUM,CENTRAL / UNKNOWN,62.0,,16000118.0,cumulative_expenditure_only,2014-03,2014-03,,,2014-03,FR_mar_2014.pdf,Table: Month-wise Completed Projects,28.0,0.0,0.0,,
N18000004,N18000004,64,POWER,POWER GRID CORPORATION OF INDIA LIMITED,POWER,CENTRAL / UNKNOWN,64.0,,18000004.0,cumulative_expenditure_only,2009-10,2014-03,,,2014-03,FR_mar_2014.pdf,Table: Month-wise Completed Projects,28.0,1.0,53.0,,
N18000007,N18000007,12,POWER,NATIONAL HYDRO-ELECTRIC POWER CORPORATION,POWER,CENTRAL / UNKNOWN,621.26,,2.0,cumulative_expenditure_only,2011-02,2014-03,,,2014-03,FR_mar_2014.pdf,Table: Month-wise Completed Projects,25.0,1.0,37.0,,
N18000052,N18000052,65,POWER,POWER GRID CORPORATION OF INDIA LIMITED,POWER,CENTRAL / UNKNOWN,64.0,,18000004.0,cumulative_expenditure_only,2011-11,2014-03,,,2014-03,FR_mar_2014.pdf,Table: Month-wise Completed Projects,28.0,1.0,28.0,,
N18000088,N18000088,66,POWER,POWER GRID CORPORATION OF INDIA LIMITED,POWER,CENTRAL / UNKNOWN,65.0,,18000052.0,cumulative_expenditure_only,2013-01,2014-03,,,2014-03,FR_mar_2014.pdf,Table: Month-wise Completed Projects,28.0,1.0,14.0,,
N18000097,N18000097,67,POWER,POWER GRID CORPORATION OF INDIA LIMITED,POWER,CENTRAL / UNKNOWN,66.0,,18000088.0,cumulative_expenditure_only,2013-04,2014-03,,,2014-03,FR_mar_2014.pdf,Table: Month-wise Completed Projects,28.0,1.0,11.0,,
N18000102,N18000102,68,POWER,"POWER GRID 
CORPORATION OF INDIA LIMITED",POWER,CENTRAL / UNKNOWN,67.0,,18000097.0,cumulative_expenditure_only,2013-07,2014-03,,,2014-03,FR_mar_2014.pdf,Table: Month-wise Completed Projects,28.0,1.0,8.0,,
N24000040,N24000040,41,CENTRAL SECTOR,NATIONAL HIGHWAYS AUTHORITY OF INDIA,UNKNOWN,CENTRAL / UNKNOWN,40.0,,232.0,cumulative_expenditure_only,2011-06,2014-03,,,2014-03,FR_mar_2014.pdf,Table: Month-wise Completed Projects,27.0,1.0,33.0,,
N24000055,N24000055,42,CENTRAL SECTOR,NHAI,UNKNOWN,CENTRAL / UNKNOWN,41.0,,48.0,cumulative_expenditure_only,2008-12,2014-03,,,2014-03,FR_mar_2014.pdf,Table: Month-wise Completed Projects,27.0,1.0,63.0,,
N24000056,N24000056,43,CENTRAL SECTOR,NHAI,UNKNOWN,CENTRAL / UNKNOWN,42.0,,24000055.0,cumulative_expenditure_only,2009-06,2014-03,,,2014-03,FR_mar_2014.pdf,Table: Month-wise Completed Projects,27.0,1.0,57.0,,
N24000057,N24000057,44,CENTRAL SECTOR,NHAI,UNKNOWN,CENTRAL / UNKNOWN,43.0,,24000056.0,cumulative_expenditure_only,2004-02,2014-03,,,2014-03,FR_mar_2014.pdf,Table: Month-wise Completed Projects,27.0,1.0,121.0,,
N24000094,N24000094,45,CENTRAL SECTOR,"NS-1/BOT/MP-
2",UNKNOWN,CENTRAL / UNKNOWN,44.0,,24000057.0,cumulative_expenditure_only,2010-06,2014-03,,,2014-03,FR_mar_2014.pdf,Table: Month-wise Completed Projects,27.0,1.0,45.0,,
N24000095,N24000095,46,CENTRAL SECTOR,NS-1/BOT/MP-2,UNKNOWN,CENTRAL / UNKNOWN,263.17,,9.0,cumulative_expenditure_only,2009-09,2014-03,,,2014-03,FR_mar_2014.pdf,Table: Month-wise Completed Projects,27.0,1.0,54.0,,
N24000096,N24000096,47,CENTRAL SECTOR,NATIONAL HIGHWAYS AUTHORITY OF INDIA,UNKNOWN,CENTRAL / UNKNOWN,46.0,,24000095.0,cumulative_expenditure_only,2009-09,2014-03,,,2014-03,FR_mar_2014.pdf,Table: Month-wise Completed Projects,27.0,1.0,54.0,,
N24000101,N24000101,48,CENTRAL SECTOR,NATIONAL HIGHWAYS AUTHORITY OF INDIA,UNKNOWN,CENTRAL / UNKNOWN,47.0,,24000096.0,cumulative_expenditure_only,2010-07,2014-03,,,2014-03,FR_mar_2014.pdf,Table: Month-wise Completed Projects,27.0,1.0,44.0,,
N24000102,N24000102,49,CENTRAL SECTOR,BOT -1/TN-06,UNKNOWN,CENTRAL / UNKNOWN,48.0,,24000101.0,cumulative_expenditure_only,2011-01,2014-03,,,2014-03,FR_mar_2014.pdf,Table: Month-wise Completed Projects,27.0,1.0,38.0,,
N24000116,N24000116,50,CENTRAL SECTOR,REVIVED,UNKNOWN,CENTRAL / UNKNOWN,49.0,,24000102.0,cumulative_expenditure_only,2004-02,2014-03,,,2014-03,FR_mar_2014.pdf,Table: Month-wise Completed Projects,27.0,1.0,121.0,,
N24000124,N24000124,51,CENTRAL SECTOR,"NATIONAL HIGHWAYS 
AUTHORITY OF INDIA",UNKNOWN,CENTRAL / UNKNOWN,50.0,,136.5,cumulative_expenditure_only,2011-06,2014-03,,,2014-03,FR_mar_2014.pdf,Table: Month-wise Completed Projects,27.0,1.0,33.0,,
N24000130,N24000130,52,CENTRAL SECTOR,NATIONAL HIGHWAYS AUTHORITY OF INDIA,UNKNOWN,CENTRAL / UNKNOWN,1673.7,,10.0,cumulative_expenditure_only,2011-10,2014-03,,,2014-03,FR_mar_2014.pdf,Table: Month-wise Completed Projects,27.0,1.0,29.0,,
N26000029,N26000029,24,TELECOMMUNICATIONS,MAHANAGAR TELEPHONE NIGAM LIMITED,TELECOMMUNICATIONS,CENTRAL / UNKNOWN,231.38,,10.0,cumulative_expenditure_only,2007-10,2014-03,,,2014-03,FR_mar_2014.pdf,Table: Month-wise Completed Projects,26.0,1.0,77.0,,
180100250,180100250,2,POWER,NHPC,POWER,CENTRAL / UNKNOWN,2.0,,180100250.0,cumulative_expenditure_only,2010-10,2014-05,,,2015-03,FR_march_2015.pdf,Table: Month-wise Completed Projects,40.0,1.0,43.0,,
N06000019,N06000019,1,COAL,6.0 MTPA,COAL,CENTRAL / UNKNOWN,6.0,,6000019.0,cumulative_expenditure_only,2014-03,2014-05,,,2015-03,FR_march_2015.pdf,Table: Month-wise Completed Projects,40.0,1.0,2.0,,
240106236,240106236,10,ROAD TRANSPORT AND HIGHWAYS,NS-35/J AND K,ROAD TRANSPORT AND HIGHWAYS,CENTRAL / UNKNOWN,10.0,,50.0,cumulative_expenditure_only,2008-03,2014-06,,,2015-03,FR_march_2015.pdf,Table: Month-wise Completed Projects,40.0,1.0,75.0,,
619075,NAN,6L of Bhubaneswar - Jagatpur - Chandikhole Section of NH-16 Odisha 01/2009,UNKNOWN,NHAI,UNKNOWN,Odisha,639.3,632.89,579.23,revised_cost_crore,2026-04,2014-06,,,2026-06,FlashReport_June_2026.pdf,Table 3: Completed Projects,,0.0,-142.0,0.0,-1.0026591584545548
N16000039,N16000039,3,PETROLEUM,OIL & NATURAL GAS CORPORATION LIMITED,PETROLEUM,CENTRAL / UNKNOWN,3.0,,16000039.0,cumulative_expenditure_only,2010-05,2014-06,,,2015-03,FR_march_2015.pdf,Table: Month-wise Completed Projects,40.0,1.0,49.0,,
N16000046,N16000046,4,PETROLEUM,OIL & NATURAL GAS CORPORATION LIMITED,PETROLEUM,CENTRAL / UNKNOWN,3.0,,16000039.0,cumulative_expenditure_only,2010-07,2014-06,,,2015-03,FR_march_2015.pdf,Table: Month-wise Completed Projects,40.0,1.0,47.0,,
N16000060,N16000060,5,PETROLEUM,OIL & NATURAL GAS CORPORATION LIMITED,PETROLEUM,CENTRAL / UNKNOWN,4.0,,16000046.0,cumulative_expenditure_only,2012-09,2014-06,,,2015-03,FR_march_2015.pdf,Table: Month-wise Completed Projects,40.0,1.0,21.0,,
N18000048,N18000048,6,POWER,NATIONAL THERMAL POWER CORPORATION,POWER,CENTRAL / UNKNOWN,6.0,,18000048.0,cumulative_expenditure_only,2012-08,2014-06,,,2015-03,FR_march_2015.pdf,Table: Month-wise Completed Projects,40.0,1.0,22.0,,
N18000072,N18000072,7,POWER,NATIONAL THERMAL POWER CORPORATION,POWER,CENTRAL / UNKNOWN,6.0,,18000048.0,cumulative_expenditure_only,2012-10,2014-06,,,2015-03,FR_march_2015.pdf,Table: Month-wise Completed Projects,40.0,1.0,20.0,,
N18000073,N18000073,8,POWER,2X500MW,POWER,CENTRAL / UNKNOWN,7.0,,18000072.0,cumulative_expenditure_only,2012-10,2014-06,,,2015-03,FR_march_2015.pdf,Table: Month-wise Completed Projects,40.0,1.0,20.0,,
N22000083,N22000083,9,RAILWAYS,"NORTH EAST 
FRONTIER RAILWAY",RAILWAYS,CENTRAL / UNKNOWN,9.0,,22000083.0,cumulative_expenditure_only,,2014-06,,,2015-03,FR_march_2015.pdf,Table: Month-wise Completed Projects,40.0,,,,
N24000157,N24000157,11,ROAD TRANSPORT AND HIGHWAYS,NH-4,ROAD TRANSPORT AND HIGHWAYS,CENTRAL / UNKNOWN,10.0,,50.0,cumulative_expenditure_only,2014-07,2014-06,,,2015-03,FR_march_2015.pdf,Table: Month-wise Completed Projects,40.0,0.0,-1.0,,
N16000070,N16000070,24,PETROLEUM,GAS AUTHORITY OF INDIA LIMITED,PETROLEUM,CENTRAL / UNKNOWN,24.0,,16000070.0,cumulative_expenditure_only,2012-01,2014-08,,,2015-03,FR_march_2015.pdf,Table: Month-wise Completed Projects,41.0,1.0,31.0,,
N16000152,N16000152,25,PETROLEUM,SMP,PETROLEUM,CENTRAL / UNKNOWN,25.0,,16000152.0,cumulative_expenditure_only,2012-04,2014-08,,,2015-03,FR_march_2015.pdf,Table: Month-wise Completed Projects,41.0,1.0,28.0,,
N25000048,N25000048,26,SHIPPING,PORT TRUST,SHIPPING,CENTRAL / UNKNOWN,26.0,,25000048.0,cumulative_expenditure_only,2012-01,2014-08,,,2015-03,FR_march_2015.pdf,Table: Month-wise Completed Projects,41.0,1.0,31.0,,
N04000037,N04000037,27,CIVIL AVIATION,AIRPORT AUTHORITY OF INDIA LIMITED,CIVIL AVIATION,CENTRAL / UNKNOWN,27.0,,4000037.0,cumulative_expenditure_only,2011-05,2014-09,,,2015-03,FR_march_2015.pdf,Table: Month-wise Completed Projects,42.0,1.0,40.0,,
N04000038,N04000038,28,CIVIL AVIATION,K1,CIVIL AVIATION,CENTRAL / UNKNOWN,27.0,,4000037.0,cumulative_expenditure_only,2011-01,2014-09,,,2015-03,FR_march_2015.pdf,Table: Month-wise Completed Projects,42.0,1.0,44.0,,
N16000051,N16000051,29,PETROLEUM,GAS AUTHORITY OF INDIA LIMITED,PETROLEUM,CENTRAL / UNKNOWN,29.0,,16000051.0,cumulative_expenditure_only,2010-10,2014-10,,,2014-11,FR_nov_2014.pdf,Table: Month-wise Completed Projects,22.0,1.0,48.0,,
N16000094,N16000094,29,PETROLEUM,UTTRANCHAL AND  PUNJAB,PETROLEUM,CENTRAL / UNKNOWN,29.0,,16000094.0,cumulative_expenditure_only,2011-06,2014-10,,,2015-03,FR_march_2015.pdf,Table: Month-wise Completed Projects,42.0,1.0,40.0,,
N16000114,N16000114,30,PETROLEUM,MANGALORE REFINERY AND PETROCHEMICALS LIMITED,PETROLEUM,CENTRAL / UNKNOWN,29.0,,16000094.0,cumulative_expenditure_only,2012-01,2014-10,,,2015-03,FR_march_2015.pdf,Table: Month-wise Completed Projects,42.0,1.0,33.0,,
N18000063,N18000063,31,POWER,POWER GRID CORPORATION OF INDIA LIMITED,POWER,CENTRAL / UNKNOWN,31.0,,18000063.0,cumulative_expenditure_only,2011-11,2014-10,,,2015-03,FR_march_2015.pdf,Table: Month-wise Completed Projects,42.0,1.0,35.0,,
N18000111,N18000111,32,POWER,PGCIL,POWER,CENTRAL / UNKNOWN,31.0,,18000063.0,cumulative_expenditure_only,2014-08,2014-10,,,2015-03,FR_march_2015.pdf,Table: Month-wise Completed Projects,42.0,1.0,2.0,,
N26000100,N26000100,33,TELECOMMUNICATIONS,"BHARAT SANCHAR NIGAM 
LIMITED",TELECOMMUNICATIONS,CENTRAL / UNKNOWN,33.0,,26000100.0,cumulative_expenditure_only,2011-05,2014-10,,,2015-03,FR_march_2015.pdf,Table: Month-wise Completed Projects,42.0,1.0,41.0,,
N16000138,N16000138,34,PETROLEUM,"BHARAT PETROLEUM CORPORATION 
LIMITED",PETROLEUM,CENTRAL / UNKNOWN,34.0,,16000138.0,cumulative_expenditure_only,2012-08,2014-11,,,2015-03,FR_march_2015.pdf,Table: Month-wise Completed Projects,42.0,1.0,27.0,,
N18000107,N18000107,35,POWER,"POWER 
GRID CORPORATION OF INDIA LIMITED",POWER,CENTRAL / UNKNOWN,35.0,,18000107.0,cumulative_expenditure_only,2013-12,2014-11,,,2015-03,FR_march_2015.pdf,Table: Month-wise Completed Projects,42.0,1.0,11.0,,
N18000121,N18000121,36,POWER,"POWER GRID CORPORATION OF 
INDIA LIMITED",POWER,CENTRAL / UNKNOWN,36.0,,18000121.0,cumulative_expenditure_only,2014-08,2014-11,,,2015-03,FR_march_2015.pdf,Table: Month-wise Completed Projects,42.0,1.0,3.0,,
N12000038,N12000038,48,STEEL,RASTRIYA ISPAT NIGAM LIMITED,STEEL,CENTRAL / UNKNOWN,48.0,,4.0,cumulative_expenditure_only,2008-09,2014-12,,,2015-03,FR_march_2015.pdf,Table: Month-wise Completed Projects,43.0,1.0,75.0,,
N12000051,N12000051,49,STEEL,STEEL AUTHORITY OF INDIA LIMITED (SAIL,STEEL,CENTRAL / UNKNOWN,48.0,,4.0,cumulative_expenditure_only,2011-12,2014-12,,,2015-03,FR_march_2015.pdf,Table: Month-wise Completed Projects,43.0,1.0,36.0,,
N12000056,N12000056,50,STEEL,STEEL AUTHORITY OF INDIA LIMITED (SAIL,STEEL,CENTRAL / UNKNOWN,49.0,,12000051.0,cumulative_expenditure_only,2013-03,2014-12,,,2015-03,FR_march_2015.pdf,Table: Month-wise Completed Projects,43.0,1.0,21.0,,
N16000068,N16000068,51,PETROLEUM,HINDUSTAN PETROLEUM CORPORATION LIMITED,PETROLEUM,CENTRAL / UNKNOWN,51.0,,16000068.0,cumulative_expenditure_only,2011-09,2014-12,,,2015-03,FR_march_2015.pdf,Table: Month-wise Completed Projects,43.0,1.0,39.0,,
N16000113,N16000113,52,PETROLEUM,MANGALORE REFINERY AND PETROCHEMICALS LIMITED,PETROLEUM,CENTRAL / UNKNOWN,51.0,,16000068.0,cumulative_expenditure_only,2012-07,2014-12,,,2015-03,FR_march_2015.pdf,Table: Month-wise Completed Projects,43.0,1.0,29.0,,
N18000146,N18000146,53,PETROLEUM,OIL INDIA LIMITED,PETROLEUM,CENTRAL / UNKNOWN,53.0,,18000146.0,cumulative_expenditure_only,2011-10,2014-12,,,2015-03,FR_march_2015.pdf,Table: Month-wise Completed Projects,43.0,1.0,38.0,,
N18000149,N18000149,54,PETROLEUM,OIL INDIA LIMITED,PETROLEUM,CENTRAL / UNKNOWN,53.0,,18000146.0,cumulative_expenditure_only,2012-06,2014-12,,,2015-03,FR_march_2015.pdf,Table: Month-wise Completed Projects,43.0,1.0,30.0,,
N18000118,N18000118,60,POWER,"POWER GRID CORPORATION 
OF INDIA LIMITED",POWER,CENTRAL / UNKNOWN,60.0,,400.0,cumulative_expenditure_only,2014-01,2015-01,,,2015-03,FR_march_2015.pdf,Table: Month-wise Completed Projects,44.0,1.0,12.0,,
N18000138,N18000138,61,POWER,POWER GRID CORPORATION OF INDIA LIMITED,POWER,CENTRAL / UNKNOWN,61.0,,18000138.0,cumulative_expenditure_only,2014-10,2015-01,,,2015-03,FR_march_2015.pdf,Table: Month-wise Completed Projects,44.0,1.0,3.0,,
N22000192,N22000192,62,RAILWAYS,NORTH EAST FRONTIER RAILWAY,RAILWAYS,CENTRAL / UNKNOWN,62.0,,22000192.0,cumulative_expenditure_only,2015-02,2015-01,,,2015-03,FR_march_2015.pdf,Table: Month-wise Completed Projects,44.0,0.0,-1.0,,
N22000052,N22000052,63,RAILWAYS,WORKSHOPS & PRODUCTION UNIT,RAILWAYS,CENTRAL / UNKNOWN,2015.0,,63.0,cumulative_expenditure_only,2015-02,2015-02,,,2015-03,FR_march_2015.pdf,Table: Month-wise Completed Projects,44.0,0.0,0.0,,
N22000053,N22000053,64,RAILWAYS,WORKSHOPS & PRODUCTION UNIT,RAILWAYS,CENTRAL / UNKNOWN,64.0,,22000053.0,cumulative_expenditure_only,,2015-02,,,2015-03,FR_march_2015.pdf,Table: Month-wise Completed Projects,44.0,,,,
N24000226,N24000226,65,ROAD TRANSPORT AND HIGHWAYS,"NATIONAL HIGHWAYS AUTHORITY OF 
INDIA",ROAD TRANSPORT AND HIGHWAYS,CENTRAL / UNKNOWN,65.0,,2.0,cumulative_expenditure_only,2014-10,2015-02,,,2015-03,FR_march_2015.pdf,Table: Month-wise Completed Projects,44.0,1.0,4.0,,
N12000068,N12000068,(Rs. crore),CENTRAL SECTOR,Rs. crore,UNKNOWN,CENTRAL / UNKNOWN,12.0,,67.5,cumulative_expenditure_only,2010-01,2015-03,,,2015-03,FR_march_2015.pdf,Table: Month-wise Completed Projects,41.0,1.0,62.0,,
N12000069,N12000069,13,CENTRAL SECTOR,RASTRIYA ISPAT NIGAM LIMITED,UNKNOWN,CENTRAL / UNKNOWN,13.0,,330.0,cumulative_expenditure_only,2009-12,2015-03,,,2015-03,FR_march_2015.pdf,Table: Month-wise Completed Projects,41.0,1.0,63.0,,
N16000023,N16000023,14,PETROLEUM,OIL & NATURAL GAS CORPORATION LIMITED,PETROLEUM,CENTRAL / UNKNOWN,14.0,,16000023.0,cumulative_expenditure_only,2008-12,2015-03,,,2015-03,FR_march_2015.pdf,Table: Month-wise Completed Projects,41.0,1.0,75.0,,
N16000032,N16000032,15,PETROLEUM,OIL & NATURAL GAS CORPORATION LIMITED,PETROLEUM,CENTRAL / UNKNOWN,14.0,,16000023.0,cumulative_expenditure_only,2010-09,2015-03,,,2015-03,FR_march_2015.pdf,Table: Month-wise Completed Projects,41.0,1.0,54.0,,
N16000069,N16000069,16,PETROLEUM,HINDUSTAN PETROLEUM CORPORATION LIMITED,PETROLEUM,CENTRAL / UNKNOWN,15.0,,16000032.0,cumulative_expenditure_only,2011-09,2015-03,,,2015-03,FR_march_2015.pdf,Table: Month-wise Completed Projects,41.0,1.0,42.0,,
N16000086,N16000086,17,PETROLEUM,OIL & NATURAL GAS CORPORATION LIMITED,PETROLEUM,CENTRAL / UNKNOWN,16.0,,16000069.0,cumulative_expenditure_only,2012-06,2015-03,,,2015-03,FR_march_2015.pdf,Table: Month-wise Completed Projects,41.0,1.0,33.0,,
N16000101,N16000101,(Rs. crore),CENTRAL SECTOR,Rs. crore,UNKNOWN,CENTRAL / UNKNOWN,66.0,,16000101.0,cumulative_expenditure_only,2013-12,2015-03,,,2015-03,FR_march_2015.pdf,Table: Month-wise Completed Projects,45.0,1.0,15.0,,
N16000112,N16000112,67,CENTRAL SECTOR,GAS AUTHORITY OF INDIA LIMITED,UNKNOWN,CENTRAL / UNKNOWN,67.0,,16000112.0,cumulative_expenditure_only,2014-02,2015-03,,,2015-03,FR_march_2015.pdf,Table: Month-wise Completed Projects,45.0,1.0,13.0,,
N18000024,N18000024,55,POWER,412 MW,POWER,CENTRAL / UNKNOWN,55.0,,412.0,cumulative_expenditure_only,2012-03,2015-03,,,2015-03,FR_march_2015.pdf,Table: Month-wise Completed Projects,44.0,1.0,36.0,,
N18000065,N18000065,56,POWER,"POWER GRID CORPORATION OF 
INDIA LIMITED",POWER,CENTRAL / UNKNOWN,55.0,,412.0,cumulative_expenditure_only,2012-08,2015-03,,,2015-03,FR_march_2015.pdf,Table: Month-wise Completed Projects,44.0,1.0,31.0,,
N18000069,N18000069,57,POWER,"POWER GRID CORPORATION OF INDIA 
LIMITED",POWER,CENTRAL / UNKNOWN,57.0,,765.0,cumulative_expenditure_only,2012-08,2015-03,,,2015-03,FR_march_2015.pdf,Table: Month-wise Completed Projects,44.0,1.0,31.0,,
N18000106,N18000106,18,POWER,POWER GRID CORPORATION OF INDIA LIMITED,POWER,CENTRAL / UNKNOWN,18.0,,18000106.0,cumulative_expenditure_only,2013-10,2015-03,,,2015-03,FR_march_2015.pdf,Table: Month-wise Completed Projects,41.0,1.0,17.0,,
N18000120,N18000120,69,POWER,"POWER GRID 
CORPORATION OF INDIA LIMITED",POWER,CENTRAL / UNKNOWN,69.0,,18000120.0,cumulative_expenditure_only,2015-02,2015-03,,,2015-03,FR_march_2015.pdf,Table: Month-wise Completed Projects,45.0,1.0,1.0,,
N18000137,N18000137,70,POWER,POWER GRID CORPORATION OF INDIA LIMITED,POWER,CENTRAL / UNKNOWN,70.0,,18000137.0,cumulative_expenditure_only,2014-12,2015-03,,,2015-03,FR_march_2015.pdf,Table: Month-wise Completed Projects,45.0,1.0,3.0,,
N18000139,N18000139,71,POWER,"POWER 
GRID CORPORATION OF INDIA LIMITED",POWER,CENTRAL / UNKNOWN,70.0,,18000137.0,cumulative_expenditure_only,2014-10,2015-03,,,2015-03,FR_march_2015.pdf,Table: Month-wise Completed Projects,45.0,1.0,5.0,,
N18000150,N18000150,68,CENTRAL SECTOR,OIL INDIA LIMITED,UNKNOWN,CENTRAL / UNKNOWN,67.0,,16000112.0,cumulative_expenditure_only,2012-06,2015-03,,,2015-03,FR_march_2015.pdf,Table: Month-wise Completed Projects,45.0,1.0,33.0,,
N24000147,N24000147,58,ROAD TRANSPORT AND HIGHWAYS,NATIONAL HIGHWAYS AUTHORITY OF INDIA,ROAD TRANSPORT AND HIGHWAYS,CENTRAL / UNKNOWN,58.0,,24000147.0,cumulative_expenditure_only,2012-11,2015-03,,,2015-03,FR_march_2015.pdf,Table: Month-wise Completed Projects,44.0,1.0,28.0,,
N25000003,N25000003,(Rs. crore),CENTRAL SECTOR,Rs. crore,UNKNOWN,CENTRAL / UNKNOWN,37.0,,25000003.0,cumulative_expenditure_only,2008-10,2015-03,,,2015-03,FR_march_2015.pdf,Table: Month-wise Completed Projects,43.0,1.0,77.0,,
N25000004,N25000004,38,CENTRAL SECTOR,PORT TRUST,UNKNOWN,CENTRAL / UNKNOWN,38.0,,25000004.0,cumulative_expenditure_only,2011-04,2015-03,,,2015-03,FR_march_2015.pdf,Table: Month-wise Completed Projects,43.0,1.0,47.0,,
N25000014,N25000014,39,CENTRAL SECTOR,SHIPPING CRP. OF INDIA,UNKNOWN,CENTRAL / UNKNOWN,38.0,,25000004.0,cumulative_expenditure_only,2011-04,2015-03,,,2015-03,FR_march_2015.pdf,Table: Month-wise Completed Projects,43.0,1.0,47.0,,
N25000037,N25000037,40,CENTRAL SECTOR,PORT TRUST,UNKNOWN,CENTRAL / UNKNOWN,40.0,,25000037.0,cumulative_expenditure_only,2011-02,2015-03,,,2015-03,FR_march_2015.pdf,Table: Month-wise Completed Projects,43.0,1.0,49.0,,
N25000043,N25000043,41,SHIPPING,SHIPPING CRP. OF INDIA,SHIPPING,CENTRAL / UNKNOWN,41.0,,3060.0,cumulative_expenditure_only,2011-12,2015-03,,,2015-03,FR_march_2015.pdf,Table: Month-wise Completed Projects,43.0,1.0,39.0,,
N25000049,N25000049,59,COAL,PORT TRUST,COAL,CENTRAL / UNKNOWN,59.0,,200000.0,cumulative_expenditure_only,2010-06,2015-03,,,2015-03,FR_march_2015.pdf,Table: Month-wise Completed Projects,44.0,1.0,57.0,,
N25000051,N25000051,42,SHIPPING,"SHIPPING CRP. 
OF INDIA",SHIPPING,CENTRAL / UNKNOWN,41.0,,3060.0,cumulative_expenditure_only,2012-12,2015-03,,,2015-03,FR_march_2015.pdf,Table: Month-wise Completed Projects,43.0,1.0,27.0,,
N25000052,N25000052,43,SHIPPING,3,SHIPPING,CENTRAL / UNKNOWN,43.0,,3.0,cumulative_expenditure_only,2013-12,2015-03,,,2015-03,FR_march_2015.pdf,Table: Month-wise Completed Projects,43.0,1.0,15.0,,
N25000053,N25000053,44,SHIPPING,2,SHIPPING,CENTRAL / UNKNOWN,44.0,,2.0,cumulative_expenditure_only,2014-02,2015-03,,,2015-03,FR_march_2015.pdf,Table: Month-wise Completed Projects,43.0,1.0,13.0,,
N25000061,N25000061,45,SHIPPING,1,SHIPPING,CENTRAL / UNKNOWN,45.0,,3500.0,cumulative_expenditure_only,2013-01,2015-03,,,2015-03,FR_march_2015.pdf,Table: Month-wise Completed Projects,43.0,1.0,26.0,,
N25000062,N25000062,46,SHIPPING,6,SHIPPING,CENTRAL / UNKNOWN,45.0,,3500.0,cumulative_expenditure_only,2014-03,2015-03,,,2015-03,FR_march_2015.pdf,Table: Month-wise Completed Projects,43.0,1.0,12.0,,
N26000041,N26000041,19,TELECOMMUNICATIONS,2G,TELECOMMUNICATIONS,CENTRAL / UNKNOWN,19.0,,390.0,cumulative_expenditure_only,2008-12,2015-03,,,2015-03,FR_march_2015.pdf,Table: Month-wise Completed Projects,41.0,1.0,75.0,,
N26000058,N26000058,47,TELECOMMUNICATIONS,2G,TELECOMMUNICATIONS,CENTRAL / UNKNOWN,47.0,,283000.0,cumulative_expenditure_only,2009-06,2015-03,,,2015-03,FR_march_2015.pdf,Table: Month-wise Completed Projects,43.0,1.0,69.0,,
N26000072,N26000072,20,TELECOMMUNICATIONS,"BHARAT 
SANCHAR NIGAM LIMITED",TELECOMMUNICATIONS,CENTRAL / UNKNOWN,20.0,,26000072.0,cumulative_expenditure_only,2010-03,2015-03,,,2015-03,FR_march_2015.pdf,Table: Month-wise Completed Projects,41.0,1.0,60.0,,
N26000073,N26000073,21,TELECOMMUNICATIONS,"BHARAT 
SANCHAR NIGAM LIMITED",TELECOMMUNICATIONS,CENTRAL / UNKNOWN,21.0,,26000073.0,cumulative_expenditure_only,2010-03,2015-03,,,2015-03,FR_march_2015.pdf,Table: Month-wise Completed Projects,41.0,1.0,60.0,,
N26000088,N26000088,22,TELECOMMUNICATIONS,2G,TELECOMMUNICATIONS,CENTRAL / UNKNOWN,22.0,,799000.0,cumulative_expenditure_only,2009-03,2015-03,,,2015-03,FR_march_2015.pdf,Table: Month-wise Completed Projects,41.0,1.0,72.0,,
N26000090,N26000090,23,TELECOMMUNICATIONS,2G,TELECOMMUNICATIONS,CENTRAL / UNKNOWN,23.0,,1625000.0,cumulative_expenditure_only,2010-11,2015-03,,,2015-03,FR_march_2015.pdf,Table: Month-wise Completed Projects,41.0,1.0,52.0,,
N28000048,N28000048,72,URBAN DEVELOPMENT,"CENTRAL PUBLIC WORKS 
DEPARTMENT",URBAN DEVELOPMENT,CENTRAL / UNKNOWN,72.0,,28000048.0,cumulative_expenditure_only,2009-04,2015-03,,,2015-03,FR_march_2015.pdf,Table: Month-wise Completed Projects,45.0,1.0,71.0,,
N16000170,N16000170,1,PETROLEUM,BHARAT PETROLEUM CORPORATION LIMITED,PETROLEUM,CENTRAL / UNKNOWN,16000170.0,,276.26,cumulative_expenditure_only,2015-12,2015-04,,,2016-03,FR_mar_2016.pdf,Table: Month-wise Completed Projects,42.0,0.0,-8.0,,
N24000127,N24000127,2,ROAD TRANSPORT AND HIGHWAYS,NATIONAL HIGHWAYS AUTHORITY OF INDIA,ROAD TRANSPORT AND HIGHWAYS,CENTRAL / UNKNOWN,2.0,,24000127.0,cumulative_expenditure_only,2012-05,2015-04,,,2016-03,FR_mar_2016.pdf,Table: Month-wise Completed Projects,42.0,1.0,35.0,,
N16000033,N16000033,3,PETROLEUM,OIL & NATURAL GAS CORPORATION LIMITED,PETROLEUM,CENTRAL / UNKNOWN,3.0,,16000033.0,cumulative_expenditure_only,2010-08,2015-05,,,2016-03,FR_mar_2016.pdf,Table: Month-wise Completed Projects,42.0,1.0,57.0,,
N16000104,N16000104,4,PETROLEUM,OIL & NATURAL GAS CORPORATION LIMITED,PETROLEUM,CENTRAL / UNKNOWN,3.0,,16000033.0,cumulative_expenditure_only,2013-03,2015-05,,,2016-03,FR_mar_2016.pdf,Table: Month-wise Completed Projects,42.0,1.0,26.0,,
N16000137,N16000137,5,PETROLEUM,OIL & NATURAL GAS CORPORATION LIMITED,PETROLEUM,CENTRAL / UNKNOWN,4.0,,16000104.0,cumulative_expenditure_only,2014-05,2015-05,,,2016-03,FR_mar_2016.pdf,Table: Month-wise Completed Projects,42.0,1.0,12.0,,
N18000127,N18000127,6,POWER,POWER GRID CORPORATION OF INDIA LIMITED,POWER,CENTRAL / UNKNOWN,6.0,,18000127.0,cumulative_expenditure_only,2014-08,2015-05,,,2016-03,FR_mar_2016.pdf,Table: Month-wise Completed Projects,42.0,1.0,9.0,,
N18000136,N18000136,7,POWER,POWER GRID CORPORATION OF INDIA LIMITED,POWER,CENTRAL / UNKNOWN,6.0,,18000127.0,cumulative_expenditure_only,2015-03,2015-05,,,2016-03,FR_mar_2016.pdf,Table: Month-wise Completed Projects,42.0,1.0,2.0,,
N26000062,N26000062,8,TELECOMMUNICATIONS,BHARAT SANCHAR NIGAM LIMITED,TELECOMMUNICATIONS,CENTRAL / UNKNOWN,8.0,,2.0,cumulative_expenditure_only,2009-01,2015-05,,,2016-03,FR_mar_2016.pdf,Table: Month-wise Completed Projects,42.0,1.0,76.0,,
180100211,180100211,11,POWER,NTPC,POWER,CENTRAL / UNKNOWN,11.0,,180100211.0,cumulative_expenditure_only,2009-04,2015-06,,,2016-03,FR_mar_2016.pdf,Table: Month-wise Completed Projects,42.0,1.0,74.0,,
N12000074,N12000074,9,STEEL,STEEL AUTHORITY OF INDIA LIMITED (SAIL,STEEL,CENTRAL / UNKNOWN,9.0,,12000074.0,cumulative_expenditure_only,2012-12,2015-06,,,2016-03,FR_mar_2016.pdf,Table: Month-wise Completed Projects,42.0,1.0,30.0,,
N12000075,N12000075,10,STEEL,"STEEL AUTHORITY OF INDIA LIMITED 
(SAIL",STEEL,CENTRAL / UNKNOWN,9.0,,12000074.0,cumulative_expenditure_only,2013-11,2015-06,,,2016-03,FR_mar_2016.pdf,Table: Month-wise Completed Projects,42.0,1.0,19.0,,
N12000053,N12000053,15,STEEL,RASTRIYA ISPAT NIGAM LIMITED,STEEL,CENTRAL / UNKNOWN,15.0,,12000053.0,cumulative_expenditure_only,2009-09,2015-07,,,2016-03,FR_mar_2016.pdf,Table: Month-wise Completed Projects,43.0,1.0,70.0,,
N16000163,N16000163,16,PETROLEUM,GAS AUTHORITY OF INDIA LIMITED,PETROLEUM,CENTRAL / UNKNOWN,16.0,,16000163.0,cumulative_expenditure_only,2015-04,2015-07,,,2016-03,FR_mar_2016.pdf,Table: Month-wise Completed Projects,43.0,1.0,3.0,,
N18000130,N18000130,17,POWER,POWER GRID CORPORATION OF INDIA LIMITED,POWER,CENTRAL / UNKNOWN,17.0,,18000130.0,cumulative_expenditure_only,2014-11,2015-07,,,2016-03,FR_mar_2016.pdf,Table: Month-wise Completed Projects,43.0,1.0,8.0,,
N25000035,N25000035,18,SHIPPING,SPV,SHIPPING,CENTRAL / UNKNOWN,18.0,,25000035.0,cumulative_expenditure_only,2006-03,2015-07,,,2015-07,FR_july_2015.pdf,Table: Month-wise Completed Projects,43.0,1.0,112.0,,
N25000060,N25000060,19,SHIPPING,SPM,SHIPPING,CENTRAL / UNKNOWN,18.0,,25000035.0,cumulative_expenditure_only,2006-03,2015-07,,,2015-07,FR_july_2015.pdf,Table: Month-wise Completed Projects,43.0,1.0,112.0,,
060100087,060100087,19,COAL,1470MW TO 1970MW,COAL,CENTRAL / UNKNOWN,19.0,,1470.0,cumulative_expenditure_only,2009-06,2015-08,,,2016-03,FR_mar_2016.pdf,Table: Month-wise Completed Projects,43.0,1.0,74.0,,
160100231,160100231,21,PETROLEUM,ONGCL,PETROLEUM,CENTRAL / UNKNOWN,21.0,,160100231.0,cumulative_expenditure_only,2006-04,2015-08,,,2016-03,FR_mar_2016.pdf,Table: Month-wise Completed Projects,43.0,1.0,112.0,,
N04000065,N04000065,18,CIVIL AVIATION,AIRPORT AUTHORITY OF INDIA LIMITED,CIVIL AVIATION,CENTRAL / UNKNOWN,18.0,,4000065.0,cumulative_expenditure_only,2013-06,2015-08,,,2016-03,FR_mar_2016.pdf,Table: Month-wise Completed Projects,43.0,1.0,26.0,,
N06000047,N06000047,20,POWER,NEYVELI LIGNITE CORPORATION,POWER,CENTRAL / UNKNOWN,19.0,,1470.0,cumulative_expenditure_only,2012-03,2015-08,,,2016-03,FR_mar_2016.pdf,Table: Month-wise Completed Projects,43.0,1.0,41.0,,
N16000098,N16000098,22,PETROLEUM,"OIL & NATURAL GAS CORPORATION 
LIMITED",PETROLEUM,CENTRAL / UNKNOWN,21.0,,160100231.0,cumulative_expenditure_only,2012-08,2015-08,,,2016-03,FR_mar_2016.pdf,Table: Month-wise Completed Projects,43.0,1.0,36.0,,
N16000123,N16000123,23,PETROLEUM,ISV,PETROLEUM,CENTRAL / UNKNOWN,23.0,,16000123.0,cumulative_expenditure_only,2013-08,2015-08,,,2016-03,FR_mar_2016.pdf,Table: Month-wise Completed Projects,43.0,1.0,24.0,,
N16000156,N16000156,24,PETROLEUM,INDIAN STRATEGIC PETROLEUM RESERVES LTD,PETROLEUM,CENTRAL / UNKNOWN,23.0,,16000123.0,cumulative_expenditure_only,2011-10,2015-08,,,2016-03,FR_mar_2016.pdf,Table: Month-wise Completed Projects,43.0,1.0,46.0,,
N12000018,N12000018,29,STEEL,NMDC,STEEL,CENTRAL / UNKNOWN,29.0,,11.0,cumulative_expenditure_only,2011-12,2015-09,,,2016-03,FR_mar_2016.pdf,Table: Month-wise Completed Projects,44.0,1.0,45.0,,
N12000055,N12000055,30,STEEL,STEEL AUTHORITY OF INDIA LIMITED (SAIL,STEEL,CENTRAL / UNKNOWN,30.0,,12000055.0,cumulative_expenditure_only,2011-12,2015-09,,,2016-03,FR_mar_2016.pdf,Table: Month-wise Completed Projects,44.0,1.0,45.0,,
N16000132,N16000132,31,PETROLEUM,OIL & NATURAL GAS CORPORATION LIMITED,PETROLEUM,CENTRAL / UNKNOWN,31.0,,16000132.0,cumulative_expenditure_only,2015-05,2015-09,,,2016-03,FR_mar_2016.pdf,Table: Month-wise Completed Projects,44.0,1.0,4.0,,
N18000124,N18000124,32,POWER,"LINE BAYS 
AND REACTOR PROVISION",POWER,CENTRAL / UNKNOWN,32.0,,18000124.0,cumulative_expenditure_only,2014-03,2015-09,,,2016-03,FR_mar_2016.pdf,Table: Month-wise Completed Projects,44.0,1.0,18.0,,
N18000154,N18000154,33,POWER,PART-A,POWER,CENTRAL / UNKNOWN,33.0,,18000154.0,cumulative_expenditure_only,2016-10,2015-09,,,2016-03,FR_mar_2016.pdf,Table: Month-wise Completed Projects,44.0,0.0,-13.0,,
N18000156,N18000156,34,POWER,51 MW,POWER,CENTRAL / UNKNOWN,34.0,,51.0,cumulative_expenditure_only,2014-12,2015-09,,,2016-03,FR_mar_2016.pdf,Table: Month-wise Completed Projects,44.0,1.0,9.0,,
120100067,120100067,36,STEEL,RINL,STEEL,CENTRAL / UNKNOWN,36.0,,3.0,cumulative_expenditure_only,2009-10,2015-10,,,2016-03,FR_mar_2016.pdf,Table: Month-wise Completed Projects,44.0,1.0,72.0,,
612998,NAN,Bathinda Sangrur Pipeline Punjab 11/2021 Ministry of Railways Railways Total (2) 356.36,UNKNOWN,Ministry of Petroleum and Natural Gas,UNKNOWN,Punjab,367.0,397.0,355.93,revised_cost_crore,2024-05,2015-10,,,2025-10,FlashReport_October_2025.pdf,Table 3: Completed Projects,,0.0,-103.0,1.0,8.174386920980927
N04000070,N04000070,35,CIVIL AVIATION,MOHALI,CIVIL AVIATION,CENTRAL / UNKNOWN,35.0,,4000070.0,cumulative_expenditure_only,2015-03,2015-10,,,2016-03,FR_mar_2016.pdf,Table: Month-wise Completed Projects,44.0,1.0,7.0,,
N12000087,N12000087,37,POWER,RASTRIYA ISPAT NIGAM LIMITED,POWER,CENTRAL / UNKNOWN,36.0,,3.0,cumulative_expenditure_only,2013-09,2015-10,,,2016-03,FR_mar_2016.pdf,Table: Month-wise Completed Projects,44.0,1.0,25.0,,
N24000301,N24000301,REHABILITATION AND UPGRADATION OF NH-219 FROM KM 58-600 TO KM 140-750 IN THE STATE OF ANDHRA PRADES,UNKNOWN,MoRTH,UNKNOWN,N24000301,271.45,,240.23,cumulative_expenditure_crore,2015-10,2015-10,,,2025-06,FR_JUNE_2025.pdf,Table 3: Completed Projects,,0.0,0.0,,
N16000144,N16000144,42,POWER,POWER GRID CORPORATION OF INDIA LIMITED,POWER,CENTRAL / UNKNOWN,42.0,,16000144.0,cumulative_expenditure_only,2015-03,2015-11,,,2016-03,FR_mar_2016.pdf,Table: Month-wise Completed Projects,45.0,1.0,8.0,,
N04000072,N04000072,43,CIVIL AVIATION,"AIRPORT AUTHORITY OF INDIA 
LIMITED",CIVIL AVIATION,CENTRAL / UNKNOWN,43.0,,10.0,cumulative_expenditure_only,2014-03,2015-12,,,2016-03,FR_mar_2016.pdf,Table: Month-wise Completed Projects,45.0,1.0,21.0,,
N06000046,N06000046,44,COAL,1.35MTY,COAL,CENTRAL / UNKNOWN,44.0,,1.35,cumulative_expenditure_only,2014-03,2015-12,,,2016-03,FR_mar_2016.pdf,Table: Month-wise Completed Projects,45.0,1.0,21.0,,
N16000142,N16000142,45,PETROLEUM,BHARAT PETROLEUM CORPORATION LIMITED,PETROLEUM,CENTRAL / UNKNOWN,45.0,,16000142.0,cumulative_expenditure_only,2014-12,2015-12,,,2016-03,FR_mar_2016.pdf,Table: Month-wise Completed Projects,45.0,1.0,12.0,,
N16000145,N16000145,46,PETROLEUM,HINDUSTAN PETROLEUM CORPORATION LIMITED,PETROLEUM,CENTRAL / UNKNOWN,45.0,,16000142.0,cumulative_expenditure_only,2015-11,2015-12,,,2016-03,FR_mar_2016.pdf,Table: Month-wise Completed Projects,45.0,1.0,1.0,,
N16000168,N16000168,47,PETROLEUM,INDIAN OIL CORPORATION LIMITED,PETROLEUM,CENTRAL / UNKNOWN,46.0,,16000145.0,cumulative_expenditure_only,2013-07,2015-12,,,2016-03,FR_mar_2016.pdf,Table: Month-wise Completed Projects,45.0,1.0,29.0,,
N16000182,N16000182,48,PETROLEUM,D-1,PETROLEUM,CENTRAL / UNKNOWN,47.0,,16000168.0,cumulative_expenditure_only,2014-10,2015-12,,,2016-03,FR_mar_2016.pdf,Table: Month-wise Completed Projects,45.0,1.0,14.0,,
N18000160,N18000160,49,POWER,POWER GRID CORPORATION OF INDIA LIMITED,POWER,CENTRAL / UNKNOWN,49.0,,18000160.0,cumulative_expenditure_only,2016-08,2015-12,,,2016-03,FR_mar_2016.pdf,Table: Month-wise Completed Projects,45.0,0.0,-8.0,,
N06000009,N06000009,52,COAL,3.5 MTY,COAL,CENTRAL / UNKNOWN,52.0,,3.5,cumulative_expenditure_only,2015-03,2016-01,,,2016-03,FR_mar_2016.pdf,Table: Month-wise Completed Projects,46.0,1.0,10.0,,
N12000079,N12000079,53,STEEL,"STEEL AUTHORITY OF INDIA 
LIMITED (SAIL",STEEL,CENTRAL / UNKNOWN,53.0,,12000079.0,cumulative_expenditure_only,2014-12,2016-01,,,2016-03,FR_mar_2016.pdf,Table: Month-wise Completed Projects,46.0,1.0,13.0,,
N12000080,N12000080,54,STEEL,"STEEL AUTHORITY OF INDIA 
LIMITED (SAIL",STEEL,CENTRAL / UNKNOWN,54.0,,5.0,cumulative_expenditure_only,2015-06,2016-01,,,2016-03,FR_mar_2016.pdf,Table: Month-wise Completed Projects,46.0,1.0,7.0,,
N12000082,N12000082,55,STEEL,"STEEL AUTHORITY OF INDIA LIMITED 
(SAIL",STEEL,CENTRAL / UNKNOWN,55.0,,12000082.0,cumulative_expenditure_only,2014-09,2016-01,,,2016-03,FR_mar_2016.pdf,Table: Month-wise Completed Projects,46.0,1.0,16.0,,
N18000087,N18000087,56,POWER,"POWER GRID CORPORATION OF INDIA 
LIMITED",POWER,CENTRAL / UNKNOWN,56.0,,18000087.0,cumulative_expenditure_only,2013-03,2016-01,,,2016-03,FR_mar_2016.pdf,Table: Month-wise Completed Projects,46.0,1.0,34.0,,
N28000078,N28000078,57,URBAN DEVELOPMENT,"CENTRAL PUBLIC WORKS 
DEPARTMENT",URBAN DEVELOPMENT,CENTRAL / UNKNOWN,57.0,,28000078.0,cumulative_expenditure_only,2010-03,2016-01,,,2016-03,FR_mar_2016.pdf,Table: Month-wise Completed Projects,46.0,1.0,70.0,,
060100094,060100094,58,COAL,SECL,COAL,CENTRAL / UNKNOWN,58.0,,20.0,cumulative_expenditure_only,2014-03,2016-02,,,2016-03,FR_mar_2016.pdf,Table: Month-wise Completed Projects,46.0,1.0,23.0,,
N16000105,N16000105,59,PETROLEUM,OIL & NATURAL GAS CORPORATION LIMITED,PETROLEUM,CENTRAL / UNKNOWN,59.0,,16000105.0,cumulative_expenditure_only,2014-01,2016-02,,,2016-03,FR_mar_2016.pdf,Table: Month-wise Completed Projects,46.0,1.0,25.0,,
180100246,180100246,39,POWER,PGCIL,POWER,CENTRAL / UNKNOWN,39.0,,3.0,cumulative_expenditure_only,2007-12,2016-03,,,2016-03,FR_mar_2016.pdf,Table: Month-wise Completed Projects,45.0,1.0,99.0,,
220100255,220100255,13,RAILWAYS,NER,RAILWAYS,CENTRAL / UNKNOWN,13.0,,220100255.0,cumulative_expenditure_only,,2016-03,,,2016-03,FR_mar_2016.pdf,Table: Month-wise Completed Projects,43.0,,,,
220100315,220100315,14,RAILWAYS,GC,RAILWAYS,CENTRAL / UNKNOWN,14.0,,220100315.0,cumulative_expenditure_only,2015-07,2016-03,,,2016-03,FR_mar_2016.pdf,Table: Month-wise Completed Projects,43.0,1.0,8.0,,
N12000078,N12000078,60,STEEL,"STEEL AUTHORITY OF INDIA 
LIMITED (SAIL",STEEL,CENTRAL / UNKNOWN,60.0,,12000078.0,cumulative_expenditure_only,2014-08,2016-03,,,2016-03,FR_mar_2016.pdf,Table: Month-wise Completed Projects,47.0,1.0,19.0,,
N16000058,N16000058,61,PETROLEUM,INDIAN OIL CORPORATION LIMITED,PETROLEUM,CENTRAL / UNKNOWN,61.0,,16000058.0,cumulative_expenditure_only,2012-11,2016-03,,,2016-03,FR_mar_2016.pdf,Table: Month-wise Completed Projects,47.0,1.0,40.0,,
N16000119,N16000119,38,POWER,OIL & NATURAL GAS CORPORATION LIMITED,POWER,CENTRAL / UNKNOWN,38.0,,102.0,cumulative_expenditure_only,2012-06,2016-03,,,2016-03,FR_mar_2016.pdf,Table: Month-wise Completed Projects,45.0,1.0,45.0,,
N18000047,N18000047,25,POWER,NATIONAL THERMAL POWER CORPORATION,POWER,CENTRAL / UNKNOWN,25.0,,18000047.0,cumulative_expenditure_only,2013-10,2016-03,,,2016-03,FR_mar_2016.pdf,Table: Month-wise Completed Projects,44.0,1.0,29.0,,
N18000076,N18000076,26,POWER,"POWER GRID CORPORATION OF INDIA 
LIMITED",POWER,CENTRAL / UNKNOWN,25.0,,18000047.0,cumulative_expenditure_only,2012-11,2016-03,,,2016-03,FR_mar_2016.pdf,Table: Month-wise Completed Projects,44.0,1.0,40.0,,
N18000093,N18000093,40,POWER,"POWER GRID CORPORATION OF 
INDIA LIMITED",POWER,CENTRAL / UNKNOWN,39.0,,3.0,cumulative_expenditure_only,2013-12,2016-03,,,2016-03,FR_mar_2016.pdf,Table: Month-wise Completed Projects,45.0,1.0,27.0,,
N18000096,N18000096,27,POWER,POWER GRID CORPORATION OF INDIA LIMITED,POWER,CENTRAL / UNKNOWN,27.0,,18000096.0,cumulative_expenditure_only,2014-03,2016-03,,,2016-03,FR_mar_2016.pdf,Table: Month-wise Completed Projects,44.0,1.0,24.0,,
N18000105,N18000105,(Rs. crore),CENTRAL SECTOR,Rs. crore,UNKNOWN,CENTRAL / UNKNOWN,12.0,,18000105.0,cumulative_expenditure_only,2013-12,2016-03,,,2016-03,FR_mar_2016.pdf,Table: Month-wise Completed Projects,43.0,1.0,27.0,,
N18000134,N18000134,28,POWER,NATIONAL THERMAL POWER CORPORATION,POWER,CENTRAL / UNKNOWN,27.0,,18000096.0,cumulative_expenditure_only,2015-08,2016-03,,,2016-03,FR_mar_2016.pdf,Table: Month-wise Completed Projects,44.0,1.0,7.0,,
N25000064,N25000064,50,CENTRAL SECTOR,2,UNKNOWN,CENTRAL / UNKNOWN,50.0,,2.0,cumulative_expenditure_only,2013-11,2016-03,,,2016-03,FR_mar_2016.pdf,Table: Month-wise Completed Projects,46.0,1.0,28.0,,
N26000096,N26000096,51,TELECOMMUNICATIONS,BHARAT SANCHAR NIGAM LIMITED,TELECOMMUNICATIONS,CENTRAL / UNKNOWN,51.0,,26000096.0,cumulative_expenditure_only,2010-10,2016-03,,,2016-03,FR_mar_2016.pdf,Table: Month-wise Completed Projects,46.0,1.0,65.0,,
N28000057,N28000057,41,URBAN DEVELOPMENT,DELHI METRO RAIL CORPORATION LTD,URBAN DEVELOPMENT,CENTRAL / UNKNOWN,41.0,,28000057.0,cumulative_expenditure_only,2014-09,2016-03,,,2016-03,FR_mar_2016.pdf,Table: Month-wise Completed Projects,45.0,1.0,18.0,,
240100207,240100207,3,ROAD TRANSPORT AND HIGHWAYS,PH.II,ROAD TRANSPORT AND HIGHWAYS,CENTRAL / UNKNOWN,3.0,,309.0,cumulative_expenditure_only,2007-09,2016-04,,,2017-03,FR_march_2017.pdf,Table: Month-wise Completed Projects,6.0,1.0,103.0,,
240106297,240106297,4,ROAD TRANSPORT AND HIGHWAYS,NHAI,ROAD TRANSPORT AND HIGHWAYS,CENTRAL / UNKNOWN,3.0,,309.0,cumulative_expenditure_only,2008-10,2016-04,,,2017-03,FR_march_2017.pdf,Table: Month-wise Completed Projects,6.0,1.0,90.0,,
240106304,240106304,5,ROAD TRANSPORT AND HIGHWAYS,NHAI,ROAD TRANSPORT AND HIGHWAYS,CENTRAL / UNKNOWN,4.0,,240106297.0,cumulative_expenditure_only,2008-10,2016-04,,,2017-03,FR_march_2017.pdf,Table: Month-wise Completed Projects,6.0,1.0,90.0,,
N06000007,N06000007,1,COAL,NCL,COAL,CENTRAL / UNKNOWN,4.0,,6000007.0,cumulative_expenditure_only,2013-03,2016-04,,,2017-03,FR_march_2017.pdf,Table: Month-wise Completed Projects,6.0,1.0,37.0,,
N06000010,N06000010,2,COAL,NCL,COAL,CENTRAL / UNKNOWN,4.0,,6000007.0,cumulative_expenditure_only,2016-03,2016-04,,,2017-03,FR_march_2017.pdf,Table: Month-wise Completed Projects,6.0,1.0,1.0,,
N24000028,N24000028,6,ROAD TRANSPORT AND HIGHWAYS,WB-7,ROAD TRANSPORT AND HIGHWAYS,CENTRAL / UNKNOWN,6.0,,24000028.0,cumulative_expenditure_only,2008-07,2016-04,,,2017-03,FR_march_2017.pdf,Table: Month-wise Completed Projects,6.0,1.0,93.0,,
N24000035,N24000035,7,ROAD TRANSPORT AND HIGHWAYS,AS-8,ROAD TRANSPORT AND HIGHWAYS,CENTRAL / UNKNOWN,6.0,,24000028.0,cumulative_expenditure_only,2008-06,2016-04,,,2017-03,FR_march_2017.pdf,Table: Month-wise Completed Projects,6.0,1.0,94.0,,
N24000046,N24000046,8,ROAD TRANSPORT AND HIGHWAYS,AS-5,ROAD TRANSPORT AND HIGHWAYS,CENTRAL / UNKNOWN,7.0,,24000035.0,cumulative_expenditure_only,2008-04,2016-04,,,2017-03,FR_march_2017.pdf,Table: Month-wise Completed Projects,6.0,1.0,96.0,,
N24000051,N24000051,9,ROAD TRANSPORT AND HIGHWAYS,AS-19,ROAD TRANSPORT AND HIGHWAYS,CENTRAL / UNKNOWN,8.0,,24000046.0,cumulative_expenditure_only,2008-06,2016-04,,,2017-03,FR_march_2017.pdf,Table: Month-wise Completed Projects,6.0,1.0,94.0,,
N24000107,N24000107,10,ROAD TRANSPORT AND HIGHWAYS,NATIONAL HIGHWAYS AUTHORITY OF INDIA,ROAD TRANSPORT AND HIGHWAYS,CENTRAL / UNKNOWN,9.0,,24000051.0,cumulative_expenditure_only,2010-02,2016-04,,,2017-03,FR_march_2017.pdf,Table: Month-wise Completed Projects,6.0,1.0,74.0,,
N24000128,N24000128,11,ROAD TRANSPORT AND HIGHWAYS,BOT,ROAD TRANSPORT AND HIGHWAYS,CENTRAL / UNKNOWN,10.0,,24000107.0,cumulative_expenditure_only,2012-05,2016-04,,,2017-03,FR_march_2017.pdf,Table: Month-wise Completed Projects,6.0,1.0,47.0,,
N24000132,N24000132,12,ROAD TRANSPORT AND HIGHWAYS,KM 355 TO KM 434.15,ROAD TRANSPORT AND HIGHWAYS,CENTRAL / UNKNOWN,11.0,,24000128.0,cumulative_expenditure_only,2011-10,2016-04,,,2017-03,FR_march_2017.pdf,Table: Month-wise Completed Projects,6.0,1.0,54.0,,
N24000135,N24000135,13,ROAD TRANSPORT AND HIGHWAYS,BOT,ROAD TRANSPORT AND HIGHWAYS,CENTRAL / UNKNOWN,12.0,,6.0,cumulative_expenditure_only,2012-12,2016-04,,,2017-03,FR_march_2017.pdf,Table: Month-wise Completed Projects,6.0,1.0,40.0,,
N24000141,N24000141,14,ROAD TRANSPORT AND HIGHWAYS,NATIONAL HIGHWAYS AUTHORITY OF INDIA,ROAD TRANSPORT AND HIGHWAYS,CENTRAL / UNKNOWN,13.0,,24000135.0,cumulative_expenditure_only,2013-01,2016-04,,,2017-03,FR_march_2017.pdf,Table: Month-wise Completed Projects,6.0,1.0,39.0,,
N24000143,N24000143,15,ROAD TRANSPORT AND HIGHWAYS,NATIONAL HIGHWAYS AUTHORITY OF INDIA,ROAD TRANSPORT AND HIGHWAYS,CENTRAL / UNKNOWN,14.0,,24000141.0,cumulative_expenditure_only,2012-02,2016-04,,,2017-03,FR_march_2017.pdf,Table: Month-wise Completed Projects,6.0,1.0,50.0,,
N24000151,N24000151,16,ROAD TRANSPORT AND HIGHWAYS,NATIONAL HIGHWAYS AUTHORITY OF INDIA,ROAD TRANSPORT AND HIGHWAYS,CENTRAL / UNKNOWN,15.0,,24000143.0,cumulative_expenditure_only,2014-10,2016-04,,,2017-03,FR_march_2017.pdf,Table: Month-wise Completed Projects,6.0,1.0,18.0,,
N24000152,N24000152,17,ROAD TRANSPORT AND HIGHWAYS,NATIONAL HIGHWAYS AUTHORITY OF INDIA,ROAD TRANSPORT AND HIGHWAYS,CENTRAL / UNKNOWN,16.0,,24000151.0,cumulative_expenditure_only,,2016-04,,,2017-03,FR_march_2017.pdf,Table: Month-wise Completed Projects,6.0,,,,
N24000158,N24000158,18,ROAD TRANSPORT AND HIGHWAYS,NH-4,ROAD TRANSPORT AND HIGHWAYS,CENTRAL / UNKNOWN,17.0,,24000152.0,cumulative_expenditure_only,,2016-04,,,2017-03,FR_march_2017.pdf,Table: Month-wise Completed Projects,6.0,,,,
N24000160,N24000160,19,ROAD TRANSPORT AND HIGHWAYS,NATIONAL HIGHWAYS AUTHORITY OF INDIA,ROAD TRANSPORT AND HIGHWAYS,CENTRAL / UNKNOWN,18.0,,24000158.0,cumulative_expenditure_only,2014-02,2016-04,,,2017-03,FR_march_2017.pdf,Table: Month-wise Completed Projects,6.0,1.0,26.0,,
N24000181,N24000181,20,ROAD TRANSPORT AND HIGHWAYS,NATIONAL HIGHWAYS AUTHORITY OF INDIA,ROAD TRANSPORT AND HIGHWAYS,CENTRAL / UNKNOWN,19.0,,24000160.0,cumulative_expenditure_only,2014-02,2016-04,,,2017-03,FR_march_2017.pdf,Table: Month-wise Completed Projects,6.0,1.0,26.0,,
N12000072,N12000072,33,STEEL,NMDC,STEEL,CENTRAL / UNKNOWN,33.0,,1.2,cumulative_expenditure_only,2013-04,2016-05,,,2017-03,FR_march_2017.pdf,Table: Month-wise Completed Projects,7.0,1.0,37.0,,
N12000073,N12000073,34,STEEL,NMDC,STEEL,CENTRAL / UNKNOWN,34.0,,7.0,cumulative_expenditure_only,2013-05,2016-05,,,2017-03,FR_march_2017.pdf,Table: Month-wise Completed Projects,7.0,1.0,36.0,,
N16000154,N16000154,35,PETROLEUM,CHENNAI PETROLEUM CORPORATION LIMITED,PETROLEUM,CENTRAL / UNKNOWN,35.0,,16000154.0,cumulative_expenditure_only,2014-12,2016-05,,,2017-03,FR_march_2017.pdf,Table: Month-wise Completed Projects,7.0,1.0,17.0,,
N28000061,N28000061,36,URBAN DEVELOPMENT,"CENTRAL PUBLIC WORKS 
DEPARTMENT",URBAN DEVELOPMENT,CENTRAL / UNKNOWN,36.0,,28000061.0,cumulative_expenditure_only,2012-06,2016-05,,,2017-03,FR_march_2017.pdf,Table: Month-wise Completed Projects,7.0,1.0,47.0,,
N28000063,N28000063,37,URBAN DEVELOPMENT,"CENTRAL PUBLIC WORKS 
DEPARTMENT",URBAN DEVELOPMENT,CENTRAL / UNKNOWN,37.0,,28000063.0,cumulative_expenditure_only,2014-09,2016-05,,,2017-03,FR_march_2017.pdf,Table: Month-wise Completed Projects,7.0,1.0,20.0,,
220100307,220100307,47,RAILWAYS,NL,RAILWAYS,CENTRAL / UNKNOWN,47.0,,220100307.0,cumulative_expenditure_only,2009-03,2016-07,,,2017-03,FR_march_2017.pdf,Table: Month-wise Completed Projects,8.0,1.0,88.0,,
220100308,220100308,48,RAILWAYS,NL,RAILWAYS,CENTRAL / UNKNOWN,47.0,,220100307.0,cumulative_expenditure_only,2007-10,2016-07,,,2017-03,FR_march_2017.pdf,Table: Month-wise Completed Projects,8.0,1.0,105.0,,
240106221,240106221,50,ROAD TRANSPORT AND HIGHWAYS,NATIONAL HIGHWAYS AUTHORITY OF INDIA,ROAD TRANSPORT AND HIGHWAYS,CENTRAL / UNKNOWN,50.0,,75.0,cumulative_expenditure_only,2008-09,2016-07,,,2017-03,FR_march_2017.pdf,Table: Month-wise Completed Projects,8.0,1.0,94.0,,
N16000183,N16000183,39,PETROLEUM,OIL & NATURAL GAS CORPORATION LIMITED,PETROLEUM,CENTRAL / UNKNOWN,39.0,,16000183.0,cumulative_expenditure_only,2018-12,2016-07,,,2017-03,FR_march_2017.pdf,Table: Month-wise Completed Projects,8.0,0.0,-29.0,,
N18000056,N18000056,40,POWER,POWER GRID CORPORATION OF INDIA LIMITED,POWER,CENTRAL / UNKNOWN,40.0,,18000056.0,cumulative_expenditure_only,2012-02,2016-07,,,2017-03,FR_march_2017.pdf,Table: Month-wise Completed Projects,8.0,1.0,53.0,,
N18000083,N18000083,41,POWER,POWER GRID CORPORATION OF INDIA LIMITED,POWER,CENTRAL / UNKNOWN,40.0,,18000056.0,cumulative_expenditure_only,2012-11,2016-07,,,2017-03,FR_march_2017.pdf,Table: Month-wise Completed Projects,8.0,1.0,44.0,,
N18000095,N18000095,42,POWER,POWER GRID CORPORATION OF INDIA LIMITED,POWER,CENTRAL / UNKNOWN,41.0,,18000083.0,cumulative_expenditure_only,2013-04,2016-07,,,2017-03,FR_march_2017.pdf,Table: Month-wise Completed Projects,8.0,1.0,39.0,,
N18000104,N18000104,43,POWER,"POWER GRID 
CORPORATION OF INDIA LIMITED",POWER,CENTRAL / UNKNOWN,42.0,,18000095.0,cumulative_expenditure_only,2013-11,2016-07,,,2017-03,FR_march_2017.pdf,Table: Month-wise Completed Projects,8.0,1.0,32.0,,
N18000113,N18000113,44,POWER,"POWER GRID 
CORPORATION OF INDIA LIMITED",POWER,CENTRAL / UNKNOWN,44.0,,2.0,cumulative_expenditure_only,2014-08,2016-07,,,2017-03,FR_march_2017.pdf,Table: Month-wise Completed Projects,8.0,1.0,23.0,,
N18000122,N18000122,45,POWER,"POWER GRID CORPORATION OF 
INDIA LIMITED",POWER,CENTRAL / UNKNOWN,45.0,,18000122.0,cumulative_expenditure_only,2014-10,2016-07,,,2017-03,FR_march_2017.pdf,Table: Month-wise Completed Projects,8.0,1.0,21.0,,
N18000198,N18000198,46,POWER,PHASE-I,POWER,CENTRAL / UNKNOWN,46.0,,18000198.0,cumulative_expenditure_only,2016-05,2016-07,,,2017-03,FR_march_2017.pdf,Table: Month-wise Completed Projects,8.0,1.0,2.0,,
N22000342,N22000342,49,RAILWAYS,EAST CENTRAL RAILWAYS,RAILWAYS,CENTRAL / UNKNOWN,48.0,,220100308.0,cumulative_expenditure_only,2012-06,2016-07,,,2017-03,FR_march_2017.pdf,Table: Month-wise Completed Projects,8.0,1.0,49.0,,
N24000168,N24000168,51,ROAD TRANSPORT AND HIGHWAYS,BOT,ROAD TRANSPORT AND HIGHWAYS,CENTRAL / UNKNOWN,50.0,,75.0,cumulative_expenditure_only,2013-08,2016-07,,,2017-03,FR_march_2017.pdf,Table: Month-wise Completed Projects,8.0,1.0,35.0,,
N24000198,N24000198,52,ROAD TRANSPORT AND HIGHWAYS,NATIONAL HIGHWAYS AUTHORITY OF INDIA,ROAD TRANSPORT AND HIGHWAYS,CENTRAL / UNKNOWN,51.0,,4.0,cumulative_expenditure_only,2013-02,2016-07,,,2017-03,FR_march_2017.pdf,Table: Month-wise Completed Projects,8.0,1.0,41.0,,
N24000199,N24000199,53,ROAD TRANSPORT AND HIGHWAYS,BOT,ROAD TRANSPORT AND HIGHWAYS,CENTRAL / UNKNOWN,52.0,,24000198.0,cumulative_expenditure_only,2014-06,2016-07,,,2017-03,FR_march_2017.pdf,Table: Month-wise Completed Projects,8.0,1.0,25.0,,
N24000227,N24000227,54,ROAD TRANSPORT AND HIGHWAYS,ANNUITY,ROAD TRANSPORT AND HIGHWAYS,CENTRAL / UNKNOWN,53.0,,24000199.0,cumulative_expenditure_only,2014-09,2016-07,,,2017-03,FR_march_2017.pdf,Table: Month-wise Completed Projects,8.0,1.0,22.0,,
180100243,180100243,58,POWER,4X40 MW,POWER,CENTRAL / UNKNOWN,58.0,,4.0,cumulative_expenditure_only,2009-09,2016-08,,,2017-03,FR_march_2017.pdf,Table: Month-wise Completed Projects,9.0,1.0,83.0,,
220100326,220100326,59,RAILWAYS,LD,RAILWAYS,CENTRAL / UNKNOWN,59.0,,220100326.0,cumulative_expenditure_only,,2016-08,,,2017-03,FR_march_2017.pdf,Table: Month-wise Completed Projects,9.0,,,,
N22000502,N22000502,"MANSA-BHATINDA (PHASE-I), INCL. NEW MATERIAL MODIFICATION FOR RAMA MANDI (RAMAN) - SADA SINGHWALA VI",UNKNOWN,PHASE-I,UNKNOWN,RAMAN,404.0,,190.0,cumulative_expenditure_crore,2016-08,2016-08,,,2025-05,FR_May2025.pdf,Table 3: Completed Projects,,0.0,0.0,,
N24000038,N24000038,60,ROAD TRANSPORT AND HIGHWAYS,AS-4,ROAD TRANSPORT AND HIGHWAYS,CENTRAL / UNKNOWN,60.0,,24000038.0,cumulative_expenditure_only,2008-04,2016-08,,,2017-03,FR_march_2017.pdf,Table: Month-wise Completed Projects,9.0,1.0,100.0,,
N24000171,N24000171,61,ROAD TRANSPORT AND HIGHWAYS,BOT,ROAD TRANSPORT AND HIGHWAYS,CENTRAL / UNKNOWN,60.0,,24000038.0,cumulative_expenditure_only,2013-12,2016-08,,,2017-03,FR_march_2017.pdf,Table: Month-wise Completed Projects,9.0,1.0,32.0,,
060100096,060100096,62,COAL,10 MTY,COAL,CENTRAL / UNKNOWN,62.0,,10.0,cumulative_expenditure_only,2011-03,2016-09,,,2017-03,FR_march_2017.pdf,Table: Month-wise Completed Projects,9.0,1.0,66.0,,
220100277,220100277,64,RAILWAYS,GC,RAILWAYS,CENTRAL / UNKNOWN,64.0,,220100277.0,cumulative_expenditure_only,2005-03,2016-09,,,2017-03,FR_march_2017.pdf,Table: Month-wise Completed Projects,9.0,1.0,138.0,,
240106290,240106290,65,ROAD TRANSPORT AND HIGHWAYS,NH-31.C,ROAD TRANSPORT AND HIGHWAYS,CENTRAL / UNKNOWN,65.0,,240106290.0,cumulative_expenditure_only,2008-06,2016-09,,,2017-03,FR_march_2017.pdf,Table: Month-wise Completed Projects,9.0,1.0,99.0,,
240106294,240106294,66,ROAD TRANSPORT AND HIGHWAYS,NH-57,ROAD TRANSPORT AND HIGHWAYS,CENTRAL / UNKNOWN,65.0,,240106290.0,cumulative_expenditure_only,2008-09,2016-09,,,2017-03,FR_march_2017.pdf,Table: Month-wise Completed Projects,9.0,1.0,96.0,,
N16000165,N16000165,63,PETROLEUM,OIL INDIA LIMITED,PETROLEUM,CENTRAL / UNKNOWN,63.0,,2.0,cumulative_expenditure_only,2012-06,2016-09,,,2017-03,FR_march_2017.pdf,Table: Month-wise Completed Projects,9.0,1.0,51.0,,
N24000042,N24000042,67,ROAD TRANSPORT AND HIGHWAYS,AS-2,ROAD TRANSPORT AND HIGHWAYS,CENTRAL / UNKNOWN,66.0,,240106294.0,cumulative_expenditure_only,2008-06,2016-09,,,2017-03,FR_march_2017.pdf,Table: Month-wise Completed Projects,9.0,1.0,99.0,,
N12000076,N12000076,73,STEEL,"STEEL AUTHORITY OF INDIA 
LIMITED (SAIL",STEEL,CENTRAL / UNKNOWN,73.0,,45.0,cumulative_expenditure_only,2013-10,2016-11,,,2017-03,FR_march_2017.pdf,Table: Month-wise Completed Projects,10.0,1.0,37.0,,
N16000174,N16000174,74,PETROLEUM,INDIAN OIL CORPORATION LIMITED,PETROLEUM,CENTRAL / UNKNOWN,74.0,,16000174.0,cumulative_expenditure_only,2015-03,2016-11,,,2017-01,FR_jan_2017.pdf,Table: Month-wise Completed Projects,16.0,1.0,20.0,,
N18000098,N18000098,74,POWER,"POWER GRID 
CORPORATION OF INDIA LIMITED",POWER,CENTRAL / UNKNOWN,74.0,,18000098.0,cumulative_expenditure_only,2013-01,2016-11,,,2017-03,FR_march_2017.pdf,Table: Month-wise Completed Projects,10.0,1.0,46.0,,
N18000129,N18000129,75,POWER,"POWER GRID CORPORATION OF 
INDIA LIMITED",POWER,CENTRAL / UNKNOWN,75.0,,18000129.0,cumulative_expenditure_only,2014-10,2016-11,,,2017-03,FR_march_2017.pdf,Table: Month-wise Completed Projects,10.0,1.0,25.0,,
N18000135,N18000135,76,POWER,POWER GRID CORPORATION OF INDIA LIMITED,POWER,CENTRAL / UNKNOWN,76.0,,18000135.0,cumulative_expenditure_only,2015-05,2016-11,,,2017-03,FR_march_2017.pdf,Table: Month-wise Completed Projects,10.0,1.0,18.0,,
N18000152,N18000152,77,POWER,POWER GRID CORPORATION OF INDIA LIMITED,POWER,CENTRAL / UNKNOWN,76.0,,18000135.0,cumulative_expenditure_only,2016-03,2016-11,,,2017-03,FR_march_2017.pdf,Table: Month-wise Completed Projects,10.0,1.0,8.0,,
N18000161,N18000161,78,POWER,POWER GRID CORPORATION OF INDIA LIMITED,POWER,CENTRAL / UNKNOWN,77.0,,18000152.0,cumulative_expenditure_only,2015-12,2016-11,,,2017-03,FR_march_2017.pdf,Table: Month-wise Completed Projects,10.0,1.0,11.0,,
N24000211,N24000211,79,ROAD TRANSPORT AND HIGHWAYS,BOT,ROAD TRANSPORT AND HIGHWAYS,CENTRAL / UNKNOWN,79.0,,2.0,cumulative_expenditure_only,2014-07,2016-11,,,2017-03,FR_march_2017.pdf,Table: Month-wise Completed Projects,10.0,1.0,28.0,,
N12000084,N12000084,80,STEEL,STEEL AUTHORITY OF INDIA LIMITED (SAIL,STEEL,CENTRAL / UNKNOWN,80.0,,12000084.0,cumulative_expenditure_only,2016-04,2016-12,,,2017-03,FR_march_2017.pdf,Table: Month-wise Completed Projects,10.0,1.0,8.0,,
N24000179,N24000179,86,ROAD TRANSPORT AND HIGHWAYS,BOT,ROAD TRANSPORT AND HIGHWAYS,CENTRAL / UNKNOWN,86.0,,24000179.0,cumulative_expenditure_only,2013-03,2017-01,,,2017-03,FR_march_2017.pdf,Table: Month-wise Completed Projects,11.0,1.0,46.0,,
N28000069,N28000069,87,URBAN DEVELOPMENT,"CENTRAL 
PUBLIC WORKS DEPARTMENT",URBAN DEVELOPMENT,CENTRAL / UNKNOWN,87.0,,28000069.0,cumulative_expenditure_only,2013-05,2017-01,,,2017-03,FR_march_2017.pdf,Table: Month-wise Completed Projects,11.0,1.0,44.0,,
N16000140,N16000140,88,PETROLEUM,OIL & NATURAL GAS CORPORATION LIMITED,PETROLEUM,CENTRAL / UNKNOWN,88.0,,16000140.0,cumulative_expenditure_only,2014-03,2017-02,,,2017-03,FR_march_2017.pdf,Table: Month-wise Completed Projects,11.0,1.0,35.0,,
N16000177,N16000177,89,PETROLEUM,INDIAN OIL CORPORATION LIMITED,PETROLEUM,CENTRAL / UNKNOWN,88.0,,16000140.0,cumulative_expenditure_only,2016-02,2017-02,,,2017-03,FR_march_2017.pdf,Table: Month-wise Completed Projects,11.0,1.0,12.0,,
N16000200,N16000200,90,PETROLEUM,ISOM,PETROLEUM,CENTRAL / UNKNOWN,89.0,,16000177.0,cumulative_expenditure_only,2017-02,2017-02,,,2017-03,FR_march_2017.pdf,Table: Month-wise Completed Projects,11.0,0.0,0.0,,
N24000167,N24000167,91,ROAD TRANSPORT AND HIGHWAYS,BOT,ROAD TRANSPORT AND HIGHWAYS,CENTRAL / UNKNOWN,91.0,,4.0,cumulative_expenditure_only,2013-06,2017-02,,,2017-03,FR_march_2017.pdf,Table: Month-wise Completed Projects,11.0,1.0,44.0,,
N24000236,N24000236,92,ROAD TRANSPORT AND HIGHWAYS,BOT,ROAD TRANSPORT AND HIGHWAYS,CENTRAL / UNKNOWN,91.0,,4.0,cumulative_expenditure_only,2016-04,2017-02,,,2017-03,FR_march_2017.pdf,Table: Month-wise Completed Projects,11.0,1.0,10.0,,
N24000239,N24000239,93,ROAD TRANSPORT AND HIGHWAYS,"NATIONAL 
HIGHWAYS AUTHORITY OF INDIA",ROAD TRANSPORT AND HIGHWAYS,CENTRAL / UNKNOWN,92.0,,4.0,cumulative_expenditure_only,2016-01,2017-02,,,2017-03,FR_march_2017.pdf,Table: Month-wise Completed Projects,11.0,1.0,13.0,,
240106293,240106293,83,ROAD TRANSPORT AND HIGHWAYS,NH-31.C,ROAD TRANSPORT AND HIGHWAYS,CENTRAL / UNKNOWN,83.0,,240106293.0,cumulative_expenditure_only,2008-06,2017-03,,,2017-03,FR_march_2017.pdf,Table: Month-wise Completed Projects,11.0,1.0,105.0,,
N06000016,N06000016,68,CENTRAL SECTOR,SINGARENI COLLIERS COMPANY LIMITTED,UNKNOWN,CENTRAL / UNKNOWN,68.0,,6000016.0,cumulative_expenditure_only,2013-03,2017-03,,,2017-03,FR_march_2017.pdf,Table: Month-wise Completed Projects,10.0,1.0,48.0,,
N16000093,N16000093,81,PETROLEUM,"TO BHILWARA AND 
CHITTORGARH",PETROLEUM,CENTRAL / UNKNOWN,81.0,,16000093.0,cumulative_expenditure_only,2011-06,2017-03,,,2017-03,FR_march_2017.pdf,Table: Month-wise Completed Projects,11.0,1.0,69.0,,
N16000117,N16000117,95,PETROLEUM,OIL & NATURAL GAS CORPORATION LIMITED,PETROLEUM,CENTRAL / UNKNOWN,95.0,,6.0,cumulative_expenditure_only,2012-09,2017-03,,,2017-03,FR_march_2017.pdf,Table: Month-wise Completed Projects,12.0,1.0,54.0,,
N16000157,N16000157,69,PETROLEUM,INDIAN STRATEGIC PETROLEUM RESERVES LTD,PETROLEUM,CENTRAL / UNKNOWN,69.0,,16000157.0,cumulative_expenditure_only,2011-10,2017-03,,,2017-03,FR_march_2017.pdf,Table: Month-wise Completed Projects,10.0,1.0,65.0,,
N16000161,N16000161,96,PETROLEUM,OIL & NATURAL GAS CORPORATION LIMITED,PETROLEUM,CENTRAL / UNKNOWN,95.0,,6.0,cumulative_expenditure_only,2015-04,2017-03,,,2017-03,FR_march_2017.pdf,Table: Month-wise Completed Projects,12.0,1.0,23.0,,
N16000190,N16000190,82,PETROLEUM,GAS AUTHORITY OF INDIA LIMITED,PETROLEUM,CENTRAL / UNKNOWN,82.0,,16000190.0,cumulative_expenditure_only,2017-01,2017-03,,,2017-03,FR_march_2017.pdf,Table: Month-wise Completed Projects,11.0,1.0,2.0,,
N16000191,N16000191,70,PETROLEUM,INDIAN OIL CORPORATION LIMITED,PETROLEUM,CENTRAL / UNKNOWN,69.0,,16000157.0,cumulative_expenditure_only,2016-02,2017-03,,,2017-03,FR_march_2017.pdf,Table: Month-wise Completed Projects,10.0,1.0,13.0,,
N16000215,N16000215,71,PETROLEUM,POL,PETROLEUM,CENTRAL / UNKNOWN,70.0,,16000191.0,cumulative_expenditure_only,2016-07,2017-03,,,2017-03,FR_march_2017.pdf,Table: Month-wise Completed Projects,10.0,1.0,8.0,,
N24000098,N24000098,84,ROAD TRANSPORT AND HIGHWAYS,NS-1/UP-1,ROAD TRANSPORT AND HIGHWAYS,CENTRAL / UNKNOWN,83.0,,240106293.0,cumulative_expenditure_only,2007-09,2017-03,,,2017-03,FR_march_2017.pdf,Table: Month-wise Completed Projects,11.0,1.0,114.0,,
N24000108,N24000108,38,CENTRAL SECTOR,INCLUDING CHAMBOL BRIDGE,UNKNOWN,CENTRAL / UNKNOWN,38.0,,24000108.0,cumulative_expenditure_only,2010-09,2017-03,,,2017-03,FR_march_2017.pdf,Table: Month-wise Completed Projects,8.0,1.0,78.0,,
N24000192,N24000192,(Rs. crore),CENTRAL SECTOR,Rs. crore,UNKNOWN,CENTRAL / UNKNOWN,21.0,,24000192.0,cumulative_expenditure_only,2013-01,2017-03,,,2017-03,FR_march_2017.pdf,Table: Month-wise Completed Projects,7.0,1.0,50.0,,
N24000193,N24000193,22,CENTRAL SECTOR,BOT,UNKNOWN,CENTRAL / UNKNOWN,22.0,,24000193.0,cumulative_expenditure_only,2014-01,2017-03,,,2017-03,FR_march_2017.pdf,Table: Month-wise Completed Projects,7.0,1.0,38.0,,
N24000196,N24000196,23,CENTRAL SECTOR,NATIONAL HIGHWAYS AUTHORITY OF INDIA,UNKNOWN,CENTRAL / UNKNOWN,22.0,,24000193.0,cumulative_expenditure_only,2014-05,2017-03,,,2017-03,FR_march_2017.pdf,Table: Month-wise Completed Projects,7.0,1.0,34.0,,
N24000207,N24000207,24,CENTRAL SECTOR,NATIONAL HIGHWAYS AUTHORITY OF INDIA,UNKNOWN,CENTRAL / UNKNOWN,23.0,,24000196.0,cumulative_expenditure_only,2012-07,2017-03,,,2017-03,FR_march_2017.pdf,Table: Month-wise Completed Projects,7.0,1.0,56.0,,
N24000210,N24000210,25,CENTRAL SECTOR,BOT,UNKNOWN,CENTRAL / UNKNOWN,24.0,,24000207.0,cumulative_expenditure_only,2014-10,2017-03,,,2017-03,FR_march_2017.pdf,Table: Month-wise Completed Projects,7.0,1.0,29.0,,
N24000214,N24000214,26,CENTRAL SECTOR,NATIONAL HIGHWAYS AUTHORITY OF INDIA,UNKNOWN,CENTRAL / UNKNOWN,25.0,,24000210.0,cumulative_expenditure_only,2013-10,2017-03,,,2017-03,FR_march_2017.pdf,Table: Month-wise Completed Projects,7.0,1.0,41.0,,
N24000220,N24000220,27,CENTRAL SECTOR,NATIONAL HIGHWAYS AUTHORITY OF INDIA,UNKNOWN,CENTRAL / UNKNOWN,26.0,,24000214.0,cumulative_expenditure_only,2014-10,2017-03,,,2017-03,FR_march_2017.pdf,Table: Month-wise Completed Projects,7.0,1.0,29.0,,
N24000221,N24000221,28,CENTRAL SECTOR,NATIONAL HIGHWAYS AUTHORITY OF INDIA,UNKNOWN,CENTRAL / UNKNOWN,27.0,,2.0,cumulative_expenditure_only,2014-07,2017-03,,,2017-03,FR_march_2017.pdf,Table: Month-wise Completed Projects,7.0,1.0,32.0,,
N24000237,N24000237,29,CENTRAL SECTOR,NATIONAL HIGHWAYS AUTHORITY OF INDIA,UNKNOWN,CENTRAL / UNKNOWN,28.0,,2.0,cumulative_expenditure_only,2016-01,2017-03,,,2017-03,FR_march_2017.pdf,Table: Month-wise Completed Projects,7.0,1.0,14.0,,
N24000238,N24000238,(Rs. crore),CENTRAL SECTOR,Rs. crore,UNKNOWN,CENTRAL / UNKNOWN,55.0,,2.0,cumulative_expenditure_only,2015-12,2017-03,,,2017-03,FR_march_2017.pdf,Table: Month-wise Completed Projects,9.0,1.0,15.0,,
N24000304,N24000304,30,CENTRAL SECTOR,PUBLIC WORKS DEPT OF STATE,UNKNOWN,CENTRAL / UNKNOWN,29.0,,2.0,cumulative_expenditure_only,2016-06,2017-03,,,2017-03,FR_march_2017.pdf,Table: Month-wise Completed Projects,7.0,1.0,9.0,,
N24000338,N24000338,(Rs. crore),CENTRAL SECTOR,Rs. crore,UNKNOWN,CENTRAL / UNKNOWN,94.0,,24000338.0,cumulative_expenditure_only,2017-04,2017-03,,,2017-03,FR_march_2017.pdf,Table: Month-wise Completed Projects,12.0,0.0,-1.0,,
N24000428,N24000428,31,CENTRAL SECTOR,ANNUITY,UNKNOWN,CENTRAL / UNKNOWN,31.0,,2.0,cumulative_expenditure_only,2016-06,2017-03,,,2017-03,FR_march_2017.pdf,Table: Month-wise Completed Projects,7.0,1.0,9.0,,
N24000455,N24000455,56,CENTRAL SECTOR,NATIONAL HIGHWAYS AUTHORITY OF INDIA,UNKNOWN,CENTRAL / UNKNOWN,56.0,,4.0,cumulative_expenditure_only,2015-10,2017-03,,,2017-03,FR_march_2017.pdf,Table: Month-wise Completed Projects,9.0,1.0,17.0,,
N24000456,N24000456,57,CENTRAL SECTOR,BOT,UNKNOWN,CENTRAL / UNKNOWN,56.0,,4.0,cumulative_expenditure_only,2016-06,2017-03,,,2017-03,FR_march_2017.pdf,Table: Month-wise Completed Projects,9.0,1.0,9.0,,
N24000466,N24000466,32,CENTRAL SECTOR,NATIONAL HIGHWAYS AUTHORITY OF INDIA,UNKNOWN,CENTRAL / UNKNOWN,32.0,,24000466.0,cumulative_expenditure_only,2008-01,2017-03,,,2017-03,FR_march_2017.pdf,Table: Month-wise Completed Projects,7.0,1.0,110.0,,
N24000659,N24000659,4-LANNING OF WARANGA-MAHAGAON SECTION(KM 253.7000 TO 320.580),UNKNOWN,KM 253.7000 TO 320.580,UNKNOWN,NHAI,1059.73,,928.19,cumulative_expenditure_crore,2017-03,2017-03,,,2025-06,FR_JUNE_2025.pdf,Table 3: Completed Projects,,0.0,0.0,,
N26000103,N26000103,85,TELECOMMUNICATIONS,E,TELECOMMUNICATIONS,CENTRAL / UNKNOWN,85.0,,2.0,cumulative_expenditure_only,2015-04,2017-03,,,2017-03,FR_march_2017.pdf,Table: Month-wise Completed Projects,11.0,1.0,23.0,,
N26000104,N26000104,72,TELECOMMUNICATIONS,2G+3G,TELECOMMUNICATIONS,CENTRAL / UNKNOWN,72.0,,2.0,cumulative_expenditure_only,2016-08,2017-03,,,2017-03,FR_march_2017.pdf,Table: Month-wise Completed Projects,10.0,1.0,7.0,,
N16000106,N16000106,1,CENTRAL SECTOR,BRAHMAPUTRA CRECKER & POLYMER LTD.,UNKNOWN,CENTRAL / UNKNOWN,16000106.0,,5460.61,cumulative_expenditure_only,2012-04,2017-04,,,2018-03,FR_march_2018.pdf,Table: Month-wise Completed Projects,23.0,1.0,60.0,,
N18000053,N18000053,2,POWER,POWER GRID CORPORATION OF INDIA LIMITED,POWER,CENTRAL / UNKNOWN,2.0,,18000053.0,cumulative_expenditure_only,2011-11,2017-04,,,2018-03,FR_march_2018.pdf,Table: Month-wise Completed Projects,23.0,1.0,65.0,,
N18000081,N18000081,3,POWER,UMPP,POWER,CENTRAL / UNKNOWN,2.0,,18000053.0,cumulative_expenditure_only,2012-08,2017-04,,,2018-03,FR_march_2018.pdf,Table: Month-wise Completed Projects,23.0,1.0,56.0,,
N18000101,N18000101,4,POWER,"POWER GRID 
CORPORATION OF INDIA LIMITED",POWER,CENTRAL / UNKNOWN,3.0,,18000081.0,cumulative_expenditure_only,2014-05,2017-04,,,2018-03,FR_march_2018.pdf,Table: Month-wise Completed Projects,23.0,1.0,35.0,,
N18000117,N18000117,5,POWER,"POWER GRID 
CORPORATION OF INDIA LIMITED",POWER,CENTRAL / UNKNOWN,5.0,,18000117.0,cumulative_expenditure_only,2015-01,2017-04,,,2018-03,FR_march_2018.pdf,Table: Month-wise Completed Projects,23.0,1.0,27.0,,
N18000145,N18000145,6,POWER,"POWER 
GRID CORPORATION OF INDIA LIMITED",POWER,CENTRAL / UNKNOWN,6.0,,18000145.0,cumulative_expenditure_only,2015-06,2017-04,,,2018-03,FR_march_2018.pdf,Table: Month-wise Completed Projects,23.0,1.0,22.0,,
N18000163,N18000163,7,POWER,POWER GRID CORPORATION OF INDIA LIMITED,POWER,CENTRAL / UNKNOWN,7.0,,18000163.0,cumulative_expenditure_only,2016-07,2017-04,,,2018-03,FR_march_2018.pdf,Table: Month-wise Completed Projects,23.0,1.0,9.0,,
N18000173,N18000173,8,POWER,"POWER 
GRID CORPORATION OF INDIA LIMITED",POWER,CENTRAL / UNKNOWN,7.0,,18000163.0,cumulative_expenditure_only,2017-11,2017-04,,,2018-03,FR_march_2018.pdf,Table: Month-wise Completed Projects,23.0,0.0,-7.0,,
N04000071,N04000071,9,PORTS,AIRPORT AUTHORITY OF INDIA LIMITED,PORTS,CENTRAL / UNKNOWN,9.0,,56.0,cumulative_expenditure_only,2015-03,2017-05,,,2018-03,FR_march_2018.pdf,Table: Month-wise Completed Projects,23.0,1.0,26.0,,
N12000090,N12000090,10,STEEL,RASTRIYA ISPAT NIGAM LIMITED,STEEL,CENTRAL / UNKNOWN,10.0,,12000090.0,cumulative_expenditure_only,2015-07,2017-06,,,2018-03,FR_march_2018.pdf,Table: Month-wise Completed Projects,23.0,1.0,23.0,,
N18000166,N18000166,11,POWER,"POWER GRID 
CORPORATION OF INDIA LIMITED",POWER,CENTRAL / UNKNOWN,11.0,,3.0,cumulative_expenditure_only,2016-10,2017-06,,,2018-03,FR_march_2018.pdf,Table: Month-wise Completed Projects,23.0,1.0,8.0,,
N18000167,N18000167,12,POWER,2X800,POWER,CENTRAL / UNKNOWN,12.0,,2.0,cumulative_expenditure_only,2017-04,2017-06,,,2018-03,FR_march_2018.pdf,Table: Month-wise Completed Projects,23.0,1.0,2.0,,
N18000094,N18000094,14,POWER,POWER GRID CORPORATION OF INDIA LIMITED,POWER,CENTRAL / UNKNOWN,2017.0,,14.0,cumulative_expenditure_only,2017-07,2017-07,,,2018-03,FR_march_2018.pdf,Table: Month-wise Completed Projects,24.0,0.0,0.0,,
N18000183,N18000183,15,POWER,POWER GRID CORPORATION OF INDIA LIMITED,POWER,CENTRAL / UNKNOWN,14.0,,18000094.0,cumulative_expenditure_only,2018-05,2017-07,,,2018-03,FR_march_2018.pdf,Table: Month-wise Completed Projects,24.0,0.0,-10.0,,
N18000153,N18000153,16,POWER,POWER GRID CORPORATION OF INDIA LIMITED,POWER,CENTRAL / UNKNOWN,2017.0,,16.0,cumulative_expenditure_only,2017-08,2017-08,,,2018-03,FR_march_2018.pdf,Table: Month-wise Completed Projects,24.0,0.0,0.0,,
020100040,020100040,17,POWER,NPCIL,POWER,CENTRAL / UNKNOWN,17.0,,20100040.0,cumulative_expenditure_only,2008-12,2017-09,,,2018-03,FR_march_2018.pdf,Table: Month-wise Completed Projects,24.0,1.0,105.0,,
N04000069,N04000069,18,CIVIL AVIATION,GOA,CIVIL AVIATION,CENTRAL / UNKNOWN,18.0,,4000069.0,cumulative_expenditure_only,2012-05,2017-09,,,2018-03,FR_march_2018.pdf,Table: Month-wise Completed Projects,24.0,1.0,64.0,,
N16000089,N16000089,19,PETROLEUM,INDIAN OIL CORPORATION LIMITED,PETROLEUM,CENTRAL / UNKNOWN,19.0,,16000089.0,cumulative_expenditure_only,2017-03,2017-09,,,2018-03,FR_march_2018.pdf,Table: Month-wise Completed Projects,24.0,1.0,6.0,,
N16000143,N16000143,20,PETROLEUM,BHARAT PETROLEUM CORPORATION LIMITED,PETROLEUM,CENTRAL / UNKNOWN,19.0,,16000089.0,cumulative_expenditure_only,2017-03,2017-09,,,2018-03,FR_march_2018.pdf,Table: Month-wise Completed Projects,24.0,1.0,6.0,,
N16000146,N16000146,21,PETROLEUM,MHMSLPL,PETROLEUM,CENTRAL / UNKNOWN,20.0,,16000143.0,cumulative_expenditure_only,2015-11,2017-09,,,2018-03,FR_march_2018.pdf,Table: Month-wise Completed Projects,24.0,1.0,22.0,,
N16000149,N16000149,22,PETROLEUM,INDIAN OIL CORPORATION LIMITED,PETROLEUM,CENTRAL / UNKNOWN,21.0,,16000146.0,cumulative_expenditure_only,2015-08,2017-09,,,2018-03,FR_march_2018.pdf,Table: Month-wise Completed Projects,24.0,1.0,25.0,,
N16000186,N16000186,23,PETROLEUM,INDIAN OIL CORPORATION LIMITED,PETROLEUM,CENTRAL / UNKNOWN,22.0,,16000149.0,cumulative_expenditure_only,2016-09,2017-09,,,2018-03,FR_march_2018.pdf,Table: Month-wise Completed Projects,24.0,1.0,12.0,,
N16000205,N16000205,24,PETROLEUM,DHT,PETROLEUM,CENTRAL / UNKNOWN,23.0,,16000186.0,cumulative_expenditure_only,2017-06,2017-09,,,2018-03,FR_march_2018.pdf,Table: Month-wise Completed Projects,24.0,1.0,3.0,,
N18000112,N18000112,25,POWER,"POWER 
GRID CORPORATION OF INDIA LIMITED",POWER,CENTRAL / UNKNOWN,25.0,,18000112.0,cumulative_expenditure_only,2014-07,2017-09,,,2018-03,FR_march_2018.pdf,Table: Month-wise Completed Projects,24.0,1.0,38.0,,
N18000125,N18000125,26,POWER,"POWER GRID 
CORPORATION OF INDIA LIMITED",POWER,CENTRAL / UNKNOWN,26.0,,18000125.0,cumulative_expenditure_only,2015-06,2017-09,,,2018-03,FR_march_2018.pdf,Table: Month-wise Completed Projects,24.0,1.0,27.0,,
N18000191,N18000191,27,POWER,2X195 MW,POWER,CENTRAL / UNKNOWN,27.0,,2.0,cumulative_expenditure_only,2013-01,2017-09,,,2018-03,FR_march_2018.pdf,Table: Month-wise Completed Projects,24.0,1.0,56.0,,
N10000008,N10000008,40,MINES,"NATIONAL ALUMINUM COMPANY 
LIMITED (NALCO",MINES,CENTRAL / UNKNOWN,40.0,,50.4,cumulative_expenditure_only,2016-11,2017-11,,,2018-03,FR_march_2018.pdf,Table: Month-wise Completed Projects,25.0,1.0,12.0,,
N10000009,N10000009,41,MINES,ANNUITY,MINES,CENTRAL / UNKNOWN,41.0,,50.0,cumulative_expenditure_only,2016-11,2017-11,,,2018-03,FR_march_2018.pdf,Table: Month-wise Completed Projects,25.0,1.0,12.0,,
N06000085,N06000085,44,COAL,3.0 MTY,COAL,CENTRAL / UNKNOWN,44.0,,3.0,cumulative_expenditure_only,2013-03,2017-12,,,2018-03,FR_march_2018.pdf,Table: Month-wise Completed Projects,26.0,1.0,57.0,,
N12000088,N12000088,45,STEEL,RASTRIYA ISPAT NIGAM LIMITED,STEEL,CENTRAL / UNKNOWN,45.0,,3.0,cumulative_expenditure_only,2016-07,2017-12,,,2018-03,FR_march_2018.pdf,Table: Month-wise Completed Projects,26.0,1.0,17.0,,
N21000004,N21000004,46,HEALTH AND FAMILY WELFARE,"HOSPITAL SERVICES 
CONSULTANCY CORPORATION LTD",HEALTH AND FAMILY WELFARE,CENTRAL / UNKNOWN,46.0,,21000004.0,cumulative_expenditure_only,2015-12,2017-12,,,2018-03,FR_march_2018.pdf,Table: Month-wise Completed Projects,26.0,1.0,24.0,,
N21000005,N21000005,47,HEALTH AND FAMILY WELFARE,"HOSPITAL 
SERVICES CONSULTANCY CORPORATION LTD",HEALTH AND FAMILY WELFARE,CENTRAL / UNKNOWN,47.0,,21000005.0,cumulative_expenditure_only,2016-01,2017-12,,,2018-03,FR_march_2018.pdf,Table: Month-wise Completed Projects,26.0,1.0,23.0,,
N12000083,N12000083,48,STEEL,STEEL AUTHORITY OF INDIA LIMITED (SAIL,STEEL,CENTRAL / UNKNOWN,48.0,,12000083.0,cumulative_expenditure_only,2016-05,2018-01,,,2018-03,FR_march_2018.pdf,Table: Month-wise Completed Projects,26.0,1.0,20.0,,
N18000159,N18000159,49,POWER,POWER GRID CORPORATION OF INDIA LIMITED,POWER,CENTRAL / UNKNOWN,49.0,,18000159.0,cumulative_expenditure_only,2016-06,2018-01,,,2018-03,FR_march_2018.pdf,Table: Month-wise Completed Projects,26.0,1.0,19.0,,
N18000162,N18000162,50,POWER,SVCS,POWER,CENTRAL / UNKNOWN,49.0,,18000159.0,cumulative_expenditure_only,2016-08,2018-01,,,2018-03,FR_march_2018.pdf,Table: Month-wise Completed Projects,26.0,1.0,17.0,,
N18000203,N18000203,51,POWER,RAJASTHAN,POWER,CENTRAL / UNKNOWN,50.0,,18000162.0,cumulative_expenditure_only,2016-02,2018-01,,,2018-03,FR_march_2018.pdf,Table: Month-wise Completed Projects,26.0,1.0,23.0,,
N25000059,N25000059,52,SHIPPING,RAIL VIKAS NIGAM LTD.,SHIPPING,CENTRAL / UNKNOWN,52.0,,25000059.0,cumulative_expenditure_only,2009-04,2018-01,,,2018-03,FR_march_2018.pdf,Table: Month-wise Completed Projects,26.0,1.0,105.0,,
N25000071,N25000071,53,SHIPPING,SHIPPING CRP. OF INDIA,SHIPPING,CENTRAL / UNKNOWN,53.0,,25000071.0,cumulative_expenditure_only,2017-09,2018-01,,,2018-03,FR_march_2018.pdf,Table: Month-wise Completed Projects,26.0,1.0,4.0,,
220100183,220100183,34,RAILWAYS,NL,RAILWAYS,CENTRAL / UNKNOWN,34.0,,220100183.0,cumulative_expenditure_only,,2018-03,,,2018-03,FR_march_2018.pdf,Table: Month-wise Completed Projects,25.0,,,,
220100197,220100197,59,RAILWAYS,GC,RAILWAYS,CENTRAL / UNKNOWN,59.0,,220100197.0,cumulative_expenditure_only,2009-02,2018-03,,,2018-03,FR_march_2018.pdf,Table: Month-wise Completed Projects,27.0,1.0,109.0,,
220100286,220100286,60,RAILWAYS,LD,RAILWAYS,CENTRAL / UNKNOWN,59.0,,220100197.0,cumulative_expenditure_only,2009-02,2018-03,,,2018-03,FR_march_2018.pdf,Table: Month-wise Completed Projects,27.0,1.0,109.0,,
220100329,220100329,61,RAILWAYS,DL,RAILWAYS,CENTRAL / UNKNOWN,60.0,,220100286.0,cumulative_expenditure_only,2007-12,2018-03,,,2018-03,FR_march_2018.pdf,Table: Month-wise Completed Projects,27.0,1.0,123.0,,
N06000110,N06000110,28,POWER,NEYVELI LIGNITE CORPORATION,POWER,CENTRAL / UNKNOWN,28.0,,6000110.0,cumulative_expenditure_only,2014-10,2018-03,,,2018-03,FR_march_2018.pdf,Table: Month-wise Completed Projects,25.0,1.0,41.0,,
N12000089,N12000089,29,STEEL,RASTRIYA ISPAT NIGAM LIMITED,STEEL,CENTRAL / UNKNOWN,29.0,,12000089.0,cumulative_expenditure_only,2015-07,2018-03,,,2018-03,FR_march_2018.pdf,Table: Month-wise Completed Projects,25.0,1.0,32.0,,
N12000092,N12000092,30,STEEL,RASTRIYA ISPAT NIGAM LIMITED,STEEL,CENTRAL / UNKNOWN,29.0,,12000089.0,cumulative_expenditure_only,2016-09,2018-03,,,2018-03,FR_march_2018.pdf,Table: Month-wise Completed Projects,25.0,1.0,18.0,,
N16000136,N16000136,54,PETROLEUM,OIL & NATURAL GAS CORPORATION LIMITED,PETROLEUM,CENTRAL / UNKNOWN,54.0,,16000136.0,cumulative_expenditure_only,2014-12,2018-03,,,2018-03,FR_march_2018.pdf,Table: Month-wise Completed Projects,27.0,1.0,39.0,,
N16000180,N16000180,31,PETROLEUM,"INDIAN OIL 
CORPORATION LIMITED",PETROLEUM,CENTRAL / UNKNOWN,31.0,,16000180.0,cumulative_expenditure_only,2016-07,2018-03,,,2018-03,FR_march_2018.pdf,Table: Month-wise Completed Projects,25.0,1.0,20.0,,
N16000208,N16000208,32,POWER,OIL INDIA LIMITED,POWER,CENTRAL / UNKNOWN,32.0,,50.0,cumulative_expenditure_only,2017-03,2018-03,,,2018-03,FR_march_2018.pdf,Table: Month-wise Completed Projects,25.0,1.0,12.0,,
N16000217,N16000217,33,POWER,"DIGBOI MARKETING 
TERMINAL PROJECT",POWER,CENTRAL / UNKNOWN,32.0,,50.0,cumulative_expenditure_only,2014-07,2018-03,,,2018-03,FR_march_2018.pdf,Table: Month-wise Completed Projects,25.0,1.0,44.0,,
N16000218,N16000218,55,PETROLEUM,CHENNAI PETROLEUM CORPORATION LIMITED,PETROLEUM,CENTRAL / UNKNOWN,54.0,,16000136.0,cumulative_expenditure_only,2017-04,2018-03,,,2018-03,FR_march_2018.pdf,Table: Month-wise Completed Projects,27.0,1.0,11.0,,
N16000222,N16000222,83,PETROLEUM,HINDUSTAN PETROLEUM CORPORATION LIMITED,PETROLEUM,CENTRAL / UNKNOWN,83.0,,250.0,cumulative_expenditure_only,2017-09,2018-03,,,2018-03,FR_march_2018.pdf,Table: Month-wise Completed Projects,28.0,1.0,6.0,,
N16000225,N16000225,56,PETROLEUM,BHARAT PETROLEUM CORPORATION LIMITED,PETROLEUM,CENTRAL / UNKNOWN,56.0,,16000225.0,cumulative_expenditure_only,2017-12,2018-03,,,2018-03,FR_march_2018.pdf,Table: Month-wise Completed Projects,27.0,1.0,3.0,,
N18000031,N18000031,84,POWER,3X110 MW,POWER,CENTRAL / UNKNOWN,84.0,,3.0,cumulative_expenditure_only,2016-01,2018-03,,,2018-03,FR_march_2018.pdf,Table: Month-wise Completed Projects,28.0,1.0,26.0,,
N18000077,N18000077,85,POWER,"POWER 
GRID CORPORATION OF INDIA LIMITED",POWER,CENTRAL / UNKNOWN,84.0,,3.0,cumulative_expenditure_only,2015-01,2018-03,,,2018-03,FR_march_2018.pdf,Table: Month-wise Completed Projects,28.0,1.0,38.0,,
N18000085,N18000085,86,POWER,POWER GRID CORPORATION OF INDIA LIMITED,POWER,CENTRAL / UNKNOWN,86.0,,18000085.0,cumulative_expenditure_only,2012-06,2018-03,,,2018-03,FR_march_2018.pdf,Table: Month-wise Completed Projects,28.0,1.0,69.0,,
N18000116,N18000116,57,POWER,"POWER GRID 
CORPORATION OF INDIA LIMITED",POWER,CENTRAL / UNKNOWN,57.0,,18000116.0,cumulative_expenditure_only,2014-08,2018-03,,,2018-03,FR_march_2018.pdf,Table: Month-wise Completed Projects,27.0,1.0,43.0,,
N18000119,N18000119,58,POWER,60MW,POWER,CENTRAL / UNKNOWN,58.0,,60.0,cumulative_expenditure_only,2006-07,2018-03,,,2018-03,FR_march_2018.pdf,Table: Month-wise Completed Projects,27.0,1.0,140.0,,
N18000128,N18000128,87,POWER,POWER GRID CORPORATION OF INDIA LIMITED,POWER,CENTRAL / UNKNOWN,86.0,,18000085.0,cumulative_expenditure_only,2014-11,2018-03,,,2018-03,FR_march_2018.pdf,Table: Month-wise Completed Projects,28.0,1.0,40.0,,
N18000186,N18000186,42,CENTRAL SECTOR,MAHESHWARAM,UNKNOWN,CENTRAL / UNKNOWN,42.0,,18000186.0,cumulative_expenditure_only,2018-03,2018-03,,,2018-03,FR_march_2018.pdf,Table: Month-wise Completed Projects,26.0,0.0,0.0,,
N18000207,N18000207,43,CENTRAL SECTOR,PART-A,UNKNOWN,CENTRAL / UNKNOWN,43.0,,18000207.0,cumulative_expenditure_only,2018-07,2018-03,,,2018-03,FR_march_2018.pdf,Table: Month-wise Completed Projects,26.0,0.0,-4.0,,
N18000209,N18000209,88,POWER,2000MW,POWER,CENTRAL / UNKNOWN,87.0,,18000128.0,cumulative_expenditure_only,2018-05,2018-03,,,2018-03,FR_march_2018.pdf,Table: Month-wise Completed Projects,28.0,0.0,-2.0,,
N18000211,N18000211,(Rs. crore),CENTRAL SECTOR,Rs. crore,UNKNOWN,CENTRAL / UNKNOWN,13.0,,18000211.0,cumulative_expenditure_only,2018-06,2018-03,,,2018-03,FR_march_2018.pdf,Table: Month-wise Completed Projects,24.0,0.0,-3.0,,
N18000216,N18000216,(Rs. crore),CENTRAL SECTOR,Rs. crore,UNKNOWN,CENTRAL / UNKNOWN,89.0,,18000216.0,cumulative_expenditure_only,2018-05,2018-03,,,2018-03,FR_march_2018.pdf,Table: Month-wise Completed Projects,29.0,0.0,-2.0,,
N18000251,N18000251,90,POWER,NATIONAL HYDRO-ELECTRIC POWER CORPORATION,POWER,CENTRAL / UNKNOWN,90.0,,50.0,cumulative_expenditure_only,2018-03,2018-03,,,2018-03,FR_march_2018.pdf,Table: Month-wise Completed Projects,29.0,0.0,0.0,,
N22000082,N22000082,62,RAILWAYS,NORTH EAST FRONTIER RAILWAY,RAILWAYS,CENTRAL / UNKNOWN,61.0,,220100329.0,cumulative_expenditure_only,2011-03,2018-03,,,2018-03,FR_march_2018.pdf,Table: Month-wise Completed Projects,27.0,1.0,84.0,,
N22000107,N22000107,63,RAILWAYS,SWR,RAILWAYS,CENTRAL / UNKNOWN,62.0,,22000082.0,cumulative_expenditure_only,2013-03,2018-03,,,2018-03,FR_march_2018.pdf,Table: Month-wise Completed Projects,27.0,1.0,60.0,,
N22000114,N22000114,64,RAILWAYS,NWR,RAILWAYS,CENTRAL / UNKNOWN,64.0,,22000114.0,cumulative_expenditure_only,2014-03,2018-03,,,2018-03,FR_march_2018.pdf,Table: Month-wise Completed Projects,27.0,1.0,48.0,,
N22000126,N22000126,65,RAILWAYS,NORTH EAST FRONTIER RAILWAY,RAILWAYS,CENTRAL / UNKNOWN,65.0,,22000126.0,cumulative_expenditure_only,2012-12,2018-03,,,2018-03,FR_march_2018.pdf,Table: Month-wise Completed Projects,27.0,1.0,63.0,,
N22000127,N22000127,66,RAILWAYS,"NORTH EAST FRONTIER 
RAILWAY",RAILWAYS,CENTRAL / UNKNOWN,65.0,,22000126.0,cumulative_expenditure_only,2009-03,2018-03,,,2018-03,FR_march_2018.pdf,Table: Month-wise Completed Projects,27.0,1.0,108.0,,
N22000153,N22000153,67,RAILWAYS,"MM OF SADULPUR-BIKANER AND 
RATANGARH-DEGANA GC",RAILWAYS,CENTRAL / UNKNOWN,67.0,,22000153.0,cumulative_expenditure_only,2013-06,2018-03,,,2018-03,FR_march_2018.pdf,Table: Month-wise Completed Projects,27.0,1.0,57.0,,
N22000154,N22000154,35,RAILWAYS,NORTH WESTERN RAILWAY,RAILWAYS,CENTRAL / UNKNOWN,34.0,,220100183.0,cumulative_expenditure_only,,2018-03,,,2018-03,FR_march_2018.pdf,Table: Month-wise Completed Projects,25.0,,,,
N22000163,N22000163,68,RAILWAYS,RAIL VIKAS NIGAM LTD.,RAILWAYS,CENTRAL / UNKNOWN,68.0,,22000163.0,cumulative_expenditure_only,2013-06,2018-03,,,2018-03,FR_march_2018.pdf,Table: Month-wise Completed Projects,27.0,1.0,57.0,,
N22000254,N22000254,69,RAILWAYS,CENTRAL RAILWAYS,RAILWAYS,CENTRAL / UNKNOWN,68.0,,22000163.0,cumulative_expenditure_only,,2018-03,,,2018-03,FR_march_2018.pdf,Table: Month-wise Completed Projects,27.0,,,,
N22000255,N22000255,70,RAILWAYS,CENTRAL RAILWAYS,RAILWAYS,CENTRAL / UNKNOWN,69.0,,22000254.0,cumulative_expenditure_only,,2018-03,,,2018-03,FR_march_2018.pdf,Table: Month-wise Completed Projects,27.0,,,,
N22000317,N22000317,71,RAILWAYS,EAST COAST RAILWAY,RAILWAYS,CENTRAL / UNKNOWN,70.0,,22000255.0,cumulative_expenditure_only,,2018-03,,,2018-03,FR_march_2018.pdf,Table: Month-wise Completed Projects,27.0,,,,
N22000324,N22000324,36,RAILWAYS,28.89 KM,RAILWAYS,CENTRAL / UNKNOWN,35.0,,22000154.0,cumulative_expenditure_only,,2018-03,,,2018-03,FR_march_2018.pdf,Table: Month-wise Completed Projects,25.0,,,,
N22000331,N22000331,72,RAILWAYS,NORTH WESTERN RAILWAY,RAILWAYS,CENTRAL / UNKNOWN,71.0,,22000317.0,cumulative_expenditure_only,,2018-03,,,2018-03,FR_march_2018.pdf,Table: Month-wise Completed Projects,27.0,,,,
N22000345,N22000345,(Rs. crore),CENTRAL SECTOR,Rs. crore,UNKNOWN,CENTRAL / UNKNOWN,73.0,,260.0,cumulative_expenditure_only,,2018-03,,,2018-03,FR_march_2018.pdf,Table: Month-wise Completed Projects,28.0,,,,
N22000378,N22000378,74,CENTRAL SECTOR,NORTH EAST FRONTIER RAILWAY,UNKNOWN,CENTRAL / UNKNOWN,74.0,,22000378.0,cumulative_expenditure_only,,2018-03,,,2018-03,FR_march_2018.pdf,Table: Month-wise Completed Projects,28.0,,,,
N22000382,N22000382,75,CENTRAL SECTOR,NORTH EAST FRONTIER RAILWAY,UNKNOWN,CENTRAL / UNKNOWN,74.0,,22000378.0,cumulative_expenditure_only,,2018-03,,,2018-03,FR_march_2018.pdf,Table: Month-wise Completed Projects,28.0,,,,
N22000385,N22000385,76,CENTRAL SECTOR,628 KM,UNKNOWN,CENTRAL / UNKNOWN,75.0,,22000382.0,cumulative_expenditure_only,,2018-03,,,2018-03,FR_march_2018.pdf,Table: Month-wise Completed Projects,28.0,,,,
N22000386,N22000386,77,CENTRAL SECTOR,NORTH EAST FRONTIER RAILWAY,UNKNOWN,CENTRAL / UNKNOWN,77.0,,22000386.0,cumulative_expenditure_only,,2018-03,,,2018-03,FR_march_2018.pdf,Table: Month-wise Completed Projects,28.0,,,,
N22000387,N22000387,78,CENTRAL SECTOR,NORTH EAST FRONTIER RAILWAY,UNKNOWN,CENTRAL / UNKNOWN,77.0,,22000386.0,cumulative_expenditure_only,,2018-03,,,2018-03,FR_march_2018.pdf,Table: Month-wise Completed Projects,28.0,,,,
N24000144,N24000144,79,ROAD TRANSPORT AND HIGHWAYS,BOT,ROAD TRANSPORT AND HIGHWAYS,CENTRAL / UNKNOWN,79.0,,24000144.0,cumulative_expenditure_only,2013-03,2018-03,,,2018-03,FR_march_2018.pdf,Table: Month-wise Completed Projects,28.0,1.0,60.0,,
N24000343,N24000343,80,ROAD TRANSPORT AND HIGHWAYS,"NATIONAL HIGHWAYS AUTHORITY 
OF INDIA",ROAD TRANSPORT AND HIGHWAYS,CENTRAL / UNKNOWN,79.0,,24000144.0,cumulative_expenditure_only,2017-09,2018-03,,,2018-03,FR_march_2018.pdf,Table: Month-wise Completed Projects,28.0,1.0,6.0,,
N25000069,N25000069,81,SHIPPING,SHIPPING CRP. OF INDIA,SHIPPING,CENTRAL / UNKNOWN,81.0,,25000069.0,cumulative_expenditure_only,2017-04,2018-03,,,2018-03,FR_march_2018.pdf,Table: Month-wise Completed Projects,28.0,1.0,11.0,,
N28000008,N28000008,37,URBAN DEVELOPMENT,METROPOLITAN RAPID TRANSPORT PROJECTS,URBAN DEVELOPMENT,CENTRAL / UNKNOWN,37.0,,28000008.0,cumulative_expenditure_only,2011-06,2018-03,,,2018-03,FR_march_2018.pdf,Table: Month-wise Completed Projects,25.0,1.0,81.0,,
N28000059,N28000059,82,URBAN DEVELOPMENT,CAPT,URBAN DEVELOPMENT,CENTRAL / UNKNOWN,82.0,,28000059.0,cumulative_expenditure_only,2015-12,2018-03,,,2018-03,FR_march_2018.pdf,Table: Month-wise Completed Projects,28.0,1.0,27.0,,
N28000074,N28000074,38,URBAN DEVELOPMENT,"CENTRAL PUBLIC 
WORKS DEPARTMENT",URBAN DEVELOPMENT,CENTRAL / UNKNOWN,37.0,,28000008.0,cumulative_expenditure_only,2015-06,2018-03,,,2018-03,FR_march_2018.pdf,Table: Month-wise Completed Projects,25.0,1.0,33.0,,
N28000077,N28000077,39,URBAN DEVELOPMENT,"CENTRAL PUBLIC 
WORKS DEPARTMENT",URBAN DEVELOPMENT,CENTRAL / UNKNOWN,39.0,,10.0,cumulative_expenditure_only,2014-12,2018-03,,,2018-03,FR_march_2018.pdf,Table: Month-wise Completed Projects,25.0,1.0,39.0,,
N12000093,N12000093,1,STEEL,STEEL AUTHORITY OF INDIA LIMITED (SAIL,STEEL,CENTRAL / UNKNOWN,12000093.0,,255.19,cumulative_expenditure_only,2018-03,2018-04,,,2019-03,FR_mar_Report_2019.pdf,Table: Month-wise Completed Projects,18.0,1.0,1.0,,
N16000224,N16000224,2,PETROLEUM,BHARAT PETROLEUM CORPORATION LIMITED,PETROLEUM,CENTRAL / UNKNOWN,2.0,,16000224.0,cumulative_expenditure_only,2018-04,2018-04,,,2019-03,FR_mar_Report_2019.pdf,Table: Month-wise Completed Projects,18.0,0.0,0.0,,
N18000123,N18000123,3,POWER,"POWER GRID 
CORPORATION OF INDIA LIMITED",POWER,CENTRAL / UNKNOWN,3.0,,18000123.0,cumulative_expenditure_only,2014-09,2018-04,,,2019-03,FR_mar_Report_2019.pdf,Table: Month-wise Completed Projects,18.0,1.0,43.0,,
N18000179,N18000179,4,POWER,PART-B,POWER,CENTRAL / UNKNOWN,4.0,,18000179.0,cumulative_expenditure_only,2018-04,2018-04,,,2019-03,FR_mar_Report_2019.pdf,Table: Month-wise Completed Projects,18.0,0.0,0.0,,
N18000210,N18000210,5,POWER,"POWER GRID CORPORATION OF 
INDIA LIMITED",POWER,CENTRAL / UNKNOWN,5.0,,400.0,cumulative_expenditure_only,2018-07,2018-04,,,2019-03,FR_mar_Report_2019.pdf,Table: Month-wise Completed Projects,18.0,0.0,-3.0,,
N21000006,N21000006,6,HEALTH AND FAMILY WELFARE,HOSPITAL SERVICES CONSULTANCY CORPORATION LTD,HEALTH AND FAMILY WELFARE,CENTRAL / UNKNOWN,6.0,,21000006.0,cumulative_expenditure_only,2013-11,2018-04,,,2019-03,FR_mar_Report_2019.pdf,Table: Month-wise Completed Projects,18.0,1.0,53.0,,
N22000189,N22000189,7,RAILWAYS,RAIL VIKAS NIGAM LTD.,RAILWAYS,CENTRAL / UNKNOWN,7.0,,22000189.0,cumulative_expenditure_only,,2018-04,,,2019-03,FR_mar_Report_2019.pdf,Table: Month-wise Completed Projects,18.0,,,,
N22000197,N22000197,8,RAILWAYS,NORTH EAST FRONTIER RAILWAY,RAILWAYS,CENTRAL / UNKNOWN,7.0,,22000189.0,cumulative_expenditure_only,2015-03,2018-04,,,2019-03,FR_mar_Report_2019.pdf,Table: Month-wise Completed Projects,18.0,1.0,37.0,,
N22000320,N22000320,9,RAILWAYS,EAST COAST RAILWAY,RAILWAYS,CENTRAL / UNKNOWN,8.0,,22000197.0,cumulative_expenditure_only,2015-03,2018-04,,,2019-03,FR_mar_Report_2019.pdf,Table: Month-wise Completed Projects,18.0,1.0,37.0,,
N22000322,N22000322,10,RAILWAYS,46.96 KM,RAILWAYS,CENTRAL / UNKNOWN,9.0,,22000320.0,cumulative_expenditure_only,,2018-04,,,2019-03,FR_mar_Report_2019.pdf,Table: Month-wise Completed Projects,18.0,,,,
N24000140,N24000140,11,ROAD TRANSPORT AND HIGHWAYS,BOT,ROAD TRANSPORT AND HIGHWAYS,CENTRAL / UNKNOWN,11.0,,24000140.0,cumulative_expenditure_only,2013-11,2018-04,,,2019-03,FR_mar_Report_2019.pdf,Table: Month-wise Completed Projects,18.0,1.0,53.0,,
N24000154,N24000154,12,ROAD TRANSPORT AND HIGHWAYS,BOT,ROAD TRANSPORT AND HIGHWAYS,CENTRAL / UNKNOWN,11.0,,24000140.0,cumulative_expenditure_only,2013-06,2018-04,,,2019-03,FR_mar_Report_2019.pdf,Table: Month-wise Completed Projects,18.0,1.0,58.0,,
N28000104,N28000104,NSG AT KOLKATA,UNKNOWN,CPWD FOR MHA,UNKNOWN,N28000104,162.88,,193.91,cumulative_expenditure_crore,2018-04,2018-04,,,2025-05,FR_May2025.pdf,Table 3: Completed Projects,,0.0,0.0,,
220100270,220100270,21,RAILWAYS,NL,RAILWAYS,CENTRAL / UNKNOWN,21.0,,220100270.0,cumulative_expenditure_only,2011-02,2018-05,,,2019-03,FR_mar_Report_2019.pdf,Table: Month-wise Completed Projects,19.0,1.0,87.0,,
N16000192,N16000192,16,PETROLEUM,OIL INDIA LIMITED,PETROLEUM,CENTRAL / UNKNOWN,16.0,,16000192.0,cumulative_expenditure_only,2016-12,2018-05,,,2019-03,FR_mar_Report_2019.pdf,Table: Month-wise Completed Projects,19.0,1.0,17.0,,
N16000201,N16000201,17,PETROLEUM,INDIAN OIL CORPORATION LIMITED,PETROLEUM,CENTRAL / UNKNOWN,16.0,,16000192.0,cumulative_expenditure_only,2017-03,2018-05,,,2019-03,FR_mar_Report_2019.pdf,Table: Month-wise Completed Projects,19.0,1.0,14.0,,
N16000214,N16000214,18,PETROLEUM,OIL & NATURAL GAS CORPORATION LIMITED,PETROLEUM,CENTRAL / UNKNOWN,17.0,,16000201.0,cumulative_expenditure_only,2017-01,2018-05,,,2019-03,FR_mar_Report_2019.pdf,Table: Month-wise Completed Projects,19.0,1.0,16.0,,
N16000245,N16000245,19,PETROLEUM,DHDT/DHDS,PETROLEUM,CENTRAL / UNKNOWN,19.0,,16000245.0,cumulative_expenditure_only,2017-07,2018-05,,,2019-03,FR_mar_Report_2019.pdf,Table: Month-wise Completed Projects,19.0,1.0,10.0,,
N18000045,N18000045,20,POWER,NORTH EAST ELECTRIC POWER CORPORATION,POWER,CENTRAL / UNKNOWN,20.0,,18000045.0,cumulative_expenditure_only,2013-08,2018-05,,,2019-03,FR_mar_Report_2019.pdf,Table: Month-wise Completed Projects,19.0,1.0,57.0,,
N22000304,N22000304,22,RAILWAYS,SOUTH CENTRAL RAILWAY,RAILWAYS,CENTRAL / UNKNOWN,21.0,,220100270.0,cumulative_expenditure_only,1999-01,2018-05,,,2019-03,FR_mar_Report_2019.pdf,Table: Month-wise Completed Projects,19.0,1.0,232.0,,
220100214,220100214,25,RAILWAYS,GC,RAILWAYS,CENTRAL / UNKNOWN,25.0,,220100214.0,cumulative_expenditure_only,2004-06,2018-06,,,2019-03,FR_mar_Report_2019.pdf,Table: Month-wise Completed Projects,19.0,1.0,168.0,,
N18000197,N18000197,23,POWER,ISTS,POWER,CENTRAL / UNKNOWN,23.0,,18000197.0,cumulative_expenditure_only,2017-04,2018-06,,,2019-03,FR_mar_Report_2019.pdf,Table: Month-wise Completed Projects,19.0,1.0,14.0,,
N18000237,N18000237,24,POWER,"POWER GRID CORPORATION OF 
INDIA LIMITED",POWER,CENTRAL / UNKNOWN,24.0,,18000237.0,cumulative_expenditure_only,2019-04,2018-06,,,2019-03,FR_mar_Report_2019.pdf,Table: Month-wise Completed Projects,19.0,0.0,-10.0,,
N22000077,N22000077,26,RAILWAYS,RAIL VIKAS NIGAM LTD.,RAILWAYS,CENTRAL / UNKNOWN,25.0,,220100214.0,cumulative_expenditure_only,2010-03,2018-06,,,2019-03,FR_mar_Report_2019.pdf,Table: Month-wise Completed Projects,19.0,1.0,99.0,,
N12000057,N12000057,27,STEEL,STEEL AUTHORITY OF INDIA LIMITED (SAIL,STEEL,CENTRAL / UNKNOWN,27.0,,12000057.0,cumulative_expenditure_only,2013-03,2018-07,,,2019-03,FR_mar_Report_2019.pdf,Table: Month-wise Completed Projects,20.0,1.0,64.0,,
N16000133,N16000133,28,PETROLEUM,OIL & NATURAL GAS CORPORATION LIMITED,PETROLEUM,CENTRAL / UNKNOWN,28.0,,16000133.0,cumulative_expenditure_only,2014-05,2018-07,,,2019-03,FR_mar_Report_2019.pdf,Table: Month-wise Completed Projects,20.0,1.0,50.0,,
N16000134,N16000134,29,PETROLEUM,OIL & NATURAL GAS CORPORATION LIMITED,PETROLEUM,CENTRAL / UNKNOWN,28.0,,16000133.0,cumulative_expenditure_only,2014-07,2018-07,,,2019-03,FR_mar_Report_2019.pdf,Table: Month-wise Completed Projects,20.0,1.0,48.0,,
N16000135,N16000135,30,PETROLEUM,OIL & NATURAL GAS CORPORATION LIMITED,PETROLEUM,CENTRAL / UNKNOWN,29.0,,16000134.0,cumulative_expenditure_only,2014-11,2018-07,,,2019-03,FR_mar_Report_2019.pdf,Table: Month-wise Completed Projects,20.0,1.0,44.0,,
N16000159,N16000159,31,PETROLEUM,OIL & NATURAL GAS CORPORATION LIMITED,PETROLEUM,CENTRAL / UNKNOWN,30.0,,16000135.0,cumulative_expenditure_only,2016-07,2018-07,,,2019-03,FR_mar_Report_2019.pdf,Table: Month-wise Completed Projects,20.0,1.0,24.0,,
N16000172,N16000172,32,PETROLEUM,OIL & NATURAL GAS CORPORATION LIMITED,PETROLEUM,CENTRAL / UNKNOWN,31.0,,16000159.0,cumulative_expenditure_only,2016-04,2018-07,,,2019-03,FR_mar_Report_2019.pdf,Table: Month-wise Completed Projects,20.0,1.0,27.0,,
N16000188,N16000188,33,PETROLEUM,OIL & NATURAL GAS CORPORATION LIMITED,PETROLEUM,CENTRAL / UNKNOWN,32.0,,16000172.0,cumulative_expenditure_only,2017-05,2018-07,,,2019-03,FR_mar_Report_2019.pdf,Table: Month-wise Completed Projects,20.0,1.0,14.0,,
N16000246,N16000246,34,PETROLEUM,"PART OF  OVERALL 
SCHEME TO PRODUCE 5.1 MMMCMD GAS AT TRIPURA A    (OIL & 
NATURAL GAS CORPORATION LIMITED",PETROLEUM,CENTRAL / UNKNOWN,33.0,,16000188.0,cumulative_expenditure_only,2017-06,2018-07,,,2019-03,FR_mar_Report_2019.pdf,Table: Month-wise Completed Projects,20.0,1.0,13.0,,
N18000199,N18000199,35,POWER,DAMODAR VALLEY CORPORATION,POWER,CENTRAL / UNKNOWN,35.0,,18000199.0,cumulative_expenditure_only,2011-12,2018-07,,,2019-03,FR_mar_Report_2019.pdf,Table: Month-wise Completed Projects,20.0,1.0,79.0,,
N18000202,N18000202,36,POWER,DAMODAR VALLEY CORPORATION,POWER,CENTRAL / UNKNOWN,35.0,,18000199.0,cumulative_expenditure_only,2011-02,2018-07,,,2019-03,FR_mar_Report_2019.pdf,Table: Month-wise Completed Projects,20.0,1.0,89.0,,
619144,NAN,Hospet - Chitradurga from km. 299.00 to km. 418.750 Karnataka 03/2015,UNKNOWN,NHAI,UNKNOWN,Karnataka,1519.72,387.48,331.26,revised_cost_crore,2026-06,2018-08,,,2026-06,FlashReport_June_2026.pdf,Table 3: Completed Projects,,0.0,-94.0,0.0,-74.50319795751848
N16000199,N16000199,37,PETROLEUM,"CHENNAI PETROLEUM 
CORPORATION LIMITED",PETROLEUM,CENTRAL / UNKNOWN,37.0,,16000199.0,cumulative_expenditure_only,2016-11,2018-09,,,2019-03,FR_mar_Report_2019.pdf,Table: Month-wise Completed Projects,20.0,1.0,22.0,,
N16000211,N16000211,38,PETROLEUM,OIL & NATURAL GAS CORPORATION LIMITED,PETROLEUM,CENTRAL / UNKNOWN,38.0,,16000211.0,cumulative_expenditure_only,2018-09,2018-09,,,2019-03,FR_mar_Report_2019.pdf,Table: Month-wise Completed Projects,20.0,0.0,0.0,,
N16000264,N16000264,39,PETROLEUM,"BHARAT PETROLEUM 
CORPORATION LIMITED",PETROLEUM,CENTRAL / UNKNOWN,39.0,,16000264.0,cumulative_expenditure_only,2018-08,2018-09,,,2019-03,FR_mar_Report_2019.pdf,Table: Month-wise Completed Projects,20.0,1.0,1.0,,
N18000143,N18000143,40,POWER,"POWER 
GRID CORPORATION OF INDIA LIMITED",POWER,CENTRAL / UNKNOWN,40.0,,18000143.0,cumulative_expenditure_only,2015-06,2018-09,,,2019-03,FR_mar_Report_2019.pdf,Table: Month-wise Completed Projects,20.0,1.0,39.0,,
N18000169,N18000169,41,POWER,POWER GRID CORPORATION OF INDIA LIMITED,POWER,CENTRAL / UNKNOWN,41.0,,18000169.0,cumulative_expenditure_only,2017-02,2018-09,,,2019-03,FR_mar_Report_2019.pdf,Table: Month-wise Completed Projects,20.0,1.0,19.0,,
N06000151,N06000151,62,POWER,NEYVELI LIGNITE CORPORATION,POWER,CENTRAL / UNKNOWN,62.0,,130.0,cumulative_expenditure_only,2017-06,2018-10,,,2019-03,FR_mar_Report_2019.pdf,Table: Month-wise Completed Projects,22.0,1.0,16.0,,
N16000207,N16000207,63,PETROLEUM,NUMALIGARH REFINERY LIMITED,PETROLEUM,CENTRAL / UNKNOWN,63.0,,16000207.0,cumulative_expenditure_only,2018-01,2018-10,,,2019-03,FR_mar_Report_2019.pdf,Table: Month-wise Completed Projects,22.0,1.0,9.0,,
N22000122,N22000122,64,RAILWAYS,DOUBLING,RAILWAYS,CENTRAL / UNKNOWN,64.0,,22000122.0,cumulative_expenditure_only,2014-03,2018-10,,,2019-03,FR_mar_Report_2019.pdf,Table: Month-wise Completed Projects,22.0,1.0,55.0,,
N24000353,N24000353,65,ROAD TRANSPORT AND HIGHWAYS,NATIONAL HIGHWAYS AUTHORITY OF INDIA,ROAD TRANSPORT AND HIGHWAYS,CENTRAL / UNKNOWN,65.0,,24000353.0,cumulative_expenditure_only,2017-05,2018-10,,,2019-03,FR_mar_Report_2019.pdf,Table: Month-wise Completed Projects,22.0,1.0,17.0,,
N26000112,N26000112,66,TELECOMMUNICATIONS,EAST,TELECOMMUNICATIONS,CENTRAL / UNKNOWN,66.0,,26000112.0,cumulative_expenditure_only,2018-08,2018-10,,,2019-03,FR_mar_Report_2019.pdf,Table: Month-wise Completed Projects,22.0,1.0,2.0,,
N28000095,N28000095,67,URBAN DEVELOPMENT,"CENTRAL 
PUBLIC WORKS DEPARTMENT",URBAN DEVELOPMENT,CENTRAL / UNKNOWN,67.0,,1003.0,cumulative_expenditure_only,2018-11,2018-10,,,2019-03,FR_mar_Report_2019.pdf,Table: Month-wise Completed Projects,22.0,0.0,-1.0,,
N04000050,N04000050,68,CIVIL AVIATION,SIKKIM,CIVIL AVIATION,CENTRAL / UNKNOWN,68.0,,4000050.0,cumulative_expenditure_only,2011-01,2018-11,,,2019-03,FR_mar_Report_2019.pdf,Table: Month-wise Completed Projects,22.0,1.0,94.0,,
N16000262,N16000262,69,PETROLEUM,"BHARAT PETROLEUM 
CORPORATION LIMITED",PETROLEUM,CENTRAL / UNKNOWN,69.0,,16000262.0,cumulative_expenditure_only,2019-01,2018-11,,,2019-03,FR_mar_Report_2019.pdf,Table: Month-wise Completed Projects,22.0,0.0,-2.0,,
N22000045,N22000045,70,RAILWAYS,LD,RAILWAYS,CENTRAL / UNKNOWN,70.0,,22000045.0,cumulative_expenditure_only,2006-02,2018-11,,,2019-03,FR_mar_Report_2019.pdf,Table: Month-wise Completed Projects,22.0,1.0,153.0,,
N22000115,N22000115,71,RAILWAYS,ER,RAILWAYS,CENTRAL / UNKNOWN,70.0,,22000045.0,cumulative_expenditure_only,2012-03,2018-11,,,2019-03,FR_mar_Report_2019.pdf,Table: Month-wise Completed Projects,22.0,1.0,80.0,,
N06000056,N06000056,80,COAL,EASTERN COAL FIELDS LIMITED,COAL,CENTRAL / UNKNOWN,80.0,,6000056.0,cumulative_expenditure_only,2014-03,2018-12,,,2019-03,FR_mar_Report_2019.pdf,Table: Month-wise Completed Projects,23.0,1.0,57.0,,
N16000148,N16000148,81,PETROLEUM,INDIAN OIL CORPORATION LIMITED,PETROLEUM,CENTRAL / UNKNOWN,81.0,,16000148.0,cumulative_expenditure_only,2018-06,2018-12,,,2019-03,FR_mar_Report_2019.pdf,Table: Month-wise Completed Projects,23.0,1.0,6.0,,
N16000203,N16000203,82,PETROLEUM,OIL & NATURAL GAS CORPORATION LIMITED,PETROLEUM,CENTRAL / UNKNOWN,81.0,,16000148.0,cumulative_expenditure_only,2017-05,2018-12,,,2019-03,FR_mar_Report_2019.pdf,Table: Month-wise Completed Projects,23.0,1.0,19.0,,
N16000232,N16000232,83,PETROLEUM,GAS AUTHORITY OF INDIA LIMITED,PETROLEUM,CENTRAL / UNKNOWN,82.0,,16000203.0,cumulative_expenditure_only,2018-03,2018-12,,,2019-03,FR_mar_Report_2019.pdf,Table: Month-wise Completed Projects,23.0,1.0,9.0,,
N18000080,N18000080,84,POWER,"POWER GRID CORPORATION OF 
INDIA LIMITED",POWER,CENTRAL / UNKNOWN,84.0,,18000080.0,cumulative_expenditure_only,2012-12,2018-12,,,2019-03,FR_mar_Report_2019.pdf,Table: Month-wise Completed Projects,23.0,1.0,72.0,,
N18000100,N18000100,85,POWER,POWER GRID CORPORATION OF INDIA LIMITED,POWER,CENTRAL / UNKNOWN,85.0,,18000100.0,cumulative_expenditure_only,2012-11,2018-12,,,2019-03,FR_mar_Report_2019.pdf,Table: Month-wise Completed Projects,23.0,1.0,73.0,,
N18000185,N18000185,86,POWER,POWER GRID CORPORATION OF INDIA LIMITED,POWER,CENTRAL / UNKNOWN,85.0,,18000100.0,cumulative_expenditure_only,2017-09,2018-12,,,2019-03,FR_mar_Report_2019.pdf,Table: Month-wise Completed Projects,23.0,1.0,15.0,,
N18000195,N18000195,87,POWER,PART-B1,POWER,CENTRAL / UNKNOWN,86.0,,18000185.0,cumulative_expenditure_only,2018-10,2018-12,,,2019-03,FR_mar_Report_2019.pdf,Table: Month-wise Completed Projects,23.0,1.0,2.0,,
617996,N24002132,Widening to 2/4 Lane with paved shoulders from Km 182.120 to Km 227.600 of NH 167 on Haggari-Jadcherla Road on EPC mode under NHO in the state of Telangana,UNKNOWN,MoRTH,UNKNOWN,Telangana (02/2017),298.0,,238.2,cumulative_expenditure_crore,2024-04,2019-02,,,2026-06,FlashReport_June_2026.pdf,Table 3: Completed Projects,,0.0,-62.0,,
N16000202,N16000202,108,PETROLEUM,OIL & NATURAL GAS CORPORATION LIMITED,PETROLEUM,CENTRAL / UNKNOWN,108.0,,16000202.0,cumulative_expenditure_only,2019-11,2019-02,,,2019-03,FR_mar_Report_2019.pdf,Table: Month-wise Completed Projects,25.0,0.0,-9.0,,
N16000242,N16000242,109,PETROLEUM,"PUNJAB,HARYANA",PETROLEUM,CENTRAL / UNKNOWN,108.0,,16000202.0,cumulative_expenditure_only,2019-02,2019-02,,,2019-03,FR_mar_Report_2019.pdf,Table: Month-wise Completed Projects,25.0,0.0,0.0,,
N24000169,N24000169,110,ROAD TRANSPORT AND HIGHWAYS,BOT,ROAD TRANSPORT AND HIGHWAYS,CENTRAL / UNKNOWN,110.0,,24000169.0,cumulative_expenditure_only,2013-11,2019-02,,,2019-03,FR_mar_Report_2019.pdf,Table: Month-wise Completed Projects,25.0,1.0,63.0,,
N24000540,N24000540,111,ROAD TRANSPORT AND HIGHWAYS,NATIONAL HIGHWAYS AUTHORITY OF INDIA,ROAD TRANSPORT AND HIGHWAYS,CENTRAL / UNKNOWN,110.0,,24000169.0,cumulative_expenditure_only,2019-05,2019-02,,,2019-03,FR_mar_Report_2019.pdf,Table: Month-wise Completed Projects,25.0,0.0,-3.0,,
N28000060,N28000060,112,URBAN DEVELOPMENT,CENTRAL PUBLIC WORKS DEPARTMENT,URBAN DEVELOPMENT,CENTRAL / UNKNOWN,112.0,,28000060.0,cumulative_expenditure_only,2016-09,2019-02,,,2019-03,FR_mar_Report_2019.pdf,Table: Month-wise Completed Projects,25.0,1.0,29.0,,
220100106,220100106,105,RAILWAYS,SCR,RAILWAYS,CENTRAL / UNKNOWN,105.0,,220100106.0,cumulative_expenditure_only,,2019-03,,,2019-03,FR_mar_Report_2019.pdf,Table: Month-wise Completed Projects,25.0,,,,
220100201,220100201,95,RAILWAYS,NORTH EAST FRONTIER RAILWAY,RAILWAYS,CENTRAL / UNKNOWN,95.0,,220100201.0,cumulative_expenditure_only,2008-04,2019-03,,,2019-03,FR_mar_Report_2019.pdf,Table: Month-wise Completed Projects,24.0,1.0,131.0,,
220100254,220100254,106,RAILWAYS,NL,RAILWAYS,CENTRAL / UNKNOWN,105.0,,220100106.0,cumulative_expenditure_only,,2019-03,,,2019-03,FR_mar_Report_2019.pdf,Table: Month-wise Completed Projects,25.0,,,,
240106281,240106281,99,ROAD TRANSPORT AND HIGHWAYS,AS-27,ROAD TRANSPORT AND HIGHWAYS,CENTRAL / UNKNOWN,99.0,,40.0,cumulative_expenditure_only,2009-04,2019-03,,,2019-03,FR_mar_Report_2019.pdf,Table: Month-wise Completed Projects,24.0,1.0,119.0,,
618555,N24000442,"Flyover at Km.544.650 including ROB, Service Roads ,Footpath for RCC drains on urban link to Nagpur -Raipur road Pardi octroi Naka to Itwari Total (1) 1097.81 316.23",UNKNOWN,National Highways Authority of India [NHAI],UNKNOWN,Maharashtra (03/2016),1097.81,758.4,316.23,revised_cost_crore,2026-04,2019-03,,,2026-04,FlashReport_April2026.pdf,Table 3: Completed Projects,,0.0,-85.0,0.0,-30.917007496743516
N08000010,N08000010,113,URBAN DEVELOPMENT,"RASHTRIYA 
CHEMICAL & FERTILISER LIMITED",URBAN DEVELOPMENT,CENTRAL / UNKNOWN,113.0,,8000010.0,cumulative_expenditure_only,2017-12,2019-03,,,2019-03,FR_mar_Report_2019.pdf,Table: Month-wise Completed Projects,25.0,1.0,15.0,,
N16000216,N16000216,114,PETROLEUM,INDIAN OIL CORPORATION LIMITED,PETROLEUM,CENTRAL / UNKNOWN,114.0,,16000216.0,cumulative_expenditure_only,2019-02,2019-03,,,2019-03,FR_mar_Report_2019.pdf,Table: Month-wise Completed Projects,25.0,1.0,1.0,,
N16000226,N16000226,(Rs. crore),CENTRAL SECTOR,Rs. crore,UNKNOWN,CENTRAL / UNKNOWN,115.0,,16000226.0,cumulative_expenditure_only,2019-05,2019-03,,,2019-03,FR_mar_Report_2019.pdf,Table: Month-wise Completed Projects,26.0,0.0,-2.0,,
N16000231,N16000231,116,CENTRAL SECTOR,GAS AUTHORITY OF INDIA LIMITED,UNKNOWN,CENTRAL / UNKNOWN,116.0,,16000231.0,cumulative_expenditure_only,2018-12,2019-03,,,2019-03,FR_mar_Report_2019.pdf,Table: Month-wise Completed Projects,26.0,1.0,3.0,,
N18000103,N18000103,117,POWER,MADRAS,POWER,CENTRAL / UNKNOWN,117.0,,18000103.0,cumulative_expenditure_only,2014-09,2019-03,,,2019-03,FR_mar_Report_2019.pdf,Table: Month-wise Completed Projects,26.0,1.0,54.0,,
N18000115,N18000115,118,POWER,POWER GRID CORPORATION OF INDIA LIMITED,POWER,CENTRAL / UNKNOWN,118.0,,18000115.0,cumulative_expenditure_only,2014-08,2019-03,,,2019-03,FR_mar_Report_2019.pdf,Table: Month-wise Completed Projects,26.0,1.0,55.0,,
N18000144,N18000144,119,POWER,"POWER 
GRID CORPORATION OF INDIA LIMITED",POWER,CENTRAL / UNKNOWN,118.0,,18000115.0,cumulative_expenditure_only,2015-12,2019-03,,,2019-03,FR_mar_Report_2019.pdf,Table: Month-wise Completed Projects,26.0,1.0,39.0,,
N18000165,N18000165,120,POWER,"POWER GRID CORPORATION OF INDIA 
LIMITED",POWER,CENTRAL / UNKNOWN,120.0,,18000165.0,cumulative_expenditure_only,2016-03,2019-03,,,2019-03,FR_mar_Report_2019.pdf,Table: Month-wise Completed Projects,26.0,1.0,36.0,,
N18000196,N18000196,121,POWER,"POWER GRID CORPORATION OF 
INDIA LIMITED",POWER,CENTRAL / UNKNOWN,121.0,,18000196.0,cumulative_expenditure_only,2018-04,2019-03,,,2019-03,FR_mar_Report_2019.pdf,Table: Month-wise Completed Projects,26.0,1.0,11.0,,
N18000200,N18000200,(Rs. crore),CENTRAL SECTOR,Rs. crore,UNKNOWN,CENTRAL / UNKNOWN,88.0,,18000200.0,cumulative_expenditure_only,2018-07,2019-03,,,2019-03,FR_mar_Report_2019.pdf,Table: Month-wise Completed Projects,24.0,1.0,8.0,,
N18000201,N18000201,122,POWER,POWER GRID CORPORATION OF INDIA LIMITED,POWER,CENTRAL / UNKNOWN,122.0,,7.0,cumulative_expenditure_only,2017-11,2019-03,,,2019-03,FR_mar_Report_2019.pdf,Table: Month-wise Completed Projects,26.0,1.0,16.0,,
N18000206,N18000206,123,POWER,750 MW,POWER,CENTRAL / UNKNOWN,122.0,,7.0,cumulative_expenditure_only,2017-03,2019-03,,,2019-03,FR_mar_Report_2019.pdf,Table: Month-wise Completed Projects,26.0,1.0,24.0,,
N18000208,N18000208,124,POWER,POWER GRID CORPORATION OF INDIA LIMITED,POWER,CENTRAL / UNKNOWN,123.0,,750.0,cumulative_expenditure_only,2018-07,2019-03,,,2019-03,FR_mar_Report_2019.pdf,Table: Month-wise Completed Projects,26.0,1.0,8.0,,
N18000215,N18000215,(Rs. crore),CENTRAL SECTOR,Rs. crore,UNKNOWN,CENTRAL / UNKNOWN,102.0,,18000215.0,cumulative_expenditure_only,2017-09,2019-03,,,2019-03,FR_mar_Report_2019.pdf,Table: Month-wise Completed Projects,25.0,1.0,18.0,,
N18000217,N18000217,125,POWER,POWER GRID CORPORATION OF INDIA LIMITED,POWER,CENTRAL / UNKNOWN,124.0,,18000208.0,cumulative_expenditure_only,2018-11,2019-03,,,2019-03,FR_mar_Report_2019.pdf,Table: Month-wise Completed Projects,26.0,1.0,4.0,,
N18000220,N18000220,(Rs. crore),CENTRAL SECTOR,Rs. crore,UNKNOWN,CENTRAL / UNKNOWN,42.0,,18000220.0,cumulative_expenditure_only,2018-12,2019-03,,,2019-03,FR_mar_Report_2019.pdf,Table: Month-wise Completed Projects,21.0,1.0,3.0,,
N18000221,N18000221,89,CENTRAL SECTOR,PART B,UNKNOWN,CENTRAL / UNKNOWN,89.0,,18000221.0,cumulative_expenditure_only,2018-06,2019-03,,,2019-03,FR_mar_Report_2019.pdf,Table: Month-wise Completed Projects,24.0,1.0,9.0,,
N18000224,N18000224,90,POWER,POWER GRID CORPORATION OF INDIA LIMITED,POWER,CENTRAL / UNKNOWN,90.0,,18000224.0,cumulative_expenditure_only,2018-11,2019-03,,,2019-03,FR_mar_Report_2019.pdf,Table: Month-wise Completed Projects,24.0,1.0,4.0,,
N18000228,N18000228,126,POWER,PART-B,POWER,CENTRAL / UNKNOWN,125.0,,18000217.0,cumulative_expenditure_only,2018-12,2019-03,,,2019-03,FR_mar_Report_2019.pdf,Table: Month-wise Completed Projects,26.0,1.0,3.0,,
N18000229,N18000229,103,POWER,POWER GRID CORPORATION OF INDIA LIMITED,POWER,CENTRAL / UNKNOWN,103.0,,18000229.0,cumulative_expenditure_only,2018-07,2019-03,,,2019-03,FR_mar_Report_2019.pdf,Table: Month-wise Completed Projects,25.0,1.0,8.0,,
N18000230,N18000230,127,POWER,"POWER 
GRID CORPORATION OF INDIA LIMITED",POWER,CENTRAL / UNKNOWN,127.0,,18000230.0,cumulative_expenditure_only,2019-03,2019-03,,,2019-03,FR_mar_Report_2019.pdf,Table: Month-wise Completed Projects,26.0,0.0,0.0,,
N18000231,N18000231,128,POWER,"POWER GRID 
CORPORATION OF INDIA LIMITED",POWER,CENTRAL / UNKNOWN,128.0,,18000231.0,cumulative_expenditure_only,2019-02,2019-03,,,2019-03,FR_mar_Report_2019.pdf,Table: Month-wise Completed Projects,26.0,1.0,1.0,,
N18000232,N18000232,91,POWER,POWER GRID CORPORATION OF INDIA LIMITED,POWER,CENTRAL / UNKNOWN,90.0,,18000224.0,cumulative_expenditure_only,2019-02,2019-03,,,2019-03,FR_mar_Report_2019.pdf,Table: Month-wise Completed Projects,24.0,1.0,1.0,,
N18000243,N18000243,129,POWER,POWER GRID CORPORATION OF INDIA LIMITED,POWER,CENTRAL / UNKNOWN,129.0,,18000243.0,cumulative_expenditure_only,2019-03,2019-03,,,2019-03,FR_mar_Report_2019.pdf,Table: Month-wise Completed Projects,26.0,0.0,0.0,,
N18000246,N18000246,130,POWER,POWER GRID CORPORATION OF INDIA LIMITED,POWER,CENTRAL / UNKNOWN,130.0,,18000246.0,cumulative_expenditure_only,2019-09,2019-03,,,2019-03,FR_mar_Report_2019.pdf,Table: Month-wise Completed Projects,26.0,0.0,-6.0,,
N18000253,N18000253,92,POWER,POWER GRID CORPORATION OF INDIA LIMITED,POWER,CENTRAL / UNKNOWN,91.0,,18000232.0,cumulative_expenditure_only,2015-12,2019-03,,,2019-03,FR_mar_Report_2019.pdf,Table: Month-wise Completed Projects,24.0,1.0,39.0,,
N18000254,N18000254,43,CENTRAL SECTOR,2X800 MW,UNKNOWN,CENTRAL / UNKNOWN,43.0,,2.0,cumulative_expenditure_only,2017-11,2019-03,,,2019-03,FR_mar_Report_2019.pdf,Table: Month-wise Completed Projects,21.0,1.0,16.0,,
N18000255,N18000255,44,CENTRAL SECTOR,"POWER 
GRID CORPORATION OF INDIA LIMITED",UNKNOWN,CENTRAL / UNKNOWN,44.0,,18000255.0,cumulative_expenditure_only,2018-01,2019-03,,,2019-03,FR_mar_Report_2019.pdf,Table: Month-wise Completed Projects,21.0,1.0,14.0,,
N18000256,N18000256,93,POWER,"POWER 
GRID CORPORATION OF INDIA LIMITED",POWER,CENTRAL / UNKNOWN,93.0,,18000256.0,cumulative_expenditure_only,2018-06,2019-03,,,2019-03,FR_mar_Report_2019.pdf,Table: Month-wise Completed Projects,24.0,1.0,9.0,,
N18000270,N18000270,104,POWER,JV,POWER,CENTRAL / UNKNOWN,103.0,,18000229.0,cumulative_expenditure_only,2013-02,2019-03,,,2019-03,FR_mar_Report_2019.pdf,Table: Month-wise Completed Projects,25.0,1.0,73.0,,
N21000014,N21000014,94,HEALTH AND FAMILY WELFARE,HOSPITAL SERVICES CONSULTANCY CORPORATION LTD,HEALTH AND FAMILY WELFARE,CENTRAL / UNKNOWN,94.0,,21000014.0,cumulative_expenditure_only,2018-08,2019-03,,,2019-03,FR_mar_Report_2019.pdf,Table: Month-wise Completed Projects,24.0,1.0,7.0,,
N22000075,N22000075,131,RAILWAYS,RAIL VIKAS NIGAM LTD.,RAILWAYS,CENTRAL / UNKNOWN,131.0,,22000075.0,cumulative_expenditure_only,2010-03,2019-03,,,2019-03,FR_mar_Report_2019.pdf,Table: Month-wise Completed Projects,26.0,1.0,108.0,,
N22000119,N22000119,(Rs. crore),CENTRAL SECTOR,Rs. crore,UNKNOWN,CENTRAL / UNKNOWN,72.0,,8.0,cumulative_expenditure_only,2012-12,2019-03,,,2019-03,FR_mar_Report_2019.pdf,Table: Month-wise Completed Projects,23.0,1.0,75.0,,
N22000146,N22000146,73,CENTRAL SECTOR,DL,UNKNOWN,CENTRAL / UNKNOWN,73.0,,22000146.0,cumulative_expenditure_only,2015-03,2019-03,,,2019-03,FR_mar_Report_2019.pdf,Table: Month-wise Completed Projects,23.0,1.0,48.0,,
N22000156,N22000156,96,RAILWAYS,NORTH WESTERN RAILWAY,RAILWAYS,CENTRAL / UNKNOWN,95.0,,220100201.0,cumulative_expenditure_only,2018-11,2019-03,,,2019-03,FR_mar_Report_2019.pdf,Table: Month-wise Completed Projects,24.0,1.0,4.0,,
N22000198,N22000198,97,RAILWAYS,NORTH EAST FRONTIER RAILWAY,RAILWAYS,CENTRAL / UNKNOWN,96.0,,22000156.0,cumulative_expenditure_only,2019-03,2019-03,,,2019-03,FR_mar_Report_2019.pdf,Table: Month-wise Completed Projects,24.0,0.0,0.0,,
N22000220,N22000220,74,RAILWAYS,EASTERN RAILWAYS,RAILWAYS,CENTRAL / UNKNOWN,73.0,,22000146.0,cumulative_expenditure_only,2015-03,2019-03,,,2019-03,FR_mar_Report_2019.pdf,Table: Month-wise Completed Projects,23.0,1.0,48.0,,
N22000237,N22000237,75,RAILWAYS,EASTERN RAILWAYS,RAILWAYS,CENTRAL / UNKNOWN,74.0,,22000220.0,cumulative_expenditure_only,2017-03,2019-03,,,2019-03,FR_mar_Report_2019.pdf,Table: Month-wise Completed Projects,23.0,1.0,24.0,,
N22000245,N22000245,76,RAILWAYS,EASTERN RAILWAYS,RAILWAYS,CENTRAL / UNKNOWN,75.0,,3.0,cumulative_expenditure_only,2017-03,2019-03,,,2019-03,FR_mar_Report_2019.pdf,Table: Month-wise Completed Projects,23.0,1.0,24.0,,
N22000491,N22000491,98,RAILWAYS,"SOUTH 
EASTERN RAILWAY",RAILWAYS,CENTRAL / UNKNOWN,97.0,,22000198.0,cumulative_expenditure_only,2022-03,2019-03,,,2019-03,FR_mar_Report_2019.pdf,Table: Month-wise Completed Projects,24.0,0.0,-36.0,,
N24000068,N24000068,45,ROAD TRANSPORT AND HIGHWAYS,RJ-5,ROAD TRANSPORT AND HIGHWAYS,CENTRAL / UNKNOWN,45.0,,24000068.0,cumulative_expenditure_only,2010-02,2019-03,,,2019-03,FR_mar_Report_2019.pdf,Table: Month-wise Completed Projects,21.0,1.0,109.0,,
N24000148,N24000148,46,ROAD TRANSPORT AND HIGHWAYS,BOT,ROAD TRANSPORT AND HIGHWAYS,CENTRAL / UNKNOWN,45.0,,24000068.0,cumulative_expenditure_only,2013-07,2019-03,,,2019-03,FR_mar_Report_2019.pdf,Table: Month-wise Completed Projects,21.0,1.0,68.0,,
N24000184,N24000184,47,ROAD TRANSPORT AND HIGHWAYS,ANNUITY,ROAD TRANSPORT AND HIGHWAYS,CENTRAL / UNKNOWN,46.0,,24000148.0,cumulative_expenditure_only,2014-02,2019-03,,,2019-03,FR_mar_Report_2019.pdf,Table: Month-wise Completed Projects,21.0,1.0,61.0,,
N24000240,N24000240,48,ROAD TRANSPORT AND HIGHWAYS,NATIONAL HIGHWAYS AUTHORITY OF INDIA,ROAD TRANSPORT AND HIGHWAYS,CENTRAL / UNKNOWN,48.0,,2.0,cumulative_expenditure_only,2016-03,2019-03,,,2019-03,FR_mar_Report_2019.pdf,Table: Month-wise Completed Projects,21.0,1.0,36.0,,
N24000337,N24000337,49,ROAD TRANSPORT AND HIGHWAYS,UP TO GANDHAV BRIDGE,ROAD TRANSPORT AND HIGHWAYS,CENTRAL / UNKNOWN,48.0,,2.0,cumulative_expenditure_only,2018-02,2019-03,,,2019-03,FR_mar_Report_2019.pdf,Table: Month-wise Completed Projects,21.0,1.0,13.0,,
N24000348,N24000348,50,ROAD TRANSPORT AND HIGHWAYS,NATIONAL HIGHWAYS AUTHORITY OF INDIA,ROAD TRANSPORT AND HIGHWAYS,CENTRAL / UNKNOWN,50.0,,24000348.0,cumulative_expenditure_only,2018-02,2019-03,,,2019-03,FR_mar_Report_2019.pdf,Table: Month-wise Completed Projects,21.0,1.0,13.0,,
N24000351,N24000351,100,ROAD TRANSPORT AND HIGHWAYS,NATIONAL HIGHWAYS AUTHORITY OF INDIA,ROAD TRANSPORT AND HIGHWAYS,CENTRAL / UNKNOWN,99.0,,40.0,cumulative_expenditure_only,2016-01,2019-03,,,2019-03,FR_mar_Report_2019.pdf,Table: Month-wise Completed Projects,24.0,1.0,38.0,,
N24000352,N24000352,51,ROAD TRANSPORT AND HIGHWAYS,NEW NH NO -50,ROAD TRANSPORT AND HIGHWAYS,CENTRAL / UNKNOWN,50.0,,24000348.0,cumulative_expenditure_only,2017-07,2019-03,,,2019-03,FR_mar_Report_2019.pdf,Table: Month-wise Completed Projects,21.0,1.0,20.0,,
N24000354,N24000354,52,ROAD TRANSPORT AND HIGHWAYS,NATIONAL HIGHWAYS AUTHORITY OF INDIA,ROAD TRANSPORT AND HIGHWAYS,CENTRAL / UNKNOWN,52.0,,24000354.0,cumulative_expenditure_only,2017-04,2019-03,,,2019-03,FR_mar_Report_2019.pdf,Table: Month-wise Completed Projects,21.0,1.0,23.0,,
N24000358,N24000358,53,ROAD TRANSPORT AND HIGHWAYS,PKG - 2,ROAD TRANSPORT AND HIGHWAYS,CENTRAL / UNKNOWN,52.0,,24000354.0,cumulative_expenditure_only,2018-04,2019-03,,,2019-03,FR_mar_Report_2019.pdf,Table: Month-wise Completed Projects,21.0,1.0,11.0,,
N24000368,N24000368,132,ROAD TRANSPORT AND HIGHWAYS,NATIONAL HIGHWAYS AUTHORITY OF INDIA,ROAD TRANSPORT AND HIGHWAYS,CENTRAL / UNKNOWN,132.0,,24000368.0,cumulative_expenditure_only,2016-11,2019-03,,,2019-03,FR_mar_Report_2019.pdf,Table: Month-wise Completed Projects,26.0,1.0,28.0,,
N24000433,N24000433,54,ROAD TRANSPORT AND HIGHWAYS,PKG-VI,ROAD TRANSPORT AND HIGHWAYS,CENTRAL / UNKNOWN,54.0,,24000433.0,cumulative_expenditure_only,2018-03,2019-03,,,2019-03,FR_mar_Report_2019.pdf,Table: Month-wise Completed Projects,21.0,1.0,12.0,,
N24000436,N24000436,55,ROAD TRANSPORT AND HIGHWAYS,PKG-V,ROAD TRANSPORT AND HIGHWAYS,CENTRAL / UNKNOWN,55.0,,24000436.0,cumulative_expenditure_only,2018-03,2019-03,,,2019-03,FR_mar_Report_2019.pdf,Table: Month-wise Completed Projects,21.0,1.0,12.0,,
N24000440,N24000440,56,ROAD TRANSPORT AND HIGHWAYS,PKG-IV,ROAD TRANSPORT AND HIGHWAYS,CENTRAL / UNKNOWN,56.0,,24000440.0,cumulative_expenditure_only,2018-03,2019-03,,,2019-03,FR_mar_Report_2019.pdf,Table: Month-wise Completed Projects,21.0,1.0,12.0,,
N24000481,N24000481,57,ROAD TRANSPORT AND HIGHWAYS,"NATIONAL HIGHWAYS 
AUTHORITY OF INDIA",ROAD TRANSPORT AND HIGHWAYS,CENTRAL / UNKNOWN,57.0,,24000481.0,cumulative_expenditure_only,2015-08,2019-03,,,2019-03,FR_mar_Report_2019.pdf,Table: Month-wise Completed Projects,21.0,1.0,43.0,,
N24000484,N24000484,58,ROAD TRANSPORT AND HIGHWAYS,NATIONAL HIGHWAYS AUTHORITY OF INDIA,ROAD TRANSPORT AND HIGHWAYS,CENTRAL / UNKNOWN,58.0,,24000484.0,cumulative_expenditure_only,2017-12,2019-03,,,2019-03,FR_mar_Report_2019.pdf,Table: Month-wise Completed Projects,21.0,1.0,15.0,,
N24000487,N24000487,59,ROAD TRANSPORT AND HIGHWAYS,BOT,ROAD TRANSPORT AND HIGHWAYS,CENTRAL / UNKNOWN,58.0,,24000484.0,cumulative_expenditure_only,2018-07,2019-03,,,2019-03,FR_mar_Report_2019.pdf,Table: Month-wise Completed Projects,21.0,1.0,8.0,,
N24000500,N24000500,60,ROAD TRANSPORT AND HIGHWAYS,BOT,ROAD TRANSPORT AND HIGHWAYS,CENTRAL / UNKNOWN,59.0,,24000487.0,cumulative_expenditure_only,2018-07,2019-03,,,2019-03,FR_mar_Report_2019.pdf,Table: Month-wise Completed Projects,21.0,1.0,8.0,,
N24000552,N24000552,4-LANNING EXISTING KM 189.700 TO 237.00] HASSAN TO MARANAHALLY,UNKNOWN,NHAI,UNKNOWN,N24000552,701.4,,923.99,cumulative_expenditure_crore,2019-03,2019-03,,,2025-04,FRApril2025.pdf,Table 3: Completed Projects,,0.0,0.0,,
N24000597,N24000597,(Rs. crore),CENTRAL SECTOR,Rs. crore,UNKNOWN,CENTRAL / UNKNOWN,61.0,,24000597.0,cumulative_expenditure_only,2018-05,2019-03,,,2019-03,FR_mar_Report_2019.pdf,Table: Month-wise Completed Projects,22.0,1.0,10.0,,
N25000065,N25000065,(Rs. crore),CENTRAL SECTOR,Rs. crore,UNKNOWN,CENTRAL / UNKNOWN,13.0,,25000065.0,cumulative_expenditure_only,2017-06,2019-03,,,2019-03,FR_mar_Report_2019.pdf,Table: Month-wise Completed Projects,19.0,1.0,21.0,,
N25000067,N25000067,14,CENTRAL SECTOR,KAMARAJAR PORT LIMITED,UNKNOWN,CENTRAL / UNKNOWN,14.0,,25000067.0,cumulative_expenditure_only,2017-04,2019-03,,,2019-03,FR_mar_Report_2019.pdf,Table: Month-wise Completed Projects,19.0,1.0,23.0,,
N26000107,N26000107,101,TELECOMMUNICATIONS,LOT 1,TELECOMMUNICATIONS,CENTRAL / UNKNOWN,101.0,,26000107.0,cumulative_expenditure_only,2018-04,2019-03,,,2019-03,FR_mar_Report_2019.pdf,Table: Month-wise Completed Projects,24.0,1.0,11.0,,
N26000108,N26000108,107,TELECOMMUNICATIONS,LOT1,TELECOMMUNICATIONS,CENTRAL / UNKNOWN,107.0,,26000108.0,cumulative_expenditure_only,2018-04,2019-03,,,2019-03,FR_mar_Report_2019.pdf,Table: Month-wise Completed Projects,25.0,1.0,11.0,,
N26000109,N26000109,77,TELECOMMUNICATIONS,LOT 1,TELECOMMUNICATIONS,CENTRAL / UNKNOWN,77.0,,26000109.0,cumulative_expenditure_only,2018-05,2019-03,,,2019-03,FR_mar_Report_2019.pdf,Table: Month-wise Completed Projects,23.0,1.0,10.0,,
N26000111,N26000111,78,TELECOMMUNICATIONS,LOT 1,TELECOMMUNICATIONS,CENTRAL / UNKNOWN,78.0,,26000111.0,cumulative_expenditure_only,2018-05,2019-03,,,2019-03,FR_mar_Report_2019.pdf,Table: Month-wise Completed Projects,23.0,1.0,10.0,,
N28000068,N28000068,79,URBAN DEVELOPMENT,"CENTRAL PUBLIC WORKS 
DEPARTMENT",URBAN DEVELOPMENT,CENTRAL / UNKNOWN,79.0,,41.0,cumulative_expenditure_only,2016-03,2019-03,,,2019-03,FR_mar_Report_2019.pdf,Table: Month-wise Completed Projects,23.0,1.0,36.0,,
N28000091,N28000091,15,URBAN DEVELOPMENT,"PHASE-
1",URBAN DEVELOPMENT,CENTRAL / UNKNOWN,15.0,,28000091.0,cumulative_expenditure_only,2015-03,2019-03,,,2019-03,FR_mar_Report_2019.pdf,Table: Month-wise Completed Projects,19.0,1.0,48.0,,
N06000033,N06000033,1,COAL,NORTHERN COAL FIELDS LIMITED,COAL,CENTRAL / UNKNOWN,10.0,,15.0,cumulative_expenditure_only,2012-03,2019-04,,,2020-03,FR_march_2020.pdf,Table: Month-wise Completed Projects,18.0,1.0,85.0,,
N06000091,N06000091,2,COAL,"4 TO 10 MTPA,6MTPA 
INCREMENTAL",COAL,CENTRAL / UNKNOWN,10.0,,15.0,cumulative_expenditure_only,2018-03,2019-04,,,2020-03,FR_march_2020.pdf,Table: Month-wise Completed Projects,18.0,1.0,13.0,,
N16000175,N16000175,3,PETROLEUM,COKER,PETROLEUM,CENTRAL / UNKNOWN,3.0,,16000175.0,cumulative_expenditure_only,2017-09,2019-04,,,2020-03,FR_march_2020.pdf,Table: Month-wise Completed Projects,18.0,1.0,19.0,,
N18000041,N18000041,4,POWER,NATIONAL THERMAL POWER CORPORATION,POWER,CENTRAL / UNKNOWN,4.0,,18000041.0,cumulative_expenditure_only,2011-10,2019-04,,,2020-03,FR_march_2020.pdf,Table: Month-wise Completed Projects,18.0,1.0,90.0,,
N18000071,N18000071,5,POWER,NORTH EAST ELECTRIC POWER CORPORATION,POWER,CENTRAL / UNKNOWN,4.0,,18000041.0,cumulative_expenditure_only,2013-07,2019-04,,,2020-03,FR_march_2020.pdf,Table: Month-wise Completed Projects,18.0,1.0,69.0,,
N22000113,N22000113,6,RAILWAYS,NWR,RAILWAYS,CENTRAL / UNKNOWN,6.0,,22000113.0,cumulative_expenditure_only,2014-03,2019-04,,,2020-03,FR_march_2020.pdf,Table: Month-wise Completed Projects,18.0,1.0,61.0,,
N24000357,N24000357,7,ROAD TRANSPORT AND HIGHWAYS,"NATIONAL HIGHWAYS AUTHORITY OF 
INDIA",ROAD TRANSPORT AND HIGHWAYS,CENTRAL / UNKNOWN,7.0,,24000357.0,cumulative_expenditure_only,2018-03,2019-04,,,2020-03,FR_march_2020.pdf,Table: Month-wise Completed Projects,18.0,1.0,13.0,,
N24001111,N24001111,KOLHA TO NASRATPUR,UNKNOWN,MoRTH,UNKNOWN,N24001111,281.78,,77.83,cumulative_expenditure_crore,2019-04,2019-04,,,2025-04,FRApril2025.pdf,Table 3: Completed Projects,,0.0,0.0,,
618142,N24002025,Widening to Two lane with Paved shoulders from km.40/410 to 84/037 of Thirumanlagiri-- Suryapet Section of NH-365B earstwhile section of SH-16,UNKNOWN,MoRTH,UNKNOWN,Telangana (05/2017),244.54,,147.48,cumulative_expenditure_crore,2023-08,2019-05,,,2026-06,FlashReport_June_2026.pdf,Table 3: Completed Projects,,0.0,-51.0,,
619067,NAN,6L of Chiloda-Naroda section from Km. 540.595 to Km. 555.595 of NH- 8Package-VII,UNKNOWN,NHAI,UNKNOWN,Gujarat (05/2017),356.6,463.03,443.07,revised_cost_crore,2026-02,2019-05,,,2026-06,FlashReport_June_2026.pdf,Table 3: Completed Projects,,0.0,-81.0,1.0,29.84576556365674
N06000119,N06000119,8,COAL,WESTERN COAL FIELDS LIMITED,COAL,CENTRAL / UNKNOWN,8.0,,6000119.0,cumulative_expenditure_only,2021-03,2019-05,,,2020-03,FR_march_2020.pdf,Table: Month-wise Completed Projects,18.0,0.0,-22.0,,
N16000084,N16000084,9,PETROLEUM,OSV,PETROLEUM,CENTRAL / UNKNOWN,9.0,,12.0,cumulative_expenditure_only,2011-09,2019-05,,,2020-03,FR_march_2020.pdf,Table: Month-wise Completed Projects,18.0,1.0,92.0,,
N16000290,N16000290,10,PETROLEUM,OIL & NATURAL GAS CORPORATION LIMITED,PETROLEUM,CENTRAL / UNKNOWN,9.0,,12.0,cumulative_expenditure_only,2019-05,2019-05,,,2020-03,FR_march_2020.pdf,Table: Month-wise Completed Projects,18.0,0.0,0.0,,
220100007,220100007,95,RAILWAYS,NCR,RAILWAYS,CENTRAL / UNKNOWN,95.0,,220100007.0,cumulative_expenditure_only,1994-03,2019-06,,,2020-03,FR_march_2020.pdf,Table: Month-wise Completed Projects,23.0,1.0,303.0,,
220100118,220100118,96,RAILWAYS,CR,RAILWAYS,CENTRAL / UNKNOWN,95.0,,220100007.0,cumulative_expenditure_only,1999-06,2019-06,,,2020-03,FR_march_2020.pdf,Table: Month-wise Completed Projects,23.0,1.0,240.0,,
220100151,220100151,97,RAILWAYS,DL,RAILWAYS,CENTRAL / UNKNOWN,96.0,,220100118.0,cumulative_expenditure_only,2016-03,2019-06,,,2020-03,FR_march_2020.pdf,Table: Month-wise Completed Projects,23.0,1.0,39.0,,
220100168,220100168,98,RAILWAYS,NL,RAILWAYS,CENTRAL / UNKNOWN,97.0,,220100151.0,cumulative_expenditure_only,2016-03,2019-06,,,2020-03,FR_march_2020.pdf,Table: Month-wise Completed Projects,23.0,1.0,39.0,,
220100191,220100191,99,RAILWAYS,NL,RAILWAYS,CENTRAL / UNKNOWN,98.0,,220100168.0,cumulative_expenditure_only,2009-12,2019-06,,,2020-03,FR_march_2020.pdf,Table: Month-wise Completed Projects,23.0,1.0,114.0,,
220100243,220100243,100,RAILWAYS,NL,RAILWAYS,CENTRAL / UNKNOWN,99.0,,220100191.0,cumulative_expenditure_only,2009-12,2019-06,,,2020-03,FR_march_2020.pdf,Table: Month-wise Completed Projects,23.0,1.0,114.0,,
220100247,220100247,101,RAILWAYS,GC,RAILWAYS,CENTRAL / UNKNOWN,100.0,,220100243.0,cumulative_expenditure_only,2010-12,2019-06,,,2020-03,FR_march_2020.pdf,Table: Month-wise Completed Projects,23.0,1.0,102.0,,
220100256,220100256,102,RAILWAYS,NER,RAILWAYS,CENTRAL / UNKNOWN,101.0,,220100247.0,cumulative_expenditure_only,,2019-06,,,2020-03,FR_march_2020.pdf,Table: Month-wise Completed Projects,23.0,,,,
220100263,220100263,103,RAILWAYS,SR,RAILWAYS,CENTRAL / UNKNOWN,102.0,,220100256.0,cumulative_expenditure_only,2012-03,2019-06,,,2020-03,FR_march_2020.pdf,Table: Month-wise Completed Projects,23.0,1.0,87.0,,
220100280,220100280,104,RAILWAYS,NL,RAILWAYS,CENTRAL / UNKNOWN,103.0,,220100263.0,cumulative_expenditure_only,2012-03,2019-06,,,2020-03,FR_march_2020.pdf,Table: Month-wise Completed Projects,23.0,1.0,87.0,,
220100306,220100306,105,RAILWAYS,NL,RAILWAYS,CENTRAL / UNKNOWN,104.0,,220100280.0,cumulative_expenditure_only,2018-06,2019-06,,,2020-03,FR_march_2020.pdf,Table: Month-wise Completed Projects,23.0,1.0,12.0,,
220100316,220100316,106,RAILWAYS,NL,RAILWAYS,CENTRAL / UNKNOWN,105.0,,220100306.0,cumulative_expenditure_only,2018-06,2019-06,,,2020-03,FR_march_2020.pdf,Table: Month-wise Completed Projects,23.0,1.0,12.0,,
617970,N24000775,Reconstruction of existing 2 L/IL to 2L with paved shoulder from existing km 52.200 to 92.880 of NH-,UNKNOWN,MoRTH,UNKNOWN,Uttarakhand (06/2017),282.08,,352.53,cumulative_expenditure_crore,2023-09,2019-06,,,2026-06,FlashReport_June_2026.pdf,Table 3: Completed Projects,,0.0,-51.0,,
N22000049,N22000049,107,RAILWAYS,RVNL,RAILWAYS,CENTRAL / UNKNOWN,106.0,,220100316.0,cumulative_expenditure_only,2008-03,2019-06,,,2020-03,FR_march_2020.pdf,Table: Month-wise Completed Projects,23.0,1.0,135.0,,
N22000080,N22000080,108,RAILWAYS,SOUTHERN RAILWAY,RAILWAYS,CENTRAL / UNKNOWN,107.0,,22000049.0,cumulative_expenditure_only,2010-03,2019-06,,,2020-03,FR_march_2020.pdf,Table: Month-wise Completed Projects,23.0,1.0,111.0,,
N22000088,N22000088,109,RAILWAYS,LINE DOUBLING,RAILWAYS,CENTRAL / UNKNOWN,108.0,,22000080.0,cumulative_expenditure_only,2010-03,2019-06,,,2020-03,FR_march_2020.pdf,Table: Month-wise Completed Projects,23.0,1.0,111.0,,
N22000099,N22000099,110,RAILWAYS,NORTH EAST FRONTIER RAILWAY,RAILWAYS,CENTRAL / UNKNOWN,109.0,,22000088.0,cumulative_expenditure_only,2014-03,2019-06,,,2020-03,FR_march_2020.pdf,Table: Month-wise Completed Projects,23.0,1.0,63.0,,
N22000116,N22000116,111,RAILWAYS,EASTERN RAILWAYS,RAILWAYS,CENTRAL / UNKNOWN,110.0,,22000099.0,cumulative_expenditure_only,2012-02,2019-06,,,2020-03,FR_march_2020.pdf,Table: Month-wise Completed Projects,23.0,1.0,88.0,,
N22000117,N22000117,112,RAILWAYS,ER,RAILWAYS,CENTRAL / UNKNOWN,111.0,,22000116.0,cumulative_expenditure_only,2011-12,2019-06,,,2020-03,FR_march_2020.pdf,Table: Month-wise Completed Projects,23.0,1.0,90.0,,
N24001003,N24001003,AKOLA TO AKOT,UNKNOWN,MoRTH,UNKNOWN,N24001003,313.95,,270.02,cumulative_expenditure_crore,2019-06,2019-06,,,2025-06,FR_JUNE_2025.pdf,Table 3: Completed Projects,,0.0,0.0,,
N24001018,N24001018,BHANDARA TO GHOTITOK,UNKNOWN,MoRTH,UNKNOWN,N24001018,392.83,,264.35,cumulative_expenditure_crore,2019-06,2019-06,,,2025-06,FR_JUNE_2025.pdf,Table 3: Completed Projects,,0.0,0.0,,
N24001021,N24001021,AMDI TO SAONER,UNKNOWN,MoRTH,UNKNOWN,N24001021,396.91,,253.59,cumulative_expenditure_crore,2019-06,2019-06,,,2025-06,FR_JUNE_2025.pdf,Table 3: Completed Projects,,0.0,0.0,,
N24001127,N24001127,KUMBHARI PHTA TO DEULGAON RAJA,UNKNOWN,MoRTH,UNKNOWN,N24001127,406.51,,340.26,cumulative_expenditure_crore,2019-06,2019-06,,,2025-04,FRApril2025.pdf,Table 3: Completed Projects,,0.0,0.0,,
N24001138,N24001138,PARLI PIMPLA DAHIGUDA SOCIAL JUSTICE,UNKNOWN,MoRTH,UNKNOWN,N24001138,205.72,,813.5,cumulative_expenditure_crore,2019-06,2019-06,,,2025-06,FR_JUNE_2025.pdf,Table 3: Completed Projects,,0.0,0.0,,
N06000084,N06000084,134,COAL,3.0 MTY,COAL,CENTRAL / UNKNOWN,134.0,,3.0,cumulative_expenditure_only,2012-03,2019-07,,,2020-03,FR_march_2020.pdf,Table: Month-wise Completed Projects,24.0,1.0,88.0,,
N24001008,N24001008,AJANTHA TO BULDHANA,UNKNOWN,MoRTH,UNKNOWN,N24001008,401.0,,246.39,cumulative_expenditure_crore,2019-07,2019-07,,,2025-06,FR_JUNE_2025.pdf,Table 3: Completed Projects,,0.0,0.0,,
N24001046,N24001046,RALEGAON TO RAMTIRTH,UNKNOWN,MoRTH,UNKNOWN,N24001046,210.81,,132.0,cumulative_expenditure_crore,2019-07,2019-07,,,2025-06,FR_JUNE_2025.pdf,Table 3: Completed Projects,,0.0,0.0,,
N24001090,N24001090,KOLDE TO KHETIYA,UNKNOWN,MoRTH,UNKNOWN,N24001090,509.18,,246.83,cumulative_expenditure_crore,2019-07,2019-07,,,2025-06,FR_JUNE_2025.pdf,Table 3: Completed Projects,,0.0,0.0,,
N24001101,N24001101,KURUDWADI TO PANDHARPUR,UNKNOWN,MoRTH,UNKNOWN,N24001101,307.63,,208.22,cumulative_expenditure_crore,2019-07,2019-07,,,2025-06,FR_JUNE_2025.pdf,Table 3: Completed Projects,,0.0,0.0,,
N24001102,N24001102,PANDHARPUR TO SANGOLA,UNKNOWN,MoRTH,UNKNOWN,N24001102,218.38,,176.99,cumulative_expenditure_crore,2019-07,2019-07,,,2025-06,FR_JUNE_2025.pdf,Table 3: Completed Projects,,0.0,0.0,,
619148,NAN,4L of Bhavnagar - Talaja Package-I from Km. 6.945 to Km. 54.990 of Old NH-8E Gujarat 03/2016,UNKNOWN,NHAI,UNKNOWN,Gujarat,1185.66,1343.16,1316.53,revised_cost_crore,2024-06,2019-08,,,2026-06,FlashReport_June_2026.pdf,Table 3: Completed Projects,,0.0,-58.0,1.0,13.283740701381507
N06000082,N06000082,143,COAL,1.50 MTY,COAL,CENTRAL / UNKNOWN,143.0,,1.5,cumulative_expenditure_only,2016-03,2019-08,,,2020-03,FR_march_2020.pdf,Table: Month-wise Completed Projects,25.0,1.0,41.0,,
N06000120,N06000120,144,COAL,WESTERN COAL FIELDS LIMITED,COAL,CENTRAL / UNKNOWN,143.0,,1.5,cumulative_expenditure_only,2018-03,2019-08,,,2020-03,FR_march_2020.pdf,Table: Month-wise Completed Projects,25.0,1.0,17.0,,
N24000413,N24000413,145,ROAD TRANSPORT AND HIGHWAYS,UNKNOWN,ROAD TRANSPORT AND HIGHWAYS,CENTRAL / UNKNOWN,145.0,,68.0,cumulative_expenditure_only,2016-10,2019-08,,,2020-03,FR_march_2020.pdf,Table: Month-wise Completed Projects,25.0,1.0,34.0,,
N24000567,N24000567,FOUR LANING OF BHAVNAGAR-TALAJA SECTION OF NH-8E FROM KM. 7.090 TO KM. 53.585 (DESIGN CH FROM KM. 6.,UNKNOWN,NHAI,UNKNOWN,N24000567,998.18,,1105.25,cumulative_expenditure_crore,2019-08,2019-08,,,2025-05,FR_May2025.pdf,Table 3: Completed Projects,,0.0,0.0,,
N24000570,N24000570,"FOUR LANING OF UNA TO KODINAR OF NH-8E FROM KM. 180.478 TO KM 221.610 (PACKAGE-V) IN THE STATE OF GU Total 81,224.62 88,524.42",UNKNOWN,PACKAGE-V,UNKNOWN,NHAI,763.08,,734.78,cumulative_expenditure_crore,2019-08,2019-08,,,2025-05,FR_May2025.pdf,Table 3: Completed Projects,,0.0,0.0,,
N24000642,N24000642,146,ROAD TRANSPORT AND HIGHWAYS,"MINISTRY OF 
ROAD TRANSPORT AND HIGHWAYS (STATE PWDs",ROAD TRANSPORT AND HIGHWAYS,CENTRAL / UNKNOWN,145.0,,68.0,cumulative_expenditure_only,2017-10,2019-08,,,2020-03,FR_march_2020.pdf,Table: Month-wise Completed Projects,25.0,1.0,22.0,,
N24000643,N24000643,147,ROAD TRANSPORT AND HIGHWAYS,"KANAKTORA TO 
JHARSUGUDA SECTION",ROAD TRANSPORT AND HIGHWAYS,CENTRAL / UNKNOWN,147.0,,68.0,cumulative_expenditure_only,2016-05,2019-08,,,2020-03,FR_march_2020.pdf,Table: Month-wise Completed Projects,25.0,1.0,39.0,,
618237,N24000969,Rehabilitation and Up-gradation of Pasarlapudi to Dhindi section from Km 105/170 to Km 126/510 of NH -214 New NH -216 to two lane with paved shoulder in the state of Andhra Pradesh under NHDP-IV Andhra Pradesh 03/2017,UNKNOWN,MoRTH,UNKNOWN,Andhra Pradesh (09/2017),263.45,,158.8,cumulative_expenditure_crore,2026-01,2019-09,,,2026-06,FlashReport_June_2026.pdf,Table 3: Completed Projects,,0.0,-76.0,,
N16000155,N16000155,152,PETROLEUM,HINDUSTAN PETROLEUM CORPORATION LIMITED,PETROLEUM,CENTRAL / UNKNOWN,152.0,,16000155.0,cumulative_expenditure_only,2014-10,2019-09,,,2020-03,FR_march_2020.pdf,Table: Month-wise Completed Projects,26.0,1.0,59.0,,
N16000237,N16000237,153,PETROLEUM,"HINDUSTAN PETROLEUM 
CORPORATION LIMITED",PETROLEUM,CENTRAL / UNKNOWN,152.0,,16000155.0,cumulative_expenditure_only,2019-09,2019-09,,,2020-03,FR_march_2020.pdf,Table: Month-wise Completed Projects,26.0,0.0,0.0,,
618026,N24000996,Rehabilitation and upgradation to two lane with paved shoulders from Km 0/000 to 72/6 of NH-365 Nakrekal to Tanamcherla section under NHDP IV in the state of Telangana under EPC mode,UNKNOWN,MoRTH,UNKNOWN,Telangana (11/2017),605.08,,585.2,cumulative_expenditure_crore,2025-05,2019-10,,,2026-06,FlashReport_June_2026.pdf,Table 3: Completed Projects,,0.0,-67.0,,
618143,N24000983,widening to two lane with Paved shoulders from Km.0/970 to Km.40/410 of Jangaon - Thirumal giriof NH- 365B in the state of Telanganaon EPC mode under NHO Annual Plan 2016-17,UNKNOWN,MoRTH,UNKNOWN,Telangana (11/2017),197.0,,3.24,cumulative_expenditure_crore,2023-10,2019-10,,,2026-06,FlashReport_June_2026.pdf,Table 3: Completed Projects,,0.0,-48.0,,
N16000248,N16000248,154,PETROLEUM,DHDT/PRIME G,PETROLEUM,CENTRAL / UNKNOWN,2019.0,,154.0,cumulative_expenditure_only,2019-10,2019-10,,,2020-03,FR_march_2020.pdf,Table: Month-wise Completed Projects,26.0,0.0,0.0,,
N16000250,N16000250,155,PETROLEUM,INDIAN OIL CORPORATION LIMITED,PETROLEUM,CENTRAL / UNKNOWN,155.0,,16000250.0,cumulative_expenditure_only,2019-09,2019-10,,,2020-03,FR_march_2020.pdf,Table: Month-wise Completed Projects,26.0,1.0,1.0,,
N16000280,N16000280,156,PETROLEUM,"OIL & NATURAL GAS 
CORPORATION LIMITED",PETROLEUM,CENTRAL / UNKNOWN,155.0,,16000250.0,cumulative_expenditure_only,2018-09,2019-10,,,2020-03,FR_march_2020.pdf,Table: Month-wise Completed Projects,26.0,1.0,13.0,,
N18000171,N18000171,157,POWER,POWER GRID CORPORATION OF INDIA LIMITED,POWER,CENTRAL / UNKNOWN,157.0,,18000171.0,cumulative_expenditure_only,2016-02,2019-10,,,2020-03,FR_march_2020.pdf,Table: Month-wise Completed Projects,26.0,1.0,44.0,,
N18000180,N18000180,158,POWER,POWER GRID CORPORATION OF INDIA LIMITED,POWER,CENTRAL / UNKNOWN,157.0,,18000171.0,cumulative_expenditure_only,2018-03,2019-10,,,2020-03,FR_march_2020.pdf,Table: Month-wise Completed Projects,26.0,1.0,19.0,,
N18000227,N18000227,159,POWER,POWER GRID CORPORATION OF INDIA LIMITED,POWER,CENTRAL / UNKNOWN,158.0,,18000180.0,cumulative_expenditure_only,2019-01,2019-10,,,2020-03,FR_march_2020.pdf,Table: Month-wise Completed Projects,26.0,1.0,9.0,,
N18000236,N18000236,160,POWER,"POWER 
GRID CORPORATION OF INDIA LIMITED",POWER,CENTRAL / UNKNOWN,159.0,,18000227.0,cumulative_expenditure_only,2019-06,2019-10,,,2020-03,FR_march_2020.pdf,Table: Month-wise Completed Projects,26.0,1.0,4.0,,
N18000241,N18000241,161,POWER,POWER GRID CORPORATION OF INDIA LIMITED,POWER,CENTRAL / UNKNOWN,161.0,,18000241.0,cumulative_expenditure_only,2020-02,2019-10,,,2020-03,FR_march_2020.pdf,Table: Month-wise Completed Projects,26.0,0.0,-4.0,,
617975,N24000820,"Project Assessment, Infrastructure Monitoring and Analytics for Nation-building Rehabilitation and upgradation to 2 lane with paved shoulder configuration from km 122.00 Dharasu Bend to km 147.230 Silkyara Bend of NH-94 in the state of Uttarakhand Total (121) 104751.18 80525.34",UNKNOWN,PAIMANA,UNKNOWN,Uttarakhand (11/2017),237.79,,196.69,cumulative_expenditure_crore,2026-01,2019-11,,,2026-06,FlashReport_June_2026.pdf,Table 3: Completed Projects,,0.0,-74.0,,
619104,NAN,"4L/2L PS of Govindpur Raiganj - Chas - WB border section of from km. 0.00 to km. 56.889 of Old NH-32 Multi-States (West Bengal, Jharkhand)",UNKNOWN,NHAI,UNKNOWN,(12/2017),1139.65,1154.8,1064.7,revised_cost_crore,2025-09,2019-12,,,2026-06,FlashReport_June_2026.pdf,Table 3: Completed Projects,,0.0,-69.0,1.0,1.329355503882759
N16000195,N16000195,167,PETROLEUM,"INDIAN OIL 
CORPORATION LIMITED",PETROLEUM,CENTRAL / UNKNOWN,167.0,,16000195.0,cumulative_expenditure_only,2019-10,2019-12,,,2020-03,FR_march_2020.pdf,Table: Month-wise Completed Projects,27.0,1.0,2.0,,
N16000209,N16000209,168,PETROLEUM,HINDUSTAN PETROLEUM CORPORATION LIMITED,PETROLEUM,CENTRAL / UNKNOWN,168.0,,50.0,cumulative_expenditure_only,2013-03,2019-12,,,2020-03,FR_march_2020.pdf,Table: Month-wise Completed Projects,27.0,1.0,81.0,,
N24000948,N24000948,CONSTRUCTION OF 2 LANING OF EXISTING HUNLI- ANINI ROAD ON EPC BASIS FROM DESIGN KM 53.500 TO KM 92.50,UNKNOWN,NHIDCL,UNKNOWN,N24000948,568.92,,508.65,cumulative_expenditure_crore,2019-12,2019-12,,,2025-04,FRApril2025.pdf,Table 3: Completed Projects,,0.0,0.0,,
N24001027,N24001027,SHAHPUR PATGAON SECTION I,UNKNOWN,MoRTH,UNKNOWN,N24001027,150.79,,81.14,cumulative_expenditure_crore,2019-12,2019-12,,,2025-04,FRApril2025.pdf,Table 3: Completed Projects,,0.0,0.0,,
N24001078,N24001078,PUNE TO MALE VILLAGE,UNKNOWN,MoRTH,UNKNOWN,N24001078,228.31,,113.29,cumulative_expenditure_crore,2019-12,2019-12,,,2025-06,FR_JUNE_2025.pdf,Table 3: Completed Projects,,0.0,0.0,,
N24001080,N24001080,MALE VILLAGE TO PUNE RAIGARH DISTRICT BORDER,UNKNOWN,MoRTH,UNKNOWN,N24001080,256.15,,115.53,cumulative_expenditure_crore,2019-12,2019-12,,,2025-06,FR_JUNE_2025.pdf,Table 3: Completed Projects,,0.0,0.0,,
N24001081,N24001081,HIMAYATNAGAR TO PHULSAWANGI,UNKNOWN,MoRTH,UNKNOWN,N24001081,294.87,,183.17,cumulative_expenditure_crore,2019-12,2019-12,,,2025-04,FRApril2025.pdf,Table 3: Completed Projects,,0.0,0.0,,
N28000076,N28000076,169,URBAN DEVELOPMENT,"CENTRAL PUBLIC 
WORKS DEPARTMENT",URBAN DEVELOPMENT,CENTRAL / UNKNOWN,169.0,,28000076.0,cumulative_expenditure_only,2017-03,2019-12,,,2020-03,FR_march_2020.pdf,Table: Month-wise Completed Projects,27.0,1.0,33.0,,
N28000107,N28000107,170,URBAN DEVELOPMENT,CENTRAL PUBLIC WORKS DEPARTMENT,URBAN DEVELOPMENT,CENTRAL / UNKNOWN,170.0,,28000107.0,cumulative_expenditure_only,2019-06,2019-12,,,2020-03,FR_march_2020.pdf,Table: Month-wise Completed Projects,27.0,1.0,6.0,,
N08000009,N08000009,171,URBAN DEVELOPMENT,RASHTRIYA CHEMICAL & FERTILISER LIMITED,URBAN DEVELOPMENT,CENTRAL / UNKNOWN,171.0,,8000009.0,cumulative_expenditure_only,2016-11,2020-01,,,2020-03,FR_march_2020.pdf,Table: Month-wise Completed Projects,27.0,1.0,38.0,,
N16000061,N16000061,172,PETROLEUM,OIL & NATURAL GAS CORPORATION LIMITED,PETROLEUM,CENTRAL / UNKNOWN,172.0,,16000061.0,cumulative_expenditure_only,2013-03,2020-01,,,2020-03,FR_march_2020.pdf,Table: Month-wise Completed Projects,27.0,1.0,82.0,,
N16000127,N16000127,173,PETROLEUM,WIP,PETROLEUM,CENTRAL / UNKNOWN,172.0,,16000061.0,cumulative_expenditure_only,2014-01,2020-01,,,2020-03,FR_march_2020.pdf,Table: Month-wise Completed Projects,27.0,1.0,72.0,,
N16000179,N16000179,174,PETROLEUM,INDIAN OIL CORPORATION LIMITED,PETROLEUM,CENTRAL / UNKNOWN,174.0,,16000179.0,cumulative_expenditure_only,2017-09,2020-01,,,2020-03,FR_march_2020.pdf,Table: Month-wise Completed Projects,27.0,1.0,28.0,,
N16000293,N16000293,175,PETROLEUM,OIL & NATURAL GAS CORPORATION LIMITED,PETROLEUM,CENTRAL / UNKNOWN,174.0,,16000179.0,cumulative_expenditure_only,2019-11,2020-01,,,2020-03,FR_march_2020.pdf,Table: Month-wise Completed Projects,27.0,1.0,2.0,,
N04000089,N04000089,EXT AND STR. OF EXISTING RUNWAY 08/26 AT TIRUPATI AIRPORT PETROLEUM,UNKNOWN,AAI,UNKNOWN,N04000089,177.1,,143.08,cumulative_expenditure_crore,2020-02,2020-02,,,2025-04,FRApril2025.pdf,Table 3: Completed Projects,,0.0,0.0,,
N16000252,N16000252,183,PETROLEUM,INDIAN OIL CORPORATION LIMITED,PETROLEUM,CENTRAL / UNKNOWN,183.0,,16000252.0,cumulative_expenditure_only,2020-12,2020-02,,,2020-03,FR_march_2020.pdf,Table: Month-wise Completed Projects,28.0,0.0,-10.0,,
N24000709,N24000709,BALANCE WORK FOR FOUR LANING OF ITARSI TO BETUL SECTION OF NH69 FROM KM 63.000 TO KM 137.00 (DESIGN,UNKNOWN,NHAI,UNKNOWN,N24000709,950.27,,643.9,cumulative_expenditure_crore,2020-02,2020-02,,,2025-05,FR_May2025.pdf,Table 3: Completed Projects,,0.0,0.0,,
N28000073,N28000073,184,URBAN DEVELOPMENT,"CENTRAL PUBLIC WORKS 
DEPARTMENT",URBAN DEVELOPMENT,CENTRAL / UNKNOWN,184.0,,28000073.0,cumulative_expenditure_only,2012-03,2020-02,,,2020-03,FR_march_2020.pdf,Table: Month-wise Completed Projects,28.0,1.0,95.0,,
180100258,180100258,177,POWER,PGCIL,POWER,CENTRAL / UNKNOWN,177.0,,180100258.0,cumulative_expenditure_only,2008-11,2020-03,,,2020-03,FR_march_2020.pdf,Table: Month-wise Completed Projects,28.0,1.0,136.0,,
619121,NAN,4L of Hubli - Hospet Section of NH-63 from Km 128.850 to Km 272.571 Karnataka 07/2016,UNKNOWN,NHAI,UNKNOWN,Karnataka,2531.99,3619.32,3522.85,revised_cost_crore,2026-03,2020-03,,,2026-06,FlashReport_June_2026.pdf,Table 3: Completed Projects,,0.0,-72.0,1.0,42.943692510633944
N06000086,N06000086,185,COAL,2.5 MTY,COAL,CENTRAL / UNKNOWN,185.0,,2.5,cumulative_expenditure_only,2012-03,2020-03,,,2020-03,FR_march_2020.pdf,Table: Month-wise Completed Projects,28.0,1.0,96.0,,
N12000120,N12000120,135,CENTRAL SECTOR,KBR-II,UNKNOWN,CENTRAL / UNKNOWN,135.0,,12000120.0,cumulative_expenditure_only,2018-07,2020-03,,,2020-03,FR_march_2020.pdf,Table: Month-wise Completed Projects,25.0,1.0,20.0,,
N16000072,N16000072,136,PETROLEUM,GAS AUTHORITY OF INDIA LIMITED,PETROLEUM,CENTRAL / UNKNOWN,136.0,,16000072.0,cumulative_expenditure_only,2018-12,2020-03,,,2020-03,FR_march_2020.pdf,Table: Month-wise Completed Projects,25.0,1.0,15.0,,
N16000088,N16000088,137,PETROLEUM,INDIAN OIL CORPORATION LIMITED,PETROLEUM,CENTRAL / UNKNOWN,136.0,,16000072.0,cumulative_expenditure_only,2016-12,2020-03,,,2020-03,FR_march_2020.pdf,Table: Month-wise Completed Projects,25.0,1.0,39.0,,
N16000187,N16000187,138,PETROLEUM,JHARKHAND,PETROLEUM,CENTRAL / UNKNOWN,137.0,,16000088.0,cumulative_expenditure_only,2015-05,2020-03,,,2020-03,FR_march_2020.pdf,Table: Month-wise Completed Projects,25.0,1.0,58.0,,
N16000198,N16000198,186,PETROLEUM,OIL & NATURAL GAS CORPORATION LIMITED,PETROLEUM,CENTRAL / UNKNOWN,186.0,,16000198.0,cumulative_expenditure_only,2019-05,2020-03,,,2020-03,FR_march_2020.pdf,Table: Month-wise Completed Projects,28.0,1.0,10.0,,
N16000287,N16000287,139,PETROLEUM,INDIAN OIL CORPORATION LIMITED,PETROLEUM,CENTRAL / UNKNOWN,139.0,,16000287.0,cumulative_expenditure_only,2018-08,2020-03,,,2020-03,FR_march_2020.pdf,Table: Month-wise Completed Projects,25.0,1.0,19.0,,
N16000294,N16000294,(Rs. crore),CENTRAL SECTOR,Rs. crore,UNKNOWN,CENTRAL / UNKNOWN,176.0,,4.0,cumulative_expenditure_only,2019-11,2020-03,,,2020-03,FR_march_2020.pdf,Table: Month-wise Completed Projects,28.0,1.0,4.0,,
N18000035,N18000035,(Rs. crore),CENTRAL SECTOR,Rs. crore,UNKNOWN,CENTRAL / UNKNOWN,11.0,,18000035.0,cumulative_expenditure_only,2010-09,2020-03,,,2020-03,FR_march_2020.pdf,Table: Month-wise Completed Projects,19.0,1.0,114.0,,
N18000131,N18000131,12,POWER,NATIONAL THERMAL POWER CORPORATION,POWER,CENTRAL / UNKNOWN,12.0,,18000131.0,cumulative_expenditure_only,2017-01,2020-03,,,2020-03,FR_march_2020.pdf,Table: Month-wise Completed Projects,19.0,1.0,38.0,,
N18000133,N18000133,13,POWER,NATIONAL THERMAL POWER CORPORATION,POWER,CENTRAL / UNKNOWN,12.0,,18000131.0,cumulative_expenditure_only,2017-01,2020-03,,,2020-03,FR_march_2020.pdf,Table: Month-wise Completed Projects,19.0,1.0,38.0,,
N18000158,N18000158,14,POWER,POWER GRID CORPORATION OF INDIA LIMITED,POWER,CENTRAL / UNKNOWN,13.0,,18000133.0,cumulative_expenditure_only,2016-06,2020-03,,,2020-03,FR_march_2020.pdf,Table: Month-wise Completed Projects,19.0,1.0,45.0,,
N18000174,N18000174,15,POWER,1X500 MW,POWER,CENTRAL / UNKNOWN,14.0,,18000158.0,cumulative_expenditure_only,2016-12,2020-03,,,2020-03,FR_march_2020.pdf,Table: Month-wise Completed Projects,19.0,1.0,39.0,,
N18000189,N18000189,178,POWER,THDC INDIA LIMITED,POWER,CENTRAL / UNKNOWN,177.0,,180100258.0,cumulative_expenditure_only,2014-02,2020-03,,,2020-03,FR_march_2020.pdf,Table: Month-wise Completed Projects,28.0,1.0,73.0,,
N18000222,N18000222,16,POWER,POWER GRID CORPORATION OF INDIA LIMITED,POWER,CENTRAL / UNKNOWN,15.0,,18000174.0,cumulative_expenditure_only,2019-06,2020-03,,,2020-03,FR_march_2020.pdf,Table: Month-wise Completed Projects,19.0,1.0,9.0,,
N18000223,N18000223,179,POWER,"POWER GRID 
CORPORATION OF INDIA LIMITED",POWER,CENTRAL / UNKNOWN,178.0,,18000189.0,cumulative_expenditure_only,2019-04,2020-03,,,2020-03,FR_march_2020.pdf,Table: Month-wise Completed Projects,28.0,1.0,11.0,,
N18000233,N18000233,180,POWER,POWER GRID CORPORATION OF INDIA LIMITED,POWER,CENTRAL / UNKNOWN,180.0,,18000233.0,cumulative_expenditure_only,2019-03,2020-03,,,2020-03,FR_march_2020.pdf,Table: Month-wise Completed Projects,28.0,1.0,12.0,,
N18000235,N18000235,140,POWER,GUJARAT,POWER,CENTRAL / UNKNOWN,140.0,,18000235.0,cumulative_expenditure_only,2017-11,2020-03,,,2020-03,FR_march_2020.pdf,Table: Month-wise Completed Projects,25.0,1.0,28.0,,
N18000248,N18000248,181,POWER,POWER GRID CORPORATION OF INDIA LIMITED,POWER,CENTRAL / UNKNOWN,180.0,,18000233.0,cumulative_expenditure_only,2019-06,2020-03,,,2020-03,FR_march_2020.pdf,Table: Month-wise Completed Projects,28.0,1.0,9.0,,
N22000118,N22000118,(Rs. crore),CENTRAL SECTOR,Rs. crore,UNKNOWN,CENTRAL / UNKNOWN,113.0,,22000118.0,cumulative_expenditure_only,2010-12,2020-03,,,2020-03,FR_march_2020.pdf,Table: Month-wise Completed Projects,24.0,1.0,111.0,,
N22000132,N22000132,114,CENTRAL SECTOR,NORTH EASTERN RAILWAY,UNKNOWN,CENTRAL / UNKNOWN,114.0,,22000132.0,cumulative_expenditure_only,2018-08,2020-03,,,2020-03,FR_march_2020.pdf,Table: Month-wise Completed Projects,24.0,1.0,19.0,,
N22000133,N22000133,115,CENTRAL SECTOR,NORTH EASTERN RAILWAY,UNKNOWN,CENTRAL / UNKNOWN,114.0,,22000132.0,cumulative_expenditure_only,2018-08,2020-03,,,2020-03,FR_march_2020.pdf,Table: Month-wise Completed Projects,24.0,1.0,19.0,,
N22000164,N22000164,116,CENTRAL SECTOR,SOUTH EASTERN RAILWAY,UNKNOWN,CENTRAL / UNKNOWN,115.0,,22000133.0,cumulative_expenditure_only,2015-12,2020-03,,,2020-03,FR_march_2020.pdf,Table: Month-wise Completed Projects,24.0,1.0,51.0,,
N22000188,N22000188,117,CENTRAL SECTOR,SOUTHERN RAILWAY,UNKNOWN,CENTRAL / UNKNOWN,116.0,,3.0,cumulative_expenditure_only,2007-03,2020-03,,,2020-03,FR_march_2020.pdf,Table: Month-wise Completed Projects,24.0,1.0,156.0,,
N22000194,N22000194,118,CENTRAL SECTOR,NORTH EAST FRONTIER RAILWAY,UNKNOWN,CENTRAL / UNKNOWN,117.0,,22000188.0,cumulative_expenditure_only,2007-03,2020-03,,,2020-03,FR_march_2020.pdf,Table: Month-wise Completed Projects,24.0,1.0,156.0,,
N22000203,N22000203,119,CENTRAL SECTOR,SOUTHERN RAILWAY,UNKNOWN,CENTRAL / UNKNOWN,118.0,,22000194.0,cumulative_expenditure_only,2019-03,2020-03,,,2020-03,FR_march_2020.pdf,Table: Month-wise Completed Projects,24.0,1.0,12.0,,
N22000211,N22000211,120,CENTRAL SECTOR,NORTH EAST FRONTIER RAILWAY,UNKNOWN,CENTRAL / UNKNOWN,119.0,,22000203.0,cumulative_expenditure_only,2019-03,2020-03,,,2020-03,FR_march_2020.pdf,Table: Month-wise Completed Projects,24.0,1.0,12.0,,
N22000267,N22000267,121,CENTRAL SECTOR,NORTHERN RAILWAY,UNKNOWN,CENTRAL / UNKNOWN,120.0,,22000211.0,cumulative_expenditure_only,,2020-03,,,2020-03,FR_march_2020.pdf,Table: Month-wise Completed Projects,24.0,,,,
N22000290,N22000290,122,CENTRAL SECTOR,NORTHERN RAILWAY,UNKNOWN,CENTRAL / UNKNOWN,121.0,,22000267.0,cumulative_expenditure_only,,2020-03,,,2020-03,FR_march_2020.pdf,Table: Month-wise Completed Projects,24.0,,,,
N22000291,N22000291,123,CENTRAL SECTOR,NORTHERN RAILWAY,UNKNOWN,CENTRAL / UNKNOWN,123.0,,22000291.0,cumulative_expenditure_only,1999-01,2020-03,,,2020-03,FR_march_2020.pdf,Table: Month-wise Completed Projects,24.0,1.0,254.0,,
N22000303,N22000303,124,CENTRAL SECTOR,SOUTHERN RAILWAY,UNKNOWN,CENTRAL / UNKNOWN,123.0,,22000291.0,cumulative_expenditure_only,1999-01,2020-03,,,2020-03,FR_march_2020.pdf,Table: Month-wise Completed Projects,24.0,1.0,254.0,,
N22000418,N22000418,EXECUTION OF RAIL CONNECTIVITY PROJECT FOR COAL TRANSPORTATION IN ODISHA FOR MCRL,UNKNOWN,IRCON,UNKNOWN,N22000418,5200.0,,389.0,cumulative_expenditure_crore,2020-03,2020-03,,,2025-05,FR_May2025.pdf,Table 3: Completed Projects,,0.0,0.0,,
N22000439,N22000439,125,CENTRAL SECTOR,161 KM,UNKNOWN,CENTRAL / UNKNOWN,124.0,,22000303.0,cumulative_expenditure_only,2015-03,2020-03,,,2020-03,FR_march_2020.pdf,Table: Month-wise Completed Projects,24.0,1.0,60.0,,
N22000440,N22000440,126,CENTRAL SECTOR,150 KM,UNKNOWN,CENTRAL / UNKNOWN,125.0,,161.0,cumulative_expenditure_only,2014-03,2020-03,,,2020-03,FR_march_2020.pdf,Table: Month-wise Completed Projects,24.0,1.0,72.0,,
N22000446,N22000446,127,CENTRAL SECTOR,161 KM,UNKNOWN,CENTRAL / UNKNOWN,126.0,,150.0,cumulative_expenditure_only,2010-03,2020-03,,,2020-03,FR_march_2020.pdf,Table: Month-wise Completed Projects,24.0,1.0,120.0,,
N22000450,N22000450,128,CENTRAL SECTOR,INCL. AMBADUTURAI-KODAIKANNAL ROAD,UNKNOWN,CENTRAL / UNKNOWN,127.0,,161.0,cumulative_expenditure_only,2009-03,2020-03,,,2020-03,FR_march_2020.pdf,Table: Month-wise Completed Projects,24.0,1.0,132.0,,
N22000453,N22000453,129,CENTRAL SECTOR,66.55 KM,UNKNOWN,CENTRAL / UNKNOWN,129.0,,66.55,cumulative_expenditure_only,2012-03,2020-03,,,2020-03,FR_march_2020.pdf,Table: Month-wise Completed Projects,24.0,1.0,96.0,,
N22000454,N22000454,130,CENTRAL SECTOR,24 KM,UNKNOWN,CENTRAL / UNKNOWN,129.0,,66.55,cumulative_expenditure_only,2014-03,2020-03,,,2020-03,FR_march_2020.pdf,Table: Month-wise Completed Projects,24.0,1.0,72.0,,
N22000455,N22000455,131,CENTRAL SECTOR,60 KIMS.,UNKNOWN,CENTRAL / UNKNOWN,130.0,,24.0,cumulative_expenditure_only,1999-04,2020-03,,,2020-03,FR_march_2020.pdf,Table: Month-wise Completed Projects,24.0,1.0,251.0,,
N22000458,N22000458,132,CENTRAL SECTOR,NORTH EASTERN RAILWAY,UNKNOWN,CENTRAL / UNKNOWN,132.0,,22000458.0,cumulative_expenditure_only,1999-04,2020-03,,,2020-03,FR_march_2020.pdf,Table: Month-wise Completed Projects,24.0,1.0,251.0,,
N22000474,N22000474,133,CENTRAL SECTOR,RAIL CUM ROAD BRIDGE,UNKNOWN,CENTRAL / UNKNOWN,132.0,,22000458.0,cumulative_expenditure_only,2016-02,2020-03,,,2020-03,FR_march_2020.pdf,Table: Month-wise Completed Projects,24.0,1.0,49.0,,
N24000145,N24000145,17,ROAD TRANSPORT AND HIGHWAYS,BOT,ROAD TRANSPORT AND HIGHWAYS,CENTRAL / UNKNOWN,17.0,,24000145.0,cumulative_expenditure_only,2013-05,2020-03,,,2020-03,FR_march_2020.pdf,Table: Month-wise Completed Projects,19.0,1.0,82.0,,
N24000166,N24000166,(Rs. crore),CENTRAL SECTOR,Rs. crore,UNKNOWN,CENTRAL / UNKNOWN,162.0,,2.0,cumulative_expenditure_only,2013-05,2020-03,,,2020-03,FR_march_2020.pdf,Table: Month-wise Completed Projects,27.0,1.0,82.0,,
N24000180,N24000180,18,ROAD TRANSPORT AND HIGHWAYS,ANNUITY,ROAD TRANSPORT AND HIGHWAYS,CENTRAL / UNKNOWN,17.0,,24000145.0,cumulative_expenditure_only,2014-01,2020-03,,,2020-03,FR_march_2020.pdf,Table: Month-wise Completed Projects,19.0,1.0,74.0,,
N24000241,N24000241,19,ROAD TRANSPORT AND HIGHWAYS,THANAMCHERLA  TO JAMANDLAPALLY S   EPC(,ROAD TRANSPORT AND HIGHWAYS,CENTRAL / UNKNOWN,19.0,,72.6,cumulative_expenditure_only,2016-03,2020-03,,,2020-03,FR_march_2020.pdf,Table: Month-wise Completed Projects,19.0,1.0,48.0,,
N24000242,N24000242,20,ROAD TRANSPORT AND HIGHWAYS,MANGALWARPET TO MALLAPLLY SECTIO   EPC(,ROAD TRANSPORT AND HIGHWAYS,CENTRAL / UNKNOWN,19.0,,72.6,cumulative_expenditure_only,2016-03,2020-03,,,2020-03,FR_march_2020.pdf,Table: Month-wise Completed Projects,19.0,1.0,48.0,,
N24000243,N24000243,21,ROAD TRANSPORT AND HIGHWAYS,KALCTION,ROAD TRANSPORT AND HIGHWAYS,CENTRAL / UNKNOWN,21.0,,615.0,cumulative_expenditure_only,2016-03,2020-03,,,2020-03,FR_march_2020.pdf,Table: Month-wise Completed Projects,19.0,1.0,48.0,,
N24000244,N24000244,22,ROAD TRANSPORT AND HIGHWAYS,HYDERABAD TO DINDI SECTION,ROAD TRANSPORT AND HIGHWAYS,CENTRAL / UNKNOWN,21.0,,615.0,cumulative_expenditure_only,2016-03,2020-03,,,2020-03,FR_march_2020.pdf,Table: Month-wise Completed Projects,19.0,1.0,48.0,,
N24000246,N24000246,23,ROAD TRANSPORT AND HIGHWAYS,OF VIJAYAWADA-JAGDALPUR AP BORDER TO   EPC(,ROAD TRANSPORT AND HIGHWAYS,CENTRAL / UNKNOWN,22.0,,23.0,cumulative_expenditure_only,2016-03,2020-03,,,2020-03,FR_march_2020.pdf,Table: Month-wise Completed Projects,19.0,1.0,48.0,,
N24000249,N24000249,24,ROAD TRANSPORT AND HIGHWAYS,UNKNOWN,ROAD TRANSPORT AND HIGHWAYS,CENTRAL / UNKNOWN,24.0,,24000249.0,cumulative_expenditure_only,2015-12,2020-03,,,2020-03,FR_march_2020.pdf,Table: Month-wise Completed Projects,19.0,1.0,51.0,,
N24000250,N24000250,25,ROAD TRANSPORT AND HIGHWAYS,61,ROAD TRANSPORT AND HIGHWAYS,CENTRAL / UNKNOWN,25.0,,284.0,cumulative_expenditure_only,2016-11,2020-03,,,2020-03,FR_march_2020.pdf,Table: Month-wise Completed Projects,19.0,1.0,40.0,,
N24000255,N24000255,26,ROAD TRANSPORT AND HIGHWAYS,61,ROAD TRANSPORT AND HIGHWAYS,CENTRAL / UNKNOWN,25.0,,284.0,cumulative_expenditure_only,2016-11,2020-03,,,2020-03,FR_march_2020.pdf,Table: Month-wise Completed Projects,19.0,1.0,40.0,,
N24000261,N24000261,27,ROAD TRANSPORT AND HIGHWAYS,NEW NH 66,ROAD TRANSPORT AND HIGHWAYS,CENTRAL / UNKNOWN,26.0,,161.57,cumulative_expenditure_only,2017-11,2020-03,,,2020-03,FR_march_2020.pdf,Table: Month-wise Completed Projects,19.0,1.0,28.0,,
N24000262,N24000262,28,ROAD TRANSPORT AND HIGHWAYS,NEW NH-30,ROAD TRANSPORT AND HIGHWAYS,CENTRAL / UNKNOWN,28.0,,32.735,cumulative_expenditure_only,2015-02,2020-03,,,2020-03,FR_march_2020.pdf,Table: Month-wise Completed Projects,19.0,1.0,61.0,,
N24000263,N24000263,29,ROAD TRANSPORT AND HIGHWAYS,MYDUKUR  TO  DORNALA T-JUNCTION,ROAD TRANSPORT AND HIGHWAYS,CENTRAL / UNKNOWN,28.0,,32.735,cumulative_expenditure_only,2017-02,2020-03,,,2020-03,FR_march_2020.pdf,Table: Month-wise Completed Projects,19.0,1.0,37.0,,
N24000265,N24000265,30,ROAD TRANSPORT AND HIGHWAYS,ATMAKUR – NELLORE SECTION,ROAD TRANSPORT AND HIGHWAYS,CENTRAL / UNKNOWN,29.0,,589.0,cumulative_expenditure_only,2017-02,2020-03,,,2020-03,FR_march_2020.pdf,Table: Month-wise Completed Projects,19.0,1.0,37.0,,
N24000266,N24000266,31,ROAD TRANSPORT AND HIGHWAYS,UNKNOWN,ROAD TRANSPORT AND HIGHWAYS,CENTRAL / UNKNOWN,30.0,,695.0,cumulative_expenditure_only,2014-07,2020-03,,,2020-03,FR_march_2020.pdf,Table: Month-wise Completed Projects,19.0,1.0,68.0,,
N24000267,N24000267,32,ROAD TRANSPORT AND HIGHWAYS,VAGGAMPALLE- DORNALA T-JUNCTION,ROAD TRANSPORT AND HIGHWAYS,CENTRAL / UNKNOWN,32.0,,294.0,cumulative_expenditure_only,2014-07,2020-03,,,2020-03,FR_march_2020.pdf,Table: Month-wise Completed Projects,19.0,1.0,68.0,,
N24000268,N24000268,(Rs. crore),CENTRAL SECTOR,Rs. crore,UNKNOWN,CENTRAL / UNKNOWN,33.0,,641.0,cumulative_expenditure_only,2015-02,2020-03,,,2020-03,FR_march_2020.pdf,Table: Month-wise Completed Projects,20.0,1.0,61.0,,
N24000269,N24000269,34,CENTRAL SECTOR,UNKNOWN,UNKNOWN,CENTRAL / UNKNOWN,34.0,,57.0,cumulative_expenditure_only,,2020-03,,,2020-03,FR_march_2020.pdf,Table: Month-wise Completed Projects,20.0,,,,
N24000272,N24000272,35,CENTRAL SECTOR,OLD NO.205,UNKNOWN,CENTRAL / UNKNOWN,35.0,,205.0,cumulative_expenditure_only,,2020-03,,,2020-03,FR_march_2020.pdf,Table: Month-wise Completed Projects,20.0,,,,
N24000273,N24000273,36,CENTRAL SECTOR,NEW NH-30,UNKNOWN,CENTRAL / UNKNOWN,36.0,,32.735,cumulative_expenditure_only,,2020-03,,,2020-03,FR_march_2020.pdf,Table: Month-wise Completed Projects,20.0,,,,
N24000277,N24000277,37,CENTRAL SECTOR,"MINISTRY OF ROAD TRANSPORT AND HIGHWAYS (STATE 
PWDs",UNKNOWN,CENTRAL / UNKNOWN,37.0,,24000277.0,cumulative_expenditure_only,2015-03,2020-03,,,2020-03,FR_march_2020.pdf,Table: Month-wise Completed Projects,20.0,1.0,60.0,,
N24000278,N24000278,38,CENTRAL SECTOR,UNKNOWN,UNKNOWN,CENTRAL / UNKNOWN,38.0,,81.5,cumulative_expenditure_only,2015-03,2020-03,,,2020-03,FR_march_2020.pdf,Table: Month-wise Completed Projects,20.0,1.0,60.0,,
N24000279,N24000279,39,CENTRAL SECTOR,BEDMA-DAHIKONDA,UNKNOWN,CENTRAL / UNKNOWN,38.0,,81.5,cumulative_expenditure_only,2015-03,2020-03,,,2020-03,FR_march_2020.pdf,Table: Month-wise Completed Projects,20.0,1.0,60.0,,
N24000280,N24000280,40,CENTRAL SECTOR,DAHIKONDA TO JAGDALPUR,UNKNOWN,CENTRAL / UNKNOWN,39.0,,180.0,cumulative_expenditure_only,2015-03,2020-03,,,2020-03,FR_march_2020.pdf,Table: Month-wise Completed Projects,20.0,1.0,60.0,,
N24000283,N24000283,41,CENTRAL SECTOR,OLD NH-   ITEM RATE(,UNKNOWN,CENTRAL / UNKNOWN,41.0,,2.0,cumulative_expenditure_only,2012-12,2020-03,,,2020-03,FR_march_2020.pdf,Table: Month-wise Completed Projects,20.0,1.0,87.0,,
N24000284,N24000284,42,CENTRAL SECTOR,UNKNOWN,UNKNOWN,CENTRAL / UNKNOWN,42.0,,154.9,cumulative_expenditure_only,2014-11,2020-03,,,2020-03,FR_march_2020.pdf,Table: Month-wise Completed Projects,20.0,1.0,64.0,,
N24000286,N24000286,43,CENTRAL SECTOR,UNKNOWN,UNKNOWN,CENTRAL / UNKNOWN,42.0,,154.9,cumulative_expenditure_only,,2020-03,,,2020-03,FR_march_2020.pdf,Table: Month-wise Completed Projects,20.0,,,,
N24000288,N24000288,44,CENTRAL SECTOR,ZIRAKPUR TO PATIALA SEC.,UNKNOWN,CENTRAL / UNKNOWN,43.0,,246.849,cumulative_expenditure_only,,2020-03,,,2020-03,FR_march_2020.pdf,Table: Month-wise Completed Projects,20.0,,,,
N24000289,N24000289,45,CENTRAL SECTOR,ZIRAKPUR TO PATIALA SEC.,UNKNOWN,CENTRAL / UNKNOWN,45.0,,28.11,cumulative_expenditure_only,,2020-03,,,2020-03,FR_march_2020.pdf,Table: Month-wise Completed Projects,20.0,,,,
N24000290,N24000290,46,CENTRAL SECTOR,UNKNOWN,UNKNOWN,CENTRAL / UNKNOWN,45.0,,28.11,cumulative_expenditure_only,,2020-03,,,2020-03,FR_march_2020.pdf,Table: Month-wise Completed Projects,20.0,,,,
N24000291,N24000291,47,CENTRAL SECTOR,NEW NH-52,UNKNOWN,CENTRAL / UNKNOWN,47.0,,4.0,cumulative_expenditure_only,,2020-03,,,2020-03,FR_march_2020.pdf,Table: Month-wise Completed Projects,20.0,,,,
N24000292,N24000292,48,CENTRAL SECTOR,NEW NH-52,UNKNOWN,CENTRAL / UNKNOWN,48.0,,4.0,cumulative_expenditure_only,,2020-03,,,2020-03,FR_march_2020.pdf,Table: Month-wise Completed Projects,20.0,,,,
N24000293,N24000293,49,CENTRAL SECTOR,NEW NH-216,UNKNOWN,CENTRAL / UNKNOWN,49.0,,26.15,cumulative_expenditure_only,2015-05,2020-03,,,2020-03,FR_march_2020.pdf,Table: Month-wise Completed Projects,20.0,1.0,58.0,,
N24000299,N24000299,50,CENTRAL SECTOR,UNKNOWN,UNKNOWN,CENTRAL / UNKNOWN,50.0,,70.0,cumulative_expenditure_only,2015-05,2020-03,,,2020-03,FR_march_2020.pdf,Table: Month-wise Completed Projects,20.0,1.0,58.0,,
N24000300,N24000300,51,CENTRAL SECTOR,UNKNOWN,UNKNOWN,CENTRAL / UNKNOWN,50.0,,70.0,cumulative_expenditure_only,2015-05,2020-03,,,2020-03,FR_march_2020.pdf,Table: Month-wise Completed Projects,20.0,1.0,58.0,,
N24000303,N24000303,52,CENTRAL SECTOR,MARKAPURAM TO VAGGAMPALLE SECTION   EPC(,UNKNOWN,CENTRAL / UNKNOWN,51.0,,4.0,cumulative_expenditure_only,2014-06,2020-03,,,2020-03,FR_march_2020.pdf,Table: Month-wise Completed Projects,20.0,1.0,69.0,,
N24000310,N24000310,(Rs. crore),CENTRAL SECTOR,Rs. crore,UNKNOWN,CENTRAL / UNKNOWN,53.0,,68.0,cumulative_expenditure_only,2017-07,2020-03,,,2020-03,FR_march_2020.pdf,Table: Month-wise Completed Projects,21.0,1.0,32.0,,
N24000329,N24000329,54,CENTRAL SECTOR,"NATIONAL HIGHWAYS AND INFRASTRUCTURE DEVELOPMENT 
CORPORATION Ltd.",UNKNOWN,CENTRAL / UNKNOWN,54.0,,55.0,cumulative_expenditure_only,2017-04,2020-03,,,2020-03,FR_march_2020.pdf,Table: Month-wise Completed Projects,21.0,1.0,35.0,,
N24000330,N24000330,55,CENTRAL SECTOR,231,UNKNOWN,CENTRAL / UNKNOWN,55.0,,231.0,cumulative_expenditure_only,2016-10,2020-03,,,2020-03,FR_march_2020.pdf,Table: Month-wise Completed Projects,21.0,1.0,41.0,,
N24000336,N24000336,56,CENTRAL SECTOR,330,UNKNOWN,CENTRAL / UNKNOWN,56.0,,46.47,cumulative_expenditure_only,2016-10,2020-03,,,2020-03,FR_march_2020.pdf,Table: Month-wise Completed Projects,21.0,1.0,41.0,,
N24000369,N24000369,57,CENTRAL SECTOR,"MINISTRY 
OF ROAD TRANSPORT AND HIGHWAYS (STATE PWDs",UNKNOWN,CENTRAL / UNKNOWN,57.0,,2.0,cumulative_expenditure_only,2016-10,2020-03,,,2020-03,FR_march_2020.pdf,Table: Month-wise Completed Projects,21.0,1.0,41.0,,
N24000370,N24000370,58,CENTRAL SECTOR,NEW NH-07,UNKNOWN,CENTRAL / UNKNOWN,58.0,,4.0,cumulative_expenditure_only,,2020-03,,,2020-03,FR_march_2020.pdf,Table: Month-wise Completed Projects,21.0,,,,
N24000372,N24000372,59,CENTRAL SECTOR,NEW NH-07,UNKNOWN,CENTRAL / UNKNOWN,59.0,,4.0,cumulative_expenditure_only,,2020-03,,,2020-03,FR_march_2020.pdf,Table: Month-wise Completed Projects,21.0,,,,
N24000374,N24000374,60,CENTRAL SECTOR,EPC(,UNKNOWN,CENTRAL / UNKNOWN,60.0,,4.0,cumulative_expenditure_only,2016-10,2020-03,,,2020-03,FR_march_2020.pdf,Table: Month-wise Completed Projects,21.0,1.0,41.0,,
N24000377,N24000377,61,CENTRAL SECTOR,"MINISTRY OF ROAD 
TRANSPORT AND HIGHWAYS (STATE PWDs",UNKNOWN,CENTRAL / UNKNOWN,61.0,,99.0,cumulative_expenditure_only,2016-10,2020-03,,,2020-03,FR_march_2020.pdf,Table: Month-wise Completed Projects,21.0,1.0,41.0,,
N24000380,N24000380,141,ROAD TRANSPORT AND HIGHWAYS,4L,ROAD TRANSPORT AND HIGHWAYS,CENTRAL / UNKNOWN,141.0,,4.0,cumulative_expenditure_only,2015-05,2020-03,,,2020-03,FR_march_2020.pdf,Table: Month-wise Completed Projects,25.0,1.0,58.0,,
N24000381,N24000381,62,CENTRAL SECTOR,2L,UNKNOWN,CENTRAL / UNKNOWN,62.0,,2.0,cumulative_expenditure_only,2016-02,2020-03,,,2020-03,FR_march_2020.pdf,Table: Month-wise Completed Projects,21.0,1.0,49.0,,
N24000383,N24000383,63,CENTRAL SECTOR,EPC(,UNKNOWN,CENTRAL / UNKNOWN,62.0,,2.0,cumulative_expenditure_only,,2020-03,,,2020-03,FR_march_2020.pdf,Table: Month-wise Completed Projects,21.0,,,,
N24000384,N24000384,64,CENTRAL SECTOR,EXISTING KM.106.170 TO 116.950,UNKNOWN,CENTRAL / UNKNOWN,64.0,,106.17,cumulative_expenditure_only,,2020-03,,,2020-03,FR_march_2020.pdf,Table: Month-wise Completed Projects,21.0,,,,
N24000387,N24000387,65,CENTRAL SECTOR,"19.26 
KM",UNKNOWN,CENTRAL / UNKNOWN,64.0,,106.17,cumulative_expenditure_only,2011-02,2020-03,,,2020-03,FR_march_2020.pdf,Table: Month-wise Completed Projects,21.0,1.0,109.0,,
N24000390,N24000390,66,CENTRAL SECTOR,UNKNOWN,UNKNOWN,CENTRAL / UNKNOWN,66.0,,2.0,cumulative_expenditure_only,2011-02,2020-03,,,2020-03,FR_march_2020.pdf,Table: Month-wise Completed Projects,21.0,1.0,109.0,,
N24000393,N24000393,67,CENTRAL SECTOR,"MINISTRY OF ROAD 
TRANSPORT AND HIGHWAYS (STATE PWDs",UNKNOWN,CENTRAL / UNKNOWN,67.0,,24000393.0,cumulative_expenditure_only,2018-03,2020-03,,,2020-03,FR_march_2020.pdf,Table: Month-wise Completed Projects,21.0,1.0,24.0,,
N24000394,N24000394,68,CENTRAL SECTOR,UNKNOWN,UNKNOWN,CENTRAL / UNKNOWN,68.0,,78.0,cumulative_expenditure_only,2017-05,2020-03,,,2020-03,FR_march_2020.pdf,Table: Month-wise Completed Projects,21.0,1.0,34.0,,
N24000399,N24000399,69,CENTRAL SECTOR,"MINISTRY OF 
ROAD TRANSPORT AND HIGHWAYS (STATE PWDs",UNKNOWN,CENTRAL / UNKNOWN,68.0,,78.0,cumulative_expenditure_only,2017-05,2020-03,,,2020-03,FR_march_2020.pdf,Table: Month-wise Completed Projects,21.0,1.0,34.0,,
N24000403,N24000403,70,CENTRAL SECTOR,"MINISTRY OF 
ROAD TRANSPORT AND HIGHWAYS (STATE PWDs",UNKNOWN,CENTRAL / UNKNOWN,70.0,,43.0,cumulative_expenditure_only,2016-10,2020-03,,,2020-03,FR_march_2020.pdf,Table: Month-wise Completed Projects,21.0,1.0,41.0,,
N24000404,N24000404,71,CENTRAL SECTOR,UNKNOWN,UNKNOWN,CENTRAL / UNKNOWN,71.0,,24000404.0,cumulative_expenditure_only,,2020-03,,,2020-03,FR_march_2020.pdf,Table: Month-wise Completed Projects,21.0,,,,
N24000405,N24000405,(Rs. crore),CENTRAL SECTOR,Rs. crore,UNKNOWN,CENTRAL / UNKNOWN,72.0,,24000405.0,cumulative_expenditure_only,2016-05,2020-03,,,2020-03,FR_march_2020.pdf,Table: Month-wise Completed Projects,22.0,1.0,46.0,,
N24000406,N24000406,73,CENTRAL SECTOR,"MINISTRY OF ROAD TRANSPORT AND HIGHWAYS (STATE 
PWDs",UNKNOWN,CENTRAL / UNKNOWN,73.0,,2.0,cumulative_expenditure_only,2016-05,2020-03,,,2020-03,FR_march_2020.pdf,Table: Month-wise Completed Projects,22.0,1.0,46.0,,
N24000409,N24000409,74,CENTRAL SECTOR,"MINISTRY OF ROAD TRANSPORT AND HIGHWAYS (STATE 
PWDs",UNKNOWN,CENTRAL / UNKNOWN,74.0,,24000409.0,cumulative_expenditure_only,2018-02,2020-03,,,2020-03,FR_march_2020.pdf,Table: Month-wise Completed Projects,22.0,1.0,25.0,,
N24000410,N24000410,75,CENTRAL SECTOR,UNKNOWN,UNKNOWN,CENTRAL / UNKNOWN,75.0,,89.0,cumulative_expenditure_only,2017-12,2020-03,,,2020-03,FR_march_2020.pdf,Table: Month-wise Completed Projects,22.0,1.0,27.0,,
N24000416,N24000416,76,CENTRAL SECTOR,UNKNOWN,UNKNOWN,CENTRAL / UNKNOWN,75.0,,89.0,cumulative_expenditure_only,2015-04,2020-03,,,2020-03,FR_march_2020.pdf,Table: Month-wise Completed Projects,22.0,1.0,59.0,,
N24000418,N24000418,77,CENTRAL SECTOR,"MINISTRY OF ROAD 
TRANSPORT AND HIGHWAYS (STATE PWDs",UNKNOWN,CENTRAL / UNKNOWN,76.0,,70.0,cumulative_expenditure_only,2017-03,2020-03,,,2020-03,FR_march_2020.pdf,Table: Month-wise Completed Projects,22.0,1.0,36.0,,
N24000419,N24000419,78,CENTRAL SECTOR,19.06 KM,UNKNOWN,CENTRAL / UNKNOWN,78.0,,229.0,cumulative_expenditure_only,2010-09,2020-03,,,2020-03,FR_march_2020.pdf,Table: Month-wise Completed Projects,22.0,1.0,114.0,,
N24000420,N24000420,79,CENTRAL SECTOR,20.40 KM,UNKNOWN,CENTRAL / UNKNOWN,79.0,,20.4,cumulative_expenditure_only,2010-09,2020-03,,,2020-03,FR_march_2020.pdf,Table: Month-wise Completed Projects,22.0,1.0,114.0,,
N24000421,N24000421,80,CENTRAL SECTOR,"NATIONAL HIGHWAYS AND 
INFRASTRUCTURE DEVELOPMENT CORPORATION Ltd.",UNKNOWN,CENTRAL / UNKNOWN,80.0,,2.0,cumulative_expenditure_only,2018-05,2020-03,,,2020-03,FR_march_2020.pdf,Table: Month-wise Completed Projects,22.0,1.0,22.0,,
N24000446,N24000446,163,CENTRAL SECTOR,PKG-III,UNKNOWN,CENTRAL / UNKNOWN,163.0,,24000446.0,cumulative_expenditure_only,2018-03,2020-03,,,2020-03,FR_march_2020.pdf,Table: Month-wise Completed Projects,27.0,1.0,24.0,,
N24000447,N24000447,81,CENTRAL SECTOR,RIWA,UNKNOWN,CENTRAL / UNKNOWN,81.0,,4.0,cumulative_expenditure_only,2015-02,2020-03,,,2020-03,FR_march_2020.pdf,Table: Month-wise Completed Projects,22.0,1.0,61.0,,
N24000450,N24000450,164,CENTRAL SECTOR,PKG-II,UNKNOWN,CENTRAL / UNKNOWN,164.0,,24000450.0,cumulative_expenditure_only,2018-03,2020-03,,,2020-03,FR_march_2020.pdf,Table: Month-wise Completed Projects,27.0,1.0,24.0,,
N24000472,N24000472,165,CENTRAL SECTOR,NATIONAL HIGHWAYS AUTHORITY OF INDIA,UNKNOWN,CENTRAL / UNKNOWN,165.0,,24000472.0,cumulative_expenditure_only,2006-06,2020-03,,,2020-03,FR_march_2020.pdf,Table: Month-wise Completed Projects,27.0,1.0,165.0,,
N24000474,N24000474,82,CENTRAL SECTOR,UNKNOWN,UNKNOWN,CENTRAL / UNKNOWN,81.0,,4.0,cumulative_expenditure_only,2017-05,2020-03,,,2020-03,FR_march_2020.pdf,Table: Month-wise Completed Projects,22.0,1.0,34.0,,
N24000476,N24000476,83,CENTRAL SECTOR,NATIONAL HIGHWAYS AUTHORITY OF INDIA,UNKNOWN,CENTRAL / UNKNOWN,82.0,,477.0,cumulative_expenditure_only,2017-05,2020-03,,,2020-03,FR_march_2020.pdf,Table: Month-wise Completed Projects,22.0,1.0,34.0,,
N24000512,N24000512,84,CENTRAL SECTOR,EPC MODE,UNKNOWN,CENTRAL / UNKNOWN,84.0,,505.0,cumulative_expenditure_only,,2020-03,,,2020-03,FR_march_2020.pdf,Table: Month-wise Completed Projects,22.0,,,,
N24000526,N24000526,85,CENTRAL SECTOR,UNKNOWN,UNKNOWN,CENTRAL / UNKNOWN,85.0,,24000526.0,cumulative_expenditure_only,,2020-03,,,2020-03,FR_march_2020.pdf,Table: Month-wise Completed Projects,22.0,,,,
N24000529,N24000529,86,CENTRAL SECTOR,EPC MODE,UNKNOWN,CENTRAL / UNKNOWN,86.0,,505.0,cumulative_expenditure_only,2014-03,2020-03,,,2020-03,FR_march_2020.pdf,Table: Month-wise Completed Projects,22.0,1.0,72.0,,
N24000536,N24000536,87,CENTRAL SECTOR,MINISTRY OF ROAD TRANSPORT AND HIGHWAYS (STATE PWDs,UNKNOWN,CENTRAL / UNKNOWN,87.0,,2.0,cumulative_expenditure_only,2014-03,2020-03,,,2020-03,FR_march_2020.pdf,Table: Month-wise Completed Projects,22.0,1.0,72.0,,
N24000538,N24000538,88,CENTRAL SECTOR,UNKNOWN,UNKNOWN,CENTRAL / UNKNOWN,88.0,,101.0,cumulative_expenditure_only,2014-11,2020-03,,,2020-03,FR_march_2020.pdf,Table: Month-wise Completed Projects,22.0,1.0,64.0,,
N24000561,N24000561,89,CENTRAL SECTOR,"NATIONAL 
HIGHWAYS AUTHORITY OF INDIA",UNKNOWN,CENTRAL / UNKNOWN,88.0,,101.0,cumulative_expenditure_only,2014-11,2020-03,,,2020-03,FR_march_2020.pdf,Table: Month-wise Completed Projects,22.0,1.0,64.0,,
N24000573,N24000573,90,CENTRAL SECTOR,"MINISTRY 
OF ROAD TRANSPORT AND HIGHWAYS (STATE PWDs",UNKNOWN,CENTRAL / UNKNOWN,90.0,,2.0,cumulative_expenditure_only,2014-08,2020-03,,,2020-03,FR_march_2020.pdf,Table: Month-wise Completed Projects,22.0,1.0,67.0,,
N24000609,N24000609,166,CENTRAL SECTOR,PKG-I,UNKNOWN,CENTRAL / UNKNOWN,165.0,,24000472.0,cumulative_expenditure_only,2019-12,2020-03,,,2020-03,FR_march_2020.pdf,Table: Month-wise Completed Projects,27.0,1.0,3.0,,
N24000615,N24000615,(Rs. crore),CENTRAL SECTOR,Rs. crore,UNKNOWN,CENTRAL / UNKNOWN,91.0,,2.0,cumulative_expenditure_only,2016-06,2020-03,,,2020-03,FR_march_2020.pdf,Table: Month-wise Completed Projects,23.0,1.0,45.0,,
N24000647,N24000647,92,CENTRAL SECTOR,"MINISTRY 
OF ROAD TRANSPORT AND HIGHWAYS (STATE PWDs",UNKNOWN,CENTRAL / UNKNOWN,92.0,,2.0,cumulative_expenditure_only,2016-05,2020-03,,,2020-03,FR_march_2020.pdf,Table: Month-wise Completed Projects,23.0,1.0,46.0,,
N24000856,N24000856,93,CENTRAL SECTOR,UNKNOWN,UNKNOWN,CENTRAL / UNKNOWN,93.0,,2.0,cumulative_expenditure_only,2015-02,2020-03,,,2020-03,FR_march_2020.pdf,Table: Month-wise Completed Projects,23.0,1.0,61.0,,
N24000918,N24000918,(Rs. crore),CENTRAL SECTOR,Rs. crore,UNKNOWN,CENTRAL / UNKNOWN,148.0,,2.0,cumulative_expenditure_only,2015-10,2020-03,,,2020-03,FR_march_2020.pdf,Table: Month-wise Completed Projects,26.0,1.0,53.0,,
N24000919,N24000919,149,CENTRAL SECTOR,"NABARANGPUR TO 
KOKSARA",UNKNOWN,CENTRAL / UNKNOWN,149.0,,2.0,cumulative_expenditure_only,2015-10,2020-03,,,2020-03,FR_march_2020.pdf,Table: Month-wise Completed Projects,26.0,1.0,53.0,,
N24000924,N24000924,150,CENTRAL SECTOR,"MINISTRY OF ROAD 
TRANSPORT AND HIGHWAYS (STATE PWDs",UNKNOWN,CENTRAL / UNKNOWN,150.0,,2.0,cumulative_expenditure_only,2015-11,2020-03,,,2020-03,FR_march_2020.pdf,Table: Month-wise Completed Projects,26.0,1.0,52.0,,
N24000971,N24000971,151,CENTRAL SECTOR,"NH2    (MINISTRY 
OF ROAD TRANSPORT AND HIGHWAYS (STATE PWDs",UNKNOWN,CENTRAL / UNKNOWN,151.0,,195.0,cumulative_expenditure_only,2017-07,2020-03,,,2020-03,FR_march_2020.pdf,Table: Month-wise Completed Projects,26.0,1.0,32.0,,
N24001142,N24001142,94,CENTRAL SECTOR,"MINISTRY 
OF ROAD TRANSPORT AND HIGHWAYS (STATE PWDs",UNKNOWN,CENTRAL / UNKNOWN,94.0,,38.0,cumulative_expenditure_only,2018-06,2020-03,,,2020-03,FR_march_2020.pdf,Table: Month-wise Completed Projects,23.0,1.0,21.0,,
N26000110,N26000110,142,TELECOMMUNICATIONS,LOT1,TELECOMMUNICATIONS,CENTRAL / UNKNOWN,142.0,,26000110.0,cumulative_expenditure_only,2018-05,2020-03,,,2020-03,FR_march_2020.pdf,Table: Month-wise Completed Projects,25.0,1.0,22.0,,
N28000112,N28000112,C/O NEW HOSPITAL BLOCK FOR SREE CHITRA TIRUNAL INSTITIUTE OF MEDICAL SCIENCE AND TECHNOLOGY HOME AFFAIRS,UNKNOWN,CPWD FOR HEALTH,UNKNOWN,N28000112,150.29,,162.52,cumulative_expenditure_crore,2020-03,2020-03,,,2025-05,FR_May2025.pdf,Table 3: Completed Projects,,0.0,0.0,,
N30000005,N30000005,182,WATER RESOURCES,Uttar Pradesh Jal Nigam,WATER RESOURCES,CENTRAL / UNKNOWN,182.0,,30000005.0,cumulative_expenditure_only,2019-09,2020-03,,,2020-03,FR_march_2020.pdf,Table: Month-wise Completed Projects,28.0,1.0,6.0,,
618876,NAN,"4L of Nagina-Kashipur section from km. 73.00 to km. 175.00 of NH-74 Multi-States (Uttar Pradesh, Uttarakhand)",UNKNOWN,National Highways Authority of India [NHAI],UNKNOWN,(10/2017),2125.03,2531.19,496.78,revised_cost_crore,2026-02,2020-04,,,2026-03,FlashReport_March_2026.pdf,Table 3: Completed Projects,,0.0,-70.0,1.0,19.11314193211389
N12000094,N12000094,1,STEEL,STEEL AUTHORITY OF INDIA LIMITED (SAIL,STEEL,CENTRAL / UNKNOWN,12000094.0,,3127.3,cumulative_expenditure_only,2018-04,2020-04,,,2021-03,FR_mar_2021.pdf,Table: Month-wise Completed Projects,24.0,1.0,24.0,,
N16000131,N16000131,2,PETROLEUM,OIL & NATURAL GAS CORPORATION LIMITED,PETROLEUM,CENTRAL / UNKNOWN,2.0,,16000131.0,cumulative_expenditure_only,2015-03,2020-04,,,2021-03,FR_mar_2021.pdf,Table: Month-wise Completed Projects,24.0,1.0,61.0,,
N16000197,N16000197,3,PETROLEUM,MHS,PETROLEUM,CENTRAL / UNKNOWN,2.0,,16000131.0,cumulative_expenditure_only,2019-04,2020-04,,,2021-03,FR_mar_2021.pdf,Table: Month-wise Completed Projects,24.0,1.0,12.0,,
N16000212,N16000212,4,PETROLEUM,OIL & NATURAL GAS CORPORATION LIMITED,PETROLEUM,CENTRAL / UNKNOWN,3.0,,16000197.0,cumulative_expenditure_only,2017-12,2020-04,,,2021-03,FR_mar_2021.pdf,Table: Month-wise Completed Projects,24.0,1.0,28.0,,
N16000243,N16000243,5,PETROLEUM,INDIAN OIL CORPORATION LIMITED,PETROLEUM,CENTRAL / UNKNOWN,5.0,,16000243.0,cumulative_expenditure_only,2019-11,2020-04,,,2021-03,FR_mar_2021.pdf,Table: Month-wise Completed Projects,24.0,1.0,5.0,,
N16000254,N16000254,6,PETROLEUM,INDIAN OIL CORPORATION LIMITED,PETROLEUM,CENTRAL / UNKNOWN,5.0,,16000243.0,cumulative_expenditure_only,2020-06,2020-04,,,2021-03,FR_mar_2021.pdf,Table: Month-wise Completed Projects,24.0,0.0,-2.0,,
N16000292,N16000292,7,PETROLEUM,OIL & NATURAL GAS CORPORATION LIMITED,PETROLEUM,CENTRAL / UNKNOWN,6.0,,16000254.0,cumulative_expenditure_only,2019-11,2020-04,,,2021-03,FR_mar_2021.pdf,Table: Month-wise Completed Projects,24.0,1.0,5.0,,
N16000310,N16000310,8,PETROLEUM,INDIAN OIL CORPORATION LIMITED,PETROLEUM,CENTRAL / UNKNOWN,8.0,,16000310.0,cumulative_expenditure_only,2019-09,2020-04,,,2021-03,FR_mar_2021.pdf,Table: Month-wise Completed Projects,24.0,1.0,7.0,,
N16000320,N16000320,9,PETROLEUM,INDIAN OIL CORPORATION LIMITED,PETROLEUM,CENTRAL / UNKNOWN,8.0,,16000310.0,cumulative_expenditure_only,2019-09,2020-04,,,2021-03,FR_mar_2021.pdf,Table: Month-wise Completed Projects,24.0,1.0,7.0,,
N16000322,N16000322,10,PETROLEUM,PHASE-I,PETROLEUM,CENTRAL / UNKNOWN,9.0,,16000320.0,cumulative_expenditure_only,2019-09,2020-04,,,2021-03,FR_mar_2021.pdf,Table: Month-wise Completed Projects,24.0,1.0,7.0,,
N16000325,N16000325,11,PETROLEUM,INDIAN OIL CORPORATION LIMITED,PETROLEUM,CENTRAL / UNKNOWN,10.0,,16000322.0,cumulative_expenditure_only,2019-07,2020-04,,,2021-03,FR_mar_2021.pdf,Table: Month-wise Completed Projects,24.0,1.0,9.0,,
N16000330,N16000330,12,PETROLEUM,CGD,PETROLEUM,CENTRAL / UNKNOWN,11.0,,16000325.0,cumulative_expenditure_only,2022-10,2020-04,,,2021-03,FR_mar_2021.pdf,Table: Month-wise Completed Projects,24.0,0.0,-30.0,,
N16000366,N16000366,13,PETROLEUM,"HINDUSTAN 
PETROLEUM CORPORATION LIMITED",PETROLEUM,CENTRAL / UNKNOWN,12.0,,16000330.0,cumulative_expenditure_only,2019-11,2020-04,,,2021-03,FR_mar_2021.pdf,Table: Month-wise Completed Projects,24.0,1.0,5.0,,
N24000704,N24000704,4-LANNING OF THALSERRY -MAHE BYPASS,UNKNOWN,NHAI,UNKNOWN,N24000704,1124.11,,1527.28,cumulative_expenditure_crore,2020-05,2020-05,,,2025-06,FR_JUNE_2025.pdf,Table 3: Completed Projects,,0.0,0.0,,
N24001097,N24001097,SELDOH TO PANVAR,UNKNOWN,MoRTH,UNKNOWN,N24001097,404.33,,140.65,cumulative_expenditure_crore,2020-05,2020-05,,,2025-04,FRApril2025.pdf,Table 3: Completed Projects,,0.0,0.0,,
618132,N24000989,Widening & strengthening of existing carriageway in 2 lane with paved shoulders from km 25/0 to 59/2 design Ch km 25.467 to 59.200 of NH - 353C on EPC mode in the state of Telangana,UNKNOWN,MoRTH,UNKNOWN,Telangana (06/2018),206.13,,318.62,cumulative_expenditure_crore,2025-01,2020-06,,,2026-06,FlashReport_June_2026.pdf,Table 3: Completed Projects,,0.0,-55.0,,
N06000079,N06000079,14,COAL,SINGARENI COLLIERS COMPANY LIMITTED,COAL,CENTRAL / UNKNOWN,14.0,,6000079.0,cumulative_expenditure_only,2015-03,2020-06,,,2021-03,FR_mar_2021.pdf,Table: Month-wise Completed Projects,24.0,1.0,63.0,,
N06000100,N06000100,15,COAL,PHASE -II,COAL,CENTRAL / UNKNOWN,14.0,,6000079.0,cumulative_expenditure_only,2015-06,2020-06,,,2021-03,FR_mar_2021.pdf,Table: Month-wise Completed Projects,24.0,1.0,60.0,,
N24001079,N24001079,ARDHAPUR TO HIMAYATNAGAR,UNKNOWN,MoRTH,UNKNOWN,N24001079,426.06,,268.96,cumulative_expenditure_crore,2020-06,2020-06,,,2025-06,FR_JUNE_2025.pdf,Table 3: Completed Projects,,0.0,0.0,,
618897,N24000708,4L of Sethiyathope -Cholapuram section from Km. 65.960 to Km. 116.440 section of NH45 C Pkg-II,UNKNOWN,NHAI,UNKNOWN,Tamil Nadu (08/2018),2356.19,2356.9,1697.35,revised_cost_crore,2025-11,2020-08,,,2026-06,FlashReport_June_2026.pdf,Table 3: Completed Projects,,0.0,-63.0,1.0,0.030133393317178854
N06000080,N06000080,39,COAL,SINGARENI COLLIERS COMPANY LIMITTED,COAL,CENTRAL / UNKNOWN,39.0,,6000080.0,cumulative_expenditure_only,2012-03,2020-08,,,2021-03,FR_mar_2021.pdf,Table: Month-wise Completed Projects,26.0,1.0,101.0,,
N12000109,N12000109,47,URBAN DEVELOPMENT,"HINDUSTAN 
STEELWORK CONSTRUCTION LIMITED",URBAN DEVELOPMENT,CENTRAL / UNKNOWN,47.0,,12000109.0,cumulative_expenditure_only,2016-06,2020-08,,,2021-03,FR_mar_2021.pdf,Table: Month-wise Completed Projects,26.0,1.0,50.0,,
N16000184,N16000184,40,PETROLEUM,CHENNAI PETROLEUM CORPORATION LIMITED,PETROLEUM,CENTRAL / UNKNOWN,40.0,,16000184.0,cumulative_expenditure_only,2015-11,2020-08,,,2021-03,FR_mar_2021.pdf,Table: Month-wise Completed Projects,26.0,1.0,57.0,,
N16000255,N16000255,41,PETROLEUM,"MANGALORE REFINERY AND 
PETROCHEMICALS LIMITED",PETROLEUM,CENTRAL / UNKNOWN,40.0,,16000184.0,cumulative_expenditure_only,2019-04,2020-08,,,2021-03,FR_mar_2021.pdf,Table: Month-wise Completed Projects,26.0,1.0,16.0,,
N16000256,N16000256,42,PETROLEUM,MANGALORE REFINERY AND PETROCHEMICALS LIMITED,PETROLEUM,CENTRAL / UNKNOWN,42.0,,16000256.0,cumulative_expenditure_only,2019-03,2020-08,,,2021-03,FR_mar_2021.pdf,Table: Month-wise Completed Projects,26.0,1.0,17.0,,
N16000260,N16000260,43,PETROLEUM,"BHARAT 
PETROLEUM CORPORATION LIMITED",PETROLEUM,CENTRAL / UNKNOWN,43.0,,100.0,cumulative_expenditure_only,2020-02,2020-08,,,2021-03,FR_mar_2021.pdf,Table: Month-wise Completed Projects,26.0,1.0,6.0,,
N16000298,N16000298,44,POWER,OIL INDIA LIMITED,POWER,CENTRAL / UNKNOWN,44.0,,50.0,cumulative_expenditure_only,2017-06,2020-08,,,2021-03,FR_mar_2021.pdf,Table: Month-wise Completed Projects,26.0,1.0,38.0,,
N16000354,N16000354,45,POWER,INDIAN OIL CORPORATION LIMITED,POWER,CENTRAL / UNKNOWN,44.0,,50.0,cumulative_expenditure_only,2019-09,2020-08,,,2021-03,FR_mar_2021.pdf,Table: Month-wise Completed Projects,26.0,1.0,11.0,,
N18000148,N18000148,46,POWER,OIL INDIA LIMITED,POWER,CENTRAL / UNKNOWN,45.0,,120.0,cumulative_expenditure_only,2015-03,2020-08,,,2021-03,FR_mar_2021.pdf,Table: Month-wise Completed Projects,26.0,1.0,65.0,,
N24000941,N24000941,REHABILITATION AND UPGRADATION TO 2 LANE WITH PAVED SHOULDER OF MOGA (DESIGN CH 0.000) TO MAKHU (DES,UNKNOWN,DESIGN CH 0.000,UNKNOWN,MoRTH,293.64,,295.46,cumulative_expenditure_crore,2020-08,2020-08,,,2025-04,FRApril2025.pdf,Table 3: Completed Projects,,0.0,0.0,,
617992,N24001281,Rehabilitation & upgradation of NH - 167 from design km 187.723 to 234.434 Miryalaguda to Kodad section to two lane with paved shoulder on EPC mode in the state of Telangana,UNKNOWN,MoRTH,UNKNOWN,Telangana (09/2018),322.81,322.81,154.47,revised_cost_crore,2026-01,2020-09,,,2026-06,FlashReport_June_2026.pdf,Table 3: Completed Projects,,0.0,-64.0,0.0,0.0
618329,N24001281,Construction of 4/6 Laning from Km 132.375 to Km 153.058 Total New Alignment length of 20.683 Km of Daboka-Dimapur Section Dimapur Bypass Nagaland Portion of NH-36 & 39 in the State of Nagaland on EPC basis under PhaseA of SARDP-NE,UNKNOWN,NHIDCL,UNKNOWN,Nagaland (09/2017),819.39,,635.0,cumulative_expenditure_crore,2025-09,2020-09,,,2026-06,FlashReport_June_2026.pdf,Table 3: Completed Projects,,0.0,-60.0,,
N28000088,N28000088,53,STEEL,"CENTRAL PUBLIC WORKS 
DEPARTMENT",STEEL,CENTRAL / UNKNOWN,53.0,,28000088.0,cumulative_expenditure_only,2017-05,2020-09,,,2021-03,FR_mar_2021.pdf,Table: Month-wise Completed Projects,27.0,1.0,40.0,,
N06000066,N06000066,54,COAL,REVISED,COAL,CENTRAL / UNKNOWN,54.0,,6000066.0,cumulative_expenditure_only,2020-03,2020-10,,,2021-03,FR_mar_2021.pdf,Table: Month-wise Completed Projects,27.0,1.0,7.0,,
N06000181,N06000181,55,COAL,WESTERN COAL FIELDS LIMITED,COAL,CENTRAL / UNKNOWN,54.0,,6000066.0,cumulative_expenditure_only,2019-03,2020-10,,,2021-03,FR_mar_2021.pdf,Table: Month-wise Completed Projects,27.0,1.0,19.0,,
N24000768,N24000768,CONSTRUCTION OF 2-LANE WITH PAVED SHOULDER INCLUDING GEOMETRIC IMPROVEMENT FROM KM 16.000 TO KM 32.5,UNKNOWN,NHIDCL,UNKNOWN,N24000768,290.05,,218.36,cumulative_expenditure_crore,2020-10,2020-10,,,2025-06,FR_JUNE_2025.pdf,Table 3: Completed Projects,,0.0,0.0,,
617973,N24001228,Strengthening and widening of existing 2 lane road to two lane paved shoulder from km 7.750 to 26.542 & km. 32.093 to 45.786 of NH-130 on EPC mode in the state of chhattisgarh.job No. 130-CG-2017-18-348,UNKNOWN,MoRTH,UNKNOWN,Chhattisgarh (05/2019),188.8,,107.79,cumulative_expenditure_crore,2023-06,2020-11,,,2026-06,FlashReport_June_2026.pdf,Table 3: Completed Projects,,0.0,-31.0,,
N24000741,N24000741,CONSTRUCTION AND UPGRADATION OF EXISTING ROAD TO 2 LANE WITH PAVED SHOULDER FROM KM 368.00 TO KM 399,UNKNOWN,NHIDCL,UNKNOWN,N24000741,274.31,,253.61,cumulative_expenditure_crore,2020-11,2020-11,,,2025-06,FR_JUNE_2025.pdf,Table 3: Completed Projects,,0.0,0.0,,
N24001179,N24001179,CONSTRUCTION OF 2 LANE WITH PAVED SHOULDER FROM KM. 168 TO 183.783 (YESEMYONG TO UNGER) ON MOKOKCHUN,UNKNOWN,YESEMYONG TO UNGER,UNKNOWN,MoRTH,217.35,,214.18,cumulative_expenditure_crore,2020-11,2020-11,,,2025-05,FR_May2025.pdf,Table 3: Completed Projects,,0.0,0.0,,
619115,NAN,4L of Byrapura to Challakere Section from km 308.550 to km 358.500 of NH-150 A,UNKNOWN,National Highways Authority of India [NHAI],UNKNOWN,Karnataka (12/2018),796.77,1195.54,430.26,revised_cost_crore,2026-03,2020-12,,,2026-03,FlashReport_March_2026.pdf,Table 3: Completed Projects,,0.0,-63.0,1.0,50.048320092372954
N06000114,N06000114,56,COAL,6.00 MTY,COAL,CENTRAL / UNKNOWN,2020.0,,56.0,cumulative_expenditure_only,2020-12,2020-12,,,2021-03,FR_mar_2021.pdf,Table: Month-wise Completed Projects,27.0,0.0,0.0,,
N16000277,N16000277,57,PETROLEUM,7 NOS,PETROLEUM,CENTRAL / UNKNOWN,57.0,,7.0,cumulative_expenditure_only,2019-01,2020-12,,,2021-03,FR_mar_2021.pdf,Table: Month-wise Completed Projects,27.0,1.0,23.0,,
N16000284,N16000284,58,PETROLEUM,INDIAN OIL CORPORATION LIMITED,PETROLEUM,CENTRAL / UNKNOWN,58.0,,220.0,cumulative_expenditure_only,2020-07,2020-12,,,2021-03,FR_mar_2021.pdf,Table: Month-wise Completed Projects,27.0,1.0,5.0,,
N24000505,N24000505,59,ROAD TRANSPORT AND HIGHWAYS,BOT,ROAD TRANSPORT AND HIGHWAYS,CENTRAL / UNKNOWN,59.0,,426.1,cumulative_expenditure_only,2019-01,2020-12,,,2021-03,FR_mar_2021.pdf,Table: Month-wise Completed Projects,27.0,1.0,23.0,,
N24000669,N24000669,60,ROAD TRANSPORT AND HIGHWAYS,"FROM KM 2.9 TO KM 
26.00",ROAD TRANSPORT AND HIGHWAYS,CENTRAL / UNKNOWN,60.0,,4.0,cumulative_expenditure_only,2020-03,2020-12,,,2021-03,FR_mar_2021.pdf,Table: Month-wise Completed Projects,27.0,1.0,9.0,,
618548,N24000717,Stand-alone Ring road/bypass around Jammu City from Raya Morh km. -0.687 to Jagti km. 57.568 Jammu and Kashmir 12/2017,UNKNOWN,National Highways Authority of India [NHAI],UNKNOWN,Jammu and Kashmir,2023.88,2117.63,996.53,revised_cost_crore,2026-01,2021-01,,,2026-03,FlashReport_March_2026.pdf,Table 3: Completed Projects,,0.0,-60.0,1.0,4.632191631914936
N06000115,N06000115,62,COAL,5.00 MTY,COAL,CENTRAL / UNKNOWN,62.0,,5.0,cumulative_expenditure_only,2018-03,2021-01,,,2021-03,FR_mar_2021.pdf,Table: Month-wise Completed Projects,28.0,1.0,34.0,,
N16000169,N16000169,63,PETROLEUM,INDIAN STRATEGIC PETROLEUM RESERVES LTD,PETROLEUM,CENTRAL / UNKNOWN,63.0,,16000169.0,cumulative_expenditure_only,2012-01,2021-01,,,2021-03,FR_mar_2021.pdf,Table: Month-wise Completed Projects,28.0,1.0,108.0,,
N16000238,N16000238,64,PETROLEUM,"HINDUSTAN PETROLEUM 
CORPORATION LIMITED",PETROLEUM,CENTRAL / UNKNOWN,63.0,,16000169.0,cumulative_expenditure_only,2020-06,2021-01,,,2021-03,FR_mar_2021.pdf,Table: Month-wise Completed Projects,28.0,1.0,7.0,,
N24000324,N24000324,65,ROAD TRANSPORT AND HIGHWAYS,"EXISTING KM 42 TO KM 59   EPC(NATIONAL 
HIGHWAYS AND INFRASTRUCTURE DEVELOPMENT CORPORATION 
Ltd.",ROAD TRANSPORT AND HIGHWAYS,CENTRAL / UNKNOWN,65.0,,2.0,cumulative_expenditure_only,2018-05,2021-01,,,2021-03,FR_mar_2021.pdf,Table: Month-wise Completed Projects,28.0,1.0,32.0,,
N24000325,N24000325,66,ROAD TRANSPORT AND HIGHWAYS,"NATIONAL HIGHWAYS 
AND INFRASTRUCTURE DEVELOPMENT CORPORATION Ltd.",ROAD TRANSPORT AND HIGHWAYS,CENTRAL / UNKNOWN,66.0,,2.0,cumulative_expenditure_only,2019-01,2021-01,,,2021-03,FR_mar_2021.pdf,Table: Month-wise Completed Projects,28.0,1.0,24.0,,
N24000411,N24000411,67,ROAD TRANSPORT AND HIGHWAYS,"MINISTRY OF 
ROAD TRANSPORT AND HIGHWAYS (STATE PWDs",ROAD TRANSPORT AND HIGHWAYS,CENTRAL / UNKNOWN,67.0,,173.125,cumulative_expenditure_only,2018-02,2021-01,,,2021-03,FR_mar_2021.pdf,Table: Month-wise Completed Projects,28.0,1.0,35.0,,
N24000614,N24000614,68,ROAD TRANSPORT AND HIGHWAYS,"EXISTING CHAINAGE FROMKM.583.450    (NATIONAL 
HIGHWAYS AND INFRASTRUCTURE DEVELOPMENT CORPORATION 
Ltd.",ROAD TRANSPORT AND HIGHWAYS,CENTRAL / UNKNOWN,68.0,,2.0,cumulative_expenditure_only,2016-11,2021-01,,,2021-03,FR_mar_2021.pdf,Table: Month-wise Completed Projects,28.0,1.0,50.0,,
N24000770,N24000770,69,ROAD TRANSPORT AND HIGHWAYS,"NATIONAL 
HIGHWAYS AND INFRASTRUCTURE DEVELOPMENT CORPORATION 
Ltd.",ROAD TRANSPORT AND HIGHWAYS,CENTRAL / UNKNOWN,69.0,,24000770.0,cumulative_expenditure_only,2018-06,2021-01,,,2021-03,FR_mar_2021.pdf,Table: Month-wise Completed Projects,28.0,1.0,31.0,,
N24000920,N24000920,70,ROAD TRANSPORT AND HIGHWAYS,"MINISTRY 
OF ROAD TRANSPORT AND HIGHWAYS (STATE PWDs",ROAD TRANSPORT AND HIGHWAYS,CENTRAL / UNKNOWN,70.0,,24000920.0,cumulative_expenditure_only,2017-02,2021-01,,,2021-03,FR_mar_2021.pdf,Table: Month-wise Completed Projects,28.0,1.0,47.0,,
N24000921,N24000921,71,ROAD TRANSPORT AND HIGHWAYS,"MINISTRY OF ROAD TRANSPORT AND HIGHWAYS (STATE 
PWDs",ROAD TRANSPORT AND HIGHWAYS,CENTRAL / UNKNOWN,71.0,,2.0,cumulative_expenditure_only,2016-02,2021-01,,,2021-03,FR_mar_2021.pdf,Table: Month-wise Completed Projects,28.0,1.0,59.0,,
N24000947,N24000947,72,ROAD TRANSPORT AND HIGHWAYS,"NATIONAL 
HIGHWAYS AND INFRASTRUCTURE DEVELOPMENT CORPORATION 
Ltd.",ROAD TRANSPORT AND HIGHWAYS,CENTRAL / UNKNOWN,72.0,,2.0,cumulative_expenditure_only,,2021-01,,,2021-03,FR_mar_2021.pdf,Table: Month-wise Completed Projects,28.0,,,,
N24000977,N24000977,73,ROAD TRANSPORT AND HIGHWAYS,BURIDEHING - JAIRAMPUR,ROAD TRANSPORT AND HIGHWAYS,CENTRAL / UNKNOWN,73.0,,24000977.0,cumulative_expenditure_only,,2021-01,,,2021-03,FR_mar_2021.pdf,Table: Month-wise Completed Projects,28.0,,,,
N12000096,N12000096,74,STEEL,"STEEL AUTHORITY OF INDIA LIMITED 
(SAIL",STEEL,CENTRAL / UNKNOWN,74.0,,12000096.0,cumulative_expenditure_only,2017-12,2021-02,,,2021-03,FR_mar_2021.pdf,Table: Month-wise Completed Projects,29.0,1.0,38.0,,
N12000119,N12000119,75,STEEL,RASTRIYA ISPAT NIGAM LIMITED,STEEL,CENTRAL / UNKNOWN,75.0,,12000119.0,cumulative_expenditure_only,2018-08,2021-02,,,2021-03,FR_mar_2021.pdf,Table: Month-wise Completed Projects,29.0,1.0,30.0,,
060100092,060100092,(Rs. crore),CENTRAL SECTOR,Rs. crore,UNKNOWN,CENTRAL / UNKNOWN,16.0,,60100092.0,cumulative_expenditure_only,2010-03,2021-03,,,2021-03,FR_mar_2021.pdf,Table: Month-wise Completed Projects,25.0,1.0,132.0,,
618652,NAN,Chakur Loha Section of NH-361 from km 114.600 to km 187.80 Maharashtra 03/2018,UNKNOWN,NHAI,UNKNOWN,Maharashtra,1241.38,3342.11,1717.21,revised_cost_crore,2026-02,2021-03,,,2026-06,FlashReport_June_2026.pdf,Table 3: Completed Projects,,0.0,-59.0,1.0,169.2253782081232
N12000101,N12000101,35,URBAN DEVELOPMENT,"HINDUSTAN STEELWORK 
CONSTRUCTION LIMITED",URBAN DEVELOPMENT,CENTRAL / UNKNOWN,35.0,,12000101.0,cumulative_expenditure_only,2014-02,2021-03,,,2021-03,FR_mar_2021.pdf,Table: Month-wise Completed Projects,26.0,1.0,85.0,,
N12000102,N12000102,36,URBAN DEVELOPMENT,"HINDUSTAN STEELWORK 
CONSTRUCTION LIMITED",URBAN DEVELOPMENT,CENTRAL / UNKNOWN,36.0,,12000102.0,cumulative_expenditure_only,2015-12,2021-03,,,2021-03,FR_mar_2021.pdf,Table: Month-wise Completed Projects,26.0,1.0,63.0,,
N12000110,N12000110,(Rs. crore),CENTRAL SECTOR,Rs. crore,UNKNOWN,CENTRAL / UNKNOWN,48.0,,12000110.0,cumulative_expenditure_only,2018-03,2021-03,,,2021-03,FR_mar_2021.pdf,Table: Month-wise Completed Projects,27.0,1.0,36.0,,
N12000111,N12000111,49,CENTRAL SECTOR,"HINDUSTAN STEELWORK 
CONSTRUCTION LIMITED",UNKNOWN,CENTRAL / UNKNOWN,49.0,,12000111.0,cumulative_expenditure_only,2016-12,2021-03,,,2021-03,FR_mar_2021.pdf,Table: Month-wise Completed Projects,27.0,1.0,51.0,,
N12000112,N12000112,50,STEEL,HINDUSTAN STEELWORK CONSTRUCTION LIMITED,STEEL,CENTRAL / UNKNOWN,50.0,,12000112.0,cumulative_expenditure_only,2018-04,2021-03,,,2021-03,FR_mar_2021.pdf,Table: Month-wise Completed Projects,27.0,1.0,35.0,,
N12000114,N12000114,51,STEEL,ITI,STEEL,CENTRAL / UNKNOWN,50.0,,12000112.0,cumulative_expenditure_only,2016-03,2021-03,,,2021-03,FR_mar_2021.pdf,Table: Month-wise Completed Projects,27.0,1.0,60.0,,
N16000204,N16000204,17,PETROLEUM,"OIL & NATURAL GAS 
CORPORATION LIMITED",PETROLEUM,CENTRAL / UNKNOWN,17.0,,16000204.0,cumulative_expenditure_only,2019-03,2021-03,,,2021-03,FR_mar_2021.pdf,Table: Month-wise Completed Projects,25.0,1.0,24.0,,
N16000306,N16000306,18,PETROLEUM,INDIAN OIL CORPORATION LIMITED,PETROLEUM,CENTRAL / UNKNOWN,18.0,,16000306.0,cumulative_expenditure_only,2019-09,2021-03,,,2021-03,FR_mar_2021.pdf,Table: Month-wise Completed Projects,25.0,1.0,18.0,,
N16000335,N16000335,19,PETROLEUM,OFFSHORE,PETROLEUM,CENTRAL / UNKNOWN,18.0,,16000306.0,cumulative_expenditure_only,2019-12,2021-03,,,2021-03,FR_mar_2021.pdf,Table: Month-wise Completed Projects,25.0,1.0,15.0,,
N16000348,N16000348,76,PETROLEUM,"NSU,NHT CCR NEW UNIT",PETROLEUM,CENTRAL / UNKNOWN,76.0,,16000348.0,cumulative_expenditure_only,2019-10,2021-03,,,2021-03,FR_mar_2021.pdf,Table: Month-wise Completed Projects,29.0,1.0,17.0,,
N24000347,N24000347,20,ROAD TRANSPORT AND HIGHWAYS,NATIONAL HIGHWAYS AUTHORITY OF INDIA,ROAD TRANSPORT AND HIGHWAYS,CENTRAL / UNKNOWN,20.0,,24000347.0,cumulative_expenditure_only,2018-02,2021-03,,,2021-03,FR_mar_2021.pdf,Table: Month-wise Completed Projects,25.0,1.0,37.0,,
N24000492,N24000492,21,ROAD TRANSPORT AND HIGHWAYS,NATIONAL HIGHWAYS AUTHORITY OF INDIA,ROAD TRANSPORT AND HIGHWAYS,CENTRAL / UNKNOWN,20.0,,24000347.0,cumulative_expenditure_only,2018-05,2021-03,,,2021-03,FR_mar_2021.pdf,Table: Month-wise Completed Projects,25.0,1.0,34.0,,
N24000604,N24000604,22,ROAD TRANSPORT AND HIGHWAYS,NATIONAL HIGHWAYS AUTHORITY OF INDIA,ROAD TRANSPORT AND HIGHWAYS,CENTRAL / UNKNOWN,21.0,,24000492.0,cumulative_expenditure_only,2019-01,2021-03,,,2021-03,FR_mar_2021.pdf,Table: Month-wise Completed Projects,25.0,1.0,26.0,,
N24000667,N24000667,23,ROAD TRANSPORT AND HIGHWAYS,"NATIONAL HIGHWAYS 
AUTHORITY OF INDIA",ROAD TRANSPORT AND HIGHWAYS,CENTRAL / UNKNOWN,22.0,,2.0,cumulative_expenditure_only,2020-03,2021-03,,,2021-03,FR_mar_2021.pdf,Table: Month-wise Completed Projects,25.0,1.0,12.0,,
N24000670,N24000670,(Rs. crore),CENTRAL SECTOR,Rs. crore,UNKNOWN,CENTRAL / UNKNOWN,61.0,,4.0,cumulative_expenditure_only,2020-03,2021-03,,,2021-03,FR_mar_2021.pdf,Table: Month-wise Completed Projects,28.0,1.0,12.0,,
N24000700,N24000700,24,ROAD TRANSPORT AND HIGHWAYS,"KM 
133.360 TO 172.00",ROAD TRANSPORT AND HIGHWAYS,CENTRAL / UNKNOWN,24.0,,133.36,cumulative_expenditure_only,2017-06,2021-03,,,2021-03,FR_mar_2021.pdf,Table: Month-wise Completed Projects,25.0,1.0,45.0,,
N24000951,N24000951,25,ROAD TRANSPORT AND HIGHWAYS,4L,ROAD TRANSPORT AND HIGHWAYS,CENTRAL / UNKNOWN,25.0,,267.0,cumulative_expenditure_only,2015-01,2021-03,,,2021-03,FR_mar_2021.pdf,Table: Month-wise Completed Projects,25.0,1.0,74.0,,
N24000952,N24000952,26,ROAD TRANSPORT AND HIGHWAYS,"BALOTRA TO SAN    
(MINISTRY OF ROAD TRANSPORT AND HIGHWAYS (STATE PWDs",ROAD TRANSPORT AND HIGHWAYS,CENTRAL / UNKNOWN,26.0,,58.0,cumulative_expenditure_only,2017-11,2021-03,,,2021-03,FR_mar_2021.pdf,Table: Month-wise Completed Projects,25.0,1.0,40.0,,
N24000953,N24000953,27,ROAD TRANSPORT AND HIGHWAYS,"MINISTRY OF ROAD 
TRANSPORT AND HIGHWAYS (STATE PWDs",ROAD TRANSPORT AND HIGHWAYS,CENTRAL / UNKNOWN,27.0,,166.0,cumulative_expenditure_only,2016-09,2021-03,,,2021-03,FR_mar_2021.pdf,Table: Month-wise Completed Projects,25.0,1.0,54.0,,
N24000954,N24000954,28,ROAD TRANSPORT AND HIGHWAYS,2L+PS,ROAD TRANSPORT AND HIGHWAYS,CENTRAL / UNKNOWN,28.0,,2.0,cumulative_expenditure_only,2014-01,2021-03,,,2021-03,FR_mar_2021.pdf,Table: Month-wise Completed Projects,25.0,1.0,86.0,,
N24000955,N24000955,29,ROAD TRANSPORT AND HIGHWAYS,4L,ROAD TRANSPORT AND HIGHWAYS,CENTRAL / UNKNOWN,29.0,,4.0,cumulative_expenditure_only,2013-10,2021-03,,,2021-03,FR_mar_2021.pdf,Table: Month-wise Completed Projects,25.0,1.0,89.0,,
N24000956,N24000956,30,ROAD TRANSPORT AND HIGHWAYS,MINISTRY OF ROAD TRANSPORT AND HIGHWAYS (STATE PWDs,ROAD TRANSPORT AND HIGHWAYS,CENTRAL / UNKNOWN,30.0,,2.0,cumulative_expenditure_only,2013-09,2021-03,,,2021-03,FR_mar_2021.pdf,Table: Month-wise Completed Projects,25.0,1.0,90.0,,
N24000960,N24000960,31,ROAD TRANSPORT AND HIGHWAYS,"MINISTRY OF ROAD 
TRANSPORT AND HIGHWAYS (STATE PWDs",ROAD TRANSPORT AND HIGHWAYS,CENTRAL / UNKNOWN,31.0,,4.0,cumulative_expenditure_only,2016-10,2021-03,,,2021-03,FR_mar_2021.pdf,Table: Month-wise Completed Projects,25.0,1.0,53.0,,
N24000961,N24000961,32,ROAD TRANSPORT AND HIGHWAYS,"MINISTRY OF 
ROAD TRANSPORT AND HIGHWAYS (STATE PWDs",ROAD TRANSPORT AND HIGHWAYS,CENTRAL / UNKNOWN,32.0,,2.0,cumulative_expenditure_only,2017-07,2021-03,,,2021-03,FR_mar_2021.pdf,Table: Month-wise Completed Projects,25.0,1.0,44.0,,
N26000105,N26000105,33,CENTRAL SECTOR,3G,UNKNOWN,CENTRAL / UNKNOWN,33.0,,3.0,cumulative_expenditure_only,2017-06,2021-03,,,2021-03,FR_mar_2021.pdf,Table: Month-wise Completed Projects,26.0,1.0,45.0,,
N26000113,N26000113,34,CENTRAL SECTOR,BHARAT SANCHAR NIGAM LIMITED,UNKNOWN,CENTRAL / UNKNOWN,33.0,,3.0,cumulative_expenditure_only,2018-10,2021-03,,,2021-03,FR_mar_2021.pdf,Table: Month-wise Completed Projects,26.0,1.0,29.0,,
N28000062,N28000062,37,URBAN DEVELOPMENT,"CENTRAL PUBLIC 
WORKS DEPARTMENT",URBAN DEVELOPMENT,CENTRAL / UNKNOWN,37.0,,28000062.0,cumulative_expenditure_only,2016-08,2021-03,,,2021-03,FR_mar_2021.pdf,Table: Month-wise Completed Projects,26.0,1.0,55.0,,
N28000082,N28000082,77,URBAN DEVELOPMENT,"JAWAHAR LAL 
NEHRU NATIONAL URBAN RENEWAL MISSION",URBAN DEVELOPMENT,CENTRAL / UNKNOWN,77.0,,2.0,cumulative_expenditure_only,,2021-03,,,2021-03,FR_mar_2021.pdf,Table: Month-wise Completed Projects,29.0,,,,
N28000093,N28000093,52,STEEL,CENTRAL PUBLIC WORKS DEPARTMENT,STEEL,CENTRAL / UNKNOWN,52.0,,28000093.0,cumulative_expenditure_only,2015-11,2021-03,,,2021-03,FR_mar_2021.pdf,Table: Month-wise Completed Projects,27.0,1.0,64.0,,
N28000108,N28000108,38,URBAN DEVELOPMENT,CENTRAL PUBLIC WORKS DEPARTMENT,URBAN DEVELOPMENT,CENTRAL / UNKNOWN,38.0,,28000108.0,cumulative_expenditure_only,2019-03,2021-03,,,2021-03,FR_mar_2021.pdf,Table: Month-wise Completed Projects,26.0,1.0,24.0,,
618624,NAN,Mangloor to Telangana Maharashtra Border,UNKNOWN,NHAI,UNKNOWN,"Multi-States (Maharashtra, Telangana) (04/2019)",1082.65,1323.12,1011.7,revised_cost_crore,2025-10,2021-04,,,2026-06,FlashReport_June_2026.pdf,Table 3: Completed Projects,,0.0,-54.0,1.0,22.21124093659075
N16000261,N16000261,1,PETROLEUM,BHARAT PETROLEUM CORPORATION LIMITED,PETROLEUM,CENTRAL / UNKNOWN,16000261.0,,449.58,cumulative_expenditure_only,2019-12,2021-05,,,2022-03,FR_mar_2022.pdf,Table: Month-wise Completed Projects,23.0,1.0,17.0,,
N16000313,N16000313,2,PETROLEUM,BHARAT PETROLEUM CORPORATION LIMITED,PETROLEUM,CENTRAL / UNKNOWN,16000261.0,,2.0,cumulative_expenditure_only,2020-08,2021-05,,,2022-03,FR_mar_2022.pdf,Table: Month-wise Completed Projects,23.0,1.0,9.0,,
N24000664,N24000664,3,ROAD TRANSPORT AND HIGHWAYS,"NATIONAL 
HIGHWAYS AUTHORITY OF INDIA",ROAD TRANSPORT AND HIGHWAYS,CENTRAL / UNKNOWN,3.0,,4.0,cumulative_expenditure_only,2020-03,2021-05,,,2022-03,FR_mar_2022.pdf,Table: Month-wise Completed Projects,23.0,1.0,14.0,,
N24000930,N24000930,4,ROAD TRANSPORT AND HIGHWAYS,"MINISTRY OF 
ROAD TRANSPORT AND HIGHWAYS (STATE PWDs",ROAD TRANSPORT AND HIGHWAYS,CENTRAL / UNKNOWN,4.0,,67.0,cumulative_expenditure_only,2018-01,2021-05,,,2022-03,FR_mar_2022.pdf,Table: Month-wise Completed Projects,23.0,1.0,40.0,,
N24001183,N24001183,5,ROAD TRANSPORT AND HIGHWAYS,"DORNALA T JUNCTION TO ATMAKUR S    (MINISTRY OF 
ROAD TRANSPORT AND HIGHWAYS (STATE PWDs",ROAD TRANSPORT AND HIGHWAYS,CENTRAL / UNKNOWN,5.0,,641.0,cumulative_expenditure_only,2015-02,2021-05,,,2022-03,FR_mar_2022.pdf,Table: Month-wise Completed Projects,23.0,1.0,75.0,,
180100239,180100239,7,POWER,NEEPCO,POWER,CENTRAL / UNKNOWN,7.0,,180100239.0,cumulative_expenditure_only,2009-12,2021-06,,,2022-03,FR_mar_2022.pdf,Table: Month-wise Completed Projects,23.0,1.0,138.0,,
618913,N24000739,4-L of Rajamunda to Barkote Section of NH-23 from km. 287.200 to km. 337.185 Odisha 10/2017,UNKNOWN,NHAI,UNKNOWN,Odisha,609.63,630.97,608.19,revised_cost_crore,2025-07,2021-06,,,2026-06,FlashReport_June_2026.pdf,Table 3: Completed Projects,,0.0,-49.0,1.0,3.50048390007054
N16000263,N16000263,6,PETROLEUM,MSBP,PETROLEUM,CENTRAL / UNKNOWN,6.0,,16000263.0,cumulative_expenditure_only,2020-02,2021-06,,,2022-03,FR_mar_2022.pdf,Table: Month-wise Completed Projects,23.0,1.0,16.0,,
N30000003,N30000003,8,WATER RESOURCES,Uttarakhand Pey Jal Nigam,WATER RESOURCES,CENTRAL / UNKNOWN,8.0,,30000003.0,cumulative_expenditure_only,2019-08,2021-06,,,2022-03,FR_mar_2022.pdf,Table: Month-wise Completed Projects,23.0,1.0,22.0,,
N30000038,N30000038,9,WATER RESOURCES,Bihar Urban Infrastructure Development Corporation Ltd,WATER RESOURCES,CENTRAL / UNKNOWN,8.0,,30000003.0,cumulative_expenditure_only,2020-04,2021-06,,,2022-03,FR_mar_2022.pdf,Table: Month-wise Completed Projects,23.0,1.0,14.0,,
618638,NAN,Tarsod - Fagne section of NH-6 Maharashtra 06/2016,UNKNOWN,NHAI,UNKNOWN,Maharashtra,2267.99,2560.5,2213.75,revised_cost_crore,2026-04,2021-07,,,2026-06,FlashReport_June_2026.pdf,Table 3: Completed Projects,,0.0,-57.0,1.0,12.897323180437315
N24000287,N24000287,10,ROAD TRANSPORT AND HIGHWAYS,"KATHGHORA TO SHIVNAGAR SECTION    EPC(MINISTRY OF 
ROAD TRANSPORT AND HIGHWAYS (STATE PWDs",ROAD TRANSPORT AND HIGHWAYS,CENTRAL / UNKNOWN,10.0,,82.5,cumulative_expenditure_only,2015-12,2021-07,,,2022-03,FR_mar_2022.pdf,Table: Month-wise Completed Projects,23.0,1.0,67.0,,
N24001889,N24001889,2 LANE + PS PIMPLNER TO SATANA -[DESIGN CHAINAGE KM 21.427 TO 64.00 ] OF NH-752G],UNKNOWN,MoRTH,UNKNOWN,N24001889,277.81,,155.01,cumulative_expenditure_crore,2021-07,2021-07,,,2025-06,FR_JUNE_2025.pdf,Table 3: Completed Projects,,0.0,0.0,,
N24001894,N24001894,2 LANE + PS ASTHAMODE - TIVATYAL [DESIGN CH. KM 24.300 - 62.00] [KM 134.98-172.95 OF NH-63],UNKNOWN,MoRTH,UNKNOWN,N24001894,228.82,,145.5,cumulative_expenditure_crore,2021-07,2021-07,,,2025-06,FR_JUNE_2025.pdf,Table 3: Completed Projects,,0.0,0.0,,
N16000167,N16000167,13,PETROLEUM,"OIL INDIA 
LIMITED",PETROLEUM,CENTRAL / UNKNOWN,13.0,,16000167.0,cumulative_expenditure_only,2017-03,2021-08,,,2022-03,FR_mar_2022.pdf,Table: Month-wise Completed Projects,24.0,1.0,53.0,,
N16000281,N16000281,14,PETROLEUM,HINDUSTAN PETROLEUM CORPORATION LIMITED,PETROLEUM,CENTRAL / UNKNOWN,14.0,,16000281.0,cumulative_expenditure_only,2020-03,2021-08,,,2022-03,FR_mar_2022.pdf,Table: Month-wise Completed Projects,24.0,1.0,17.0,,
N16000312,N16000312,15,PETROLEUM,"HINDUSTAN PETROLEUM 
CORPORATION LIMITED",PETROLEUM,CENTRAL / UNKNOWN,14.0,,16000281.0,cumulative_expenditure_only,2020-11,2021-08,,,2022-03,FR_mar_2022.pdf,Table: Month-wise Completed Projects,24.0,1.0,9.0,,
N18000132,N18000132,16,POWER,NATIONAL THERMAL POWER CORPORATION,POWER,CENTRAL / UNKNOWN,16.0,,2.0,cumulative_expenditure_only,2016-09,2021-08,,,2022-03,FR_mar_2022.pdf,Table: Month-wise Completed Projects,24.0,1.0,59.0,,
N18000140,N18000140,17,POWER,2 X 800 MW,POWER,CENTRAL / UNKNOWN,16.0,,2.0,cumulative_expenditure_only,2017-10,2021-08,,,2022-03,FR_mar_2022.pdf,Table: Month-wise Completed Projects,24.0,1.0,46.0,,
N18000151,N18000151,18,POWER,NATIONAL THERMAL POWER CORPORATION,POWER,CENTRAL / UNKNOWN,17.0,,2.0,cumulative_expenditure_only,2018-01,2021-08,,,2022-03,FR_mar_2022.pdf,Table: Month-wise Completed Projects,24.0,1.0,43.0,,
N18000175,N18000175,19,POWER,2X660 MW,POWER,CENTRAL / UNKNOWN,18.0,,18000151.0,cumulative_expenditure_only,2019-07,2021-08,,,2022-03,FR_mar_2022.pdf,Table: Month-wise Completed Projects,24.0,1.0,25.0,,
N18000176,N18000176,20,POWER,2X800 MW,POWER,CENTRAL / UNKNOWN,19.0,,2.0,cumulative_expenditure_only,2018-12,2021-08,,,2022-03,FR_mar_2022.pdf,Table: Month-wise Completed Projects,24.0,1.0,32.0,,
N18000193,N18000193,21,POWER,2X660 MW,POWER,CENTRAL / UNKNOWN,20.0,,2.0,cumulative_expenditure_only,2017-02,2021-08,,,2022-03,FR_mar_2022.pdf,Table: Month-wise Completed Projects,24.0,1.0,54.0,,
N18000205,N18000205,22,POWER,1320 MW,POWER,CENTRAL / UNKNOWN,22.0,,1320.0,cumulative_expenditure_only,2020-01,2021-08,,,2022-03,FR_mar_2022.pdf,Table: Month-wise Completed Projects,24.0,1.0,19.0,,
N18000273,N18000273,23,POWER,NATIONAL THERMAL POWER CORPORATION,POWER,CENTRAL / UNKNOWN,22.0,,1320.0,cumulative_expenditure_only,2020-09,2021-08,,,2022-03,FR_mar_2022.pdf,Table: Month-wise Completed Projects,24.0,1.0,11.0,,
N18000274,N18000274,24,POWER,NATIONAL THERMAL POWER CORPORATION,POWER,CENTRAL / UNKNOWN,23.0,,140.0,cumulative_expenditure_only,2020-11,2021-08,,,2022-03,FR_mar_2022.pdf,Table: Month-wise Completed Projects,24.0,1.0,9.0,,
N24000251,N24000251,25,ROAD TRANSPORT AND HIGHWAYS,NH-748,ROAD TRANSPORT AND HIGHWAYS,CENTRAL / UNKNOWN,25.0,,118.0,cumulative_expenditure_only,2018-04,2021-08,,,2022-03,FR_mar_2022.pdf,Table: Month-wise Completed Projects,24.0,1.0,40.0,,
N24000276,N24000276,26,ROAD TRANSPORT AND HIGHWAYS,ERSTWHILE NH-16,ROAD TRANSPORT AND HIGHWAYS,CENTRAL / UNKNOWN,26.0,,24000276.0,cumulative_expenditure_only,,2021-08,,,2022-03,FR_mar_2022.pdf,Table: Month-wise Completed Projects,24.0,,,,
618699,NAN,Pipli Bhavnagar-Package 1 from km 136.025 to km 169.328 Gujarat 03/2018,UNKNOWN,NHAI,UNKNOWN,Gujarat,819.14,1297.38,975.85,revised_cost_crore,2024-03,2021-09,,,2026-06,FlashReport_June_2026.pdf,Table 3: Completed Projects,,0.0,-30.0,1.0,58.38318236198942
N12000121,N12000121,96,STEEL,"STEEL 
AUTHORITY OF INDIA LIMITED (SAIL",STEEL,CENTRAL / UNKNOWN,96.0,,12000121.0,cumulative_expenditure_only,2020-09,2021-09,,,2022-03,FR_mar_2022.pdf,Table: Month-wise Completed Projects,29.0,1.0,12.0,,
N16000361,N16000361,ADDITIONAL STORAGE TANKS AT PARADIP POWER,UNKNOWN,IOCL,UNKNOWN,N16000361,462.3,,493.72,cumulative_expenditure_crore,2021-09,2021-09,,,2025-05,FR_May2025.pdf,Table 3: Completed Projects,,0.0,0.0,,
N18000061,N18000061,97,POWER,"POWER GRID CORPORATION OF 
INDIA LIMITED",POWER,CENTRAL / UNKNOWN,97.0,,18000061.0,cumulative_expenditure_only,2012-10,2021-09,,,2022-03,FR_mar_2022.pdf,Table: Month-wise Completed Projects,29.0,1.0,107.0,,
N18000109,N18000109,98,POWER,POWER GRID CORPORATION OF INDIA LIMITED,POWER,CENTRAL / UNKNOWN,98.0,,18000109.0,cumulative_expenditure_only,2014-06,2021-09,,,2022-03,FR_mar_2022.pdf,Table: Month-wise Completed Projects,29.0,1.0,87.0,,
N18000155,N18000155,99,POWER,POWER GRID CORPORATION OF INDIA LIMITED,POWER,CENTRAL / UNKNOWN,98.0,,18000109.0,cumulative_expenditure_only,2016-04,2021-09,,,2022-03,FR_mar_2022.pdf,Table: Month-wise Completed Projects,29.0,1.0,65.0,,
N18000168,N18000168,100,POWER,"POWER GRID 
CORPORATION OF INDIA LIMITED",POWER,CENTRAL / UNKNOWN,99.0,,18000155.0,cumulative_expenditure_only,2018-03,2021-09,,,2022-03,FR_mar_2022.pdf,Table: Month-wise Completed Projects,29.0,1.0,42.0,,
N18000181,N18000181,101,POWER,PSP,POWER,CENTRAL / UNKNOWN,101.0,,18000181.0,cumulative_expenditure_only,2017-10,2021-09,,,2022-03,FR_mar_2022.pdf,Table: Month-wise Completed Projects,29.0,1.0,47.0,,
N18000182,N18000182,102,POWER,POWER GRID CORPORATION OF INDIA LIMITED,POWER,CENTRAL / UNKNOWN,102.0,,18000182.0,cumulative_expenditure_only,2017-07,2021-09,,,2022-03,FR_mar_2022.pdf,Table: Month-wise Completed Projects,29.0,1.0,50.0,,
N18000218,N18000218,103,POWER,"POWER GRID 
CORPORATION OF INDIA LIMITED",POWER,CENTRAL / UNKNOWN,102.0,,18000182.0,cumulative_expenditure_only,2019-05,2021-09,,,2022-03,FR_mar_2022.pdf,Table: Month-wise Completed Projects,29.0,1.0,28.0,,
N18000238,N18000238,104,POWER,"POWER GRID 
CORPORATION OF INDIA LIMITED",POWER,CENTRAL / UNKNOWN,104.0,,18000238.0,cumulative_expenditure_only,2019-11,2021-09,,,2022-03,FR_mar_2022.pdf,Table: Month-wise Completed Projects,29.0,1.0,22.0,,
N18000239,N18000239,105,POWER,PAVAGADA,POWER,CENTRAL / UNKNOWN,105.0,,18000239.0,cumulative_expenditure_only,2019-01,2021-09,,,2022-03,FR_mar_2022.pdf,Table: Month-wise Completed Projects,29.0,1.0,32.0,,
N18000240,N18000240,106,POWER,"POWER GRID 
CORPORATION OF INDIA LIMITED",POWER,CENTRAL / UNKNOWN,106.0,,18000240.0,cumulative_expenditure_only,2019-04,2021-09,,,2022-03,FR_mar_2022.pdf,Table: Month-wise Completed Projects,29.0,1.0,29.0,,
N18000257,N18000257,107,POWER,"POWER GRID CORPORATION OF INDIA 
LIMITED",POWER,CENTRAL / UNKNOWN,107.0,,18000257.0,cumulative_expenditure_only,2019-04,2021-09,,,2022-03,FR_mar_2022.pdf,Table: Month-wise Completed Projects,29.0,1.0,29.0,,
N18000286,N18000286,SAMBHU KI BHURJ-II SOLAR 300MW RAILWAYS,UNKNOWN,NTPC,UNKNOWN,N18000286,1782.0,,1369.88,cumulative_expenditure_crore,2021-09,2021-09,,,2025-06,FR_JUNE_2025.pdf,Table 3: Completed Projects,,0.0,0.0,,
N24001783,N24001783,CONSTRUCTION OF 8LANE EXPRESSWAY NE4 STARTING BEFORE KMP EXPRESSWAY AND ENDS AT CH. 47+000 NEAR KHAN,UNKNOWN,NHAI,UNKNOWN,N24001783,2252.75,,1223.07,cumulative_expenditure_crore,2021-09,2021-09,,,2025-04,FRApril2025.pdf,Table 3: Completed Projects,,0.0,0.0,,
618696,NAN,"Bellary to Byrapura Section km 253.600 to km 308.550 of NH-150A Multi-States (Andhra Pradesh, Karnataka)",UNKNOWN,National Highways Authority of India [NHAI],UNKNOWN,(10/2019),1281.47,1689.6,553.21,revised_cost_crore,2026-03,2021-10,,,2026-03,FlashReport_March_2026.pdf,Table 3: Completed Projects,,0.0,-53.0,1.0,31.84858014623829
N04000040,N04000040,161,CIVIL AVIATION,"AIRPORT AUTHORITY OF INDIA 
LIMITED",CIVIL AVIATION,CENTRAL / UNKNOWN,161.0,,4000040.0,cumulative_expenditure_only,2010-06,2021-10,,,2022-03,FR_mar_2022.pdf,Table: Month-wise Completed Projects,32.0,1.0,136.0,,
N04000075,N04000075,UPGRADATION OF PASSENGER TERMINAL BUILDING AND AIRSIDE FACILITIES AT TIRUCHIRAPALLI INTERNATIONAL AI,UNKNOWN,AAI,UNKNOWN,N04000075,951.28,,1084.94,cumulative_expenditure_crore,2021-10,2021-10,,,2025-04,FRApril2025.pdf,Table 3: Completed Projects,,0.0,0.0,,
N06000130,N06000130,162,COAL,WESTERN COAL FIELDS LIMITED,COAL,CENTRAL / UNKNOWN,162.0,,6000130.0,cumulative_expenditure_only,2020-03,2021-10,,,2022-03,FR_mar_2022.pdf,Table: Month-wise Completed Projects,32.0,1.0,19.0,,
N06000131,N06000131,163,COAL,WESTERN COAL FIELDS LIMITED,COAL,CENTRAL / UNKNOWN,162.0,,6000130.0,cumulative_expenditure_only,2021-03,2021-10,,,2022-03,FR_mar_2022.pdf,Table: Month-wise Completed Projects,32.0,1.0,7.0,,
N06000149,N06000149,164,COAL,WESTERN COAL FIELDS LIMITED,COAL,CENTRAL / UNKNOWN,163.0,,6000131.0,cumulative_expenditure_only,2019-03,2021-10,,,2022-03,FR_mar_2022.pdf,Table: Month-wise Completed Projects,32.0,1.0,31.0,,
N24001691,N24001691,FOUR LANING OF KARADI TO BANAVARA SECTION FROM KM. 66+540 (DESIGN KM. 65+195) TO KM. 119+790,UNKNOWN,NHAI,UNKNOWN,N24001691,1225.24,,1043.0,cumulative_expenditure_crore,2021-10,2021-10,,,2025-04,FRApril2025.pdf,Table 3: Completed Projects,,0.0,0.0,,
N06000160,N06000160,170,COAL,WESTERN COAL FIELDS LIMITED,COAL,CENTRAL / UNKNOWN,170.0,,6000160.0,cumulative_expenditure_only,2020-03,2021-11,,,2022-03,FR_mar_2022.pdf,Table: Month-wise Completed Projects,33.0,1.0,20.0,,
N24001428,N24001428,FOUR LANING OF VILUPPURAM TO PUDHUCHERRY ON,UNKNOWN,DESIGN CH. KM. 00/000 TO KM. 29/000,UNKNOWN,NHAI,998.7,,975.68,cumulative_expenditure_crore,2021-11,2021-11,,,2025-05,FR_May2025.pdf,Table 3: Completed Projects,,0.0,0.0,,
N28000121,N28000121,"PUNE METRO RAIL PROJECT (PHASE 1) Total 35,753.08 27,863.47",UNKNOWN,PHASE 1,UNKNOWN,MMRC,11420.0,,13088.19,cumulative_expenditure_crore,2021-11,2021-11,,,2025-06,FR_JUNE_2025.pdf,Table 3: Completed Projects,,0.0,0.0,,
701105,N04000095,Goa Airport Terminal Building Extension Project Goa 11/2017 Ministry of Petroleum & Natural Gas Total (1) 255.69 161.06,UNKNOWN,Airport Authority of India [AAI],UNKNOWN,Goa,255.69,255.69,161.06,revised_cost_crore,2026-04,2021-12,,,2026-06,FlashReport_June_2026.pdf,Table 3: Completed Projects,,0.0,-52.0,0.0,0.0
N12000117,N12000117,171,STEEL,RASTRIYA ISPAT NIGAM LIMITED,STEEL,CENTRAL / UNKNOWN,171.0,,12000117.0,cumulative_expenditure_only,2017-12,2021-12,,,2022-03,FR_mar_2022.pdf,Table: Month-wise Completed Projects,33.0,1.0,48.0,,
N16000236,N16000236,172,PETROLEUM,SILCHAR,PETROLEUM,CENTRAL / UNKNOWN,172.0,,16000236.0,cumulative_expenditure_only,2019-08,2021-12,,,2022-03,FR_mar_2022.pdf,Table: Month-wise Completed Projects,33.0,1.0,28.0,,
N16000267,N16000267,173,PETROLEUM,"INDIAN OIL 
CORPORATION LIMITED",PETROLEUM,CENTRAL / UNKNOWN,173.0,,16000267.0,cumulative_expenditure_only,2021-01,2021-12,,,2022-03,FR_mar_2022.pdf,Table: Month-wise Completed Projects,33.0,1.0,11.0,,
N16000276,N16000276,174,PETROLEUM,"INDIAN 
OIL CORPORATION LIMITED",PETROLEUM,CENTRAL / UNKNOWN,174.0,,16000276.0,cumulative_expenditure_only,2021-01,2021-12,,,2022-03,FR_mar_2022.pdf,Table: Month-wise Completed Projects,33.0,1.0,11.0,,
N16000278,N16000278,175,PETROLEUM,OIL & NATURAL GAS CORPORATION LIMITED,PETROLEUM,CENTRAL / UNKNOWN,175.0,,16000278.0,cumulative_expenditure_only,2020-05,2021-12,,,2022-03,FR_mar_2022.pdf,Table: Month-wise Completed Projects,33.0,1.0,19.0,,
N16000302,N16000302,176,PETROLEUM,INDIAN OIL CORPORATION LIMITED,PETROLEUM,CENTRAL / UNKNOWN,175.0,,16000278.0,cumulative_expenditure_only,2021-04,2021-12,,,2022-03,FR_mar_2022.pdf,Table: Month-wise Completed Projects,33.0,1.0,8.0,,
N16000365,N16000365,177,PETROLEUM,"BHARAT PETROLEUM 
CORPORATION LIMITED",PETROLEUM,CENTRAL / UNKNOWN,176.0,,16000302.0,cumulative_expenditure_only,2021-12,2021-12,,,2022-03,FR_mar_2022.pdf,Table: Month-wise Completed Projects,33.0,0.0,0.0,,
N24000796,N24000796,CONSTRUCTION OF NH-24 EXTENSION 4-LANE BYPASS STARTING FROM BEHTA ROAD AND TERMINATING AT SITAPUR RO,UNKNOWN,NHAI,UNKNOWN,N24000796,1117.84,,1960.91,cumulative_expenditure_crore,2021-12,2021-12,,,2025-04,FRApril2025.pdf,Table 3: Completed Projects,,0.0,0.0,,
618386,N24001263,Rehabilitation & Upgradation of Road from Km 0.00 to Km 18.600 Total length- 18.600 km of Kumarghat-Kailashahar section on NH-208 to 2-lane with Paved shoulder on EPC bais under NHO,UNKNOWN,NHIDCL,UNKNOWN,Tripura (07/2020),277.5,302.03,273.04,revised_cost_crore,2024-12,2022-01,,,2026-06,FlashReport_June_2026.pdf,Table 3: Completed Projects,,0.0,-35.0,1.0,8.839639639639628
N06000102,N06000102,179,COAL,SINGARENI COLLIERS COMPANY LIMITTED,COAL,CENTRAL / UNKNOWN,179.0,,6000102.0,cumulative_expenditure_only,2016-03,2022-01,,,2022-03,FR_mar_2022.pdf,Table: Month-wise Completed Projects,34.0,1.0,70.0,,
N12000116,N12000116,180,STEEL,RASTRIYA ISPAT NIGAM LIMITED,STEEL,CENTRAL / UNKNOWN,180.0,,12000116.0,cumulative_expenditure_only,2018-09,2022-01,,,2022-03,FR_mar_2022.pdf,Table: Month-wise Completed Projects,34.0,1.0,40.0,,
N16000297,N16000297,181,PETROLEUM,RATNA,PETROLEUM,CENTRAL / UNKNOWN,181.0,,12.0,cumulative_expenditure_only,2021-05,2022-01,,,2022-03,FR_mar_2022.pdf,Table: Month-wise Completed Projects,34.0,1.0,8.0,,
N16000339,N16000339,182,PETROLEUM,INDIAN OIL CORPORATION LIMITED,PETROLEUM,CENTRAL / UNKNOWN,182.0,,16000339.0,cumulative_expenditure_only,2020-02,2022-01,,,2022-03,FR_mar_2022.pdf,Table: Month-wise Completed Projects,34.0,1.0,23.0,,
N16000347,N16000347,183,PETROLEUM,BHARAT PETROLEUM CORPORATION LIMITED,PETROLEUM,CENTRAL / UNKNOWN,182.0,,16000339.0,cumulative_expenditure_only,2021-03,2022-01,,,2022-03,FR_mar_2022.pdf,Table: Month-wise Completed Projects,34.0,1.0,10.0,,
N20000002,N20000002,184,PETROLEUM,BHARAT HEAVY ELECTRICALS LIMITED,PETROLEUM,CENTRAL / UNKNOWN,184.0,,20000002.0,cumulative_expenditure_only,2019-09,2022-01,,,2022-03,FR_mar_2022.pdf,Table: Month-wise Completed Projects,34.0,1.0,28.0,,
N24000349,N24000349,185,ROAD TRANSPORT AND HIGHWAYS,KM 5. TO KM 81,ROAD TRANSPORT AND HIGHWAYS,CENTRAL / UNKNOWN,185.0,,5.0,cumulative_expenditure_only,2017-11,2022-01,,,2022-03,FR_mar_2022.pdf,Table: Month-wise Completed Projects,34.0,1.0,50.0,,
N24000359,N24000359,186,ROAD TRANSPORT AND HIGHWAYS,NATIONAL HIGHWAYS AUTHORITY OF INDIA,ROAD TRANSPORT AND HIGHWAYS,CENTRAL / UNKNOWN,186.0,,24000359.0,cumulative_expenditure_only,2017-01,2022-01,,,2022-03,FR_mar_2022.pdf,Table: Month-wise Completed Projects,34.0,1.0,60.0,,
N24000623,N24000623,187,ROAD TRANSPORT AND HIGHWAYS,"NATIONAL 
HIGHWAYS AUTHORITY OF INDIA",ROAD TRANSPORT AND HIGHWAYS,CENTRAL / UNKNOWN,186.0,,24000359.0,cumulative_expenditure_only,,2022-01,,,2022-03,FR_mar_2022.pdf,Table: Month-wise Completed Projects,34.0,,,,
N24000840,N24000840,188,ROAD TRANSPORT AND HIGHWAYS,NH-25E,ROAD TRANSPORT AND HIGHWAYS,CENTRAL / UNKNOWN,188.0,,2.0,cumulative_expenditure_only,2022-02,2022-01,,,2022-03,FR_mar_2022.pdf,Table: Month-wise Completed Projects,34.0,0.0,-1.0,,
N24001430,N24001430,FOUR LANING OF POONDIYANKUPPAM (KM.67/000) TO SATTANATHAPOURAM (KM.123/800) SECTION OF NH-45A ON HAM,UNKNOWN,KM.67/000,UNKNOWN,KM.123/800,2120.4,,1588.17,cumulative_expenditure_crore,2022-01,2022-01,,,2025-05,FR_May2025.pdf,Table 3: Completed Projects,,0.0,0.0,,
N45000003,N45000003,CONSTRUCTION OF 683 VARIOUS TYPE FAMILY QUARTERS AT GROUP CENTRE CRPF CHANDAULI PETROLEUM,UNKNOWN,CPWD FOR MHA,UNKNOWN,N45000003,199.31,,86.49,cumulative_expenditure_crore,2022-01,2022-01,,,2025-05,FR_May2025.pdf,Table 3: Completed Projects,,0.0,0.0,,
618839,N24000696,Aunta - Simaria including Ganga Bridge Bihar 01/2017,UNKNOWN,NHAI,UNKNOWN,Bihar,1309.47,2107.68,1209.46,revised_cost_crore,2026-03,2022-02,,,2026-06,FlashReport_June_2026.pdf,Table 3: Completed Projects,,0.0,-49.0,1.0,60.95672294897935
N06000127,N06000127,189,COAL,BHARAT COKING COAL LIMITED,COAL,CENTRAL / UNKNOWN,189.0,,6000127.0,cumulative_expenditure_only,2014-04,2022-02,,,2022-03,FR_mar_2022.pdf,Table: Month-wise Completed Projects,34.0,1.0,94.0,,
220100186,220100186,112,RAILWAYS,GC,RAILWAYS,CENTRAL / UNKNOWN,112.0,,220100186.0,cumulative_expenditure_only,2020-04,2022-03,,,2022-03,FR_mar_2022.pdf,Table: Month-wise Completed Projects,30.0,1.0,23.0,,
220100192,220100192,113,RAILWAYS,NL,RAILWAYS,CENTRAL / UNKNOWN,112.0,,220100186.0,cumulative_expenditure_only,2009-02,2022-03,,,2022-03,FR_mar_2022.pdf,Table: Month-wise Completed Projects,30.0,1.0,157.0,,
220100266,220100266,200,RAILWAYS,NL,RAILWAYS,CENTRAL / UNKNOWN,200.0,,220100266.0,cumulative_expenditure_only,2008-12,2022-03,,,2022-03,FR_mar_2022.pdf,Table: Month-wise Completed Projects,35.0,1.0,159.0,,
220100268,220100268,201,RAILWAYS,MTP,RAILWAYS,CENTRAL / UNKNOWN,200.0,,220100266.0,cumulative_expenditure_only,2006-12,2022-03,,,2022-03,FR_mar_2022.pdf,Table: Month-wise Completed Projects,35.0,1.0,183.0,,
220100285,220100285,114,RAILWAYS,NL,RAILWAYS,CENTRAL / UNKNOWN,113.0,,220100192.0,cumulative_expenditure_only,2017-12,2022-03,,,2022-03,FR_mar_2022.pdf,Table: Month-wise Completed Projects,30.0,1.0,51.0,,
220100304,220100304,202,RAILWAYS,NL,RAILWAYS,CENTRAL / UNKNOWN,202.0,,220100304.0,cumulative_expenditure_only,2020-03,2022-03,,,2022-03,FR_mar_2022.pdf,Table: Month-wise Completed Projects,35.0,1.0,24.0,,
220100318,220100318,115,RAILWAYS,NL,RAILWAYS,CENTRAL / UNKNOWN,114.0,,220100285.0,cumulative_expenditure_only,2008-12,2022-03,,,2022-03,FR_mar_2022.pdf,Table: Month-wise Completed Projects,30.0,1.0,159.0,,
220100324,220100324,116,RAILWAYS,GC,RAILWAYS,CENTRAL / UNKNOWN,115.0,,220100318.0,cumulative_expenditure_only,2010-12,2022-03,,,2022-03,FR_mar_2022.pdf,Table: Month-wise Completed Projects,30.0,1.0,135.0,,
240106277,240106277,227,ROAD TRANSPORT AND HIGHWAYS,AS-23,ROAD TRANSPORT AND HIGHWAYS,CENTRAL / UNKNOWN,227.0,,126.45,cumulative_expenditure_only,2009-02,2022-03,,,2022-03,FR_mar_2022.pdf,Table: Month-wise Completed Projects,36.0,1.0,157.0,,
240106278,240106278,261,ROAD TRANSPORT AND HIGHWAYS,AS-25,ROAD TRANSPORT AND HIGHWAYS,CENTRAL / UNKNOWN,261.0,,83.4,cumulative_expenditure_only,2009-04,2022-03,,,2022-03,FR_mar_2022.pdf,Table: Month-wise Completed Projects,38.0,1.0,155.0,,
240106279,240106279,262,ROAD TRANSPORT AND HIGHWAYS,AS-26,ROAD TRANSPORT AND HIGHWAYS,CENTRAL / UNKNOWN,261.0,,83.4,cumulative_expenditure_only,2008-11,2022-03,,,2022-03,FR_mar_2022.pdf,Table: Month-wise Completed Projects,38.0,1.0,160.0,,
240106280,240106280,(Rs. crore),CENTRAL SECTOR,Rs. crore,UNKNOWN,CENTRAL / UNKNOWN,263.0,,111.0,cumulative_expenditure_only,2008-11,2022-03,,,2022-03,FR_mar_2022.pdf,Table: Month-wise Completed Projects,39.0,1.0,160.0,,
618819,N24001647,Balance work of Panikoili Rimoli Section of new NH-20 from Km 0.00 to Km. 163.000,UNKNOWN,NHAI,UNKNOWN,Odisha (03/2021),183.03,200.79,185.4,revised_cost_crore,2023-12,2022-03,,,2026-06,FlashReport_June_2026.pdf,Table 3: Completed Projects,,0.0,-21.0,1.0,9.703327323389603
N08000014,N08000014,255,WATER RESOURCES,"NATIONAL 
FERTILISER LIMITED",WATER RESOURCES,CENTRAL / UNKNOWN,255.0,,8000014.0,cumulative_expenditure_only,2019-11,2022-03,,,2022-03,FR_mar_2022.pdf,Table: Month-wise Completed Projects,38.0,1.0,28.0,,
N08000015,N08000015,(Rs. crore),CENTRAL SECTOR,Rs. crore,UNKNOWN,CENTRAL / UNKNOWN,190.0,,8000015.0,cumulative_expenditure_only,2019-11,2022-03,,,2022-03,FR_mar_2022.pdf,Table: Month-wise Completed Projects,35.0,1.0,28.0,,
N08000016,N08000016,191,CENTRAL SECTOR,"NATIONAL 
FERTILISER LIMITED",UNKNOWN,CENTRAL / UNKNOWN,191.0,,8000016.0,cumulative_expenditure_only,2019-11,2022-03,,,2022-03,FR_mar_2022.pdf,Table: Month-wise Completed Projects,35.0,1.0,28.0,,
N16000210,N16000210,(Rs. crore),CENTRAL SECTOR,Rs. crore,UNKNOWN,CENTRAL / UNKNOWN,165.0,,16000210.0,cumulative_expenditure_only,2020-02,2022-03,,,2022-03,FR_mar_2022.pdf,Table: Month-wise Completed Projects,33.0,1.0,25.0,,
N16000227,N16000227,166,CENTRAL SECTOR,PDPP,UNKNOWN,CENTRAL / UNKNOWN,166.0,,16000227.0,cumulative_expenditure_only,2018-08,2022-03,,,2022-03,FR_mar_2022.pdf,Table: Month-wise Completed Projects,33.0,1.0,43.0,,
N16000233,N16000233,256,PETROLEUM,GAS AUTHORITY OF INDIA LIMITED,PETROLEUM,CENTRAL / UNKNOWN,256.0,,16000233.0,cumulative_expenditure_only,2018-04,2022-03,,,2022-03,FR_mar_2022.pdf,Table: Month-wise Completed Projects,38.0,1.0,47.0,,
N16000257,N16000257,257,PETROLEUM,MANGALORE REFINERY AND PETROCHEMICALS LIMITED,PETROLEUM,CENTRAL / UNKNOWN,256.0,,16000233.0,cumulative_expenditure_only,2019-12,2022-03,,,2022-03,FR_mar_2022.pdf,Table: Month-wise Completed Projects,38.0,1.0,27.0,,
N16000271,N16000271,258,PETROLEUM,"GAS AUTHORITY OF 
INDIA LIMITED",PETROLEUM,CENTRAL / UNKNOWN,258.0,,16000271.0,cumulative_expenditure_only,2020-12,2022-03,,,2022-03,FR_mar_2022.pdf,Table: Month-wise Completed Projects,38.0,1.0,15.0,,
N16000286,N16000286,192,PETROLEUM,INDIAN OIL CORPORATION LIMITED,PETROLEUM,CENTRAL / UNKNOWN,192.0,,16000286.0,cumulative_expenditure_only,2021-11,2022-03,,,2022-03,FR_mar_2022.pdf,Table: Month-wise Completed Projects,35.0,1.0,4.0,,
N16000295,N16000295,167,PETROLEUM,CHENNAI PETROLEUM CORPORATION LIMITED,PETROLEUM,CENTRAL / UNKNOWN,167.0,,16000295.0,cumulative_expenditure_only,2019-12,2022-03,,,2022-03,FR_mar_2022.pdf,Table: Month-wise Completed Projects,33.0,1.0,27.0,,
N16000301,N16000301,193,PETROLEUM,CHENNAI PETROLEUM CORPORATION LIMITED,PETROLEUM,CENTRAL / UNKNOWN,193.0,,16000301.0,cumulative_expenditure_only,2020-08,2022-03,,,2022-03,FR_mar_2022.pdf,Table: Month-wise Completed Projects,35.0,1.0,19.0,,
N16000319,N16000319,194,PETROLEUM,"MANGALORE REFINERY AND 
PETROCHEMICALS LIMITED",PETROLEUM,CENTRAL / UNKNOWN,193.0,,16000301.0,cumulative_expenditure_only,2020-03,2022-03,,,2022-03,FR_mar_2022.pdf,Table: Month-wise Completed Projects,35.0,1.0,24.0,,
N16000346,N16000346,259,PETROLEUM,BHARAT PETROLEUM CORPORATION LIMITED,PETROLEUM,CENTRAL / UNKNOWN,259.0,,16000346.0,cumulative_expenditure_only,2023-03,2022-03,,,2022-03,FR_mar_2022.pdf,Table: Month-wise Completed Projects,38.0,0.0,-12.0,,
N16000356,N16000356,260,PETROLEUM,OIL INDIA LIMITED,PETROLEUM,CENTRAL / UNKNOWN,260.0,,762.0,cumulative_expenditure_only,2020-08,2022-03,,,2022-03,FR_mar_2022.pdf,Table: Month-wise Completed Projects,38.0,1.0,19.0,,
N16000358,N16000358,MUMBAI HIGH NORTH REDEVELOPMENT PHASE-IV,UNKNOWN,ONGC,UNKNOWN,N16000358,3228.8,,3867.19,cumulative_expenditure_crore,2022-03,2022-03,,,2025-04,FRApril2025.pdf,Table 3: Completed Projects,,0.0,0.0,,
N18000157,N18000157,195,POWER,POWER GRID CORPORATION OF INDIA LIMITED,POWER,CENTRAL / UNKNOWN,195.0,,18000157.0,cumulative_expenditure_only,2016-04,2022-03,,,2022-03,FR_mar_2022.pdf,Table: Month-wise Completed Projects,35.0,1.0,71.0,,
N18000213,N18000213,196,POWER,POWER GRID CORPORATION OF INDIA LIMITED,POWER,CENTRAL / UNKNOWN,195.0,,18000157.0,cumulative_expenditure_only,2018-01,2022-03,,,2022-03,FR_mar_2022.pdf,Table: Month-wise Completed Projects,35.0,1.0,50.0,,
N18000214,N18000214,197,POWER,POWER GRID CORPORATION OF INDIA LIMITED,POWER,CENTRAL / UNKNOWN,197.0,,18000214.0,cumulative_expenditure_only,2018-04,2022-03,,,2022-03,FR_mar_2022.pdf,Table: Month-wise Completed Projects,35.0,1.0,47.0,,
N18000219,N18000219,198,POWER,"RAIGARH, CHATTISGARH",POWER,CENTRAL / UNKNOWN,197.0,,18000214.0,cumulative_expenditure_only,2019-11,2022-03,,,2022-03,FR_mar_2022.pdf,Table: Month-wise Completed Projects,35.0,1.0,28.0,,
N18000247,N18000247,199,POWER,"RAIGARH, 
CHATTISGARH",POWER,CENTRAL / UNKNOWN,199.0,,18000247.0,cumulative_expenditure_only,2020-04,2022-03,,,2022-03,FR_mar_2022.pdf,Table: Month-wise Completed Projects,35.0,1.0,23.0,,
N18000261,N18000261,(Rs. crore),CENTRAL SECTOR,Rs. crore,UNKNOWN,CENTRAL / UNKNOWN,108.0,,18000261.0,cumulative_expenditure_only,2018-09,2022-03,,,2022-03,FR_mar_2022.pdf,Table: Month-wise Completed Projects,30.0,1.0,42.0,,
N18000263,N18000263,109,CENTRAL SECTOR,PAVAGADA,UNKNOWN,CENTRAL / UNKNOWN,109.0,,18000263.0,cumulative_expenditure_only,2019-02,2022-03,,,2022-03,FR_mar_2022.pdf,Table: Month-wise Completed Projects,30.0,1.0,37.0,,
N18000267,N18000267,110,CENTRAL SECTOR,PG,UNKNOWN,CENTRAL / UNKNOWN,110.0,,400.0,cumulative_expenditure_only,2019-09,2022-03,,,2022-03,FR_mar_2022.pdf,Table: Month-wise Completed Projects,30.0,1.0,30.0,,
N18000269,N18000269,111,CENTRAL SECTOR,RADHANESDA,UNKNOWN,CENTRAL / UNKNOWN,111.0,,18000269.0,cumulative_expenditure_only,2019-06,2022-03,,,2022-03,FR_mar_2022.pdf,Table: Month-wise Completed Projects,30.0,1.0,33.0,,
N22000002,N22000002,203,RAILWAYS,EXTENSION OF MANSI-SAHARSA,RAILWAYS,CENTRAL / UNKNOWN,202.0,,220100304.0,cumulative_expenditure_only,2012-03,2022-03,,,2022-03,FR_mar_2022.pdf,Table: Month-wise Completed Projects,35.0,1.0,120.0,,
N22000091,N22000091,117,RAILWAYS,GC,RAILWAYS,CENTRAL / UNKNOWN,116.0,,220100324.0,cumulative_expenditure_only,2010-12,2022-03,,,2022-03,FR_mar_2022.pdf,Table: Month-wise Completed Projects,30.0,1.0,135.0,,
N22000094,N22000094,204,RAILWAYS,RAILWAY ELECTRIFICATION,RAILWAYS,CENTRAL / UNKNOWN,203.0,,22000002.0,cumulative_expenditure_only,2012-03,2022-03,,,2022-03,FR_mar_2022.pdf,Table: Month-wise Completed Projects,35.0,1.0,120.0,,
N22000125,N22000125,118,RAILWAYS,WR,RAILWAYS,CENTRAL / UNKNOWN,117.0,,22000091.0,cumulative_expenditure_only,2011-03,2022-03,,,2022-03,FR_mar_2022.pdf,Table: Month-wise Completed Projects,30.0,1.0,132.0,,
N22000137,N22000137,119,RAILWAYS,NORTH WESTERN RAILWAY,RAILWAYS,CENTRAL / UNKNOWN,118.0,,50.0,cumulative_expenditure_only,2019-12,2022-03,,,2022-03,FR_mar_2022.pdf,Table: Month-wise Completed Projects,30.0,1.0,27.0,,
N22000140,N22000140,205,RAILWAYS,GC,RAILWAYS,CENTRAL / UNKNOWN,205.0,,22000140.0,cumulative_expenditure_only,2021-12,2022-03,,,2022-03,FR_mar_2022.pdf,Table: Month-wise Completed Projects,35.0,1.0,3.0,,
N22000149,N22000149,120,RAILWAYS,NORTH WESTERN RAILWAY,RAILWAYS,CENTRAL / UNKNOWN,119.0,,22000137.0,cumulative_expenditure_only,2018-10,2022-03,,,2022-03,FR_mar_2022.pdf,Table: Month-wise Completed Projects,30.0,1.0,41.0,,
N22000152,N22000152,206,RAILWAYS,NORTH WESTERN RAILWAY,RAILWAYS,CENTRAL / UNKNOWN,205.0,,22000140.0,cumulative_expenditure_only,2020-03,2022-03,,,2022-03,FR_mar_2022.pdf,Table: Month-wise Completed Projects,35.0,1.0,24.0,,
N22000155,N22000155,121,RAILWAYS,NORTH WESTERN RAILWAY,RAILWAYS,CENTRAL / UNKNOWN,120.0,,22000149.0,cumulative_expenditure_only,2019-11,2022-03,,,2022-03,FR_mar_2022.pdf,Table: Month-wise Completed Projects,30.0,1.0,28.0,,
N22000157,N22000157,122,RAILWAYS,NORTH WESTERN RAILWAY,RAILWAYS,CENTRAL / UNKNOWN,121.0,,22000155.0,cumulative_expenditure_only,2019-02,2022-03,,,2022-03,FR_mar_2022.pdf,Table: Month-wise Completed Projects,30.0,1.0,37.0,,
N22000162,N22000162,207,RAILWAYS,SOUTH EASTERN RAILWAY,RAILWAYS,CENTRAL / UNKNOWN,207.0,,22000162.0,cumulative_expenditure_only,2015-03,2022-03,,,2022-03,FR_mar_2022.pdf,Table: Month-wise Completed Projects,35.0,1.0,84.0,,
N22000165,N22000165,123,RAILWAYS,SOUTH EASTERN RAILWAY,RAILWAYS,CENTRAL / UNKNOWN,122.0,,22000157.0,cumulative_expenditure_only,2018-12,2022-03,,,2022-03,FR_mar_2022.pdf,Table: Month-wise Completed Projects,30.0,1.0,39.0,,
N22000182,N22000182,124,RAILWAYS,EAST CENTRAL RAILWAYS,RAILWAYS,CENTRAL / UNKNOWN,123.0,,3.0,cumulative_expenditure_only,,2022-03,,,2022-03,FR_mar_2022.pdf,Table: Month-wise Completed Projects,30.0,,,,
N22000187,N22000187,125,RAILWAYS,SOUTHERN RAILWAY,RAILWAYS,CENTRAL / UNKNOWN,124.0,,22000182.0,cumulative_expenditure_only,2019-03,2022-03,,,2022-03,FR_mar_2022.pdf,Table: Month-wise Completed Projects,30.0,1.0,36.0,,
N22000202,N22000202,(Rs. crore),CENTRAL SECTOR,Rs. crore,UNKNOWN,CENTRAL / UNKNOWN,208.0,,3.0,cumulative_expenditure_only,2016-04,2022-03,,,2022-03,FR_mar_2022.pdf,Table: Month-wise Completed Projects,36.0,1.0,71.0,,
N22000210,N22000210,126,RAILWAYS,NORTH EAST FRONTIER RAILWAY,RAILWAYS,CENTRAL / UNKNOWN,125.0,,22000187.0,cumulative_expenditure_only,2019-03,2022-03,,,2022-03,FR_mar_2022.pdf,Table: Month-wise Completed Projects,30.0,1.0,36.0,,
N22000214,N22000214,209,CENTRAL SECTOR,METROPOLITAN RAPID TRANSPORT PROJECTS,UNKNOWN,CENTRAL / UNKNOWN,209.0,,12.0,cumulative_expenditure_only,2016-04,2022-03,,,2022-03,FR_mar_2022.pdf,Table: Month-wise Completed Projects,36.0,1.0,71.0,,
N22000222,N22000222,127,RAILWAYS,EASTERN RAILWAYS,RAILWAYS,CENTRAL / UNKNOWN,126.0,,22000210.0,cumulative_expenditure_only,2020-03,2022-03,,,2022-03,FR_mar_2022.pdf,Table: Month-wise Completed Projects,30.0,1.0,24.0,,
N22000230,N22000230,210,CENTRAL SECTOR,"40 C CATEGORY 
STATIONS",UNKNOWN,CENTRAL / UNKNOWN,209.0,,12.0,cumulative_expenditure_only,2018-11,2022-03,,,2022-03,FR_mar_2022.pdf,Table: Month-wise Completed Projects,36.0,1.0,40.0,,
N22000236,N22000236,128,RAILWAYS,EASTERN RAILWAYS,RAILWAYS,CENTRAL / UNKNOWN,127.0,,22000222.0,cumulative_expenditure_only,2020-03,2022-03,,,2022-03,FR_mar_2022.pdf,Table: Month-wise Completed Projects,30.0,1.0,24.0,,
N22000244,N22000244,211,CENTRAL SECTOR,EASTERN RAILWAYS,UNKNOWN,CENTRAL / UNKNOWN,211.0,,3.0,cumulative_expenditure_only,2014-03,2022-03,,,2022-03,FR_mar_2022.pdf,Table: Month-wise Completed Projects,36.0,1.0,96.0,,
N22000247,N22000247,212,RAILWAYS,CENTRAL RAILWAYS,RAILWAYS,CENTRAL / UNKNOWN,212.0,,3.0,cumulative_expenditure_only,2019-03,2022-03,,,2022-03,FR_mar_2022.pdf,Table: Month-wise Completed Projects,36.0,1.0,36.0,,
N22000289,N22000289,129,RAILWAYS,NORTHERN RAILWAY,RAILWAYS,CENTRAL / UNKNOWN,128.0,,22000236.0,cumulative_expenditure_only,2016-12,2022-03,,,2022-03,FR_mar_2022.pdf,Table: Month-wise Completed Projects,30.0,1.0,63.0,,
N22000319,N22000319,213,RAILWAYS,EAST COAST RAILWAY,RAILWAYS,CENTRAL / UNKNOWN,212.0,,3.0,cumulative_expenditure_only,2020-03,2022-03,,,2022-03,FR_mar_2022.pdf,Table: Month-wise Completed Projects,36.0,1.0,24.0,,
N22000321,N22000321,168,RAILWAYS,40 KM,RAILWAYS,CENTRAL / UNKNOWN,168.0,,40.0,cumulative_expenditure_only,,2022-03,,,2022-03,FR_mar_2022.pdf,Table: Month-wise Completed Projects,33.0,,,,
N22000323,N22000323,130,RAILWAYS,20 KM,RAILWAYS,CENTRAL / UNKNOWN,129.0,,22000289.0,cumulative_expenditure_only,2016-12,2022-03,,,2022-03,FR_mar_2022.pdf,Table: Month-wise Completed Projects,30.0,1.0,63.0,,
N22000372,N22000372,214,RAILWAYS,80KM,RAILWAYS,CENTRAL / UNKNOWN,213.0,,22000319.0,cumulative_expenditure_only,2020-03,2022-03,,,2022-03,FR_mar_2022.pdf,Table: Month-wise Completed Projects,36.0,1.0,24.0,,
N22000373,N22000373,(Rs. crore),CENTRAL SECTOR,Rs. crore,UNKNOWN,CENTRAL / UNKNOWN,131.0,,28.93,cumulative_expenditure_only,2014-04,2022-03,,,2022-03,FR_mar_2022.pdf,Table: Month-wise Completed Projects,31.0,1.0,95.0,,
N22000374,N22000374,215,RAILWAYS,EAST CENTRAL RAILWAYS,RAILWAYS,CENTRAL / UNKNOWN,214.0,,4.0,cumulative_expenditure_only,2014-07,2022-03,,,2022-03,FR_mar_2022.pdf,Table: Month-wise Completed Projects,36.0,1.0,92.0,,
N22000390,N22000390,216,RAILWAYS,51.65 KM,RAILWAYS,CENTRAL / UNKNOWN,215.0,,22000374.0,cumulative_expenditure_only,2021-12,2022-03,,,2022-03,FR_mar_2022.pdf,Table: Month-wise Completed Projects,36.0,1.0,3.0,,
N22000421,N22000421,217,RAILWAYS,CONTAINER CORPORATION OF INDIA,RAILWAYS,CENTRAL / UNKNOWN,217.0,,22000421.0,cumulative_expenditure_only,2018-03,2022-03,,,2022-03,FR_mar_2022.pdf,Table: Month-wise Completed Projects,36.0,1.0,48.0,,
N22000422,N22000422,218,RAILWAYS,CONTAINER CORPORATION OF INDIA,RAILWAYS,CENTRAL / UNKNOWN,217.0,,22000421.0,cumulative_expenditure_only,2019-03,2022-03,,,2022-03,FR_mar_2022.pdf,Table: Month-wise Completed Projects,36.0,1.0,36.0,,
N22000424,N22000424,219,RAILWAYS,CONTAINER CORPORATION OF INDIA,RAILWAYS,CENTRAL / UNKNOWN,218.0,,22000422.0,cumulative_expenditure_only,2018-03,2022-03,,,2022-03,FR_mar_2022.pdf,Table: Month-wise Completed Projects,36.0,1.0,48.0,,
N22000425,N22000425,220,RAILWAYS,CONTAINER CORPORATION OF INDIA,RAILWAYS,CENTRAL / UNKNOWN,219.0,,22000424.0,cumulative_expenditure_only,2018-03,2022-03,,,2022-03,FR_mar_2022.pdf,Table: Month-wise Completed Projects,36.0,1.0,48.0,,
N22000426,N22000426,221,RAILWAYS,CONTAINER CORPORATION OF INDIA,RAILWAYS,CENTRAL / UNKNOWN,220.0,,22000425.0,cumulative_expenditure_only,2019-03,2022-03,,,2022-03,FR_mar_2022.pdf,Table: Month-wise Completed Projects,36.0,1.0,36.0,,
N22000427,N22000427,222,RAILWAYS,CONTAINER CORPORATION OF INDIA,RAILWAYS,CENTRAL / UNKNOWN,221.0,,22000426.0,cumulative_expenditure_only,2019-03,2022-03,,,2022-03,FR_mar_2022.pdf,Table: Month-wise Completed Projects,36.0,1.0,36.0,,
N22000433,N22000433,132,CENTRAL SECTOR,WESTERN RAILWAY,UNKNOWN,CENTRAL / UNKNOWN,132.0,,300.0,cumulative_expenditure_only,2018-03,2022-03,,,2022-03,FR_mar_2022.pdf,Table: Month-wise Completed Projects,31.0,1.0,48.0,,
N22000437,N22000437,223,RAILWAYS,"WESTERN 
RAILWAY",RAILWAYS,CENTRAL / UNKNOWN,222.0,,22000427.0,cumulative_expenditure_only,2005-03,2022-03,,,2022-03,FR_mar_2022.pdf,Table: Month-wise Completed Projects,36.0,1.0,204.0,,
N22000441,N22000441,224,RAILWAYS,"PHASE 
II",RAILWAYS,CENTRAL / UNKNOWN,224.0,,22000441.0,cumulative_expenditure_only,2005-03,2022-03,,,2022-03,FR_mar_2022.pdf,Table: Month-wise Completed Projects,36.0,1.0,204.0,,
N22000444,N22000444,133,CENTRAL SECTOR,18 KM,UNKNOWN,CENTRAL / UNKNOWN,133.0,,3.0,cumulative_expenditure_only,2018-03,2022-03,,,2022-03,FR_mar_2022.pdf,Table: Month-wise Completed Projects,31.0,1.0,48.0,,
N22000461,N22000461,134,CENTRAL SECTOR,NORTH EASTERN RAILWAY,UNKNOWN,CENTRAL / UNKNOWN,133.0,,3.0,cumulative_expenditure_only,2017-04,2022-03,,,2022-03,FR_mar_2022.pdf,Table: Month-wise Completed Projects,31.0,1.0,59.0,,
N22000465,N22000465,225,RAILWAYS,EAST CENTRAL RAILWAYS,RAILWAYS,CENTRAL / UNKNOWN,224.0,,22000441.0,cumulative_expenditure_only,2021-03,2022-03,,,2022-03,FR_mar_2022.pdf,Table: Month-wise Completed Projects,36.0,1.0,12.0,,
N22000475,N22000475,135,RAILWAYS,46KM,RAILWAYS,CENTRAL / UNKNOWN,134.0,,22000461.0,cumulative_expenditure_only,2019-12,2022-03,,,2022-03,FR_mar_2022.pdf,Table: Month-wise Completed Projects,31.0,1.0,27.0,,
N22000483,N22000483,136,RAILWAYS,SOUTH EAST CENTRAL RAILWAY,RAILWAYS,CENTRAL / UNKNOWN,135.0,,46.0,cumulative_expenditure_only,2019-12,2022-03,,,2022-03,FR_mar_2022.pdf,Table: Month-wise Completed Projects,31.0,1.0,27.0,,
N22000487,N22000487,137,RAILWAYS,WESTERN RAILWAY,RAILWAYS,CENTRAL / UNKNOWN,136.0,,3.0,cumulative_expenditure_only,2019-03,2022-03,,,2022-03,FR_mar_2022.pdf,Table: Month-wise Completed Projects,31.0,1.0,36.0,,
N22000494,N22000494,138,RAILWAYS,17.07KM,RAILWAYS,CENTRAL / UNKNOWN,138.0,,17.07,cumulative_expenditure_only,2020-03,2022-03,,,2022-03,FR_mar_2022.pdf,Table: Month-wise Completed Projects,31.0,1.0,24.0,,
N22000507,N22000507,226,RAILWAYS,34 KM,RAILWAYS,CENTRAL / UNKNOWN,225.0,,22000465.0,cumulative_expenditure_only,2018-12,2022-03,,,2022-03,FR_mar_2022.pdf,Table: Month-wise Completed Projects,36.0,1.0,39.0,,
N24000044,N24000044,139,ROAD TRANSPORT AND HIGHWAYS,AS-3,ROAD TRANSPORT AND HIGHWAYS,CENTRAL / UNKNOWN,139.0,,24000044.0,cumulative_expenditure_only,2008-03,2022-03,,,2022-03,FR_mar_2022.pdf,Table: Month-wise Completed Projects,31.0,1.0,168.0,,
N24000047,N24000047,140,ROAD TRANSPORT AND HIGHWAYS,AS-6,ROAD TRANSPORT AND HIGHWAYS,CENTRAL / UNKNOWN,139.0,,24000044.0,cumulative_expenditure_only,2008-06,2022-03,,,2022-03,FR_mar_2022.pdf,Table: Month-wise Completed Projects,31.0,1.0,165.0,,
N24000048,N24000048,141,ROAD TRANSPORT AND HIGHWAYS,AS-7,ROAD TRANSPORT AND HIGHWAYS,CENTRAL / UNKNOWN,140.0,,24000047.0,cumulative_expenditure_only,2008-04,2022-03,,,2022-03,FR_mar_2022.pdf,Table: Month-wise Completed Projects,31.0,1.0,167.0,,
N24000049,N24000049,142,ROAD TRANSPORT AND HIGHWAYS,AS-20,ROAD TRANSPORT AND HIGHWAYS,CENTRAL / UNKNOWN,141.0,,24000048.0,cumulative_expenditure_only,2008-05,2022-03,,,2022-03,FR_mar_2022.pdf,Table: Month-wise Completed Projects,31.0,1.0,166.0,,
N24000063,N24000063,143,ROAD TRANSPORT AND HIGHWAYS,NATIONAL HIGHWAYS AUTHORITY OF INDIA,ROAD TRANSPORT AND HIGHWAYS,CENTRAL / UNKNOWN,142.0,,205.0,cumulative_expenditure_only,2010-04,2022-03,,,2022-03,FR_mar_2022.pdf,Table: Month-wise Completed Projects,31.0,1.0,143.0,,
N24000089,N24000089,228,ROAD TRANSPORT AND HIGHWAYS,ANNUITY,ROAD TRANSPORT AND HIGHWAYS,CENTRAL / UNKNOWN,227.0,,126.45,cumulative_expenditure_only,2009-12,2022-03,,,2022-03,FR_mar_2022.pdf,Table: Month-wise Completed Projects,36.0,1.0,147.0,,
N24000163,N24000163,264,CENTRAL SECTOR,ANNUITY,UNKNOWN,CENTRAL / UNKNOWN,264.0,,27.5,cumulative_expenditure_only,2013-07,2022-03,,,2022-03,FR_mar_2022.pdf,Table: Month-wise Completed Projects,39.0,1.0,104.0,,
N24000260,N24000260,229,ROAD TRANSPORT AND HIGHWAYS,"MINISTRY OF ROAD TRANSPORT AND HIGHWAYS (STATE 
PWDs",ROAD TRANSPORT AND HIGHWAYS,CENTRAL / UNKNOWN,229.0,,6.8,cumulative_expenditure_only,2017-09,2022-03,,,2022-03,FR_mar_2022.pdf,Table: Month-wise Completed Projects,36.0,1.0,54.0,,
N24000294,N24000294,(Rs. crore),CENTRAL SECTOR,Rs. crore,UNKNOWN,CENTRAL / UNKNOWN,27.0,,267.0,cumulative_expenditure_only,2015-01,2022-03,,,2022-03,FR_mar_2022.pdf,Table: Month-wise Completed Projects,25.0,1.0,86.0,,
N24000295,N24000295,28,CENTRAL SECTOR,"MINISTRY OF 
ROAD TRANSPORT AND HIGHWAYS (STATE PWDs",UNKNOWN,CENTRAL / UNKNOWN,28.0,,24000295.0,cumulative_expenditure_only,2015-01,2022-03,,,2022-03,FR_mar_2022.pdf,Table: Month-wise Completed Projects,25.0,1.0,86.0,,
N24000297,N24000297,29,CENTRAL SECTOR,"MINISTRY OF ROAD TRANSPORT AND HIGHWAYS (STATE 
PWDs",UNKNOWN,CENTRAL / UNKNOWN,29.0,,2.0,cumulative_expenditure_only,2014-04,2022-03,,,2022-03,FR_mar_2022.pdf,Table: Month-wise Completed Projects,25.0,1.0,95.0,,
N24000298,N24000298,30,CENTRAL SECTOR,"MINISTRY OF ROAD TRANSPORT AND HIGHWAYS (STATE 
PWDs",UNKNOWN,CENTRAL / UNKNOWN,30.0,,173.0,cumulative_expenditure_only,2015-03,2022-03,,,2022-03,FR_mar_2022.pdf,Table: Month-wise Completed Projects,25.0,1.0,84.0,,
N24000311,N24000311,31,CENTRAL SECTOR,"CORRECSPONDING TO 
EXISTING CH: 27.00 TO KM75.00",UNKNOWN,CENTRAL / UNKNOWN,31.0,,27.0,cumulative_expenditure_only,2012-05,2022-03,,,2022-03,FR_mar_2022.pdf,Table: Month-wise Completed Projects,25.0,1.0,118.0,,
N24000316,N24000316,(Rs. crore),CENTRAL SECTOR,Rs. crore,UNKNOWN,CENTRAL / UNKNOWN,230.0,,81.0,cumulative_expenditure_only,2015-08,2022-03,,,2022-03,FR_mar_2022.pdf,Table: Month-wise Completed Projects,37.0,1.0,79.0,,
N24000317,N24000317,32,CENTRAL SECTOR,"MINISTRY OF 
ROAD TRANSPORT AND HIGHWAYS (STATE PWDs",UNKNOWN,CENTRAL / UNKNOWN,32.0,,226.0,cumulative_expenditure_only,2015-07,2022-03,,,2022-03,FR_mar_2022.pdf,Table: Month-wise Completed Projects,25.0,1.0,80.0,,
N24000318,N24000318,33,CENTRAL SECTOR,"MINISTRY OF ROAD TRANSPORT AND HIGHWAYS (STATE 
PWDs",UNKNOWN,CENTRAL / UNKNOWN,33.0,,24000318.0,cumulative_expenditure_only,2015-08,2022-03,,,2022-03,FR_mar_2022.pdf,Table: Month-wise Completed Projects,25.0,1.0,79.0,,
N24000333,N24000333,34,CENTRAL SECTOR,"MINISTRY 
OF ROAD TRANSPORT AND HIGHWAYS (STATE PWDs",UNKNOWN,CENTRAL / UNKNOWN,34.0,,4.0,cumulative_expenditure_only,2018-06,2022-03,,,2022-03,FR_mar_2022.pdf,Table: Month-wise Completed Projects,25.0,1.0,45.0,,
N24000344,N24000344,231,CENTRAL SECTOR,NATIONAL HIGHWAYS AUTHORITY OF INDIA,UNKNOWN,CENTRAL / UNKNOWN,231.0,,24000344.0,cumulative_expenditure_only,2016-09,2022-03,,,2022-03,FR_mar_2022.pdf,Table: Month-wise Completed Projects,37.0,1.0,66.0,,
N24000361,N24000361,144,ROAD TRANSPORT AND HIGHWAYS,NATIONAL HIGHWAYS AUTHORITY OF INDIA,ROAD TRANSPORT AND HIGHWAYS,CENTRAL / UNKNOWN,143.0,,24000063.0,cumulative_expenditure_only,2016-08,2022-03,,,2022-03,FR_mar_2022.pdf,Table: Month-wise Completed Projects,31.0,1.0,67.0,,
N24000371,N24000371,35,CENTRAL SECTOR,"MINISTRY OF ROAD 
TRANSPORT AND HIGHWAYS (STATE PWDs",UNKNOWN,CENTRAL / UNKNOWN,35.0,,65.0,cumulative_expenditure_only,2017-03,2022-03,,,2022-03,FR_mar_2022.pdf,Table: Month-wise Completed Projects,25.0,1.0,60.0,,
N24000376,N24000376,36,CENTRAL SECTOR,"MINISTRY OF ROAD TRANSPORT AND HIGHWAYS (STATE 
PWDs",UNKNOWN,CENTRAL / UNKNOWN,36.0,,2.0,cumulative_expenditure_only,2018-01,2022-03,,,2022-03,FR_mar_2022.pdf,Table: Month-wise Completed Projects,25.0,1.0,50.0,,
N24000379,N24000379,37,CENTRAL SECTOR,"MINISTRY OF ROAD TRANSPORT AND HIGHWAYS (STATE 
PWDs",UNKNOWN,CENTRAL / UNKNOWN,37.0,,2.0,cumulative_expenditure_only,2017-10,2022-03,,,2022-03,FR_mar_2022.pdf,Table: Month-wise Completed Projects,25.0,1.0,53.0,,
N24000385,N24000385,38,CENTRAL SECTOR,NEW NH-52,UNKNOWN,CENTRAL / UNKNOWN,38.0,,24000385.0,cumulative_expenditure_only,2017-05,2022-03,,,2022-03,FR_mar_2022.pdf,Table: Month-wise Completed Projects,25.0,1.0,58.0,,
N24000388,N24000388,39,CENTRAL SECTOR,"MINISTRY OF ROAD 
TRANSPORT AND HIGHWAYS (STATE PWDs",UNKNOWN,CENTRAL / UNKNOWN,39.0,,65.0,cumulative_expenditure_only,2017-05,2022-03,,,2022-03,FR_mar_2022.pdf,Table: Month-wise Completed Projects,25.0,1.0,58.0,,
N24000389,N24000389,40,CENTRAL SECTOR,"MINISTRY OF ROAD TRANSPORT 
AND HIGHWAYS (STATE PWDs",UNKNOWN,CENTRAL / UNKNOWN,40.0,,4.0,cumulative_expenditure_only,2018-03,2022-03,,,2022-03,FR_mar_2022.pdf,Table: Month-wise Completed Projects,25.0,1.0,48.0,,
N24000397,N24000397,41,CENTRAL SECTOR,"MINISTRY 
OF ROAD TRANSPORT AND HIGHWAYS (STATE PWDs",UNKNOWN,CENTRAL / UNKNOWN,41.0,,2.0,cumulative_expenditure_only,2018-03,2022-03,,,2022-03,FR_mar_2022.pdf,Table: Month-wise Completed Projects,25.0,1.0,48.0,,
N24000402,N24000402,(Rs. crore),CENTRAL SECTOR,Rs. crore,UNKNOWN,CENTRAL / UNKNOWN,42.0,,2.0,cumulative_expenditure_only,2016-10,2022-03,,,2022-03,FR_mar_2022.pdf,Table: Month-wise Completed Projects,26.0,1.0,65.0,,
N24000414,N24000414,43,CENTRAL SECTOR,"MINISTRY 
OF ROAD TRANSPORT AND HIGHWAYS (STATE PWDs",UNKNOWN,CENTRAL / UNKNOWN,43.0,,2.0,cumulative_expenditure_only,2018-05,2022-03,,,2022-03,FR_mar_2022.pdf,Table: Month-wise Completed Projects,26.0,1.0,46.0,,
N24000417,N24000417,44,CENTRAL SECTOR,PALLAHARA-PITRI JUNCTION,UNKNOWN,CENTRAL / UNKNOWN,44.0,,68.28,cumulative_expenditure_only,2017-01,2022-03,,,2022-03,FR_mar_2022.pdf,Table: Month-wise Completed Projects,26.0,1.0,62.0,,
N24000467,N24000467,45,CENTRAL SECTOR,TOLL,UNKNOWN,CENTRAL / UNKNOWN,45.0,,79.0,cumulative_expenditure_only,2013-10,2022-03,,,2022-03,FR_mar_2022.pdf,Table: Month-wise Completed Projects,26.0,1.0,101.0,,
N24000470,N24000470,46,CENTRAL SECTOR,TOLL,UNKNOWN,CENTRAL / UNKNOWN,46.0,,79.0,cumulative_expenditure_only,2013-10,2022-03,,,2022-03,FR_mar_2022.pdf,Table: Month-wise Completed Projects,26.0,1.0,101.0,,
N24000494,N24000494,232,CENTRAL SECTOR,BOT,UNKNOWN,CENTRAL / UNKNOWN,231.0,,24000344.0,cumulative_expenditure_only,2015-11,2022-03,,,2022-03,FR_mar_2022.pdf,Table: Month-wise Completed Projects,37.0,1.0,76.0,,
N24000496,N24000496,233,CENTRAL SECTOR,"NATIONAL 
HIGHWAYS AUTHORITY OF INDIA",UNKNOWN,CENTRAL / UNKNOWN,232.0,,24000494.0,cumulative_expenditure_only,2016-03,2022-03,,,2022-03,FR_mar_2022.pdf,Table: Month-wise Completed Projects,37.0,1.0,72.0,,
N24000502,N24000502,265,CENTRAL SECTOR,NATIONAL HIGHWAYS AUTHORITY OF INDIA,UNKNOWN,CENTRAL / UNKNOWN,265.0,,24000502.0,cumulative_expenditure_only,2018-04,2022-03,,,2022-03,FR_mar_2022.pdf,Table: Month-wise Completed Projects,39.0,1.0,47.0,,
N24000503,N24000503,47,CENTRAL SECTOR,NATIONAL HIGHWAYS AUTHORITY OF INDIA,UNKNOWN,CENTRAL / UNKNOWN,47.0,,24000503.0,cumulative_expenditure_only,2017-12,2022-03,,,2022-03,FR_mar_2022.pdf,Table: Month-wise Completed Projects,26.0,1.0,51.0,,
N24000508,N24000508,145,ROAD TRANSPORT AND HIGHWAYS,BOT,ROAD TRANSPORT AND HIGHWAYS,CENTRAL / UNKNOWN,144.0,,24000361.0,cumulative_expenditure_only,2018-01,2022-03,,,2022-03,FR_mar_2022.pdf,Table: Month-wise Completed Projects,31.0,1.0,50.0,,
N24000509,N24000509,234,CENTRAL SECTOR,"NATIONAL 
HIGHWAYS AUTHORITY OF INDIA",UNKNOWN,CENTRAL / UNKNOWN,234.0,,24000509.0,cumulative_expenditure_only,2012-06,2022-03,,,2022-03,FR_mar_2022.pdf,Table: Month-wise Completed Projects,37.0,1.0,117.0,,
N24000517,N24000517,235,CENTRAL SECTOR,"NATIONAL HIGHWAYS 
AUTHORITY OF INDIA",UNKNOWN,CENTRAL / UNKNOWN,235.0,,24000517.0,cumulative_expenditure_only,2018-05,2022-03,,,2022-03,FR_mar_2022.pdf,Table: Month-wise Completed Projects,37.0,1.0,46.0,,
N24000518,N24000518,146,ROAD TRANSPORT AND HIGHWAYS,NATIONAL HIGHWAYS AUTHORITY OF INDIA,ROAD TRANSPORT AND HIGHWAYS,CENTRAL / UNKNOWN,145.0,,24000508.0,cumulative_expenditure_only,2019-04,2022-03,,,2022-03,FR_mar_2022.pdf,Table: Month-wise Completed Projects,31.0,1.0,35.0,,
N24000520,N24000520,236,CENTRAL SECTOR,"NATIONAL HIGHWAYS AUTHORITY 
OF INDIA",UNKNOWN,CENTRAL / UNKNOWN,236.0,,24000520.0,cumulative_expenditure_only,2019-02,2022-03,,,2022-03,FR_mar_2022.pdf,Table: Month-wise Completed Projects,37.0,1.0,37.0,,
N24000523,N24000523,48,CENTRAL SECTOR,"MINISTRY 
OF ROAD TRANSPORT AND HIGHWAYS (STATE PWDs",UNKNOWN,CENTRAL / UNKNOWN,47.0,,24000503.0,cumulative_expenditure_only,2017-11,2022-03,,,2022-03,FR_mar_2022.pdf,Table: Month-wise Completed Projects,26.0,1.0,52.0,,
N24000524,N24000524,49,CENTRAL SECTOR,"MINISTRY OF ROAD TRANSPORT AND HIGHWAYS (STATE 
PWDs",UNKNOWN,CENTRAL / UNKNOWN,49.0,,24000524.0,cumulative_expenditure_only,2014-08,2022-03,,,2022-03,FR_mar_2022.pdf,Table: Month-wise Completed Projects,26.0,1.0,91.0,,
N24000537,N24000537,50,CENTRAL SECTOR,MINISTRY OF ROAD TRANSPORT AND HIGHWAYS (STATE PWDs,UNKNOWN,CENTRAL / UNKNOWN,50.0,,2.0,cumulative_expenditure_only,2014-08,2022-03,,,2022-03,FR_mar_2022.pdf,Table: Month-wise Completed Projects,26.0,1.0,91.0,,
N24000541,N24000541,147,ROAD TRANSPORT AND HIGHWAYS,"NATIONAL HIGHWAYS AUTHORITY OF 
INDIA",ROAD TRANSPORT AND HIGHWAYS,CENTRAL / UNKNOWN,146.0,,24000518.0,cumulative_expenditure_only,2019-06,2022-03,,,2022-03,FR_mar_2022.pdf,Table: Month-wise Completed Projects,31.0,1.0,33.0,,
N24000542,N24000542,148,ROAD TRANSPORT AND HIGHWAYS,"NATIONAL HIGHWAYS 
AUTHORITY OF INDIA",ROAD TRANSPORT AND HIGHWAYS,CENTRAL / UNKNOWN,148.0,,4.0,cumulative_expenditure_only,2018-07,2022-03,,,2022-03,FR_mar_2022.pdf,Table: Month-wise Completed Projects,31.0,1.0,44.0,,
N24000545,N24000545,149,ROAD TRANSPORT AND HIGHWAYS,"KM 
0.000 TO 63.800",ROAD TRANSPORT AND HIGHWAYS,CENTRAL / UNKNOWN,149.0,,63.8,cumulative_expenditure_only,2018-11,2022-03,,,2022-03,FR_mar_2022.pdf,Table: Month-wise Completed Projects,31.0,1.0,40.0,,
N24000546,N24000546,237,CENTRAL SECTOR,"KM 272/00 
TO 309/345",UNKNOWN,CENTRAL / UNKNOWN,237.0,,2.0,cumulative_expenditure_only,2019-02,2022-03,,,2022-03,FR_mar_2022.pdf,Table: Month-wise Completed Projects,37.0,1.0,37.0,,
N24000548,N24000548,51,CENTRAL SECTOR,NATIONAL HIGHWAYS AUTHORITY OF INDIA,UNKNOWN,CENTRAL / UNKNOWN,51.0,,4.0,cumulative_expenditure_only,2019-03,2022-03,,,2022-03,FR_mar_2022.pdf,Table: Month-wise Completed Projects,26.0,1.0,36.0,,
N24000553,N24000553,(Rs. crore),CENTRAL SECTOR,Rs. crore,UNKNOWN,CENTRAL / UNKNOWN,178.0,,24000553.0,cumulative_expenditure_only,2018-11,2022-03,,,2022-03,FR_mar_2022.pdf,Table: Month-wise Completed Projects,34.0,1.0,40.0,,
N24000572,N24000572,238,CENTRAL SECTOR,NATIONAL HIGHWAYS AUTHORITY OF INDIA,UNKNOWN,CENTRAL / UNKNOWN,238.0,,4.0,cumulative_expenditure_only,2019-06,2022-03,,,2022-03,FR_mar_2022.pdf,Table: Month-wise Completed Projects,37.0,1.0,33.0,,
N24000580,N24000580,52,CENTRAL SECTOR,MINISTRY OF ROAD TRANSPORT AND HIGHWAYS (STATE PWDs,UNKNOWN,CENTRAL / UNKNOWN,51.0,,4.0,cumulative_expenditure_only,2016-07,2022-03,,,2022-03,FR_mar_2022.pdf,Table: Month-wise Completed Projects,26.0,1.0,68.0,,
N24000581,N24000581,53,CENTRAL SECTOR,"MINISTRY OF ROAD 
TRANSPORT AND HIGHWAYS (STATE PWDs",UNKNOWN,CENTRAL / UNKNOWN,53.0,,124.0,cumulative_expenditure_only,2015-11,2022-03,,,2022-03,FR_mar_2022.pdf,Table: Month-wise Completed Projects,26.0,1.0,76.0,,
N24000586,N24000586,239,CENTRAL SECTOR,BOT,UNKNOWN,CENTRAL / UNKNOWN,238.0,,4.0,cumulative_expenditure_only,2019-06,2022-03,,,2022-03,FR_mar_2022.pdf,Table: Month-wise Completed Projects,37.0,1.0,33.0,,
N24000591,N24000591,240,CENTRAL SECTOR,NATIONAL HIGHWAYS AUTHORITY OF INDIA,UNKNOWN,CENTRAL / UNKNOWN,239.0,,24000586.0,cumulative_expenditure_only,2018-10,2022-03,,,2022-03,FR_mar_2022.pdf,Table: Month-wise Completed Projects,37.0,1.0,41.0,,
N24000593,N24000593,241,CENTRAL SECTOR,NEW NH-148,UNKNOWN,CENTRAL / UNKNOWN,240.0,,4.0,cumulative_expenditure_only,2018-10,2022-03,,,2022-03,FR_mar_2022.pdf,Table: Month-wise Completed Projects,37.0,1.0,41.0,,
N24000608,N24000608,54,CENTRAL SECTOR,NATIONAL HIGHWAYS AUTHORITY OF INDIA,UNKNOWN,CENTRAL / UNKNOWN,54.0,,24000608.0,cumulative_expenditure_only,2019-05,2022-03,,,2022-03,FR_mar_2022.pdf,Table: Month-wise Completed Projects,26.0,1.0,34.0,,
N24000617,N24000617,(Rs. crore),CENTRAL SECTOR,Rs. crore,UNKNOWN,CENTRAL / UNKNOWN,11.0,,2.0,cumulative_expenditure_only,2016-10,2022-03,,,2022-03,FR_mar_2022.pdf,Table: Month-wise Completed Projects,24.0,1.0,65.0,,
N24000621,N24000621,150,ROAD TRANSPORT AND HIGHWAYS,NEAR GULABPURA,ROAD TRANSPORT AND HIGHWAYS,CENTRAL / UNKNOWN,150.0,,90.0,cumulative_expenditure_only,,2022-03,,,2022-03,FR_mar_2022.pdf,Table: Month-wise Completed Projects,31.0,,,,
N24000624,N24000624,242,CENTRAL SECTOR,"APP    (NATIONAL 
HIGHWAYS AUTHORITY OF INDIA",UNKNOWN,CENTRAL / UNKNOWN,242.0,,287.4,cumulative_expenditure_only,,2022-03,,,2022-03,FR_mar_2022.pdf,Table: Month-wise Completed Projects,37.0,,,,
N24000625,N24000625,55,CENTRAL SECTOR,"NATIONAL 
HIGHWAYS AUTHORITY OF INDIA",UNKNOWN,CENTRAL / UNKNOWN,54.0,,24000608.0,cumulative_expenditure_only,2019-05,2022-03,,,2022-03,FR_mar_2022.pdf,Table: Month-wise Completed Projects,26.0,1.0,34.0,,
N24000640,N24000640,56,CENTRAL SECTOR,MINISTRY OF ROAD TRANSPORT AND HIGHWAYS (STATE PWDs,UNKNOWN,CENTRAL / UNKNOWN,56.0,,2.0,cumulative_expenditure_only,2018-04,2022-03,,,2022-03,FR_mar_2022.pdf,Table: Month-wise Completed Projects,26.0,1.0,47.0,,
N24000641,N24000641,57,CENTRAL SECTOR,"MINISTRY OF 
ROAD TRANSPORT AND HIGHWAYS (STATE PWDs",UNKNOWN,CENTRAL / UNKNOWN,57.0,,2.0,cumulative_expenditure_only,2017-10,2022-03,,,2022-03,FR_mar_2022.pdf,Table: Month-wise Completed Projects,26.0,1.0,53.0,,
N24000644,N24000644,58,CENTRAL SECTOR,PALLAHARA TO PITRI JUNCTION,UNKNOWN,CENTRAL / UNKNOWN,58.0,,68.28,cumulative_expenditure_only,2017-01,2022-03,,,2022-03,FR_mar_2022.pdf,Table: Month-wise Completed Projects,26.0,1.0,62.0,,
N24000646,N24000646,(Rs. crore),CENTRAL SECTOR,Rs. crore,UNKNOWN,CENTRAL / UNKNOWN,59.0,,2.0,cumulative_expenditure_only,2018-06,2022-03,,,2022-03,FR_mar_2022.pdf,Table: Month-wise Completed Projects,27.0,1.0,45.0,,
N24000657,N24000657,266,CENTRAL SECTOR,KM 465.500 TO 524.690,UNKNOWN,CENTRAL / UNKNOWN,265.0,,24000502.0,cumulative_expenditure_only,2020-03,2022-03,,,2022-03,FR_mar_2022.pdf,Table: Month-wise Completed Projects,39.0,1.0,24.0,,
N24000658,N24000658,267,CENTRAL SECTOR,KM 400.575 TO 465.500,UNKNOWN,CENTRAL / UNKNOWN,266.0,,4.0,cumulative_expenditure_only,2020-03,2022-03,,,2022-03,FR_mar_2022.pdf,Table: Month-wise Completed Projects,39.0,1.0,24.0,,
N24000661,N24000661,268,CENTRAL SECTOR,"KM 320.580 TO 
400.575",UNKNOWN,CENTRAL / UNKNOWN,267.0,,4.0,cumulative_expenditure_only,2020-03,2022-03,,,2022-03,FR_mar_2022.pdf,Table: Month-wise Completed Projects,39.0,1.0,24.0,,
N24000727,N24000727,60,CENTRAL SECTOR,LENGTH 28.70 KM,UNKNOWN,CENTRAL / UNKNOWN,60.0,,28.7,cumulative_expenditure_only,2017-11,2022-03,,,2022-03,FR_mar_2022.pdf,Table: Month-wise Completed Projects,27.0,1.0,52.0,,
N24000729,N24000729,243,CENTRAL SECTOR,KM 290.200 TO 320.104,UNKNOWN,CENTRAL / UNKNOWN,243.0,,4.0,cumulative_expenditure_only,,2022-03,,,2022-03,FR_mar_2022.pdf,Table: Month-wise Completed Projects,37.0,,,,
N24000791,N24000791,244,CENTRAL SECTOR,"NATIONAL 
HIGHWAYS AUTHORITY OF INDIA",UNKNOWN,CENTRAL / UNKNOWN,243.0,,4.0,cumulative_expenditure_only,,2022-03,,,2022-03,FR_mar_2022.pdf,Table: Month-wise Completed Projects,37.0,,,,
N24000794,N24000794,245,CENTRAL SECTOR,NATIONAL HIGHWAYS AUTHORITY OF INDIA,UNKNOWN,CENTRAL / UNKNOWN,245.0,,2.0,cumulative_expenditure_only,,2022-03,,,2022-03,FR_mar_2022.pdf,Table: Month-wise Completed Projects,37.0,,,,
N24000797,N24000797,246,CENTRAL SECTOR,"DESIGN CH.     (NATIONAL 
HIGHWAYS AUTHORITY OF INDIA",UNKNOWN,CENTRAL / UNKNOWN,246.0,,2.0,cumulative_expenditure_only,,2022-03,,,2022-03,FR_mar_2022.pdf,Table: Month-wise Completed Projects,37.0,,,,
N24000837,N24000837,151,ROAD TRANSPORT AND HIGHWAYS,"NATIONAL 
HIGHWAYS AUTHORITY OF INDIA",ROAD TRANSPORT AND HIGHWAYS,CENTRAL / UNKNOWN,151.0,,2.0,cumulative_expenditure_only,,2022-03,,,2022-03,FR_mar_2022.pdf,Table: Month-wise Completed Projects,31.0,,,,
N24000838,N24000838,247,CENTRAL SECTOR,NATIONAL HIGHWAYS AUTHORITY OF INDIA,UNKNOWN,CENTRAL / UNKNOWN,247.0,,2.0,cumulative_expenditure_only,2019-09,2022-03,,,2022-03,FR_mar_2022.pdf,Table: Month-wise Completed Projects,37.0,1.0,30.0,,
N24000850,N24000850,(Rs. crore),CENTRAL SECTOR,Rs. crore,UNKNOWN,CENTRAL / UNKNOWN,152.0,,24000850.0,cumulative_expenditure_only,,2022-03,,,2022-03,FR_mar_2022.pdf,Table: Month-wise Completed Projects,32.0,,,,
N24000871,N24000871,61,CENTRAL SECTOR,"MINISTRY OF 
ROAD TRANSPORT AND HIGHWAYS (STATE PWDs",UNKNOWN,CENTRAL / UNKNOWN,61.0,,24000871.0,cumulative_expenditure_only,2017-11,2022-03,,,2022-03,FR_mar_2022.pdf,Table: Month-wise Completed Projects,27.0,1.0,52.0,,
N24000873,N24000873,62,CENTRAL SECTOR,"MINISTRY OF 
ROAD TRANSPORT AND HIGHWAYS (STATE PWDs",UNKNOWN,CENTRAL / UNKNOWN,62.0,,24000873.0,cumulative_expenditure_only,2017-11,2022-03,,,2022-03,FR_mar_2022.pdf,Table: Month-wise Completed Projects,27.0,1.0,52.0,,
N24000878,N24000878,63,CENTRAL SECTOR,MINISTRY OF ROAD TRANSPORT AND HIGHWAYS (STATE PWDs,UNKNOWN,CENTRAL / UNKNOWN,63.0,,2.0,cumulative_expenditure_only,2018-02,2022-03,,,2022-03,FR_mar_2022.pdf,Table: Month-wise Completed Projects,27.0,1.0,49.0,,
N24000879,N24000879,64,CENTRAL SECTOR,"MINISTRY OF 
ROAD TRANSPORT AND HIGHWAYS (STATE PWDs",UNKNOWN,CENTRAL / UNKNOWN,64.0,,2.0,cumulative_expenditure_only,2019-11,2022-03,,,2022-03,FR_mar_2022.pdf,Table: Month-wise Completed Projects,27.0,1.0,28.0,,
N24000884,N24000884,65,CENTRAL SECTOR,"MINISTRY OF ROAD 
TRANSPORT AND HIGHWAYS (STATE PWDs",UNKNOWN,CENTRAL / UNKNOWN,65.0,,2.0,cumulative_expenditure_only,2019-11,2022-03,,,2022-03,FR_mar_2022.pdf,Table: Month-wise Completed Projects,27.0,1.0,28.0,,
N24000895,N24000895,66,CENTRAL SECTOR,MINISTRY OF ROAD TRANSPORT AND HIGHWAYS (STATE PWDs,UNKNOWN,CENTRAL / UNKNOWN,66.0,,2.0,cumulative_expenditure_only,2019-01,2022-03,,,2022-03,FR_mar_2022.pdf,Table: Month-wise Completed Projects,27.0,1.0,38.0,,
N24000905,N24000905,67,CENTRAL SECTOR,MINISTRY OF ROAD TRANSPORT AND HIGHWAYS (STATE PWDs,UNKNOWN,CENTRAL / UNKNOWN,67.0,,2.0,cumulative_expenditure_only,2020-07,2022-03,,,2022-03,FR_mar_2022.pdf,Table: Month-wise Completed Projects,27.0,1.0,20.0,,
N24000906,N24000906,68,CENTRAL SECTOR,MINISTRY OF ROAD TRANSPORT AND HIGHWAYS (STATE PWDs,UNKNOWN,CENTRAL / UNKNOWN,68.0,,2.0,cumulative_expenditure_only,2020-06,2022-03,,,2022-03,FR_mar_2022.pdf,Table: Month-wise Completed Projects,27.0,1.0,21.0,,
N24000908,N24000908,69,CENTRAL SECTOR,EPC,UNKNOWN,CENTRAL / UNKNOWN,69.0,,4.0,cumulative_expenditure_only,2019-03,2022-03,,,2022-03,FR_mar_2022.pdf,Table: Month-wise Completed Projects,27.0,1.0,36.0,,
N24000911,N24000911,70,CENTRAL SECTOR,"BHAWANIPATNA TO 
KOKSARA",UNKNOWN,CENTRAL / UNKNOWN,70.0,,2.0,cumulative_expenditure_only,2016-12,2022-03,,,2022-03,FR_mar_2022.pdf,Table: Month-wise Completed Projects,27.0,1.0,63.0,,
N24000936,N24000936,71,CENTRAL SECTOR,"DESIGN CH. 76/000 TO 99.971 EXCLU    (MINISTRY OF ROAD 
TRANSPORT AND HIGHWAYS (STATE PWDs",UNKNOWN,CENTRAL / UNKNOWN,71.0,,76.0,cumulative_expenditure_only,2018-08,2022-03,,,2022-03,FR_mar_2022.pdf,Table: Month-wise Completed Projects,27.0,1.0,43.0,,
N24000938,N24000938,72,CENTRAL SECTOR,OLD SH-30,UNKNOWN,CENTRAL / UNKNOWN,72.0,,56.0,cumulative_expenditure_only,2018-07,2022-03,,,2022-03,FR_mar_2022.pdf,Table: Month-wise Completed Projects,27.0,1.0,44.0,,
N24000942,N24000942,73,CENTRAL SECTOR,"MINISTRY OF 
ROAD TRANSPORT AND HIGHWAYS (STATE PWDs",UNKNOWN,CENTRAL / UNKNOWN,73.0,,89.6,cumulative_expenditure_only,2019-11,2022-03,,,2022-03,FR_mar_2022.pdf,Table: Month-wise Completed Projects,27.0,1.0,28.0,,
N24000957,N24000957,269,CENTRAL SECTOR,"MINISTRY OF 
ROAD TRANSPORT AND HIGHWAYS (STATE PWDs",UNKNOWN,CENTRAL / UNKNOWN,269.0,,3.65,cumulative_expenditure_only,2018-04,2022-03,,,2022-03,FR_mar_2022.pdf,Table: Month-wise Completed Projects,39.0,1.0,47.0,,
N24000962,N24000962,74,CENTRAL SECTOR,"MINISTRY OF ROAD TRANSPORT AND 
HIGHWAYS (STATE PWDs",UNKNOWN,CENTRAL / UNKNOWN,74.0,,2.0,cumulative_expenditure_only,2018-09,2022-03,,,2022-03,FR_mar_2022.pdf,Table: Month-wise Completed Projects,27.0,1.0,42.0,,
N24000978,N24000978,153,CENTRAL SECTOR,"NATIONAL 
HIGHWAYS AND INFRASTRUCTURE DEVELOPMENT CORPORATION 
Ltd.",UNKNOWN,CENTRAL / UNKNOWN,153.0,,2.0,cumulative_expenditure_only,2020-11,2022-03,,,2022-03,FR_mar_2022.pdf,Table: Month-wise Completed Projects,32.0,1.0,16.0,,
N24000999,N24000999,75,CENTRAL SECTOR,"MINISTRY OF ROAD 
TRANSPORT AND HIGHWAYS (STATE PWDs",UNKNOWN,CENTRAL / UNKNOWN,75.0,,2.0,cumulative_expenditure_only,2019-10,2022-03,,,2022-03,FR_mar_2022.pdf,Table: Month-wise Completed Projects,27.0,1.0,29.0,,
N24001001,N24001001,(Rs. crore),CENTRAL SECTOR,Rs. crore,UNKNOWN,CENTRAL / UNKNOWN,76.0,,40.0,cumulative_expenditure_only,2016-08,2022-03,,,2022-03,FR_mar_2022.pdf,Table: Month-wise Completed Projects,28.0,1.0,67.0,,
N24001036,N24001036,77,CENTRAL SECTOR,MINISTRY OF ROAD TRANSPORT AND HIGHWAYS (STATE PWDs,UNKNOWN,CENTRAL / UNKNOWN,77.0,,24001036.0,cumulative_expenditure_only,2019-07,2022-03,,,2022-03,FR_mar_2022.pdf,Table: Month-wise Completed Projects,28.0,1.0,32.0,,
N24001120,N24001120,78,CENTRAL SECTOR,MINISTRY OF ROAD TRANSPORT AND HIGHWAYS (STATE PWDs,UNKNOWN,CENTRAL / UNKNOWN,78.0,,24001120.0,cumulative_expenditure_only,2019-02,2022-03,,,2022-03,FR_mar_2022.pdf,Table: Month-wise Completed Projects,28.0,1.0,37.0,,
N24001131,N24001131,79,CENTRAL SECTOR,"MINISTRY OF 
ROAD TRANSPORT AND HIGHWAYS (STATE PWDs",UNKNOWN,CENTRAL / UNKNOWN,79.0,,323.745,cumulative_expenditure_only,2020-06,2022-03,,,2022-03,FR_mar_2022.pdf,Table: Month-wise Completed Projects,28.0,1.0,21.0,,
N24001139,N24001139,80,CENTRAL SECTOR,"MINISTRY OF 
ROAD TRANSPORT AND HIGHWAYS (STATE PWDs",UNKNOWN,CENTRAL / UNKNOWN,80.0,,326.0,cumulative_expenditure_only,2020-03,2022-03,,,2022-03,FR_mar_2022.pdf,Table: Month-wise Completed Projects,28.0,1.0,24.0,,
N24001140,N24001140,248,CENTRAL SECTOR,"MINISTRY OF 
ROAD TRANSPORT AND HIGHWAYS (STATE PWDs",UNKNOWN,CENTRAL / UNKNOWN,248.0,,178.0,cumulative_expenditure_only,2019-09,2022-03,,,2022-03,FR_mar_2022.pdf,Table: Month-wise Completed Projects,37.0,1.0,30.0,,
N24001143,N24001143,81,CENTRAL SECTOR,"MINISTRY OF 
ROAD TRANSPORT AND HIGHWAYS (STATE PWDs",UNKNOWN,CENTRAL / UNKNOWN,81.0,,38.0,cumulative_expenditure_only,2018-10,2022-03,,,2022-03,FR_mar_2022.pdf,Table: Month-wise Completed Projects,28.0,1.0,41.0,,
N24001146,N24001146,(Rs. crore),CENTRAL SECTOR,Rs. crore,UNKNOWN,CENTRAL / UNKNOWN,249.0,,351.0,cumulative_expenditure_only,2019-05,2022-03,,,2022-03,FR_mar_2022.pdf,Table: Month-wise Completed Projects,38.0,1.0,34.0,,
N24001147,N24001147,82,CENTRAL SECTOR,"MINISTRY OF 
ROAD TRANSPORT AND HIGHWAYS (STATE PWDs",UNKNOWN,CENTRAL / UNKNOWN,82.0,,400.878,cumulative_expenditure_only,2019-02,2022-03,,,2022-03,FR_mar_2022.pdf,Table: Month-wise Completed Projects,28.0,1.0,37.0,,
N24001148,N24001148,83,CENTRAL SECTOR,"MINISTRY OF 
ROAD TRANSPORT AND HIGHWAYS (STATE PWDs",UNKNOWN,CENTRAL / UNKNOWN,83.0,,24001148.0,cumulative_expenditure_only,2020-01,2022-03,,,2022-03,FR_mar_2022.pdf,Table: Month-wise Completed Projects,28.0,1.0,26.0,,
N24001153,N24001153,84,CENTRAL SECTOR,MINISTRY OF ROAD TRANSPORT AND HIGHWAYS (STATE PWDs,UNKNOWN,CENTRAL / UNKNOWN,84.0,,24001153.0,cumulative_expenditure_only,2014-02,2022-03,,,2022-03,FR_mar_2022.pdf,Table: Month-wise Completed Projects,28.0,1.0,97.0,,
N24001155,N24001155,85,CENTRAL SECTOR,MINISTRY OF ROAD TRANSPORT AND HIGHWAYS (STATE PWDs,UNKNOWN,CENTRAL / UNKNOWN,85.0,,125.626,cumulative_expenditure_only,2017-01,2022-03,,,2022-03,FR_mar_2022.pdf,Table: Month-wise Completed Projects,28.0,1.0,62.0,,
N24001174,N24001174,154,CENTRAL SECTOR,"MINISTRY OF 
ROAD TRANSPORT AND HIGHWAYS (STATE PWDs",UNKNOWN,CENTRAL / UNKNOWN,154.0,,212.325,cumulative_expenditure_only,2020-11,2022-03,,,2022-03,FR_mar_2022.pdf,Table: Month-wise Completed Projects,32.0,1.0,16.0,,
N24001184,N24001184,86,CENTRAL SECTOR,NATIONAL HIGHWAYS AUTHORITY OF INDIA,UNKNOWN,CENTRAL / UNKNOWN,86.0,,24001184.0,cumulative_expenditure_only,2019-09,2022-03,,,2022-03,FR_mar_2022.pdf,Table: Month-wise Completed Projects,28.0,1.0,30.0,,
N24001200,N24001200,270,CENTRAL SECTOR,MINISTRY OF ROAD TRANSPORT AND HIGHWAYS (STATE PWDs,UNKNOWN,CENTRAL / UNKNOWN,270.0,,24001200.0,cumulative_expenditure_only,,2022-03,,,2022-03,FR_mar_2022.pdf,Table: Month-wise Completed Projects,39.0,,,,
N24001202,N24001202,87,CENTRAL SECTOR,"MINISTRY OF 
ROAD TRANSPORT AND HIGHWAYS (STATE PWDs",UNKNOWN,CENTRAL / UNKNOWN,86.0,,24001184.0,cumulative_expenditure_only,2019-12,2022-03,,,2022-03,FR_mar_2022.pdf,Table: Month-wise Completed Projects,28.0,1.0,27.0,,
N24001203,N24001203,250,CENTRAL SECTOR,"EXCEPT     (MINISTRY OF 
ROAD TRANSPORT AND HIGHWAYS (STATE PWDs",UNKNOWN,CENTRAL / UNKNOWN,250.0,,450.0,cumulative_expenditure_only,2020-03,2022-03,,,2022-03,FR_mar_2022.pdf,Table: Month-wise Completed Projects,38.0,1.0,24.0,,
N24001204,N24001204,251,CENTRAL SECTOR,"MINISTRY 
OF ROAD TRANSPORT AND HIGHWAYS (STATE PWDs",UNKNOWN,CENTRAL / UNKNOWN,251.0,,60.0,cumulative_expenditure_only,2019-10,2022-03,,,2022-03,FR_mar_2022.pdf,Table: Month-wise Completed Projects,38.0,1.0,29.0,,
N24001205,N24001205,88,CENTRAL SECTOR,"EXCLUDING ROB AND ITS APPROACHES AT KM.404    (MINISTRY OF 
ROAD TRANSPORT AND HIGHWAYS (STATE PWDs",UNKNOWN,CENTRAL / UNKNOWN,88.0,,385.0,cumulative_expenditure_only,2019-10,2022-03,,,2022-03,FR_mar_2022.pdf,Table: Month-wise Completed Projects,28.0,1.0,29.0,,
N24001220,N24001220,12,CENTRAL SECTOR,"MINISTRY OF 
ROAD TRANSPORT AND HIGHWAYS (STATE PWDs",UNKNOWN,CENTRAL / UNKNOWN,12.0,,200.0,cumulative_expenditure_only,2016-09,2022-03,,,2022-03,FR_mar_2022.pdf,Table: Month-wise Completed Projects,24.0,1.0,66.0,,
N24001223,N24001223,89,CENTRAL SECTOR,"MINISTRY OF ROAD TRANSPORT AND 
HIGHWAYS (STATE PWDs",UNKNOWN,CENTRAL / UNKNOWN,89.0,,2.0,cumulative_expenditure_only,2013-03,2022-03,,,2022-03,FR_mar_2022.pdf,Table: Month-wise Completed Projects,28.0,1.0,108.0,,
N24001225,N24001225,90,CENTRAL SECTOR,"MINISTRY OF ROAD 
TRANSPORT AND HIGHWAYS (STATE PWDs",UNKNOWN,CENTRAL / UNKNOWN,90.0,,2.0,cumulative_expenditure_only,2019-01,2022-03,,,2022-03,FR_mar_2022.pdf,Table: Month-wise Completed Projects,28.0,1.0,38.0,,
N24001237,N24001237,91,CENTRAL SECTOR,"MINISTRY 
OF ROAD TRANSPORT AND HIGHWAYS (STATE PWDs",UNKNOWN,CENTRAL / UNKNOWN,91.0,,4.0,cumulative_expenditure_only,2016-09,2022-03,,,2022-03,FR_mar_2022.pdf,Table: Month-wise Completed Projects,28.0,1.0,66.0,,
N24001238,N24001238,92,CENTRAL SECTOR,MARTHANDAM JUNCTION,UNKNOWN,CENTRAL / UNKNOWN,92.0,,604.0,cumulative_expenditure_only,2017-01,2022-03,,,2022-03,FR_mar_2022.pdf,Table: Month-wise Completed Projects,28.0,1.0,62.0,,
N24001257,N24001257,155,CENTRAL SECTOR,"NATIONAL HIGHWAYS AND INFRASTRUCTURE DEVELOPMENT 
CORPORATION Ltd.",UNKNOWN,CENTRAL / UNKNOWN,155.0,,2.0,cumulative_expenditure_only,2022-10,2022-03,,,2022-03,FR_mar_2022.pdf,Table: Month-wise Completed Projects,32.0,0.0,-7.0,,
N28000079,N28000079,(Rs. crore),CENTRAL SECTOR,Rs. crore,UNKNOWN,CENTRAL / UNKNOWN,93.0,,28000079.0,cumulative_expenditure_only,2015-12,2022-03,,,2022-03,FR_mar_2022.pdf,Table: Month-wise Completed Projects,29.0,1.0,75.0,,
N28000080,N28000080,156,URBAN DEVELOPMENT,NATIONAL BUILDING CONSTRUCION CORPORATION LTD,URBAN DEVELOPMENT,CENTRAL / UNKNOWN,156.0,,28000080.0,cumulative_expenditure_only,2019-11,2022-03,,,2022-03,FR_mar_2022.pdf,Table: Month-wise Completed Projects,32.0,1.0,28.0,,
N28000094,N28000094,252,URBAN DEVELOPMENT,LUCKNOW METRO RAIL CORPORATION LIMITED,URBAN DEVELOPMENT,CENTRAL / UNKNOWN,252.0,,28000094.0,cumulative_expenditure_only,2019-03,2022-03,,,2022-03,FR_mar_2022.pdf,Table: Month-wise Completed Projects,38.0,1.0,36.0,,
N28000102,N28000102,95,CENTRAL SECTOR,"CENTRAL PUBLIC WORKS 
DEPARTMENT",UNKNOWN,CENTRAL / UNKNOWN,95.0,,28000102.0,cumulative_expenditure_only,2019-04,2022-03,,,2022-03,FR_mar_2022.pdf,Table: Month-wise Completed Projects,29.0,1.0,35.0,,
N28000106,N28000106,253,URBAN DEVELOPMENT,"SH: CONSTRUCTION OF NEW BUILDING (2 B    (CENTRAL 
PUBLIC WORKS DEPARTMENT",URBAN DEVELOPMENT,CENTRAL / UNKNOWN,252.0,,28000094.0,cumulative_expenditure_only,2020-05,2022-03,,,2022-03,FR_mar_2022.pdf,Table: Month-wise Completed Projects,38.0,1.0,22.0,,
N28000119,N28000119,271,CENTRAL SECTOR,"PHASE 
II",UNKNOWN,CENTRAL / UNKNOWN,271.0,,28000119.0,cumulative_expenditure_only,2019-07,2022-03,,,2022-03,FR_mar_2022.pdf,Table: Month-wise Completed Projects,39.0,1.0,32.0,,
N28000123,N28000123,94,CENTRAL SECTOR,"CENTRAL PUBLIC 
WORKS DEPARTMENT",UNKNOWN,CENTRAL / UNKNOWN,94.0,,76.0,cumulative_expenditure_only,2020-11,2022-03,,,2022-03,FR_mar_2022.pdf,Table: Month-wise Completed Projects,29.0,1.0,16.0,,
N28000133,N28000133,272,CENTRAL SECTOR,"CPWD OF HIGHER 
EDUCATION",UNKNOWN,CENTRAL / UNKNOWN,272.0,,28000133.0,cumulative_expenditure_only,2020-09,2022-03,,,2022-03,FR_mar_2022.pdf,Table: Month-wise Completed Projects,39.0,1.0,18.0,,
N28000143,N28000143,169,URBAN DEVELOPMENT,"CENTRAL 
PUBLIC WORKS DEPARTMENT",URBAN DEVELOPMENT,CENTRAL / UNKNOWN,169.0,,28000143.0,cumulative_expenditure_only,2020-11,2022-03,,,2022-03,FR_mar_2022.pdf,Table: Month-wise Completed Projects,33.0,1.0,16.0,,
N30000007,N30000007,157,WATER RESOURCES,Uttar Pradesh Jal Nigam,WATER RESOURCES,CENTRAL / UNKNOWN,157.0,,30000007.0,cumulative_expenditure_only,2021-09,2022-03,,,2022-03,FR_mar_2022.pdf,Table: Month-wise Completed Projects,32.0,1.0,6.0,,
N30000009,N30000009,158,WATER RESOURCES,Uttar Pradesh Jal Nigam,WATER RESOURCES,CENTRAL / UNKNOWN,158.0,,30000009.0,cumulative_expenditure_only,2020-08,2022-03,,,2022-03,FR_mar_2022.pdf,Table: Month-wise Completed Projects,32.0,1.0,19.0,,
N30000011,N30000011,159,WATER RESOURCES,Uttar Pradesh Jal Nigam,WATER RESOURCES,CENTRAL / UNKNOWN,158.0,,30000009.0,cumulative_expenditure_only,2019-11,2022-03,,,2022-03,FR_mar_2022.pdf,Table: Month-wise Completed Projects,32.0,1.0,28.0,,
N30000020,N30000020,254,WATER RESOURCES,Uttar Pradesh Jal Nigam,WATER RESOURCES,CENTRAL / UNKNOWN,254.0,,30000020.0,cumulative_expenditure_only,2019-12,2022-03,,,2022-03,FR_mar_2022.pdf,Table: Month-wise Completed Projects,38.0,1.0,27.0,,
N30000041,N30000041,160,WATER RESOURCES,Bihar Urban Infrastructure Development Corporation Ltd,WATER RESOURCES,CENTRAL / UNKNOWN,160.0,,30000041.0,cumulative_expenditure_only,2021-05,2022-03,,,2022-03,FR_mar_2022.pdf,Table: Month-wise Completed Projects,32.0,1.0,10.0,,
N16000196,N16000196,1,PETROLEUM,INDIAN OIL CORPORATION LIMITED,PETROLEUM,CENTRAL / UNKNOWN,16000196.0,,690.0,cumulative_expenditure_only,2018-07,2022-04,,,2023-03,FR_march_2023.pdf,Table: Month-wise Completed Projects,25.0,1.0,45.0,,
N16000288,N16000288,2,PETROLEUM,CGD,PETROLEUM,CENTRAL / UNKNOWN,16000196.0,,2.0,cumulative_expenditure_only,2022-04,2022-04,,,2023-03,FR_march_2023.pdf,Table: Month-wise Completed Projects,25.0,0.0,0.0,,
N16000304,N16000304,3,PETROLEUM,"INDIAN OIL 
CORPORATION LIMITED",PETROLEUM,CENTRAL / UNKNOWN,3.0,,2.0,cumulative_expenditure_only,2020-06,2022-04,,,2023-03,FR_march_2023.pdf,Table: Month-wise Completed Projects,25.0,1.0,22.0,,
N16000305,N16000305,4,PETROLEUM,INDIAN OIL CORPORATION LIMITED,PETROLEUM,CENTRAL / UNKNOWN,4.0,,16000305.0,cumulative_expenditure_only,2020-10,2022-04,,,2023-03,FR_march_2023.pdf,Table: Month-wise Completed Projects,25.0,1.0,18.0,,
N16000308,N16000308,5,PETROLEUM,"INDIAN OIL CORPORATION 
LIMITED",PETROLEUM,CENTRAL / UNKNOWN,4.0,,16000305.0,cumulative_expenditure_only,2021-12,2022-04,,,2023-03,FR_march_2023.pdf,Table: Month-wise Completed Projects,25.0,1.0,4.0,,
N16000317,N16000317,6,PETROLEUM,INDIAN OIL CORPORATION LIMITED,PETROLEUM,CENTRAL / UNKNOWN,6.0,,16000317.0,cumulative_expenditure_only,2021-03,2022-04,,,2023-03,FR_march_2023.pdf,Table: Month-wise Completed Projects,25.0,1.0,13.0,,
N16000337,N16000337,7,PETROLEUM,INDIAN OIL CORPORATION LIMITED,PETROLEUM,CENTRAL / UNKNOWN,6.0,,16000317.0,cumulative_expenditure_only,2021-01,2022-04,,,2023-03,FR_march_2023.pdf,Table: Month-wise Completed Projects,25.0,1.0,15.0,,
N16000343,N16000343,REVAMPING OF FACILITIES AT VIZAG TERMINAL,UNKNOWN,IOCL,UNKNOWN,N16000343,355.0,,249.0,cumulative_expenditure_crore,2022-04,2022-04,,,2025-04,FRApril2025.pdf,Table 3: Completed Projects,,0.0,0.0,,
N16000344,N16000344,8,PETROLEUM,INDIAN OIL CORPORATION LIMITED,PETROLEUM,CENTRAL / UNKNOWN,7.0,,16000337.0,cumulative_expenditure_only,2021-03,2022-04,,,2023-03,FR_march_2023.pdf,Table: Month-wise Completed Projects,25.0,1.0,13.0,,
N16000380,N16000380,9,PETROLEUM,"HINDUSTAN PETROLEUM 
CORPORATION LIMITED",PETROLEUM,CENTRAL / UNKNOWN,9.0,,16000380.0,cumulative_expenditure_only,2021-11,2022-04,,,2023-03,FR_march_2023.pdf,Table: Month-wise Completed Projects,25.0,1.0,5.0,,
N18000066,N18000066,10,POWER,POWER GRID CORPORATION OF INDIA LIMITED,POWER,CENTRAL / UNKNOWN,10.0,,18000066.0,cumulative_expenditure_only,2013-08,2022-04,,,2023-03,FR_march_2023.pdf,Table: Month-wise Completed Projects,25.0,1.0,104.0,,
N18000188,N18000188,11,POWER,PART-A,POWER,CENTRAL / UNKNOWN,10.0,,18000066.0,cumulative_expenditure_only,2017-05,2022-04,,,2023-03,FR_march_2023.pdf,Table: Month-wise Completed Projects,25.0,1.0,59.0,,
N18000268,N18000268,12,POWER,POWER GRID CORPORATION OF INDIA LIMITED,POWER,CENTRAL / UNKNOWN,12.0,,18000268.0,cumulative_expenditure_only,2020-05,2022-04,,,2023-03,FR_march_2023.pdf,Table: Month-wise Completed Projects,25.0,1.0,23.0,,
N18000287,N18000287,13,POWER,NATIONAL THERMAL POWER CORPORATION,POWER,CENTRAL / UNKNOWN,12.0,,18000268.0,cumulative_expenditure_only,2021-03,2022-04,,,2023-03,FR_march_2023.pdf,Table: Month-wise Completed Projects,25.0,1.0,13.0,,
N18000309,N18000309,14,POWER,"ERSTWHILE 
TIRUNELVELLI GIS",POWER,CENTRAL / UNKNOWN,13.0,,160.0,cumulative_expenditure_only,2020-06,2022-04,,,2023-03,FR_march_2023.pdf,Table: Month-wise Completed Projects,25.0,1.0,22.0,,
N18000310,N18000310,15,POWER,POWER GRID CORPORATION OF INDIA LIMITED,POWER,CENTRAL / UNKNOWN,15.0,,18000310.0,cumulative_expenditure_only,2021-08,2022-04,,,2023-03,FR_march_2023.pdf,Table: Month-wise Completed Projects,25.0,1.0,8.0,,
N18000311,N18000311,16,POWER,POWER GRID CORPORATION OF INDIA LIMITED,POWER,CENTRAL / UNKNOWN,15.0,,18000310.0,cumulative_expenditure_only,2021-07,2022-04,,,2023-03,FR_march_2023.pdf,Table: Month-wise Completed Projects,25.0,1.0,9.0,,
N18000312,N18000312,17,POWER,POWER GRID CORPORATION OF INDIA LIMITED,POWER,CENTRAL / UNKNOWN,16.0,,18000311.0,cumulative_expenditure_only,2020-12,2022-04,,,2023-03,FR_march_2023.pdf,Table: Month-wise Completed Projects,25.0,1.0,16.0,,
N18000318,N18000318,18,POWER,POWER GRID CORPORATION OF INDIA LIMITED,POWER,CENTRAL / UNKNOWN,17.0,,18000312.0,cumulative_expenditure_only,2021-03,2022-04,,,2023-03,FR_march_2023.pdf,Table: Month-wise Completed Projects,25.0,1.0,13.0,,
N24001339,N24001339,RANIKOR-MAHESHKHOLA- BAGHMARA (RMB) PKG-4,UNKNOWN,RMB,UNKNOWN,KANAI-RONGARA,157.86,,152.95,cumulative_expenditure_crore,2022-04,2022-04,,,2025-06,FR_JUNE_2025.pdf,Table 3: Completed Projects,,0.0,0.0,,
N24001391,N24001391,JORAM ? KOLORIANG ROAD FROM EXISTING KM 70.00 TO KM 88.700 (PKG-4),UNKNOWN,PKG-4,UNKNOWN,NHIDCL,294.04,,147.13,cumulative_expenditure_crore,2022-04,2022-04,,,2025-05,FR_May2025.pdf,Table 3: Completed Projects,,0.0,0.0,,
N04000086,N04000086,"CO CIVIL AVIATION REASEARCH ORG. (PH-II) AT BEGUMPET AIRPORT, HYDRABAD",UNKNOWN,PH-II,UNKNOWN,AAI,353.61,,303.22,cumulative_expenditure_crore,2022-05,2022-05,,,2025-04,FRApril2025.pdf,Table 3: Completed Projects,,0.0,0.0,,
N06000081,N06000081,31,COAL,3.5 MTY,COAL,CENTRAL / UNKNOWN,31.0,,3.5,cumulative_expenditure_only,2014-03,2022-05,,,2023-03,FR_march_2023.pdf,Table: Month-wise Completed Projects,26.0,1.0,98.0,,
N16000316,N16000316,32,PETROLEUM,HINDUSTAN PETROLEUM CORPORATION LIMITED,PETROLEUM,CENTRAL / UNKNOWN,32.0,,120.0,cumulative_expenditure_only,2020-06,2022-05,,,2023-03,FR_march_2023.pdf,Table: Month-wise Completed Projects,26.0,1.0,23.0,,
N16000407,N16000407,33,PETROLEUM,HINDUSTAN PETROLEUM CORPORATION LIMITED,PETROLEUM,CENTRAL / UNKNOWN,32.0,,120.0,cumulative_expenditure_only,2021-03,2022-05,,,2023-03,FR_march_2023.pdf,Table: Month-wise Completed Projects,26.0,1.0,14.0,,
N18000190,N18000190,34,POWER,4X250 MW,POWER,CENTRAL / UNKNOWN,34.0,,4.0,cumulative_expenditure_only,2012-07,2022-05,,,2023-03,FR_march_2023.pdf,Table: Month-wise Completed Projects,26.0,1.0,118.0,,
N18000192,N18000192,35,POWER,3X660 MW,POWER,CENTRAL / UNKNOWN,34.0,,4.0,cumulative_expenditure_only,2018-05,2022-05,,,2023-03,FR_march_2023.pdf,Table: Month-wise Completed Projects,26.0,1.0,48.0,,
220100262,220100262,49,RAILWAYS,SR,RAILWAYS,CENTRAL / UNKNOWN,49.0,,220100262.0,cumulative_expenditure_only,2020-03,2022-06,,,2023-03,FR_march_2023.pdf,Table: Month-wise Completed Projects,27.0,1.0,27.0,,
N16000359,N16000359,46,PETROLEUM,OIL & NATURAL GAS CORPORATION LIMITED,PETROLEUM,CENTRAL / UNKNOWN,46.0,,16000359.0,cumulative_expenditure_only,2021-05,2022-06,,,2023-03,FR_march_2023.pdf,Table: Month-wise Completed Projects,27.0,1.0,13.0,,
N18000284,N18000284,47,POWER,NATIONAL THERMAL POWER CORPORATION,POWER,CENTRAL / UNKNOWN,47.0,,100.0,cumulative_expenditure_only,2021-04,2022-06,,,2023-03,FR_march_2023.pdf,Table: Month-wise Completed Projects,27.0,1.0,14.0,,
N18000288,N18000288,48,POWER,NATIONAL THERMAL POWER CORPORATION,POWER,CENTRAL / UNKNOWN,47.0,,100.0,cumulative_expenditure_only,2021-06,2022-06,,,2023-03,FR_march_2023.pdf,Table: Month-wise Completed Projects,27.0,1.0,12.0,,
N22000141,N22000141,50,RAILWAYS,GC,RAILWAYS,CENTRAL / UNKNOWN,49.0,,220100262.0,cumulative_expenditure_only,2021-03,2022-06,,,2023-03,FR_march_2023.pdf,Table: Month-wise Completed Projects,27.0,1.0,15.0,,
N24001254,N24001254,CONSTUCTION/UPGRADATION OF EXISTING HIGHWAY TO 2 LANE WITH PAVED SHOULDER FROM KM 26.10 TO KM 40.00,UNKNOWN,NHIDCL,UNKNOWN,N24001254,242.97,,246.91,cumulative_expenditure_crore,2022-06,2022-06,,,2025-06,FR_JUNE_2025.pdf,Table 3: Completed Projects,,0.0,0.0,,
N24001286,N24001286,2-LANING OF CHANGTONGYA TO LONGLENG ROAD OF NH-702 (PKG-I),UNKNOWN,PKG-I,UNKNOWN,NHIDCL,278.95,,166.29,cumulative_expenditure_crore,2022-06,2022-06,,,2025-06,FR_JUNE_2025.pdf,Table 3: Completed Projects,,0.0,0.0,,
N24001389,N24001389,CHANGTONGYA TO LONGLENG ROAD PKG-2,UNKNOWN,NHIDCL,UNKNOWN,N24001389,206.53,,119.25,cumulative_expenditure_crore,2022-06,2022-06,,,2025-05,FR_May2025.pdf,Table 3: Completed Projects,,0.0,0.0,,
N08000018,N08000018,88,CENTRAL SECTOR,"RASHTRIYA 
CHEMICAL & FERTILISER LIMITED",UNKNOWN,CENTRAL / UNKNOWN,88.0,,8000018.0,cumulative_expenditure_only,2020-04,2022-07,,,2023-03,FR_march_2023.pdf,Table: Month-wise Completed Projects,29.0,1.0,27.0,,
N18000293,N18000293,BHENSARA 320 MW,UNKNOWN,NTPC,UNKNOWN,N18000293,1221.73,,1139.42,cumulative_expenditure_crore,2022-07,2022-07,,,2025-06,FR_JUNE_2025.pdf,Table 3: Completed Projects,,0.0,0.0,,
N24001536,N24001536,FOUR LANING OF JIND GOHANA GREENFIELD ALIGNMENT PACKAGE 1 IN THE STATE OF HARYANA UNDER HYBRID ANNUI,UNKNOWN,NHAI,UNKNOWN,N24001536,817.0,,986.08,cumulative_expenditure_crore,2022-07,2022-07,,,2025-05,FR_May2025.pdf,Table 3: Completed Projects,,0.0,0.0,,
619137,NAN,4L of Dwarka-Khambaliya-Devariya section from km 203.500 to km 176.500 and from km 171.800 to km 125.000 of NH-151A,UNKNOWN,National Highways Authority of India [NHAI],UNKNOWN,Gujarat (02/2020),1024.69,1753.95,885.64,revised_cost_crore,2026-05,2022-08,,,2026-05,FlashReport_May2026.pdf,Table 3: Completed Projects,,0.0,-45.0,1.0,71.16884130810294
N16000258,N16000258,94,PETROLEUM,PHASE I,PETROLEUM,CENTRAL / UNKNOWN,94.0,,575.0,cumulative_expenditure_only,2020-10,2022-08,,,2023-03,FR_march_2023.pdf,Table: Month-wise Completed Projects,30.0,1.0,22.0,,
N16000259,N16000259,95,PETROLEUM,OIL INDIA LIMITED,PETROLEUM,CENTRAL / UNKNOWN,94.0,,575.0,cumulative_expenditure_only,2019-12,2022-08,,,2023-03,FR_march_2023.pdf,Table: Month-wise Completed Projects,30.0,1.0,32.0,,
N16000273,N16000273,96,PETROLEUM,GAS AUTHORITY OF INDIA LIMITED,PETROLEUM,CENTRAL / UNKNOWN,96.0,,16000273.0,cumulative_expenditure_only,2020-12,2022-08,,,2023-03,FR_march_2023.pdf,Table: Month-wise Completed Projects,30.0,1.0,20.0,,
N16000377,N16000377,97,PETROLEUM,INDIAN OIL CORPORATION LIMITED,PETROLEUM,CENTRAL / UNKNOWN,96.0,,16000273.0,cumulative_expenditure_only,2022-04,2022-08,,,2023-03,FR_march_2023.pdf,Table: Month-wise Completed Projects,30.0,1.0,4.0,,
N16000397,N16000397,98,PETROLEUM,LOBS,PETROLEUM,CENTRAL / UNKNOWN,98.0,,16000397.0,cumulative_expenditure_only,2021-12,2022-08,,,2023-03,FR_march_2023.pdf,Table: Month-wise Completed Projects,30.0,1.0,8.0,,
N20000001,N20000001,99,PETROLEUM,NATRIP,PETROLEUM,CENTRAL / UNKNOWN,99.0,,20000001.0,cumulative_expenditure_only,2011-09,2022-08,,,2023-03,FR_march_2023.pdf,Table: Month-wise Completed Projects,30.0,1.0,131.0,,
N24000131,N24000131,100,ROAD TRANSPORT AND HIGHWAYS,SIX LANE,ROAD TRANSPORT AND HIGHWAYS,CENTRAL / UNKNOWN,100.0,,263.0,cumulative_expenditure_only,2011-08,2022-08,,,2023-03,FR_march_2023.pdf,Table: Month-wise Completed Projects,30.0,1.0,132.0,,
N24000328,N24000328,101,ROAD TRANSPORT AND HIGHWAYS,"NATIONAL 
HIGHWAYS AND INFRASTRUCTURE DEVELOPMENT CORPORATION 
Ltd.",ROAD TRANSPORT AND HIGHWAYS,CENTRAL / UNKNOWN,100.0,,263.0,cumulative_expenditure_only,2018-03,2022-08,,,2023-03,FR_march_2023.pdf,Table: Month-wise Completed Projects,30.0,1.0,53.0,,
N24000869,N24000869,102,ROAD TRANSPORT AND HIGHWAYS,"NATIONAL 
HIGHWAYS AND INFRASTRUCTURE DEVELOPMENT CORPORATION 
Ltd.",ROAD TRANSPORT AND HIGHWAYS,CENTRAL / UNKNOWN,102.0,,350.0,cumulative_expenditure_only,2018-10,2022-08,,,2023-03,FR_march_2023.pdf,Table: Month-wise Completed Projects,30.0,1.0,46.0,,
618835,N24001792,4L of Bal Works of Talaja - Mahuva from 54.990 km. to 100.450 km. of Old NH- 8E Package-II,UNKNOWN,NHAI,UNKNOWN,Gujarat (03/2021),698.4,735.51,726.01,revised_cost_crore,2024-05,2022-09,,,2026-06,FlashReport_June_2026.pdf,Table 3: Completed Projects,,0.0,-20.0,1.0,5.313573883161514
619147,N24001793,4L of Bal Works of Mahuva to Kagvadar from 100.450 Km. to 140.470 Km. of NH-8E Pkg- III,UNKNOWN,NHAI,UNKNOWN,Gujarat (03/2021),603.08,628.49,624.43,revised_cost_crore,2024-07,2022-09,,,2026-06,FlashReport_June_2026.pdf,Table 3: Completed Projects,,0.0,-22.0,1.0,4.213371360350196
68617,N24001323,Construction & Upgradation to 2 lane with paved shoulder from Design Km. 31.449 Khellani Ex. Km 44.946 to Km 51.700 Prem Nagar Ex. Km 68617 of 20.251 Km length on Khellani - Kishtwar - Chattroo section of NH-244 in the UT of J&K on EPC Mode under NHO-Gen PKG- 1 Jammu and Kashmir 02/2021,UNKNOWN,NHIDCL,UNKNOWN,Jammu and Kashmir,486.45,,300.52,cumulative_expenditure_crore,2024-11,2022-09,,,2026-06,FlashReport_June_2026.pdf,Table 3: Completed Projects,,0.0,-26.0,,
N16000296,N16000296,106,PETROLEUM,VVSPL,PETROLEUM,CENTRAL / UNKNOWN,106.0,,16000296.0,cumulative_expenditure_only,2021-06,2022-09,,,2023-03,FR_march_2023.pdf,Table: Month-wise Completed Projects,31.0,1.0,15.0,,
N18000283,N18000283,107,POWER,NATIONAL THERMAL POWER CORPORATION,POWER,CENTRAL / UNKNOWN,107.0,,56.0,cumulative_expenditure_only,2021-10,2022-09,,,2023-03,FR_march_2023.pdf,Table: Month-wise Completed Projects,31.0,1.0,11.0,,
N18000296,N18000296,"150 MW SOLAR PV PROJECT IN GUJARAT (LIMBDI, MESANKA AND RADHANPUR)",UNKNOWN,"LIMBDI, MESANKA AND RADHANPUR",UNKNOWN,NTPC,674.92,,572.53,cumulative_expenditure_crore,2022-09,2022-09,,,2025-06,FR_JUNE_2025.pdf,Table 3: Completed Projects,,0.0,0.0,,
N24000259,N24000259,108,ROAD TRANSPORT AND HIGHWAYS,CH.00/00,ROAD TRANSPORT AND HIGHWAYS,CENTRAL / UNKNOWN,108.0,,68.0,cumulative_expenditure_only,2017-05,2022-09,,,2023-03,FR_march_2023.pdf,Table: Month-wise Completed Projects,31.0,1.0,64.0,,
N24000392,N24000392,109,ROAD TRANSPORT AND HIGHWAYS,EXTN,ROAD TRANSPORT AND HIGHWAYS,CENTRAL / UNKNOWN,109.0,,2.0,cumulative_expenditure_only,2017-05,2022-09,,,2023-03,FR_march_2023.pdf,Table: Month-wise Completed Projects,31.0,1.0,64.0,,
N24000713,N24000713,110,ROAD TRANSPORT AND HIGHWAYS,"NATIONAL 
HIGHWAYS AUTHORITY OF INDIA",ROAD TRANSPORT AND HIGHWAYS,CENTRAL / UNKNOWN,110.0,,380.0,cumulative_expenditure_only,2018-09,2022-09,,,2023-03,FR_march_2023.pdf,Table: Month-wise Completed Projects,31.0,1.0,48.0,,
N24000759,N24000759,111,ROAD TRANSPORT AND HIGHWAYS,"NATIONAL HIGHWAYS AND INFRASTRUCTURE DEVELOPMENT 
CORPORATION Ltd.",ROAD TRANSPORT AND HIGHWAYS,CENTRAL / UNKNOWN,111.0,,19.9,cumulative_expenditure_only,2018-09,2022-09,,,2023-03,FR_march_2023.pdf,Table: Month-wise Completed Projects,31.0,1.0,48.0,,
N24000760,N24000760,112,ROAD TRANSPORT AND HIGHWAYS,"NATIONAL HIGHWAYS AND INFRASTRUCTURE DEVELOPMENT 
CORPORATION Ltd.",ROAD TRANSPORT AND HIGHWAYS,CENTRAL / UNKNOWN,112.0,,19.9,cumulative_expenditure_only,2018-09,2022-09,,,2023-03,FR_march_2023.pdf,Table: Month-wise Completed Projects,31.0,1.0,48.0,,
N24000761,N24000761,113,ROAD TRANSPORT AND HIGHWAYS,"NATIONAL HIGHWAYS AND INFRASTRUCTURE DEVELOPMENT 
CORPORATION Ltd.",ROAD TRANSPORT AND HIGHWAYS,CENTRAL / UNKNOWN,113.0,,40.09,cumulative_expenditure_only,2018-09,2022-09,,,2023-03,FR_march_2023.pdf,Table: Month-wise Completed Projects,31.0,1.0,48.0,,
N24001178,N24001178,114,ROAD TRANSPORT AND HIGHWAYS,"MINISTRY OF 
ROAD TRANSPORT AND HIGHWAYS (STATE PWDs",ROAD TRANSPORT AND HIGHWAYS,CENTRAL / UNKNOWN,114.0,,24001178.0,cumulative_expenditure_only,2019-09,2022-09,,,2023-03,FR_march_2023.pdf,Table: Month-wise Completed Projects,31.0,1.0,36.0,,
N24001207,N24001207,115,ROAD TRANSPORT AND HIGHWAYS,"MINISTRY OF 
ROAD TRANSPORT AND HIGHWAYS (STATE PWDs",ROAD TRANSPORT AND HIGHWAYS,CENTRAL / UNKNOWN,115.0,,484.0,cumulative_expenditure_only,2021-01,2022-09,,,2023-03,FR_march_2023.pdf,Table: Month-wise Completed Projects,31.0,1.0,20.0,,
701263,N16000513,Rajasthan Refinery Project Rajasthan 10/2017,UNKNOWN,MinistryofPetroleumNaturalGas,UNKNOWN,Rajasthan,43129.0,79459.0,70293.57,revised_cost_crore,2026-06,2022-10,,,2026-06,FlashReport_June_2026.pdf,Table 3: Completed Projects,,0.0,-44.0,1.0,84.23566509773006
N24000712,N24000712,117,ROAD TRANSPORT AND HIGHWAYS,NATIONAL HIGHWAYS AUTHORITY OF INDIA,ROAD TRANSPORT AND HIGHWAYS,CENTRAL / UNKNOWN,117.0,,27.74,cumulative_expenditure_only,,2022-10,,,2023-03,FR_march_2023.pdf,Table: Month-wise Completed Projects,32.0,,,,
N24001186,N24001186,118,ROAD TRANSPORT AND HIGHWAYS,NATIONAL HIGHWAYS AUTHORITY OF INDIA,ROAD TRANSPORT AND HIGHWAYS,CENTRAL / UNKNOWN,118.0,,24001186.0,cumulative_expenditure_only,,2022-10,,,2023-03,FR_march_2023.pdf,Table: Month-wise Completed Projects,32.0,,,,
N24001187,N24001187,119,ROAD TRANSPORT AND HIGHWAYS,NATIONAL HIGHWAYS AUTHORITY OF INDIA,ROAD TRANSPORT AND HIGHWAYS,CENTRAL / UNKNOWN,118.0,,24001186.0,cumulative_expenditure_only,,2022-10,,,2023-03,FR_march_2023.pdf,Table: Month-wise Completed Projects,32.0,,,,
N24001188,N24001188,120,ROAD TRANSPORT AND HIGHWAYS,NATIONAL HIGHWAYS AUTHORITY OF INDIA,ROAD TRANSPORT AND HIGHWAYS,CENTRAL / UNKNOWN,119.0,,24001187.0,cumulative_expenditure_only,,2022-10,,,2023-03,FR_march_2023.pdf,Table: Month-wise Completed Projects,32.0,,,,
N24001189,N24001189,121,ROAD TRANSPORT AND HIGHWAYS,NATIONAL HIGHWAYS AUTHORITY OF INDIA,ROAD TRANSPORT AND HIGHWAYS,CENTRAL / UNKNOWN,120.0,,24001188.0,cumulative_expenditure_only,,2022-10,,,2023-03,FR_march_2023.pdf,Table: Month-wise Completed Projects,32.0,,,,
N24001190,N24001190,122,ROAD TRANSPORT AND HIGHWAYS,NATIONAL HIGHWAYS AUTHORITY OF INDIA,ROAD TRANSPORT AND HIGHWAYS,CENTRAL / UNKNOWN,121.0,,24001189.0,cumulative_expenditure_only,,2022-10,,,2023-03,FR_march_2023.pdf,Table: Month-wise Completed Projects,32.0,,,,
N24001191,N24001191,123,ROAD TRANSPORT AND HIGHWAYS,NATIONAL HIGHWAYS AUTHORITY OF INDIA,ROAD TRANSPORT AND HIGHWAYS,CENTRAL / UNKNOWN,122.0,,24001190.0,cumulative_expenditure_only,,2022-10,,,2023-03,FR_march_2023.pdf,Table: Month-wise Completed Projects,32.0,,,,
N24001192,N24001192,124,ROAD TRANSPORT AND HIGHWAYS,NATIONAL HIGHWAYS AUTHORITY OF INDIA,ROAD TRANSPORT AND HIGHWAYS,CENTRAL / UNKNOWN,123.0,,24001191.0,cumulative_expenditure_only,,2022-10,,,2023-03,FR_march_2023.pdf,Table: Month-wise Completed Projects,32.0,,,,
N24001193,N24001193,125,ROAD TRANSPORT AND HIGHWAYS,NATIONAL HIGHWAYS AUTHORITY OF INDIA,ROAD TRANSPORT AND HIGHWAYS,CENTRAL / UNKNOWN,124.0,,24001192.0,cumulative_expenditure_only,,2022-10,,,2023-03,FR_march_2023.pdf,Table: Month-wise Completed Projects,32.0,,,,
N24001277,N24001277,"CONSTRUCTION OF CHHIATHLANG -SERCHHIP BYPASS Total 22,819.05 18,457.95",UNKNOWN,PKG-1,UNKNOWN,NHIDCL,275.02,,237.68,cumulative_expenditure_crore,2022-10,2022-10,,,2025-04,FRApril2025.pdf,Table 3: Completed Projects,,0.0,0.0,,
N24001603,N24001603,4-LANING OF ODDANCHATRAM - MADATHUKULAM SECTION OF NH-209 (NEW NH-83),UNKNOWN,NEW NH-83,UNKNOWN,NHAI,1518.53,,915.4,cumulative_expenditure_crore,2022-10,2022-10,,,2025-06,FR_JUNE_2025.pdf,Table 3: Completed Projects,,0.0,0.0,,
N28000114,N28000114,126,URBAN DEVELOPMENT,CENTRAL PUBLIC WORKS DEPARTMENT,URBAN DEVELOPMENT,CENTRAL / UNKNOWN,126.0,,380.0,cumulative_expenditure_only,2020-08,2022-10,,,2023-03,FR_march_2023.pdf,Table: Month-wise Completed Projects,32.0,1.0,26.0,,
618330,N24001263,Construction of 4/6 Laning from existing Km 159.400 of NH-36 to existing Km 102.500 of NH-39 and upto end point of Assam portion [Design Km 118.050 to design Km 132.375] Total New Alignment length of 14.325 Km of Daboka - Dimapur Section Dimapur Bypass in the state of Assam under SARDP-NE 'Phase-A' on EPC mode Assam Portion,UNKNOWN,NHIDCL,UNKNOWN,Assam (11/2019),511.02,,671.35,cumulative_expenditure_crore,2025-11,2022-11,,,2026-06,FlashReport_June_2026.pdf,Table 3: Completed Projects,,0.0,-36.0,,
618915,N24001304,4L of Bal. works of Patna - Gaya -Dobhi Pkg-II from km. 39.00 to km. 83.00 of Old NH-83,UNKNOWN,NHAI,UNKNOWN,Bihar (11/2020),1637.29,777.2,764.68,revised_cost_crore,2025-05,2022-11,,,2026-06,FlashReport_June_2026.pdf,Table 3: Completed Projects,,0.0,-30.0,0.0,-52.53131699332433
618916,N24001305,4L of Bal. works of Patna - Gaya -Dobhi Pkg-III from km. 83.00 to km. 127.217 of Old NH-83,UNKNOWN,NHAI,UNKNOWN,Bihar (11/2020),1077.46,799.7,803.33,revised_cost_crore,2025-05,2022-11,,,2026-06,FlashReport_June_2026.pdf,Table 3: Completed Projects,,0.0,-30.0,0.0,-25.779147253726354
N04000084,N04000084,127,CIVIL AVIATION,"AIRPORT 
AUTHORITY OF INDIA LIMITED",CIVIL AVIATION,CENTRAL / UNKNOWN,127.0,,4000084.0,cumulative_expenditure_only,2019-06,2022-11,,,2023-03,FR_march_2023.pdf,Table: Month-wise Completed Projects,32.0,1.0,41.0,,
N16000300,N16000300,128,PETROLEUM,INDIAN OIL CORPORATION LIMITED,PETROLEUM,CENTRAL / UNKNOWN,128.0,,16000300.0,cumulative_expenditure_only,2020-04,2022-11,,,2023-03,FR_march_2023.pdf,Table: Month-wise Completed Projects,32.0,1.0,31.0,,
N24000136,N24000136,129,ROAD TRANSPORT AND HIGHWAYS,BOT,ROAD TRANSPORT AND HIGHWAYS,CENTRAL / UNKNOWN,129.0,,24000136.0,cumulative_expenditure_only,2013-04,2022-11,,,2023-03,FR_march_2023.pdf,Table: Month-wise Completed Projects,32.0,1.0,115.0,,
N24000159,N24000159,130,ROAD TRANSPORT AND HIGHWAYS,NH-3,ROAD TRANSPORT AND HIGHWAYS,CENTRAL / UNKNOWN,129.0,,24000136.0,cumulative_expenditure_only,2013-05,2022-11,,,2023-03,FR_march_2023.pdf,Table: Month-wise Completed Projects,32.0,1.0,114.0,,
N16000384,N16000384,181,PETROLEUM,"HINDUSTAN PETROLEUM CORPORATION 
LIMITED",PETROLEUM,CENTRAL / UNKNOWN,181.0,,16000384.0,cumulative_expenditure_only,2022-11,2022-12,,,2023-03,FR_march_2023.pdf,Table: Month-wise Completed Projects,35.0,1.0,1.0,,
N16000404,N16000404,182,PETROLEUM,OIL & NATURAL GAS CORPORATION LIMITED,PETROLEUM,CENTRAL / UNKNOWN,182.0,,16000404.0,cumulative_expenditure_only,2022-08,2022-12,,,2023-03,FR_march_2023.pdf,Table: Month-wise Completed Projects,35.0,1.0,4.0,,
N18000298,N18000298,183,POWER,SATLUJ JAL VIDYUT NIGAM LIMITED,POWER,CENTRAL / UNKNOWN,183.0,,18000298.0,cumulative_expenditure_only,2022-12,2022-12,,,2023-03,FR_march_2023.pdf,Table: Month-wise Completed Projects,35.0,0.0,0.0,,
N24000149,N24000149,184,ROAD TRANSPORT AND HIGHWAYS,BOT,ROAD TRANSPORT AND HIGHWAYS,CENTRAL / UNKNOWN,184.0,,240.0,cumulative_expenditure_only,2012-08,2022-12,,,2023-03,FR_march_2023.pdf,Table: Month-wise Completed Projects,35.0,1.0,124.0,,
N24000156,N24000156,185,ROAD TRANSPORT AND HIGHWAYS,NH-4,ROAD TRANSPORT AND HIGHWAYS,CENTRAL / UNKNOWN,185.0,,24000156.0,cumulative_expenditure_only,2013-03,2022-12,,,2023-03,FR_march_2023.pdf,Table: Month-wise Completed Projects,35.0,1.0,117.0,,
N24000172,N24000172,186,ROAD TRANSPORT AND HIGHWAYS,BOT,ROAD TRANSPORT AND HIGHWAYS,CENTRAL / UNKNOWN,185.0,,24000156.0,cumulative_expenditure_only,2013-12,2022-12,,,2023-03,FR_march_2023.pdf,Table: Month-wise Completed Projects,35.0,1.0,108.0,,
N24000173,N24000173,187,ROAD TRANSPORT AND HIGHWAYS,"NATIONAL HIGHWAYS 
AUTHORITY OF INDIA",ROAD TRANSPORT AND HIGHWAYS,CENTRAL / UNKNOWN,187.0,,24000173.0,cumulative_expenditure_only,2013-06,2022-12,,,2023-03,FR_march_2023.pdf,Table: Month-wise Completed Projects,35.0,1.0,114.0,,
N24000178,N24000178,188,ROAD TRANSPORT AND HIGHWAYS,BOT,ROAD TRANSPORT AND HIGHWAYS,CENTRAL / UNKNOWN,188.0,,24000178.0,cumulative_expenditure_only,2013-10,2022-12,,,2023-03,FR_march_2023.pdf,Table: Month-wise Completed Projects,35.0,1.0,110.0,,
N24001180,N24001180,WIDENING OF EXISTING SINGLE/INTERMEDIATE LANE ROAD TO 2 LANE ROAD FROM KM. 83.00 TO KM 101.00 ON NH-,UNKNOWN,MoRTH,UNKNOWN,N24001180,237.51,,215.47,cumulative_expenditure_crore,2022-12,2022-12,,,2025-05,FR_May2025.pdf,Table 3: Completed Projects,,0.0,0.0,,
N24001360,N24001360,RANIKOR-MAHESHKHOLA- BAGHMARA (RMB) PKG-3,UNKNOWN,RMB,UNKNOWN,NHIDCL,260.21,,239.35,cumulative_expenditure_crore,2022-12,2022-12,,,2025-05,FR_May2025.pdf,Table 3: Completed Projects,,0.0,0.0,,
618698,NAN,Challakere to Hariyur section from km 358.500 to km 414.205 of NH-150 A Karnataka 03/2018,UNKNOWN,NHAI,UNKNOWN,Karnataka,1167.52,1873.58,1243.48,revised_cost_crore,2025-12,2023-01,,,2026-06,FlashReport_June_2026.pdf,Table 3: Completed Projects,,0.0,-35.0,1.0,60.47519528573386
N12000118,N12000118,230,STEEL,STEEL AUTHORITY OF INDIA LIMITED (SAIL,STEEL,CENTRAL / UNKNOWN,230.0,,12000118.0,cumulative_expenditure_only,2019-06,2023-01,,,2023-03,FR_march_2023.pdf,Table: Month-wise Completed Projects,38.0,1.0,43.0,,
N16000128,N16000128,231,PETROLEUM,MOPS,PETROLEUM,CENTRAL / UNKNOWN,231.0,,16000128.0,cumulative_expenditure_only,2013-05,2023-01,,,2023-03,FR_march_2023.pdf,Table: Month-wise Completed Projects,38.0,1.0,116.0,,
N16000171,N16000171,232,PETROLEUM,INDIAN OIL CORPORATION LIMITED,PETROLEUM,CENTRAL / UNKNOWN,232.0,,16000171.0,cumulative_expenditure_only,2017-10,2023-01,,,2023-03,FR_march_2023.pdf,Table: Month-wise Completed Projects,38.0,1.0,63.0,,
N16000193,N16000193,233,PETROLEUM,"INDIAN OIL 
CORPORATION LIMITED",PETROLEUM,CENTRAL / UNKNOWN,232.0,,16000171.0,cumulative_expenditure_only,2021-03,2023-01,,,2023-03,FR_march_2023.pdf,Table: Month-wise Completed Projects,38.0,1.0,22.0,,
N16000268,N16000268,234,PETROLEUM,"INDIAN OIL 
CORPORATION LIMITED",PETROLEUM,CENTRAL / UNKNOWN,234.0,,16000268.0,cumulative_expenditure_only,2021-01,2023-01,,,2023-03,FR_march_2023.pdf,Table: Month-wise Completed Projects,38.0,1.0,24.0,,
N16000315,N16000315,235,PETROLEUM,DIST RAIGAD,PETROLEUM,CENTRAL / UNKNOWN,235.0,,180.0,cumulative_expenditure_only,2020-06,2023-01,,,2023-03,FR_march_2023.pdf,Table: Month-wise Completed Projects,38.0,1.0,31.0,,
N16000333,N16000333,236,PETROLEUM,INDIAN OIL CORPORATION LIMITED,PETROLEUM,CENTRAL / UNKNOWN,236.0,,16000333.0,cumulative_expenditure_only,2022-08,2023-01,,,2023-03,FR_march_2023.pdf,Table: Month-wise Completed Projects,38.0,1.0,5.0,,
N16000357,N16000357,237,PETROLEUM,"OIL & NATURAL 
GAS CORPORATION LIMITED",PETROLEUM,CENTRAL / UNKNOWN,237.0,,24.0,cumulative_expenditure_only,2021-05,2023-01,,,2023-03,FR_march_2023.pdf,Table: Month-wise Completed Projects,38.0,1.0,20.0,,
N16000367,N16000367,238,PETROLEUM,HINDUSTAN PETROLEUM CORPORATION LIMITED,PETROLEUM,CENTRAL / UNKNOWN,238.0,,16000367.0,cumulative_expenditure_only,2022-06,2023-01,,,2023-03,FR_march_2023.pdf,Table: Month-wise Completed Projects,38.0,1.0,7.0,,
N18000280,N18000280,239,POWER,NATIONAL THERMAL POWER CORPORATION,POWER,CENTRAL / UNKNOWN,239.0,,90.0,cumulative_expenditure_only,2021-09,2023-01,,,2023-03,FR_march_2023.pdf,Table: Month-wise Completed Projects,38.0,1.0,16.0,,
N18000281,N18000281,240,POWER,NATIONAL THERMAL POWER CORPORATION,POWER,CENTRAL / UNKNOWN,239.0,,90.0,cumulative_expenditure_only,2021-09,2023-01,,,2023-03,FR_march_2023.pdf,Table: Month-wise Completed Projects,38.0,1.0,16.0,,
N18000290,N18000290,241,POWER,NATIONAL THERMAL POWER CORPORATION,POWER,CENTRAL / UNKNOWN,240.0,,150.0,cumulative_expenditure_only,2021-09,2023-01,,,2023-03,FR_march_2023.pdf,Table: Month-wise Completed Projects,38.0,1.0,16.0,,
N24000170,N24000170,242,ROAD TRANSPORT AND HIGHWAYS,BOT,ROAD TRANSPORT AND HIGHWAYS,CENTRAL / UNKNOWN,242.0,,24000170.0,cumulative_expenditure_only,2013-08,2023-01,,,2023-03,FR_march_2023.pdf,Table: Month-wise Completed Projects,38.0,1.0,113.0,,
N24000477,N24000477,243,ROAD TRANSPORT AND HIGHWAYS,SIX LANE,ROAD TRANSPORT AND HIGHWAYS,CENTRAL / UNKNOWN,242.0,,24000170.0,cumulative_expenditure_only,2011-10,2023-01,,,2023-03,FR_march_2023.pdf,Table: Month-wise Completed Projects,38.0,1.0,135.0,,
N16000194,N16000194,264,PETROLEUM,INDIAN OIL CORPORATION LIMITED,PETROLEUM,CENTRAL / UNKNOWN,264.0,,16000194.0,cumulative_expenditure_only,2020-12,2023-02,,,2023-03,FR_march_2023.pdf,Table: Month-wise Completed Projects,40.0,1.0,26.0,,
N16000326,N16000326,265,PETROLEUM,"INDIAN OIL 
CORPORATION LIMITED",PETROLEUM,CENTRAL / UNKNOWN,264.0,,16000194.0,cumulative_expenditure_only,2020-02,2023-02,,,2023-03,FR_march_2023.pdf,Table: Month-wise Completed Projects,40.0,1.0,36.0,,
N16000338,N16000338,266,PETROLEUM,INDIAN OIL CORPORATION LIMITED,PETROLEUM,CENTRAL / UNKNOWN,266.0,,16000338.0,cumulative_expenditure_only,2021-10,2023-02,,,2023-03,FR_march_2023.pdf,Table: Month-wise Completed Projects,40.0,1.0,16.0,,
N16000350,N16000350,267,PETROLEUM,INDIAN OIL CORPORATION LIMITED,PETROLEUM,CENTRAL / UNKNOWN,266.0,,16000338.0,cumulative_expenditure_only,2021-10,2023-02,,,2023-03,FR_march_2023.pdf,Table: Month-wise Completed Projects,40.0,1.0,16.0,,
N16000364,N16000364,268,PETROLEUM,BHARAT PETROLEUM CORPORATION LIMITED,PETROLEUM,CENTRAL / UNKNOWN,267.0,,16000350.0,cumulative_expenditure_only,2021-02,2023-02,,,2023-03,FR_march_2023.pdf,Table: Month-wise Completed Projects,40.0,1.0,24.0,,
N16000410,N16000410,269,PETROLEUM,KHT,PETROLEUM,CENTRAL / UNKNOWN,268.0,,16000364.0,cumulative_expenditure_only,2023-03,2023-02,,,2023-03,FR_march_2023.pdf,Table: Month-wise Completed Projects,40.0,0.0,-1.0,,
N21000026,N21000026,270,HEALTH AND FAMILY WELFARE,HLL Infra Tech Services Limited,HEALTH AND FAMILY WELFARE,CENTRAL / UNKNOWN,270.0,,21000026.0,cumulative_expenditure_only,2020-06,2023-02,,,2023-03,FR_march_2023.pdf,Table: Month-wise Completed Projects,40.0,1.0,32.0,,
N24000254,N24000254,271,ROAD TRANSPORT AND HIGHWAYS,61,ROAD TRANSPORT AND HIGHWAYS,CENTRAL / UNKNOWN,271.0,,342.0,cumulative_expenditure_only,2018-03,2023-02,,,2023-03,FR_march_2023.pdf,Table: Month-wise Completed Projects,40.0,1.0,59.0,,
N24000424,N24000424,272,ROAD TRANSPORT AND HIGHWAYS,PKG-I,ROAD TRANSPORT AND HIGHWAYS,CENTRAL / UNKNOWN,272.0,,24000424.0,cumulative_expenditure_only,2018-03,2023-02,,,2023-03,FR_march_2023.pdf,Table: Month-wise Completed Projects,40.0,1.0,59.0,,
N24000511,N24000511,273,ROAD TRANSPORT AND HIGHWAYS,"MINISTRY OF ROAD 
TRANSPORT AND HIGHWAYS (STATE PWDs",ROAD TRANSPORT AND HIGHWAYS,CENTRAL / UNKNOWN,273.0,,50.675,cumulative_expenditure_only,2015-08,2023-02,,,2023-03,FR_march_2023.pdf,Table: Month-wise Completed Projects,40.0,1.0,90.0,,
N24000527,N24000527,274,ROAD TRANSPORT AND HIGHWAYS,"BERHMAPUR-TAPTA   EPC(MINISTRY 
OF ROAD TRANSPORT AND HIGHWAYS (STATE PWDs",ROAD TRANSPORT AND HIGHWAYS,CENTRAL / UNKNOWN,274.0,,2.0,cumulative_expenditure_only,2015-08,2023-02,,,2023-03,FR_march_2023.pdf,Table: Month-wise Completed Projects,40.0,1.0,90.0,,
N24000645,N24000645,275,ROAD TRANSPORT AND HIGHWAYS,MINISTRY OF ROAD TRANSPORT AND HIGHWAYS (STATE PWDs,ROAD TRANSPORT AND HIGHWAYS,CENTRAL / UNKNOWN,275.0,,2.0,cumulative_expenditure_only,2016-06,2023-02,,,2023-03,FR_march_2023.pdf,Table: Month-wise Completed Projects,40.0,1.0,80.0,,
N24000695,N24000695,276,ROAD TRANSPORT AND HIGHWAYS,"NATIONAL HIGHWAYS AND INFRASTRUCTURE 
DEVELOPMENT CORPORATION Ltd.",ROAD TRANSPORT AND HIGHWAYS,CENTRAL / UNKNOWN,276.0,,717.0,cumulative_expenditure_only,2020-10,2023-02,,,2023-03,FR_march_2023.pdf,Table: Month-wise Completed Projects,40.0,1.0,28.0,,
N24000746,N24000746,277,ROAD TRANSPORT AND HIGHWAYS,"NATIONAL 
HIGHWAYS AND INFRASTRUCTURE DEVELOPMENT CORPORATION 
Ltd.",ROAD TRANSPORT AND HIGHWAYS,CENTRAL / UNKNOWN,277.0,,129.42,cumulative_expenditure_only,2020-04,2023-02,,,2023-03,FR_march_2023.pdf,Table: Month-wise Completed Projects,40.0,1.0,34.0,,
618259,N24001386,Two laning with paved shoulders of Paderu to GundigudaSection of NH 516E Andhra Pradesh 08/2020,UNKNOWN,MoRTH,UNKNOWN,Andhra Pradesh,222.61,,181.04,cumulative_expenditure_crore,2025-10,2023-03,,,2026-06,FlashReport_June_2026.pdf,Table 3: Completed Projects,,0.0,-31.0,,
N16000291,N16000291,310,PETROLEUM,RATNA,PETROLEUM,CENTRAL / UNKNOWN,310.0,,16000291.0,cumulative_expenditure_only,2021-05,2023-03,,,2023-03,FR_march_2023.pdf,Table: Month-wise Completed Projects,42.0,1.0,22.0,,
N18000225,N18000225,(Rs. crore),CENTRAL SECTOR,Rs. crore,UNKNOWN,CENTRAL / UNKNOWN,36.0,,18000225.0,cumulative_expenditure_only,2017-10,2023-03,,,2023-03,FR_march_2023.pdf,Table: Month-wise Completed Projects,27.0,1.0,65.0,,
N18000276,N18000276,37,POWER,1X250 MW,POWER,CENTRAL / UNKNOWN,37.0,,18000276.0,cumulative_expenditure_only,2018-12,2023-03,,,2023-03,FR_march_2023.pdf,Table: Month-wise Completed Projects,27.0,1.0,51.0,,
N18000285,N18000285,(Rs. crore),CENTRAL SECTOR,Rs. crore,UNKNOWN,CENTRAL / UNKNOWN,89.0,,250.0,cumulative_expenditure_only,2021-09,2023-03,,,2023-03,FR_march_2023.pdf,Table: Month-wise Completed Projects,30.0,1.0,18.0,,
N18000289,N18000289,90,POWER,NATIONAL THERMAL POWER CORPORATION,POWER,CENTRAL / UNKNOWN,90.0,,296.0,cumulative_expenditure_only,2021-09,2023-03,,,2023-03,FR_march_2023.pdf,Table: Month-wise Completed Projects,30.0,1.0,18.0,,
N22000166,N22000166,(Rs. crore),CENTRAL SECTOR,Rs. crore,UNKNOWN,CENTRAL / UNKNOWN,51.0,,22000166.0,cumulative_expenditure_only,,2023-03,,,2023-03,FR_march_2023.pdf,Table: Month-wise Completed Projects,28.0,,,,
N22000175,N22000175,52,RAILWAYS,NL,RAILWAYS,CENTRAL / UNKNOWN,52.0,,22000175.0,cumulative_expenditure_only,,2023-03,,,2023-03,FR_march_2023.pdf,Table: Month-wise Completed Projects,28.0,,,,
N22000190,N22000190,53,RAILWAYS,SOUTHERN RAILWAY,RAILWAYS,CENTRAL / UNKNOWN,52.0,,22000175.0,cumulative_expenditure_only,2020-03,2023-03,,,2023-03,FR_march_2023.pdf,Table: Month-wise Completed Projects,28.0,1.0,36.0,,
N22000287,N22000287,54,RAILWAYS,SOUTH CENTRAL RAILWAY,RAILWAYS,CENTRAL / UNKNOWN,53.0,,22000190.0,cumulative_expenditure_only,2020-03,2023-03,,,2023-03,FR_march_2023.pdf,Table: Month-wise Completed Projects,28.0,1.0,36.0,,
N22000328,N22000328,55,RAILWAYS,SOUTH WESTERN RAILWAY,RAILWAYS,CENTRAL / UNKNOWN,54.0,,22000287.0,cumulative_expenditure_only,2020-03,2023-03,,,2023-03,FR_march_2023.pdf,Table: Month-wise Completed Projects,28.0,1.0,36.0,,
N22000332,N22000332,56,RAILWAYS,SOUTH WESTERN RAILWAY,RAILWAYS,CENTRAL / UNKNOWN,55.0,,22000328.0,cumulative_expenditure_only,2020-03,2023-03,,,2023-03,FR_march_2023.pdf,Table: Month-wise Completed Projects,28.0,1.0,36.0,,
N22000366,N22000366,57,RAILWAYS,SOUTH CENTRAL RAILWAY,RAILWAYS,CENTRAL / UNKNOWN,56.0,,22000332.0,cumulative_expenditure_only,2021-03,2023-03,,,2023-03,FR_march_2023.pdf,Table: Month-wise Completed Projects,28.0,1.0,24.0,,
N22000389,N22000389,58,RAILWAYS,102 KM,RAILWAYS,CENTRAL / UNKNOWN,57.0,,22000366.0,cumulative_expenditure_only,2021-03,2023-03,,,2023-03,FR_march_2023.pdf,Table: Month-wise Completed Projects,28.0,1.0,24.0,,
N22000403,N22000403,59,RAILWAYS,RAIL VIKAS NIGAM LTD.,RAILWAYS,CENTRAL / UNKNOWN,58.0,,102.0,cumulative_expenditure_only,2024-12,2023-03,,,2023-03,FR_march_2023.pdf,Table: Month-wise Completed Projects,28.0,0.0,-21.0,,
N22000438,N22000438,60,RAILWAYS,"SOUTH EAST CENTRAL 
RAILWAY",RAILWAYS,CENTRAL / UNKNOWN,59.0,,22000403.0,cumulative_expenditure_only,2019-02,2023-03,,,2023-03,FR_march_2023.pdf,Table: Month-wise Completed Projects,28.0,1.0,49.0,,
N22000492,N22000492,61,RAILWAYS,NORTHERN RAILWAY,RAILWAYS,CENTRAL / UNKNOWN,61.0,,22000492.0,cumulative_expenditure_only,2016-03,2023-03,,,2023-03,FR_march_2023.pdf,Table: Month-wise Completed Projects,28.0,1.0,84.0,,
N22000498,N22000498,62,RAILWAYS,50.1 KM,RAILWAYS,CENTRAL / UNKNOWN,61.0,,22000492.0,cumulative_expenditure_only,2020-03,2023-03,,,2023-03,FR_march_2023.pdf,Table: Month-wise Completed Projects,28.0,1.0,36.0,,
N24000125,N24000125,63,ROAD TRANSPORT AND HIGHWAYS,BOT,ROAD TRANSPORT AND HIGHWAYS,CENTRAL / UNKNOWN,63.0,,24000125.0,cumulative_expenditure_only,2012-09,2023-03,,,2023-03,FR_march_2023.pdf,Table: Month-wise Completed Projects,28.0,1.0,126.0,,
N24000155,N24000155,19,CENTRAL SECTOR,ANNUITY,UNKNOWN,CENTRAL / UNKNOWN,19.0,,4.0,cumulative_expenditure_only,2014-08,2023-03,,,2023-03,FR_march_2023.pdf,Table: Month-wise Completed Projects,26.0,1.0,103.0,,
N24000161,N24000161,(Rs. crore),CENTRAL SECTOR,Rs. crore,UNKNOWN,CENTRAL / UNKNOWN,131.0,,220.0,cumulative_expenditure_only,2015-07,2023-03,,,2023-03,FR_march_2023.pdf,Table: Month-wise Completed Projects,33.0,1.0,92.0,,
N24000162,N24000162,20,CENTRAL SECTOR,ANNUITY,UNKNOWN,CENTRAL / UNKNOWN,20.0,,24000162.0,cumulative_expenditure_only,2015-06,2023-03,,,2023-03,FR_march_2023.pdf,Table: Month-wise Completed Projects,26.0,1.0,93.0,,
N24000183,N24000183,(Rs. crore),CENTRAL SECTOR,Rs. crore,UNKNOWN,CENTRAL / UNKNOWN,189.0,,1182.802,cumulative_expenditure_only,2014-05,2023-03,,,2023-03,FR_march_2023.pdf,Table: Month-wise Completed Projects,36.0,1.0,106.0,,
N24000185,N24000185,190,CENTRAL SECTOR,BOT,UNKNOWN,CENTRAL / UNKNOWN,190.0,,181.3,cumulative_expenditure_only,2014-03,2023-03,,,2023-03,FR_march_2023.pdf,Table: Month-wise Completed Projects,36.0,1.0,108.0,,
N24000188,N24000188,191,CENTRAL SECTOR,ANNUITY,UNKNOWN,CENTRAL / UNKNOWN,190.0,,181.3,cumulative_expenditure_only,2013-11,2023-03,,,2023-03,FR_march_2023.pdf,Table: Month-wise Completed Projects,36.0,1.0,112.0,,
N24000189,N24000189,192,CENTRAL SECTOR,ANNUITY,UNKNOWN,CENTRAL / UNKNOWN,192.0,,24000189.0,cumulative_expenditure_only,2014-06,2023-03,,,2023-03,FR_march_2023.pdf,Table: Month-wise Completed Projects,36.0,1.0,105.0,,
N24000201,N24000201,64,ROAD TRANSPORT AND HIGHWAYS,BOT,ROAD TRANSPORT AND HIGHWAYS,CENTRAL / UNKNOWN,63.0,,24000125.0,cumulative_expenditure_only,2013-03,2023-03,,,2023-03,FR_march_2023.pdf,Table: Month-wise Completed Projects,28.0,1.0,120.0,,
N24000202,N24000202,132,CENTRAL SECTOR,BOT,UNKNOWN,CENTRAL / UNKNOWN,132.0,,4.0,cumulative_expenditure_only,2013-08,2023-03,,,2023-03,FR_march_2023.pdf,Table: Month-wise Completed Projects,33.0,1.0,115.0,,
N24000206,N24000206,133,CENTRAL SECTOR,BOT,UNKNOWN,CENTRAL / UNKNOWN,132.0,,4.0,cumulative_expenditure_only,2014-09,2023-03,,,2023-03,FR_march_2023.pdf,Table: Month-wise Completed Projects,33.0,1.0,102.0,,
N24000208,N24000208,193,CENTRAL SECTOR,BOT,UNKNOWN,CENTRAL / UNKNOWN,193.0,,2.0,cumulative_expenditure_only,2014-01,2023-03,,,2023-03,FR_march_2023.pdf,Table: Month-wise Completed Projects,36.0,1.0,110.0,,
N24000209,N24000209,194,CENTRAL SECTOR,ANNUITY,UNKNOWN,CENTRAL / UNKNOWN,193.0,,2.0,cumulative_expenditure_only,2014-07,2023-03,,,2023-03,FR_march_2023.pdf,Table: Month-wise Completed Projects,36.0,1.0,104.0,,
N24000219,N24000219,134,CENTRAL SECTOR,BOT,UNKNOWN,CENTRAL / UNKNOWN,133.0,,6.0,cumulative_expenditure_only,2015-09,2023-03,,,2023-03,FR_march_2023.pdf,Table: Month-wise Completed Projects,33.0,1.0,90.0,,
N24000222,N24000222,135,CENTRAL SECTOR,BOT,UNKNOWN,CENTRAL / UNKNOWN,134.0,,24000219.0,cumulative_expenditure_only,2015-12,2023-03,,,2023-03,FR_march_2023.pdf,Table: Month-wise Completed Projects,33.0,1.0,87.0,,
N24000224,N24000224,195,CENTRAL SECTOR,BOT,UNKNOWN,CENTRAL / UNKNOWN,195.0,,180.0,cumulative_expenditure_only,2015-04,2023-03,,,2023-03,FR_march_2023.pdf,Table: Month-wise Completed Projects,36.0,1.0,95.0,,
N24000233,N24000233,21,CENTRAL SECTOR,BOT,UNKNOWN,CENTRAL / UNKNOWN,21.0,,4.0,cumulative_expenditure_only,2016-09,2023-03,,,2023-03,FR_march_2023.pdf,Table: Month-wise Completed Projects,26.0,1.0,78.0,,
N24000281,N24000281,91,ROAD TRANSPORT AND HIGHWAYS,"MINISTRY OF 
ROAD TRANSPORT AND HIGHWAYS (STATE PWDs",ROAD TRANSPORT AND HIGHWAYS,CENTRAL / UNKNOWN,91.0,,191.422,cumulative_expenditure_only,2019-12,2023-03,,,2023-03,FR_march_2023.pdf,Table: Month-wise Completed Projects,30.0,1.0,39.0,,
N24000327,N24000327,38,ROAD TRANSPORT AND HIGHWAYS,"NATIONAL 
HIGHWAYS AND INFRASTRUCTURE DEVELOPMENT CORPORATION 
Ltd.",ROAD TRANSPORT AND HIGHWAYS,CENTRAL / UNKNOWN,38.0,,2.0,cumulative_expenditure_only,2018-06,2023-03,,,2023-03,FR_march_2023.pdf,Table: Month-wise Completed Projects,27.0,1.0,57.0,,
N24000342,N24000342,136,CENTRAL SECTOR,NEW NH NO -50,UNKNOWN,CENTRAL / UNKNOWN,135.0,,24000222.0,cumulative_expenditure_only,2017-09,2023-03,,,2023-03,FR_march_2023.pdf,Table: Month-wise Completed Projects,33.0,1.0,66.0,,
N24000356,N24000356,196,CENTRAL SECTOR,NATIONAL HIGHWAYS AUTHORITY OF INDIA,UNKNOWN,CENTRAL / UNKNOWN,195.0,,180.0,cumulative_expenditure_only,2017-05,2023-03,,,2023-03,FR_march_2023.pdf,Table: Month-wise Completed Projects,36.0,1.0,70.0,,
N24000360,N24000360,197,CENTRAL SECTOR,"NATIONAL HIGHWAYS 
AUTHORITY OF INDIA",UNKNOWN,CENTRAL / UNKNOWN,196.0,,24000356.0,cumulative_expenditure_only,2016-01,2023-03,,,2023-03,FR_march_2023.pdf,Table: Month-wise Completed Projects,36.0,1.0,86.0,,
N24000362,N24000362,137,CENTRAL SECTOR,"NATIONAL HIGHWAYS 
AUTHORITY OF INDIA",UNKNOWN,CENTRAL / UNKNOWN,137.0,,2.0,cumulative_expenditure_only,2016-09,2023-03,,,2023-03,FR_march_2023.pdf,Table: Month-wise Completed Projects,33.0,1.0,78.0,,
N24000367,N24000367,22,CENTRAL SECTOR,NATIONAL HIGHWAYS AUTHORITY OF INDIA,UNKNOWN,CENTRAL / UNKNOWN,21.0,,4.0,cumulative_expenditure_only,2016-01,2023-03,,,2023-03,FR_march_2023.pdf,Table: Month-wise Completed Projects,26.0,1.0,86.0,,
N24000391,N24000391,198,CENTRAL SECTOR,"MINISTRY OF ROAD TRANSPORT 
AND HIGHWAYS (STATE PWDs",UNKNOWN,CENTRAL / UNKNOWN,198.0,,4.0,cumulative_expenditure_only,2020-04,2023-03,,,2023-03,FR_march_2023.pdf,Table: Month-wise Completed Projects,36.0,1.0,35.0,,
N24000423,N24000423,65,ROAD TRANSPORT AND HIGHWAYS,NATIONAL HIGHWAYS AUTHORITY OF INDIA,ROAD TRANSPORT AND HIGHWAYS,CENTRAL / UNKNOWN,64.0,,24000201.0,cumulative_expenditure_only,2017-10,2023-03,,,2023-03,FR_march_2023.pdf,Table: Month-wise Completed Projects,28.0,1.0,65.0,,
N24000426,N24000426,138,CENTRAL SECTOR,BOT,UNKNOWN,CENTRAL / UNKNOWN,138.0,,2.0,cumulative_expenditure_only,2016-08,2023-03,,,2023-03,FR_march_2023.pdf,Table: Month-wise Completed Projects,33.0,1.0,79.0,,
N24000427,N24000427,199,CENTRAL SECTOR,NATIONAL HIGHWAYS AUTHORITY OF INDIA,UNKNOWN,CENTRAL / UNKNOWN,199.0,,4.0,cumulative_expenditure_only,2020-04,2023-03,,,2023-03,FR_march_2023.pdf,Table: Month-wise Completed Projects,36.0,1.0,35.0,,
N24000432,N24000432,139,CENTRAL SECTOR,"D TO E 
SECTION",UNKNOWN,CENTRAL / UNKNOWN,139.0,,21.2,cumulative_expenditure_only,2018-05,2023-03,,,2023-03,FR_march_2023.pdf,Table: Month-wise Completed Projects,33.0,1.0,58.0,,
N24000435,N24000435,200,CENTRAL SECTOR,"(NATIONAL 
HIGHWAYS AUTHORITY OF INDIA",UNKNOWN,CENTRAL / UNKNOWN,199.0,,4.0,cumulative_expenditure_only,2018-05,2023-03,,,2023-03,FR_march_2023.pdf,Table: Month-wise Completed Projects,36.0,1.0,58.0,,
N24000437,N24000437,140,CENTRAL SECTOR,NATIONAL HIGHWAYS AUTHORITY OF INDIA,UNKNOWN,CENTRAL / UNKNOWN,140.0,,24000437.0,cumulative_expenditure_only,2018-05,2023-03,,,2023-03,FR_march_2023.pdf,Table: Month-wise Completed Projects,33.0,1.0,58.0,,
N24000441,N24000441,141,CENTRAL SECTOR,OLD SH -54,UNKNOWN,CENTRAL / UNKNOWN,140.0,,24000437.0,cumulative_expenditure_only,2018-05,2023-03,,,2023-03,FR_march_2023.pdf,Table: Month-wise Completed Projects,33.0,1.0,58.0,,
N24000443,N24000443,66,ROAD TRANSPORT AND HIGHWAYS,NATIONAL HIGHWAYS AUTHORITY OF INDIA,ROAD TRANSPORT AND HIGHWAYS,CENTRAL / UNKNOWN,65.0,,2.0,cumulative_expenditure_only,2018-06,2023-03,,,2023-03,FR_march_2023.pdf,Table: Month-wise Completed Projects,28.0,1.0,57.0,,
N24000445,N24000445,142,CENTRAL SECTOR,BOT,UNKNOWN,CENTRAL / UNKNOWN,142.0,,4.2,cumulative_expenditure_only,2018-04,2023-03,,,2023-03,FR_march_2023.pdf,Table: Month-wise Completed Projects,33.0,1.0,59.0,,
N24000448,N24000448,143,CENTRAL SECTOR,NATIONAL HIGHWAYS AUTHORITY OF INDIA,UNKNOWN,CENTRAL / UNKNOWN,143.0,,4.0,cumulative_expenditure_only,2018-07,2023-03,,,2023-03,FR_march_2023.pdf,Table: Month-wise Completed Projects,33.0,1.0,56.0,,
N24000449,N24000449,144,CENTRAL SECTOR,BOT,UNKNOWN,CENTRAL / UNKNOWN,143.0,,4.0,cumulative_expenditure_only,2019-04,2023-03,,,2023-03,FR_march_2023.pdf,Table: Month-wise Completed Projects,33.0,1.0,47.0,,
N24000451,N24000451,145,CENTRAL SECTOR,"NATIONAL 
HIGHWAYS AUTHORITY OF INDIA",UNKNOWN,CENTRAL / UNKNOWN,144.0,,8.0,cumulative_expenditure_only,2018-05,2023-03,,,2023-03,FR_march_2023.pdf,Table: Month-wise Completed Projects,33.0,1.0,58.0,,
N24000453,N24000453,201,CENTRAL SECTOR,BOT,UNKNOWN,CENTRAL / UNKNOWN,201.0,,4.0,cumulative_expenditure_only,2017-07,2023-03,,,2023-03,FR_march_2023.pdf,Table: Month-wise Completed Projects,36.0,1.0,68.0,,
N24000454,N24000454,311,CENTRAL SECTOR,BOT,UNKNOWN,CENTRAL / UNKNOWN,311.0,,4.0,cumulative_expenditure_only,2016-11,2023-03,,,2023-03,FR_march_2023.pdf,Table: Month-wise Completed Projects,43.0,1.0,76.0,,
N24000459,N24000459,146,CENTRAL SECTOR,NATIONAL HIGHWAYS AUTHORITY OF INDIA,UNKNOWN,CENTRAL / UNKNOWN,146.0,,4.0,cumulative_expenditure_only,,2023-03,,,2023-03,FR_march_2023.pdf,Table: Month-wise Completed Projects,33.0,,,,
N24000460,N24000460,23,CENTRAL SECTOR,PACKAGE -I,UNKNOWN,CENTRAL / UNKNOWN,22.0,,2.0,cumulative_expenditure_only,2016-06,2023-03,,,2023-03,FR_march_2023.pdf,Table: Month-wise Completed Projects,26.0,1.0,81.0,,
N24000468,N24000468,67,ROAD TRANSPORT AND HIGHWAYS,NATIONAL HIGHWAYS AUTHORITY OF INDIA,ROAD TRANSPORT AND HIGHWAYS,CENTRAL / UNKNOWN,66.0,,4.0,cumulative_expenditure_only,,2023-03,,,2023-03,FR_march_2023.pdf,Table: Month-wise Completed Projects,28.0,,,,
N24000469,N24000469,68,ROAD TRANSPORT AND HIGHWAYS,NATIONAL HIGHWAYS AUTHORITY OF INDIA,ROAD TRANSPORT AND HIGHWAYS,CENTRAL / UNKNOWN,67.0,,24000468.0,cumulative_expenditure_only,2018-11,2023-03,,,2023-03,FR_march_2023.pdf,Table: Month-wise Completed Projects,28.0,1.0,52.0,,
N24000478,N24000478,312,CENTRAL SECTOR,"MINISTRY OF ROAD 
TRANSPORT AND HIGHWAYS (STATE PWDs",UNKNOWN,CENTRAL / UNKNOWN,311.0,,4.0,cumulative_expenditure_only,2020-02,2023-03,,,2023-03,FR_march_2023.pdf,Table: Month-wise Completed Projects,43.0,1.0,37.0,,
N24000479,N24000479,(Rs. crore),CENTRAL SECTOR,Rs. crore,UNKNOWN,CENTRAL / UNKNOWN,244.0,,24000479.0,cumulative_expenditure_only,2018-03,2023-03,,,2023-03,FR_march_2023.pdf,Table: Month-wise Completed Projects,39.0,1.0,60.0,,
N24000483,N24000483,147,CENTRAL SECTOR,NATIONAL HIGHWAYS AUTHORITY OF INDIA,UNKNOWN,CENTRAL / UNKNOWN,146.0,,4.0,cumulative_expenditure_only,2018-08,2023-03,,,2023-03,FR_march_2023.pdf,Table: Month-wise Completed Projects,33.0,1.0,55.0,,
N24000485,N24000485,245,CENTRAL SECTOR,NATIONAL HIGHWAYS AUTHORITY OF INDIA,UNKNOWN,CENTRAL / UNKNOWN,245.0,,24000485.0,cumulative_expenditure_only,2019-11,2023-03,,,2023-03,FR_march_2023.pdf,Table: Month-wise Completed Projects,39.0,1.0,40.0,,
N24000486,N24000486,69,ROAD TRANSPORT AND HIGHWAYS,NATIONAL HIGHWAYS AUTHORITY OF INDIA,ROAD TRANSPORT AND HIGHWAYS,CENTRAL / UNKNOWN,68.0,,24000469.0,cumulative_expenditure_only,2018-11,2023-03,,,2023-03,FR_march_2023.pdf,Table: Month-wise Completed Projects,28.0,1.0,52.0,,
N24000489,N24000489,70,ROAD TRANSPORT AND HIGHWAYS,NATIONAL HIGHWAYS AUTHORITY OF INDIA,ROAD TRANSPORT AND HIGHWAYS,CENTRAL / UNKNOWN,69.0,,24000486.0,cumulative_expenditure_only,,2023-03,,,2023-03,FR_march_2023.pdf,Table: Month-wise Completed Projects,28.0,,,,
N24000490,N24000490,148,CENTRAL SECTOR,BOT,UNKNOWN,CENTRAL / UNKNOWN,147.0,,24000483.0,cumulative_expenditure_only,2018-08,2023-03,,,2023-03,FR_march_2023.pdf,Table: Month-wise Completed Projects,33.0,1.0,55.0,,
N24000491,N24000491,202,CENTRAL SECTOR,PKG-II,UNKNOWN,CENTRAL / UNKNOWN,201.0,,4.0,cumulative_expenditure_only,2018-06,2023-03,,,2023-03,FR_march_2023.pdf,Table: Month-wise Completed Projects,36.0,1.0,57.0,,
N24000495,N24000495,149,CENTRAL SECTOR,NATIONAL HIGHWAYS AUTHORITY OF INDIA,UNKNOWN,CENTRAL / UNKNOWN,148.0,,24000490.0,cumulative_expenditure_only,2018-05,2023-03,,,2023-03,FR_march_2023.pdf,Table: Month-wise Completed Projects,33.0,1.0,58.0,,
N24000498,N24000498,203,CENTRAL SECTOR,PKG-III,UNKNOWN,CENTRAL / UNKNOWN,202.0,,24000491.0,cumulative_expenditure_only,2018-07,2023-03,,,2023-03,FR_march_2023.pdf,Table: Month-wise Completed Projects,36.0,1.0,56.0,,
N24000504,N24000504,71,ROAD TRANSPORT AND HIGHWAYS,NATIONAL HIGHWAYS AUTHORITY OF INDIA,ROAD TRANSPORT AND HIGHWAYS,CENTRAL / UNKNOWN,70.0,,24000489.0,cumulative_expenditure_only,,2023-03,,,2023-03,FR_march_2023.pdf,Table: Month-wise Completed Projects,28.0,,,,
N24000510,N24000510,204,CENTRAL SECTOR,PKG-1,UNKNOWN,CENTRAL / UNKNOWN,203.0,,24000498.0,cumulative_expenditure_only,2018-04,2023-03,,,2023-03,FR_march_2023.pdf,Table: Month-wise Completed Projects,36.0,1.0,59.0,,
N24000521,N24000521,205,CENTRAL SECTOR,NATIONAL HIGHWAYS AUTHORITY OF INDIA,UNKNOWN,CENTRAL / UNKNOWN,204.0,,24000510.0,cumulative_expenditure_only,2022-06,2023-03,,,2023-03,FR_march_2023.pdf,Table: Month-wise Completed Projects,36.0,1.0,9.0,,
N24000522,N24000522,150,CENTRAL SECTOR,NATIONAL HIGHWAYS AUTHORITY OF INDIA,UNKNOWN,CENTRAL / UNKNOWN,149.0,,24000495.0,cumulative_expenditure_only,2018-04,2023-03,,,2023-03,FR_march_2023.pdf,Table: Month-wise Completed Projects,33.0,1.0,59.0,,
N24000528,N24000528,246,CENTRAL SECTOR,BOT,UNKNOWN,CENTRAL / UNKNOWN,245.0,,24000485.0,cumulative_expenditure_only,2008-07,2023-03,,,2023-03,FR_march_2023.pdf,Table: Month-wise Completed Projects,39.0,1.0,176.0,,
N24000539,N24000539,151,CENTRAL SECTOR,NATIONAL HIGHWAYS AUTHORITY OF INDIA,UNKNOWN,CENTRAL / UNKNOWN,150.0,,24000522.0,cumulative_expenditure_only,2019-04,2023-03,,,2023-03,FR_march_2023.pdf,Table: Month-wise Completed Projects,33.0,1.0,47.0,,
N24000544,N24000544,152,CENTRAL SECTOR,"NATIONAL HIGHWAYS AUTHORITY OF 
INDIA",UNKNOWN,CENTRAL / UNKNOWN,151.0,,24000539.0,cumulative_expenditure_only,2019-04,2023-03,,,2023-03,FR_march_2023.pdf,Table: Month-wise Completed Projects,33.0,1.0,47.0,,
N24000547,N24000547,24,CENTRAL SECTOR,GORAKPUR,UNKNOWN,CENTRAL / UNKNOWN,23.0,,4.0,cumulative_expenditure_only,2019-04,2023-03,,,2023-03,FR_march_2023.pdf,Table: Month-wise Completed Projects,26.0,1.0,47.0,,
N24000550,N24000550,247,CENTRAL SECTOR,NATIONAL HIGHWAYS AUTHORITY OF INDIA,UNKNOWN,CENTRAL / UNKNOWN,246.0,,24000528.0,cumulative_expenditure_only,2019-07,2023-03,,,2023-03,FR_march_2023.pdf,Table: Month-wise Completed Projects,39.0,1.0,44.0,,
N24000554,N24000554,39,ROAD TRANSPORT AND HIGHWAYS,NATIONAL HIGHWAYS AUTHORITY OF INDIA,ROAD TRANSPORT AND HIGHWAYS,CENTRAL / UNKNOWN,39.0,,4.0,cumulative_expenditure_only,2019-03,2023-03,,,2023-03,FR_march_2023.pdf,Table: Month-wise Completed Projects,27.0,1.0,48.0,,
N24000562,N24000562,(Rs. crore),CENTRAL SECTOR,Rs. crore,UNKNOWN,CENTRAL / UNKNOWN,153.0,,4.0,cumulative_expenditure_only,2019-06,2023-03,,,2023-03,FR_march_2023.pdf,Table: Month-wise Completed Projects,34.0,1.0,45.0,,
N24000563,N24000563,72,ROAD TRANSPORT AND HIGHWAYS,UP/HARYANA BORDER,ROAD TRANSPORT AND HIGHWAYS,CENTRAL / UNKNOWN,71.0,,24000504.0,cumulative_expenditure_only,2019-01,2023-03,,,2023-03,FR_march_2023.pdf,Table: Month-wise Completed Projects,28.0,1.0,50.0,,
N24000565,N24000565,206,CENTRAL SECTOR,"NATIONAL HIGHWAYS AUTHORITY 
OF INDIA",UNKNOWN,CENTRAL / UNKNOWN,205.0,,24000521.0,cumulative_expenditure_only,2020-04,2023-03,,,2023-03,FR_march_2023.pdf,Table: Month-wise Completed Projects,36.0,1.0,35.0,,
N24000589,N24000589,154,CENTRAL SECTOR,"EXISTING KM 0+000TO KM                            (NATIONAL HIGHWAYS 
AUTHORITY OF INDIA",UNKNOWN,CENTRAL / UNKNOWN,154.0,,24000589.0,cumulative_expenditure_only,2019-06,2023-03,,,2023-03,FR_march_2023.pdf,Table: Month-wise Completed Projects,34.0,1.0,45.0,,
N24000590,N24000590,248,CENTRAL SECTOR,NATIONAL HIGHWAYS AUTHORITY OF INDIA,UNKNOWN,CENTRAL / UNKNOWN,247.0,,24000550.0,cumulative_expenditure_only,2017-05,2023-03,,,2023-03,FR_march_2023.pdf,Table: Month-wise Completed Projects,39.0,1.0,70.0,,
N24000599,N24000599,25,CENTRAL SECTOR,"NATIONAL HIGHWAYS AUTHORITY OF 
INDIA",UNKNOWN,CENTRAL / UNKNOWN,25.0,,4.0,cumulative_expenditure_only,2019-04,2023-03,,,2023-03,FR_march_2023.pdf,Table: Month-wise Completed Projects,26.0,1.0,47.0,,
N24000600,N24000600,155,CENTRAL SECTOR,"DESIGN 
CHAINAGE",UNKNOWN,CENTRAL / UNKNOWN,155.0,,4.0,cumulative_expenditure_only,2019-09,2023-03,,,2023-03,FR_march_2023.pdf,Table: Month-wise Completed Projects,34.0,1.0,42.0,,
N24000601,N24000601,156,CENTRAL SECTOR,NATIONAL HIGHWAYS AUTHORITY OF INDIA,UNKNOWN,CENTRAL / UNKNOWN,156.0,,4.0,cumulative_expenditure_only,2020-04,2023-03,,,2023-03,FR_march_2023.pdf,Table: Month-wise Completed Projects,34.0,1.0,35.0,,
N24000602,N24000602,157,CENTRAL SECTOR,"NATIONAL HIGHWAYS 
AUTHORITY OF INDIA",UNKNOWN,CENTRAL / UNKNOWN,156.0,,4.0,cumulative_expenditure_only,2020-04,2023-03,,,2023-03,FR_march_2023.pdf,Table: Month-wise Completed Projects,34.0,1.0,35.0,,
N24000605,N24000605,73,ROAD TRANSPORT AND HIGHWAYS,"NATIONAL HIGHWAYS 
AUTHORITY OF INDIA",ROAD TRANSPORT AND HIGHWAYS,CENTRAL / UNKNOWN,73.0,,2.0,cumulative_expenditure_only,2019-01,2023-03,,,2023-03,FR_march_2023.pdf,Table: Month-wise Completed Projects,28.0,1.0,50.0,,
N24000607,N24000607,207,CENTRAL SECTOR,NATIONAL HIGHWAYS AUTHORITY OF INDIA,UNKNOWN,CENTRAL / UNKNOWN,207.0,,24000607.0,cumulative_expenditure_only,2018-08,2023-03,,,2023-03,FR_march_2023.pdf,Table: Month-wise Completed Projects,36.0,1.0,55.0,,
N24000610,N24000610,313,CENTRAL SECTOR,"MINISTRY OF 
ROAD TRANSPORT AND HIGHWAYS (STATE PWDs",UNKNOWN,CENTRAL / UNKNOWN,313.0,,4.0,cumulative_expenditure_only,2016-12,2023-03,,,2023-03,FR_march_2023.pdf,Table: Month-wise Completed Projects,43.0,1.0,75.0,,
N24000620,N24000620,208,CENTRAL SECTOR,"NATIONAL 
HIGHWAYS AUTHORITY OF INDIA",UNKNOWN,CENTRAL / UNKNOWN,207.0,,24000607.0,cumulative_expenditure_only,2018-08,2023-03,,,2023-03,FR_march_2023.pdf,Table: Month-wise Completed Projects,36.0,1.0,55.0,,
N24000627,N24000627,209,CENTRAL SECTOR,FROM KM 360-422.700,UNKNOWN,CENTRAL / UNKNOWN,209.0,,4.0,cumulative_expenditure_only,2021-07,2023-03,,,2023-03,FR_march_2023.pdf,Table: Month-wise Completed Projects,36.0,1.0,20.0,,
N24000631,N24000631,249,CENTRAL SECTOR,"DESIGN CHAINAGE 
540.595",UNKNOWN,CENTRAL / UNKNOWN,248.0,,4.0,cumulative_expenditure_only,2019-05,2023-03,,,2023-03,FR_march_2023.pdf,Table: Month-wise Completed Projects,39.0,1.0,46.0,,
N24000633,N24000633,210,CENTRAL SECTOR,NATIONAL HIGHWAYS AUTHORITY OF INDIA,UNKNOWN,CENTRAL / UNKNOWN,209.0,,4.0,cumulative_expenditure_only,2020-07,2023-03,,,2023-03,FR_march_2023.pdf,Table: Month-wise Completed Projects,36.0,1.0,32.0,,
N24000634,N24000634,314,CENTRAL SECTOR,"KM 242+000 
TO KM 272+000",UNKNOWN,CENTRAL / UNKNOWN,314.0,,242.0,cumulative_expenditure_only,2019-11,2023-03,,,2023-03,FR_march_2023.pdf,Table: Month-wise Completed Projects,43.0,1.0,40.0,,
N24000635,N24000635,158,CENTRAL SECTOR,NATIONAL HIGHWAYS AUTHORITY OF INDIA,UNKNOWN,CENTRAL / UNKNOWN,158.0,,2.0,cumulative_expenditure_only,,2023-03,,,2023-03,FR_march_2023.pdf,Table: Month-wise Completed Projects,34.0,,,,
N24000636,N24000636,159,CENTRAL SECTOR,"PACKAGE-    (NATIONAL 
HIGHWAYS AUTHORITY OF INDIA",UNKNOWN,CENTRAL / UNKNOWN,158.0,,2.0,cumulative_expenditure_only,2020-02,2023-03,,,2023-03,FR_march_2023.pdf,Table: Month-wise Completed Projects,34.0,1.0,37.0,,
N24000637,N24000637,26,CENTRAL SECTOR,"NATIONAL 
HIGHWAYS AUTHORITY OF INDIA",UNKNOWN,CENTRAL / UNKNOWN,26.0,,79.67,cumulative_expenditure_only,,2023-03,,,2023-03,FR_march_2023.pdf,Table: Month-wise Completed Projects,26.0,,,,
N24000638,N24000638,250,CENTRAL SECTOR,"NATIONAL HIGHWAYS AUTHORITY OF 
INDIA",UNKNOWN,CENTRAL / UNKNOWN,250.0,,4.0,cumulative_expenditure_only,2018-07,2023-03,,,2023-03,FR_march_2023.pdf,Table: Month-wise Completed Projects,39.0,1.0,56.0,,
N24000639,N24000639,251,CENTRAL SECTOR,MINISTRY OF ROAD TRANSPORT AND HIGHWAYS (STATE PWDs,UNKNOWN,CENTRAL / UNKNOWN,251.0,,2.0,cumulative_expenditure_only,2016-05,2023-03,,,2023-03,FR_march_2023.pdf,Table: Month-wise Completed Projects,39.0,1.0,82.0,,
N24000648,N24000648,27,CENTRAL SECTOR,"NATIONAL 
HIGHWAYS AUTHORITY OF INDIA",UNKNOWN,CENTRAL / UNKNOWN,27.0,,4.0,cumulative_expenditure_only,2020-03,2023-03,,,2023-03,FR_march_2023.pdf,Table: Month-wise Completed Projects,26.0,1.0,36.0,,
N24000651,N24000651,160,CENTRAL SECTOR,NATIONAL HIGHWAYS AUTHORITY OF INDIA,UNKNOWN,CENTRAL / UNKNOWN,160.0,,24000651.0,cumulative_expenditure_only,2020-02,2023-03,,,2023-03,FR_march_2023.pdf,Table: Month-wise Completed Projects,34.0,1.0,37.0,,
N24000653,N24000653,252,CENTRAL SECTOR,PKG-I,UNKNOWN,CENTRAL / UNKNOWN,252.0,,76.3,cumulative_expenditure_only,2020-03,2023-03,,,2023-03,FR_march_2023.pdf,Table: Month-wise Completed Projects,39.0,1.0,36.0,,
N24000654,N24000654,(Rs. crore),CENTRAL SECTOR,Rs. crore,UNKNOWN,CENTRAL / UNKNOWN,211.0,,75.0,cumulative_expenditure_only,2020-03,2023-03,,,2023-03,FR_march_2023.pdf,Table: Month-wise Completed Projects,37.0,1.0,36.0,,
N24000660,N24000660,(Rs. crore),CENTRAL SECTOR,Rs. crore,UNKNOWN,CENTRAL / UNKNOWN,74.0,,704.2,cumulative_expenditure_only,2020-03,2023-03,,,2023-03,FR_march_2023.pdf,Table: Month-wise Completed Projects,29.0,1.0,36.0,,
N24000663,N24000663,75,CENTRAL SECTOR,"NATIONAL 
HIGHWAYS AUTHORITY OF INDIA",UNKNOWN,CENTRAL / UNKNOWN,75.0,,27.5,cumulative_expenditure_only,2020-03,2023-03,,,2023-03,FR_march_2023.pdf,Table: Month-wise Completed Projects,29.0,1.0,36.0,,
N24000666,N24000666,253,CENTRAL SECTOR,NATIONAL HIGHWAYS AUTHORITY OF INDIA,UNKNOWN,CENTRAL / UNKNOWN,253.0,,24000666.0,cumulative_expenditure_only,2020-03,2023-03,,,2023-03,FR_march_2023.pdf,Table: Month-wise Completed Projects,39.0,1.0,36.0,,
N24000668,N24000668,161,CENTRAL SECTOR,"NATIONAL HIGHWAYS 
AUTHORITY OF INDIA",UNKNOWN,CENTRAL / UNKNOWN,160.0,,24000651.0,cumulative_expenditure_only,2020-03,2023-03,,,2023-03,FR_march_2023.pdf,Table: Month-wise Completed Projects,34.0,1.0,36.0,,
N24000671,N24000671,212,CENTRAL SECTOR,"NATIONAL 
HIGHWAYS AUTHORITY OF INDIA",UNKNOWN,CENTRAL / UNKNOWN,212.0,,4.0,cumulative_expenditure_only,2020-03,2023-03,,,2023-03,FR_march_2023.pdf,Table: Month-wise Completed Projects,37.0,1.0,36.0,,
N24000672,N24000672,28,CENTRAL SECTOR,"NATIONAL 
HIGHWAYS AUTHORITY OF INDIA",UNKNOWN,CENTRAL / UNKNOWN,28.0,,6.0,cumulative_expenditure_only,2020-03,2023-03,,,2023-03,FR_march_2023.pdf,Table: Month-wise Completed Projects,26.0,1.0,36.0,,
N24000674,N24000674,162,CENTRAL SECTOR,OLD NH-4,UNKNOWN,CENTRAL / UNKNOWN,162.0,,260.0,cumulative_expenditure_only,2020-03,2023-03,,,2023-03,FR_march_2023.pdf,Table: Month-wise Completed Projects,34.0,1.0,36.0,,
N24000675,N24000675,254,CENTRAL SECTOR,"KM 189+000 TO KM 260+000 OF NH-48(O    
(NATIONAL HIGHWAYS AUTHORITY OF INDIA",UNKNOWN,CENTRAL / UNKNOWN,254.0,,189.0,cumulative_expenditure_only,2020-03,2023-03,,,2023-03,FR_march_2023.pdf,Table: Month-wise Completed Projects,39.0,1.0,36.0,,
N24000693,N24000693,163,CENTRAL SECTOR,"NATIONAL HIGHWAYS AUTHORITY 
OF INDIA",UNKNOWN,CENTRAL / UNKNOWN,163.0,,4.0,cumulative_expenditure_only,2020-06,2023-03,,,2023-03,FR_march_2023.pdf,Table: Month-wise Completed Projects,34.0,1.0,33.0,,
N24000702,N24000702,76,CENTRAL SECTOR,NATIONAL HIGHWAYS AUTHORITY OF INDIA,UNKNOWN,CENTRAL / UNKNOWN,76.0,,124.0,cumulative_expenditure_only,2017-10,2023-03,,,2023-03,FR_march_2023.pdf,Table: Month-wise Completed Projects,29.0,1.0,65.0,,
N24000703,N24000703,164,CENTRAL SECTOR,"NATIONAL 
HIGHWAYS AUTHORITY OF INDIA",UNKNOWN,CENTRAL / UNKNOWN,164.0,,29.0,cumulative_expenditure_only,2017-10,2023-03,,,2023-03,FR_march_2023.pdf,Table: Month-wise Completed Projects,34.0,1.0,65.0,,
N24000705,N24000705,77,CENTRAL SECTOR,"NATIONAL 
HIGHWAYS AUTHORITY OF INDIA",UNKNOWN,CENTRAL / UNKNOWN,77.0,,4.0,cumulative_expenditure_only,2017-09,2023-03,,,2023-03,FR_march_2023.pdf,Table: Month-wise Completed Projects,29.0,1.0,66.0,,
N24000706,N24000706,78,CENTRAL SECTOR,NATIONAL HIGHWAYS AUTHORITY OF INDIA,UNKNOWN,CENTRAL / UNKNOWN,78.0,,4.0,cumulative_expenditure_only,2017-09,2023-03,,,2023-03,FR_march_2023.pdf,Table: Month-wise Completed Projects,29.0,1.0,66.0,,
N24000707,N24000707,79,CENTRAL SECTOR,NATIONAL HIGHWAYS AUTHORITY OF INDIA,UNKNOWN,CENTRAL / UNKNOWN,79.0,,4.0,cumulative_expenditure_only,2017-09,2023-03,,,2023-03,FR_march_2023.pdf,Table: Month-wise Completed Projects,29.0,1.0,66.0,,
N24000710,N24000710,213,CENTRAL SECTOR,"NATIONAL 
HIGHWAYS AUTHORITY OF INDIA",UNKNOWN,CENTRAL / UNKNOWN,213.0,,11.0,cumulative_expenditure_only,2022-10,2023-03,,,2023-03,FR_march_2023.pdf,Table: Month-wise Completed Projects,37.0,1.0,5.0,,
N24000716,N24000716,255,CENTRAL SECTOR,NEW NH NO. 143,UNKNOWN,CENTRAL / UNKNOWN,255.0,,143.0,cumulative_expenditure_only,2021-03,2023-03,,,2023-03,FR_march_2023.pdf,Table: Month-wise Completed Projects,39.0,1.0,24.0,,
N24000719,N24000719,256,CENTRAL SECTOR,OLD NH-5,UNKNOWN,CENTRAL / UNKNOWN,256.0,,580.671,cumulative_expenditure_only,2022-03,2023-03,,,2023-03,FR_march_2023.pdf,Table: Month-wise Completed Projects,39.0,1.0,12.0,,
N24000721,N24000721,165,CENTRAL SECTOR,"MEERUT-MUZAFFARN    (NATIONAL 
HIGHWAYS AUTHORITY OF INDIA",UNKNOWN,CENTRAL / UNKNOWN,165.0,,4.0,cumulative_expenditure_only,,2023-03,,,2023-03,FR_march_2023.pdf,Table: Month-wise Completed Projects,34.0,,,,
N24000728,N24000728,166,CENTRAL SECTOR,NATIONAL HIGHWAYS AUTHORITY OF INDIA,UNKNOWN,CENTRAL / UNKNOWN,166.0,,24000728.0,cumulative_expenditure_only,,2023-03,,,2023-03,FR_march_2023.pdf,Table: Month-wise Completed Projects,34.0,,,,
N24000730,N24000730,167,CENTRAL SECTOR,KM 320.104 TO 375.000,UNKNOWN,CENTRAL / UNKNOWN,166.0,,24000728.0,cumulative_expenditure_only,,2023-03,,,2023-03,FR_march_2023.pdf,Table: Month-wise Completed Projects,34.0,,,,
N24000732,N24000732,257,CENTRAL SECTOR,KM 163.0,UNKNOWN,CENTRAL / UNKNOWN,257.0,,2.0,cumulative_expenditure_only,2020-05,2023-03,,,2023-03,FR_march_2023.pdf,Table: Month-wise Completed Projects,39.0,1.0,34.0,,
N24000735,N24000735,258,CENTRAL SECTOR,NATIONAL HIGHWAYS AUTHORITY OF INDIA,UNKNOWN,CENTRAL / UNKNOWN,258.0,,2.0,cumulative_expenditure_only,2021-08,2023-03,,,2023-03,FR_march_2023.pdf,Table: Month-wise Completed Projects,39.0,1.0,19.0,,
N24000737,N24000737,259,CENTRAL SECTOR,"NATIONAL HIGHWAYS 
AUTHORITY OF INDIA",UNKNOWN,CENTRAL / UNKNOWN,259.0,,24000737.0,cumulative_expenditure_only,2021-06,2023-03,,,2023-03,FR_march_2023.pdf,Table: Month-wise Completed Projects,39.0,1.0,21.0,,
N24000740,N24000740,29,CENTRAL SECTOR,NATIONAL HIGHWAYS AUTHORITY OF INDIA,UNKNOWN,CENTRAL / UNKNOWN,29.0,,24000740.0,cumulative_expenditure_only,2017-02,2023-03,,,2023-03,FR_march_2023.pdf,Table: Month-wise Completed Projects,26.0,1.0,73.0,,
N24000754,N24000754,(Rs. crore),CENTRAL SECTOR,Rs. crore,UNKNOWN,CENTRAL / UNKNOWN,278.0,,24000754.0,cumulative_expenditure_only,2018-09,2023-03,,,2023-03,FR_march_2023.pdf,Table: Month-wise Completed Projects,41.0,1.0,54.0,,
N24000755,N24000755,279,CENTRAL SECTOR,"NATIONAL HIGHWAYS AND INFRASTRUCTURE DEVELOPMENT 
CORPORATION Ltd.",UNKNOWN,CENTRAL / UNKNOWN,279.0,,25.76,cumulative_expenditure_only,2018-09,2023-03,,,2023-03,FR_march_2023.pdf,Table: Month-wise Completed Projects,41.0,1.0,54.0,,
N24000762,N24000762,214,CENTRAL SECTOR,"NATIONAL HIGHWAYS AND INFRASTRUCTURE DEVELOPMENT 
CORPORATION Ltd.",UNKNOWN,CENTRAL / UNKNOWN,214.0,,24000762.0,cumulative_expenditure_only,2018-09,2023-03,,,2023-03,FR_march_2023.pdf,Table: Month-wise Completed Projects,37.0,1.0,54.0,,
N24000785,N24000785,315,CENTRAL SECTOR,"NATIONAL HIGHWAYS 
AUTHORITY OF INDIA",UNKNOWN,CENTRAL / UNKNOWN,315.0,,24000785.0,cumulative_expenditure_only,2021-02,2023-03,,,2023-03,FR_march_2023.pdf,Table: Month-wise Completed Projects,43.0,1.0,25.0,,
N24000786,N24000786,215,CENTRAL SECTOR,PKG-1,UNKNOWN,CENTRAL / UNKNOWN,215.0,,2.0,cumulative_expenditure_only,2022-09,2023-03,,,2023-03,FR_march_2023.pdf,Table: Month-wise Completed Projects,37.0,1.0,6.0,,
N24000787,N24000787,260,CENTRAL SECTOR,"NATIONAL 
HIGHWAYS AUTHORITY OF INDIA",UNKNOWN,CENTRAL / UNKNOWN,260.0,,18.0,cumulative_expenditure_only,2021-11,2023-03,,,2023-03,FR_march_2023.pdf,Table: Month-wise Completed Projects,39.0,1.0,16.0,,
N24000789,N24000789,316,CENTRAL SECTOR,"NATIONAL 
HIGHWAYS AUTHORITY OF INDIA",UNKNOWN,CENTRAL / UNKNOWN,316.0,,74.2,cumulative_expenditure_only,2022-06,2023-03,,,2023-03,FR_march_2023.pdf,Table: Month-wise Completed Projects,43.0,1.0,9.0,,
N24000793,N24000793,80,CENTRAL SECTOR,"NATIONAL HIGHWAYS 
AUTHORITY OF INDIA",UNKNOWN,CENTRAL / UNKNOWN,80.0,,24000793.0,cumulative_expenditure_only,,2023-03,,,2023-03,FR_march_2023.pdf,Table: Month-wise Completed Projects,29.0,,,,
N24000799,N24000799,216,CENTRAL SECTOR,"NATIONAL 
HIGHWAYS AUTHORITY OF INDIA",UNKNOWN,CENTRAL / UNKNOWN,216.0,,681.0,cumulative_expenditure_only,2022-04,2023-03,,,2023-03,FR_march_2023.pdf,Table: Month-wise Completed Projects,37.0,1.0,11.0,,
N24000800,N24000800,168,CENTRAL SECTOR,"DESIGN 
CHAINAGE 240.897",UNKNOWN,CENTRAL / UNKNOWN,167.0,,4.0,cumulative_expenditure_only,,2023-03,,,2023-03,FR_march_2023.pdf,Table: Month-wise Completed Projects,34.0,,,,
N24000802,N24000802,169,CENTRAL SECTOR,"NATIONAL 
HIGHWAYS AUTHORITY OF INDIA",UNKNOWN,CENTRAL / UNKNOWN,169.0,,2.0,cumulative_expenditure_only,,2023-03,,,2023-03,FR_march_2023.pdf,Table: Month-wise Completed Projects,34.0,,,,
N24000803,N24000803,170,CENTRAL SECTOR,"NATIONAL 
HIGHWAYS AUTHORITY OF INDIA",UNKNOWN,CENTRAL / UNKNOWN,170.0,,2.0,cumulative_expenditure_only,,2023-03,,,2023-03,FR_march_2023.pdf,Table: Month-wise Completed Projects,34.0,,,,
N24000804,N24000804,261,CENTRAL SECTOR,"DESIGN KM 135.751 
EXISTING KM 140.873",UNKNOWN,CENTRAL / UNKNOWN,261.0,,161.0,cumulative_expenditure_only,2021-04,2023-03,,,2023-03,FR_march_2023.pdf,Table: Month-wise Completed Projects,39.0,1.0,23.0,,
N24000806,N24000806,217,CENTRAL SECTOR,"NATIONAL 
HIGHWAYS AUTHORITY OF INDIA",UNKNOWN,CENTRAL / UNKNOWN,217.0,,4.0,cumulative_expenditure_only,2022-02,2023-03,,,2023-03,FR_march_2023.pdf,Table: Month-wise Completed Projects,37.0,1.0,13.0,,
N24000807,N24000807,218,CENTRAL SECTOR,EXISTING KM 15.700,UNKNOWN,CENTRAL / UNKNOWN,218.0,,15.32,cumulative_expenditure_only,2021-03,2023-03,,,2023-03,FR_march_2023.pdf,Table: Month-wise Completed Projects,37.0,1.0,24.0,,
N24000809,N24000809,219,CENTRAL SECTOR,"DESIGN KM 0.000/EXISTING 
KM 158.000 OF NH-4",UNKNOWN,CENTRAL / UNKNOWN,219.0,,158.0,cumulative_expenditure_only,2022-06,2023-03,,,2023-03,FR_march_2023.pdf,Table: Month-wise Completed Projects,37.0,1.0,9.0,,
N24000810,N24000810,171,CENTRAL SECTOR,"EXIS    (NATIONAL 
HIGHWAYS AUTHORITY OF INDIA",UNKNOWN,CENTRAL / UNKNOWN,171.0,,212.983,cumulative_expenditure_only,,2023-03,,,2023-03,FR_march_2023.pdf,Table: Month-wise Completed Projects,34.0,,,,
N24000812,N24000812,172,CENTRAL SECTOR,"NATIONAL 
HIGHWAYS AUTHORITY OF INDIA",UNKNOWN,CENTRAL / UNKNOWN,172.0,,4.0,cumulative_expenditure_only,,2023-03,,,2023-03,FR_march_2023.pdf,Table: Month-wise Completed Projects,34.0,,,,
N24000814,N24000814,(Rs. crore),CENTRAL SECTOR,Rs. crore,UNKNOWN,CENTRAL / UNKNOWN,173.0,,4.0,cumulative_expenditure_only,,2023-03,,,2023-03,FR_march_2023.pdf,Table: Month-wise Completed Projects,35.0,,,,
N24000815,N24000815,220,CENTRAL SECTOR,"PADRA TO VADODARA S    
(NATIONAL HIGHWAYS AUTHORITY OF INDIA",UNKNOWN,CENTRAL / UNKNOWN,220.0,,355.0,cumulative_expenditure_only,2021-01,2023-03,,,2023-03,FR_march_2023.pdf,Table: Month-wise Completed Projects,37.0,1.0,26.0,,
N24000822,N24000822,262,CENTRAL SECTOR,"DESIGN KM 39.980 
EXISTING KM 44.757",UNKNOWN,CENTRAL / UNKNOWN,262.0,,161.0,cumulative_expenditure_only,2021-05,2023-03,,,2023-03,FR_march_2023.pdf,Table: Month-wise Completed Projects,39.0,1.0,22.0,,
N24000824,N24000824,(Rs. crore),CENTRAL SECTOR,Rs. crore,UNKNOWN,CENTRAL / UNKNOWN,263.0,,161.0,cumulative_expenditure_only,2022-10,2023-03,,,2023-03,FR_march_2023.pdf,Table: Month-wise Completed Projects,40.0,1.0,5.0,,
N24000829,N24000829,221,CENTRAL SECTOR,"NATIONAL 
HIGHWAYS AUTHORITY OF INDIA",UNKNOWN,CENTRAL / UNKNOWN,221.0,,38.0,cumulative_expenditure_only,2023-08,2023-03,,,2023-03,FR_march_2023.pdf,Table: Month-wise Completed Projects,37.0,0.0,-5.0,,
N24000833,N24000833,222,CENTRAL SECTOR,"ANKLESHWAR TO MANUBAR S    
(NATIONAL HIGHWAYS AUTHORITY OF INDIA",UNKNOWN,CENTRAL / UNKNOWN,222.0,,279.0,cumulative_expenditure_only,2021-06,2023-03,,,2023-03,FR_march_2023.pdf,Table: Month-wise Completed Projects,37.0,1.0,21.0,,
N24000836,N24000836,81,CENTRAL SECTOR,NATIONAL HIGHWAYS AUTHORITY OF INDIA,UNKNOWN,CENTRAL / UNKNOWN,81.0,,2.0,cumulative_expenditure_only,,2023-03,,,2023-03,FR_march_2023.pdf,Table: Month-wise Completed Projects,29.0,,,,
N24000839,N24000839,174,CENTRAL SECTOR,"NATIONAL 
HIGHWAYS AUTHORITY OF INDIA",UNKNOWN,CENTRAL / UNKNOWN,174.0,,11.0,cumulative_expenditure_only,,2023-03,,,2023-03,FR_march_2023.pdf,Table: Month-wise Completed Projects,35.0,,,,
N24000841,N24000841,175,CENTRAL SECTOR,RAJIV CHOWK,UNKNOWN,CENTRAL / UNKNOWN,175.0,,2.74,cumulative_expenditure_only,,2023-03,,,2023-03,FR_march_2023.pdf,Table: Month-wise Completed Projects,35.0,,,,
N24000842,N24000842,82,CENTRAL SECTOR,OLD-SH-25,UNKNOWN,CENTRAL / UNKNOWN,82.0,,354.0,cumulative_expenditure_only,,2023-03,,,2023-03,FR_march_2023.pdf,Table: Month-wise Completed Projects,29.0,,,,
N24000843,N24000843,83,CENTRAL SECTOR,OLD-SH-21,UNKNOWN,CENTRAL / UNKNOWN,83.0,,354.0,cumulative_expenditure_only,,2023-03,,,2023-03,FR_march_2023.pdf,Table: Month-wise Completed Projects,29.0,,,,
N24000846,N24000846,84,CENTRAL SECTOR,NATIONAL HIGHWAYS AUTHORITY OF INDIA,UNKNOWN,CENTRAL / UNKNOWN,84.0,,2.0,cumulative_expenditure_only,,2023-03,,,2023-03,FR_march_2023.pdf,Table: Month-wise Completed Projects,29.0,,,,
N24000847,N24000847,176,CENTRAL SECTOR,"OLD NH-
6",UNKNOWN,CENTRAL / UNKNOWN,176.0,,6.0,cumulative_expenditure_only,,2023-03,,,2023-03,FR_march_2023.pdf,Table: Month-wise Completed Projects,35.0,,,,
N24000848,N24000848,85,CENTRAL SECTOR,"DESIGN CHAIN    (NATIONAL 
HIGHWAYS AUTHORITY OF INDIA",UNKNOWN,CENTRAL / UNKNOWN,85.0,,130.77,cumulative_expenditure_only,2022-08,2023-03,,,2023-03,FR_march_2023.pdf,Table: Month-wise Completed Projects,29.0,1.0,7.0,,
N24000849,N24000849,177,CENTRAL SECTOR,OLD NH-6,UNKNOWN,CENTRAL / UNKNOWN,177.0,,24000849.0,cumulative_expenditure_only,2019-09,2023-03,,,2023-03,FR_march_2023.pdf,Table: Month-wise Completed Projects,35.0,1.0,42.0,,
N24000853,N24000853,223,CENTRAL SECTOR,"NATIONAL 
HIGHWAYS AUTHORITY OF INDIA",UNKNOWN,CENTRAL / UNKNOWN,223.0,,99.4,cumulative_expenditure_only,2021-06,2023-03,,,2023-03,FR_march_2023.pdf,Table: Month-wise Completed Projects,37.0,1.0,21.0,,
N24000867,N24000867,40,ROAD TRANSPORT AND HIGHWAYS,"NATIONAL HIGHWAYS AND INFRASTRUCTURE DEVELOPMENT 
CORPORATION Ltd.",ROAD TRANSPORT AND HIGHWAYS,CENTRAL / UNKNOWN,39.0,,4.0,cumulative_expenditure_only,2018-11,2023-03,,,2023-03,FR_march_2023.pdf,Table: Month-wise Completed Projects,27.0,1.0,52.0,,
N24000877,N24000877,280,CENTRAL SECTOR,KM 82.00 TO KM140.00,UNKNOWN,CENTRAL / UNKNOWN,280.0,,82.0,cumulative_expenditure_only,2021-09,2023-03,,,2023-03,FR_march_2023.pdf,Table: Month-wise Completed Projects,41.0,1.0,18.0,,
N24000882,N24000882,41,ROAD TRANSPORT AND HIGHWAYS,"MINISTRY 
OF ROAD TRANSPORT AND HIGHWAYS (STATE PWDs",ROAD TRANSPORT AND HIGHWAYS,CENTRAL / UNKNOWN,41.0,,2.0,cumulative_expenditure_only,2020-11,2023-03,,,2023-03,FR_march_2023.pdf,Table: Month-wise Completed Projects,27.0,1.0,28.0,,
N24000889,N24000889,42,ROAD TRANSPORT AND HIGHWAYS,WB/ASSAM BORDER,ROAD TRANSPORT AND HIGHWAYS,CENTRAL / UNKNOWN,42.0,,7.0,cumulative_expenditure_only,2017-08,2023-03,,,2023-03,FR_march_2023.pdf,Table: Month-wise Completed Projects,27.0,1.0,67.0,,
N24000890,N24000890,317,CENTRAL SECTOR,MINISTRY OF ROAD TRANSPORT AND HIGHWAYS (STATE PWDs,UNKNOWN,CENTRAL / UNKNOWN,317.0,,2.0,cumulative_expenditure_only,2018-08,2023-03,,,2023-03,FR_march_2023.pdf,Table: Month-wise Completed Projects,43.0,1.0,55.0,,
N24000893,N24000893,318,CENTRAL SECTOR,MINISTRY OF ROAD TRANSPORT AND HIGHWAYS (STATE PWDs,UNKNOWN,CENTRAL / UNKNOWN,318.0,,2.0,cumulative_expenditure_only,2018-02,2023-03,,,2023-03,FR_march_2023.pdf,Table: Month-wise Completed Projects,43.0,1.0,61.0,,
N24000896,N24000896,178,CENTRAL SECTOR,"MINISTRY OF ROAD 
TRANSPORT AND HIGHWAYS (STATE PWDs",UNKNOWN,CENTRAL / UNKNOWN,177.0,,24000849.0,cumulative_expenditure_only,2019-09,2023-03,,,2023-03,FR_march_2023.pdf,Table: Month-wise Completed Projects,35.0,1.0,42.0,,
N24000898,N24000898,319,CENTRAL SECTOR,"MINISTRY OF 
ROAD TRANSPORT AND HIGHWAYS (STATE PWDs",UNKNOWN,CENTRAL / UNKNOWN,319.0,,24000898.0,cumulative_expenditure_only,2018-07,2023-03,,,2023-03,FR_march_2023.pdf,Table: Month-wise Completed Projects,43.0,1.0,56.0,,
N24000899,N24000899,320,CENTRAL SECTOR,"MINISTRY OF 
ROAD TRANSPORT AND HIGHWAYS (STATE PWDs",UNKNOWN,CENTRAL / UNKNOWN,320.0,,193.0,cumulative_expenditure_only,2019-06,2023-03,,,2023-03,FR_march_2023.pdf,Table: Month-wise Completed Projects,43.0,1.0,45.0,,
N24000904,N24000904,224,CENTRAL SECTOR,EPC,UNKNOWN,CENTRAL / UNKNOWN,224.0,,4.0,cumulative_expenditure_only,2019-03,2023-03,,,2023-03,FR_march_2023.pdf,Table: Month-wise Completed Projects,37.0,1.0,48.0,,
N24000923,N24000923,43,ROAD TRANSPORT AND HIGHWAYS,"MINISTRY OF ROAD TRANSPORT AND HIGHWAYS (STATE 
PWDs",ROAD TRANSPORT AND HIGHWAYS,CENTRAL / UNKNOWN,43.0,,168.0,cumulative_expenditure_only,2018-11,2023-03,,,2023-03,FR_march_2023.pdf,Table: Month-wise Completed Projects,27.0,1.0,52.0,,
N24000949,N24000949,321,CENTRAL SECTOR,"NATIONAL 
HIGHWAYS AND INFRASTRUCTURE DEVELOPMENT CORPORATION 
Ltd.",UNKNOWN,CENTRAL / UNKNOWN,321.0,,2.0,cumulative_expenditure_only,2020-01,2023-03,,,2023-03,FR_march_2023.pdf,Table: Month-wise Completed Projects,43.0,1.0,38.0,,
N24000959,N24000959,44,ROAD TRANSPORT AND HIGHWAYS,"MINISTRY OF 
ROAD TRANSPORT AND HIGHWAYS (STATE PWDs",ROAD TRANSPORT AND HIGHWAYS,CENTRAL / UNKNOWN,44.0,,2.0,cumulative_expenditure_only,2018-05,2023-03,,,2023-03,FR_march_2023.pdf,Table: Month-wise Completed Projects,27.0,1.0,58.0,,
N24000972,N24000972,(Rs. crore),CENTRAL SECTOR,Rs. crore,UNKNOWN,CENTRAL / UNKNOWN,103.0,,20.0,cumulative_expenditure_only,,2023-03,,,2023-03,FR_march_2023.pdf,Table: Month-wise Completed Projects,31.0,,,,
N24000973,N24000973,104,CENTRAL SECTOR,NH-713,UNKNOWN,CENTRAL / UNKNOWN,104.0,,32.0,cumulative_expenditure_only,2022-01,2023-03,,,2023-03,FR_march_2023.pdf,Table: Month-wise Completed Projects,31.0,1.0,14.0,,
N24000976,N24000976,45,ROAD TRANSPORT AND HIGHWAYS,"EX    (NATIONAL HIGHWAYS 
AND INFRASTRUCTURE DEVELOPMENT CORPORATION Ltd.",ROAD TRANSPORT AND HIGHWAYS,CENTRAL / UNKNOWN,45.0,,2.0,cumulative_expenditure_only,2022-06,2023-03,,,2023-03,FR_march_2023.pdf,Table: Month-wise Completed Projects,27.0,1.0,9.0,,
N24000985,N24000985,322,CENTRAL SECTOR,"MINISTRY OF 
ROAD TRANSPORT AND HIGHWAYS (STATE PWDs",UNKNOWN,CENTRAL / UNKNOWN,322.0,,59.5,cumulative_expenditure_only,2019-05,2023-03,,,2023-03,FR_march_2023.pdf,Table: Month-wise Completed Projects,43.0,1.0,46.0,,
N24000991,N24000991,323,CENTRAL SECTOR,"DESIGN LENGTH 30.016 KMS    (MINISTRY OF 
ROAD TRANSPORT AND HIGHWAYS (STATE PWDs",UNKNOWN,CENTRAL / UNKNOWN,323.0,,157.707,cumulative_expenditure_only,2019-11,2023-03,,,2023-03,FR_march_2023.pdf,Table: Month-wise Completed Projects,43.0,1.0,40.0,,
N24000992,N24000992,324,CENTRAL SECTOR,"MINISTRY 
OF ROAD TRANSPORT AND HIGHWAYS (STATE PWDs",UNKNOWN,CENTRAL / UNKNOWN,324.0,,24000992.0,cumulative_expenditure_only,2020-04,2023-03,,,2023-03,FR_march_2023.pdf,Table: Month-wise Completed Projects,43.0,1.0,35.0,,
N24001011,N24001011,281,CENTRAL SECTOR,MINISTRY OF ROAD TRANSPORT AND HIGHWAYS (STATE PWDs,UNKNOWN,CENTRAL / UNKNOWN,281.0,,24001011.0,cumulative_expenditure_only,2019-05,2023-03,,,2023-03,FR_march_2023.pdf,Table: Month-wise Completed Projects,41.0,1.0,46.0,,
N24001012,N24001012,282,CENTRAL SECTOR,MINISTRY OF ROAD TRANSPORT AND HIGHWAYS (STATE PWDs,UNKNOWN,CENTRAL / UNKNOWN,282.0,,24001012.0,cumulative_expenditure_only,2019-06,2023-03,,,2023-03,FR_march_2023.pdf,Table: Month-wise Completed Projects,41.0,1.0,45.0,,
N24001031,N24001031,283,CENTRAL SECTOR,MINISTRY OF ROAD TRANSPORT AND HIGHWAYS (STATE PWDs,UNKNOWN,CENTRAL / UNKNOWN,283.0,,24001031.0,cumulative_expenditure_only,2019-08,2023-03,,,2023-03,FR_march_2023.pdf,Table: Month-wise Completed Projects,41.0,1.0,43.0,,
N24001037,N24001037,284,CENTRAL SECTOR,MINISTRY OF ROAD TRANSPORT AND HIGHWAYS (STATE PWDs,UNKNOWN,CENTRAL / UNKNOWN,284.0,,24001037.0,cumulative_expenditure_only,2019-07,2023-03,,,2023-03,FR_march_2023.pdf,Table: Month-wise Completed Projects,41.0,1.0,44.0,,
N24001044,N24001044,285,CENTRAL SECTOR,MINISTRY OF ROAD TRANSPORT AND HIGHWAYS (STATE PWDs,UNKNOWN,CENTRAL / UNKNOWN,285.0,,24001044.0,cumulative_expenditure_only,2019-06,2023-03,,,2023-03,FR_march_2023.pdf,Table: Month-wise Completed Projects,41.0,1.0,45.0,,
N24001045,N24001045,286,CENTRAL SECTOR,MINISTRY OF ROAD TRANSPORT AND HIGHWAYS (STATE PWDs,UNKNOWN,CENTRAL / UNKNOWN,286.0,,24001045.0,cumulative_expenditure_only,2019-11,2023-03,,,2023-03,FR_march_2023.pdf,Table: Month-wise Completed Projects,41.0,1.0,40.0,,
N24001047,N24001047,287,CENTRAL SECTOR,MINISTRY OF ROAD TRANSPORT AND HIGHWAYS (STATE PWDs,UNKNOWN,CENTRAL / UNKNOWN,287.0,,24001047.0,cumulative_expenditure_only,2019-11,2023-03,,,2023-03,FR_march_2023.pdf,Table: Month-wise Completed Projects,41.0,1.0,40.0,,
N24001054,N24001054,288,CENTRAL SECTOR,MINISTRY OF ROAD TRANSPORT AND HIGHWAYS (STATE PWDs,UNKNOWN,CENTRAL / UNKNOWN,288.0,,24001054.0,cumulative_expenditure_only,2019-11,2023-03,,,2023-03,FR_march_2023.pdf,Table: Month-wise Completed Projects,41.0,1.0,40.0,,
N24001067,N24001067,289,CENTRAL SECTOR,MINISTRY OF ROAD TRANSPORT AND HIGHWAYS (STATE PWDs,UNKNOWN,CENTRAL / UNKNOWN,289.0,,24001067.0,cumulative_expenditure_only,2019-12,2023-03,,,2023-03,FR_march_2023.pdf,Table: Month-wise Completed Projects,41.0,1.0,39.0,,
N24001068,N24001068,290,CENTRAL SECTOR,MINISTRY OF ROAD TRANSPORT AND HIGHWAYS (STATE PWDs,UNKNOWN,CENTRAL / UNKNOWN,290.0,,24001068.0,cumulative_expenditure_only,2019-12,2023-03,,,2023-03,FR_march_2023.pdf,Table: Month-wise Completed Projects,41.0,1.0,39.0,,
N24001070,N24001070,291,CENTRAL SECTOR,MINISTRY OF ROAD TRANSPORT AND HIGHWAYS (STATE PWDs,UNKNOWN,CENTRAL / UNKNOWN,291.0,,24001070.0,cumulative_expenditure_only,2019-12,2023-03,,,2023-03,FR_march_2023.pdf,Table: Month-wise Completed Projects,41.0,1.0,39.0,,
N24001072,N24001072,292,CENTRAL SECTOR,MINISTRY OF ROAD TRANSPORT AND HIGHWAYS (STATE PWDs,UNKNOWN,CENTRAL / UNKNOWN,292.0,,24001072.0,cumulative_expenditure_only,2019-12,2023-03,,,2023-03,FR_march_2023.pdf,Table: Month-wise Completed Projects,41.0,1.0,39.0,,
N24001076,N24001076,293,CENTRAL SECTOR,MINISTRY OF ROAD TRANSPORT AND HIGHWAYS (STATE PWDs,UNKNOWN,CENTRAL / UNKNOWN,293.0,,24001076.0,cumulative_expenditure_only,2019-12,2023-03,,,2023-03,FR_march_2023.pdf,Table: Month-wise Completed Projects,41.0,1.0,39.0,,
N24001077,N24001077,294,CENTRAL SECTOR,MINISTRY OF ROAD TRANSPORT AND HIGHWAYS (STATE PWDs,UNKNOWN,CENTRAL / UNKNOWN,294.0,,24001077.0,cumulative_expenditure_only,2019-12,2023-03,,,2023-03,FR_march_2023.pdf,Table: Month-wise Completed Projects,41.0,1.0,39.0,,
N24001084,N24001084,(Rs. crore),CENTRAL SECTOR,Rs. crore,UNKNOWN,CENTRAL / UNKNOWN,295.0,,24001084.0,cumulative_expenditure_only,2020-05,2023-03,,,2023-03,FR_march_2023.pdf,Table: Month-wise Completed Projects,42.0,1.0,34.0,,
N24001085,N24001085,296,CENTRAL SECTOR,MINISTRY OF ROAD TRANSPORT AND HIGHWAYS (STATE PWDs,UNKNOWN,CENTRAL / UNKNOWN,296.0,,24001085.0,cumulative_expenditure_only,2019-06,2023-03,,,2023-03,FR_march_2023.pdf,Table: Month-wise Completed Projects,42.0,1.0,45.0,,
N24001087,N24001087,297,CENTRAL SECTOR,MINISTRY OF ROAD TRANSPORT AND HIGHWAYS (STATE PWDs,UNKNOWN,CENTRAL / UNKNOWN,297.0,,24001087.0,cumulative_expenditure_only,2019-11,2023-03,,,2023-03,FR_march_2023.pdf,Table: Month-wise Completed Projects,42.0,1.0,40.0,,
N24001091,N24001091,92,ROAD TRANSPORT AND HIGHWAYS,"MINISTRY OF 
ROAD TRANSPORT AND HIGHWAYS (STATE PWDs",ROAD TRANSPORT AND HIGHWAYS,CENTRAL / UNKNOWN,92.0,,200.0,cumulative_expenditure_only,2019-12,2023-03,,,2023-03,FR_march_2023.pdf,Table: Month-wise Completed Projects,30.0,1.0,39.0,,
N24001100,N24001100,298,CENTRAL SECTOR,MINISTRY OF ROAD TRANSPORT AND HIGHWAYS (STATE PWDs,UNKNOWN,CENTRAL / UNKNOWN,298.0,,24001100.0,cumulative_expenditure_only,2019-08,2023-03,,,2023-03,FR_march_2023.pdf,Table: Month-wise Completed Projects,42.0,1.0,43.0,,
N24001108,N24001108,299,CENTRAL SECTOR,MINISTRY OF ROAD TRANSPORT AND HIGHWAYS (STATE PWDs,UNKNOWN,CENTRAL / UNKNOWN,299.0,,24001108.0,cumulative_expenditure_only,2019-12,2023-03,,,2023-03,FR_march_2023.pdf,Table: Month-wise Completed Projects,42.0,1.0,39.0,,
N24001109,N24001109,300,CENTRAL SECTOR,MINISTRY OF ROAD TRANSPORT AND HIGHWAYS (STATE PWDs,UNKNOWN,CENTRAL / UNKNOWN,300.0,,24001109.0,cumulative_expenditure_only,2019-12,2023-03,,,2023-03,FR_march_2023.pdf,Table: Month-wise Completed Projects,42.0,1.0,39.0,,
N24001110,N24001110,301,CENTRAL SECTOR,MINISTRY OF ROAD TRANSPORT AND HIGHWAYS (STATE PWDs,UNKNOWN,CENTRAL / UNKNOWN,301.0,,24001110.0,cumulative_expenditure_only,2020-04,2023-03,,,2023-03,FR_march_2023.pdf,Table: Month-wise Completed Projects,42.0,1.0,35.0,,
N24001119,N24001119,302,CENTRAL SECTOR,MINISTRY OF ROAD TRANSPORT AND HIGHWAYS (STATE PWDs,UNKNOWN,CENTRAL / UNKNOWN,302.0,,24001119.0,cumulative_expenditure_only,2019-07,2023-03,,,2023-03,FR_march_2023.pdf,Table: Month-wise Completed Projects,42.0,1.0,44.0,,
N24001121,N24001121,303,CENTRAL SECTOR,MINISTRY OF ROAD TRANSPORT AND HIGHWAYS (STATE PWDs,UNKNOWN,CENTRAL / UNKNOWN,303.0,,24001121.0,cumulative_expenditure_only,2018-11,2023-03,,,2023-03,FR_march_2023.pdf,Table: Month-wise Completed Projects,42.0,1.0,52.0,,
N24001136,N24001136,304,CENTRAL SECTOR,MINISTRY OF ROAD TRANSPORT AND HIGHWAYS (STATE PWDs,UNKNOWN,CENTRAL / UNKNOWN,304.0,,24001136.0,cumulative_expenditure_only,2020-03,2023-03,,,2023-03,FR_march_2023.pdf,Table: Month-wise Completed Projects,42.0,1.0,36.0,,
N24001141,N24001141,305,CENTRAL SECTOR,"MINISTRY OF 
ROAD TRANSPORT AND HIGHWAYS (STATE PWDs",UNKNOWN,CENTRAL / UNKNOWN,305.0,,285.0,cumulative_expenditure_only,2020-01,2023-03,,,2023-03,FR_march_2023.pdf,Table: Month-wise Completed Projects,42.0,1.0,38.0,,
N24001163,N24001163,30,CENTRAL SECTOR,"MINISTRY OF 
ROAD TRANSPORT AND HIGHWAYS (STATE PWDs",UNKNOWN,CENTRAL / UNKNOWN,29.0,,24000740.0,cumulative_expenditure_only,2017-02,2023-03,,,2023-03,FR_march_2023.pdf,Table: Month-wise Completed Projects,26.0,1.0,73.0,,
N24001175,N24001175,225,CENTRAL SECTOR,MINISTRY OF ROAD TRANSPORT AND HIGHWAYS (STATE PWDs,UNKNOWN,CENTRAL / UNKNOWN,225.0,,40.0,cumulative_expenditure_only,2020-12,2023-03,,,2023-03,FR_march_2023.pdf,Table: Month-wise Completed Projects,37.0,1.0,27.0,,
N24001176,N24001176,226,CENTRAL SECTOR,MINISTRY OF ROAD TRANSPORT AND HIGHWAYS (STATE PWDs,UNKNOWN,CENTRAL / UNKNOWN,226.0,,40.0,cumulative_expenditure_only,2020-12,2023-03,,,2023-03,FR_march_2023.pdf,Table: Month-wise Completed Projects,37.0,1.0,27.0,,
N24001177,N24001177,325,CENTRAL SECTOR,"MINISTRY OF 
ROAD TRANSPORT AND HIGHWAYS (STATE PWDs",UNKNOWN,CENTRAL / UNKNOWN,325.0,,2.0,cumulative_expenditure_only,2020-08,2023-03,,,2023-03,FR_march_2023.pdf,Table: Month-wise Completed Projects,43.0,1.0,31.0,,
N24001195,N24001195,227,CENTRAL SECTOR,ITANAGAR TO BANDARDEWA  SECTION,UNKNOWN,CENTRAL / UNKNOWN,227.0,,4.0,cumulative_expenditure_only,,2023-03,,,2023-03,FR_march_2023.pdf,Table: Month-wise Completed Projects,37.0,,,,
N24001206,N24001206,306,CENTRAL SECTOR,"MINISTRY OF 
ROAD TRANSPORT AND HIGHWAYS (STATE PWDs",UNKNOWN,CENTRAL / UNKNOWN,306.0,,2.0,cumulative_expenditure_only,2020-04,2023-03,,,2023-03,FR_march_2023.pdf,Table: Month-wise Completed Projects,42.0,1.0,35.0,,
N24001208,N24001208,179,CENTRAL SECTOR,"J    (MINISTRY OF 
ROAD TRANSPORT AND HIGHWAYS (STATE PWDs",UNKNOWN,CENTRAL / UNKNOWN,179.0,,81.42,cumulative_expenditure_only,2020-08,2023-03,,,2023-03,FR_march_2023.pdf,Table: Month-wise Completed Projects,35.0,1.0,31.0,,
N24001209,N24001209,307,CENTRAL SECTOR,KM140.00 TO 188.800,UNKNOWN,CENTRAL / UNKNOWN,307.0,,140.0,cumulative_expenditure_only,2020-09,2023-03,,,2023-03,FR_march_2023.pdf,Table: Month-wise Completed Projects,42.0,1.0,30.0,,
N24001211,N24001211,326,CENTRAL SECTOR,"MINISTRY 
OF ROAD TRANSPORT AND HIGHWAYS (STATE PWDs",UNKNOWN,CENTRAL / UNKNOWN,326.0,,24001211.0,cumulative_expenditure_only,2021-06,2023-03,,,2023-03,FR_march_2023.pdf,Table: Month-wise Completed Projects,43.0,1.0,21.0,,
N24001229,N24001229,93,ROAD TRANSPORT AND HIGHWAYS,"MINISTRY OF 
ROAD TRANSPORT AND HIGHWAYS (STATE PWDs",ROAD TRANSPORT AND HIGHWAYS,CENTRAL / UNKNOWN,93.0,,43.0,cumulative_expenditure_only,2017-11,2023-03,,,2023-03,FR_march_2023.pdf,Table: Month-wise Completed Projects,30.0,1.0,64.0,,
N24001239,N24001239,(Rs. crore),CENTRAL SECTOR,Rs. crore,UNKNOWN,CENTRAL / UNKNOWN,228.0,,2.0,cumulative_expenditure_only,2019-06,2023-03,,,2023-03,FR_march_2023.pdf,Table: Month-wise Completed Projects,38.0,1.0,45.0,,
N24001240,N24001240,86,CENTRAL SECTOR,"MINISTRY OF ROAD TRANSPORT AND 
HIGHWAYS (STATE PWDs",UNKNOWN,CENTRAL / UNKNOWN,86.0,,177.0,cumulative_expenditure_only,2022-08,2023-03,,,2023-03,FR_march_2023.pdf,Table: Month-wise Completed Projects,29.0,1.0,7.0,,
N24001290,N24001290,308,CENTRAL SECTOR,"PACKAGE 2   EPC(MINISTRY OF 
ROAD TRANSPORT AND HIGHWAYS (STATE PWDs",UNKNOWN,CENTRAL / UNKNOWN,308.0,,2.0,cumulative_expenditure_only,2027-03,2023-03,,,2023-03,FR_march_2023.pdf,Table: Month-wise Completed Projects,42.0,0.0,-48.0,,
N24001299,N24001299,229,CENTRAL SECTOR,"DESIGN 
KM 1050.680",UNKNOWN,CENTRAL / UNKNOWN,229.0,,4.0,cumulative_expenditure_only,2020-08,2023-03,,,2023-03,FR_march_2023.pdf,Table: Month-wise Completed Projects,38.0,1.0,31.0,,
N24001319,N24001319,105,CENTRAL SECTOR,"NATIONAL HIGHWAYS AND INFRASTRUCTURE DEVELOPMENT 
CORPORATION Ltd.",UNKNOWN,CENTRAL / UNKNOWN,105.0,,24001319.0,cumulative_expenditure_only,2022-01,2023-03,,,2023-03,FR_march_2023.pdf,Table: Month-wise Completed Projects,31.0,1.0,14.0,,
N24001490,N24001490,327,CENTRAL SECTOR,PKG II,UNKNOWN,CENTRAL / UNKNOWN,327.0,,224.0,cumulative_expenditure_only,2021-08,2023-03,,,2023-03,FR_march_2023.pdf,Table: Month-wise Completed Projects,43.0,1.0,19.0,,
N24001491,N24001491,328,CENTRAL SECTOR,PKG III,UNKNOWN,CENTRAL / UNKNOWN,328.0,,276.0,cumulative_expenditure_only,2020-12,2023-03,,,2023-03,FR_march_2023.pdf,Table: Month-wise Completed Projects,43.0,1.0,27.0,,
N24001492,N24001492,(Rs. crore),CENTRAL SECTOR,Rs. crore,UNKNOWN,CENTRAL / UNKNOWN,329.0,,321.6,cumulative_expenditure_only,2021-02,2023-03,,,2023-03,FR_march_2023.pdf,Table: Month-wise Completed Projects,44.0,1.0,25.0,,
N24001494,N24001494,309,CENTRAL SECTOR,PKG I,UNKNOWN,CENTRAL / UNKNOWN,309.0,,182.556,cumulative_expenditure_only,2023-03,2023-03,,,2023-03,FR_march_2023.pdf,Table: Month-wise Completed Projects,42.0,0.0,0.0,,
N24001686,N24001686,FOUR LANING OF BANAVARA TO BETTADAHALLI SECTION FROM KM. 119+790 (DESIGN KM. 121+900) TO KM. 166+100,UNKNOWN,NHAI,UNKNOWN,N24001686,1065.06,,736.55,cumulative_expenditure_crore,2023-03,2023-03,,,2025-04,FRApril2025.pdf,Table 3: Completed Projects,,0.0,0.0,,
N24001711,N24001711,6L OF KANHAULI RAMNAGAR PATNA RING ROAD PKG I FROM KM 0.000 TO KM 39.160 OF SH78 NEW NH131G,UNKNOWN,NHAI,UNKNOWN,N24001711,939.43,,1030.75,cumulative_expenditure_crore,2023-03,2023-03,,,2025-05,FR_May2025.pdf,Table 3: Completed Projects,,0.0,0.0,,
N28000065,N28000065,87,CENTRAL SECTOR,CPWD OF HIGHER EDUCATION,UNKNOWN,CENTRAL / UNKNOWN,87.0,,28000065.0,cumulative_expenditure_only,2014-11,2023-03,,,2023-03,FR_march_2023.pdf,Table: Month-wise Completed Projects,29.0,1.0,100.0,,
N28000087,N28000087,116,CENTRAL SECTOR,"CENTRAL PUBLIC 
WORKS DEPARTMENT",UNKNOWN,CENTRAL / UNKNOWN,116.0,,108.0,cumulative_expenditure_only,2019-04,2023-03,,,2023-03,FR_march_2023.pdf,Table: Month-wise Completed Projects,32.0,1.0,47.0,,
N28000110,N28000110,180,URBAN DEVELOPMENT,CENTRAL PUBLIC WORKS DEPARTMENT,URBAN DEVELOPMENT,CENTRAL / UNKNOWN,180.0,,28000110.0,cumulative_expenditure_only,2021-03,2023-03,,,2023-03,FR_march_2023.pdf,Table: Month-wise Completed Projects,35.0,1.0,24.0,,
PACKAGE-II,PACKAGE-II,24,CENTRAL SECTOR,GORAKPUR,UNKNOWN,CENTRAL / UNKNOWN,23.0,,4.0,cumulative_expenditure_only,2019-04,2023-03,,,2023-03,FR_march_2023.pdf,Table: Month-wise Completed Projects,26.0,1.0,47.0,,
618384,N24000862,Widening and Up-gradation to 2- Lane with Paved Shoulder Configuration and geometric improvement from Km. 166. 000 to Km 208.000 Package-4 on Aizawl Tuipang Section of NH-54 in the State of Mizoram Package-4,UNKNOWN,NHIDCL,UNKNOWN,Mizoram (10/2019),899.45,,191.68,cumulative_expenditure_crore,2025-04,2023-04,,,2026-06,FlashReport_June_2026.pdf,Table 3: Completed Projects,,0.0,-24.0,,
N16000282,N16000282,1,PETROLEUM,INDIAN OIL CORPORATION LIMITED,PETROLEUM,CENTRAL / UNKNOWN,16000282.0,,160.1,cumulative_expenditure_only,2020-02,2023-04,,,2024-03,FR_mar_2024.pdf,Table: Month-wise Completed Projects,23.0,1.0,38.0,,
N16000303,N16000303,2,PETROLEUM,"INDIAN OIL 
CORPORATION LIMITED",PETROLEUM,CENTRAL / UNKNOWN,2.0,,16000303.0,cumulative_expenditure_only,2021-08,2023-04,,,2024-03,FR_mar_2024.pdf,Table: Month-wise Completed Projects,23.0,1.0,20.0,,
N16000318,N16000318,3,PETROLEUM,INDIAN OIL CORPORATION LIMITED,PETROLEUM,CENTRAL / UNKNOWN,3.0,,16000318.0,cumulative_expenditure_only,,2023-04,,,2024-03,FR_mar_2024.pdf,Table: Month-wise Completed Projects,23.0,,,,
N16000336,N16000336,4,PETROLEUM,"INDIAN OIL 
CORPORATION LIMITED",PETROLEUM,CENTRAL / UNKNOWN,3.0,,16000318.0,cumulative_expenditure_only,2020-02,2023-04,,,2024-03,FR_mar_2024.pdf,Table: Month-wise Completed Projects,23.0,1.0,38.0,,
N16000353,N16000353,5,PETROLEUM,"INDIAN OIL 
CORPORATION LIMITED",PETROLEUM,CENTRAL / UNKNOWN,5.0,,16000353.0,cumulative_expenditure_only,2020-02,2023-04,,,2024-03,FR_mar_2024.pdf,Table: Month-wise Completed Projects,23.0,1.0,38.0,,
N16000355,N16000355,6,PETROLEUM,SJHPL,PETROLEUM,CENTRAL / UNKNOWN,6.0,,16000355.0,cumulative_expenditure_only,2020-08,2023-04,,,2024-03,FR_mar_2024.pdf,Table: Month-wise Completed Projects,23.0,1.0,32.0,,
N16000476,N16000476,7,PETROLEUM,BHARAT PETROLEUM CORPORATION LIMITED,PETROLEUM,CENTRAL / UNKNOWN,6.0,,16000355.0,cumulative_expenditure_only,2023-06,2023-04,,,2024-03,FR_mar_2024.pdf,Table: Month-wise Completed Projects,23.0,0.0,-2.0,,
N18000164,N18000164,8,POWER,POWER GRID CORPORATION OF INDIA LIMITED,POWER,CENTRAL / UNKNOWN,8.0,,18000164.0,cumulative_expenditure_only,2016-11,2023-04,,,2024-03,FR_mar_2024.pdf,Table: Month-wise Completed Projects,23.0,1.0,77.0,,
N18000242,N18000242,9,POWER,"POWER GRID 
CORPORATION OF INDIA LIMITED",POWER,CENTRAL / UNKNOWN,8.0,,18000164.0,cumulative_expenditure_only,2019-02,2023-04,,,2024-03,FR_mar_2024.pdf,Table: Month-wise Completed Projects,23.0,1.0,50.0,,
N18000245,N18000245,10,POWER,POWER GRID CORPORATION OF INDIA LIMITED,POWER,CENTRAL / UNKNOWN,10.0,,18000245.0,cumulative_expenditure_only,2019-12,2023-04,,,2024-03,FR_mar_2024.pdf,Table: Month-wise Completed Projects,23.0,1.0,40.0,,
N18000258,N18000258,11,POWER,"POWER GRID CORPORATION OF INDIA 
LIMITED",POWER,CENTRAL / UNKNOWN,10.0,,18000245.0,cumulative_expenditure_only,2020-07,2023-04,,,2024-03,FR_mar_2024.pdf,Table: Month-wise Completed Projects,23.0,1.0,33.0,,
N18000301,N18000301,12,POWER,2000 MW,POWER,CENTRAL / UNKNOWN,12.0,,2000.0,cumulative_expenditure_only,2021-08,2023-04,,,2024-03,FR_mar_2024.pdf,Table: Month-wise Completed Projects,23.0,1.0,20.0,,
N18000308,N18000308,13,POWER,POWER GRID CORPORATION OF INDIA LIMITED,POWER,CENTRAL / UNKNOWN,13.0,,18000308.0,cumulative_expenditure_only,2020-12,2023-04,,,2024-03,FR_mar_2024.pdf,Table: Month-wise Completed Projects,23.0,1.0,28.0,,
N18000315,N18000315,14,POWER,POWER GRID CORPORATION OF INDIA LIMITED,POWER,CENTRAL / UNKNOWN,13.0,,18000308.0,cumulative_expenditure_only,2021-06,2023-04,,,2024-03,FR_mar_2024.pdf,Table: Month-wise Completed Projects,23.0,1.0,22.0,,
N21000025,N21000025,15,HEALTH AND FAMILY WELFARE,U.P.,HEALTH AND FAMILY WELFARE,CENTRAL / UNKNOWN,15.0,,21000025.0,cumulative_expenditure_only,2020-04,2023-04,,,2024-03,FR_mar_2024.pdf,Table: Month-wise Completed Projects,23.0,1.0,36.0,,
N24001683,N24001683,AURAD - BIDAR KM 0.00 TO KM 45.878,UNKNOWN,NHAI,UNKNOWN,N24001683,912.37,,255.94,cumulative_expenditure_crore,2023-04,2023-04,,,2025-04,FRApril2025.pdf,Table 3: Completed Projects,,0.0,0.0,,
N24001768,N24001768,BALANCE WORK OF 4L OF INDORE-GUJARAT/MP BORDER FROM KM 106.210 TO KM 115.250 (START AND END POINT OF,UNKNOWN,NHAI,UNKNOWN,N24001768,323.51,,246.27,cumulative_expenditure_crore,2023-04,2023-04,,,2025-05,FR_May2025.pdf,Table 3: Completed Projects,,0.0,0.0,,
N24001888,N24001888,"UP-GRADATION OF TIRORA-GONDIA, STATE HIGHWAY FROM EXISTING KM 163+213 (ON SH-335, TIRORA) TO KM 191+",UNKNOWN,"ON SH-335, TIRORA",UNKNOWN,MoRTH,288.14,,72.78,cumulative_expenditure_crore,2023-04,2023-04,,,2025-06,FR_JUNE_2025.pdf,Table 3: Completed Projects,,0.0,0.0,,
618424,NAN,Construction of 2-Laning with hard shoulders of Hayuliang Hawai bypass Road on EPC basis from design Km. 51.825 to Km. 63.131 Existing Km 45.050 of HayuliangHawai road to Hawai Town under SARDP-NE -Balance work Pkg - IV Total (1) 256.66 Arunachal Pradesh 01/2017,UNKNOWN,NHIDCL,UNKNOWN,Arunachal Pradesh,256.66,216.76,0.0,revised_cost_crore,2026-07,2023-05,,,2026-02,FlashReport_February_2026.pdf,Table 3: Completed Projects,,0.0,-38.0,0.0,-15.545858333982713
618456,N24001568,Delhi-Vadodara Greenfield Alignment NH-148N Pkg-14 Ch. 388.420 to Ch. 419.000 [Junction with NH- 76 to Junction with NH-12 near village Ummedpura],UNKNOWN,NHAI,UNKNOWN,Rajasthan (05/2021),1119.35,1194.17,1114.19,revised_cost_crore,2025-03,2023-05,,,2026-06,FlashReport_June_2026.pdf,Table 3: Completed Projects,,0.0,-22.0,1.0,6.684236387189009
N24000866,N24000866,21,ROAD TRANSPORT AND HIGHWAYS,"KM 0    
(NATIONAL HIGHWAYS AND INFRASTRUCTURE DEVELOPMENT 
CORPORATION Ltd.",ROAD TRANSPORT AND HIGHWAYS,CENTRAL / UNKNOWN,21.0,,4.0,cumulative_expenditure_only,2021-02,2023-05,,,2024-03,FR_mar_2024.pdf,Table: Month-wise Completed Projects,24.0,1.0,27.0,,
N24001152,N24001152,22,ROAD TRANSPORT AND HIGHWAYS,"MINISTRY OF 
ROAD TRANSPORT AND HIGHWAYS (STATE PWDs",ROAD TRANSPORT AND HIGHWAYS,CENTRAL / UNKNOWN,22.0,,30.0,cumulative_expenditure_only,2021-09,2023-05,,,2024-03,FR_mar_2024.pdf,Table: Month-wise Completed Projects,24.0,1.0,20.0,,
N24001243,N24001243,23,ROAD TRANSPORT AND HIGHWAYS,MINISTRY OF ROAD TRANSPORT AND HIGHWAYS (STATE PWDs,ROAD TRANSPORT AND HIGHWAYS,CENTRAL / UNKNOWN,23.0,,2.0,cumulative_expenditure_only,2020-12,2023-05,,,2024-03,FR_mar_2024.pdf,Table: Month-wise Completed Projects,24.0,1.0,29.0,,
N24001250,N24001250,24,ROAD TRANSPORT AND HIGHWAYS,"DESIGN CHAINAGE 65.923   EPC(NATIONAL 
HIGHWAYS AND INFRASTRUCTURE DEVELOPMENT CORPORATION 
Ltd.",ROAD TRANSPORT AND HIGHWAYS,CENTRAL / UNKNOWN,24.0,,4.0,cumulative_expenditure_only,2022-03,2023-05,,,2024-03,FR_mar_2024.pdf,Table: Month-wise Completed Projects,24.0,1.0,14.0,,
N24001295,N24001295,25,ROAD TRANSPORT AND HIGHWAYS,"PACKAGE   EPC(MINISTRY OF 
ROAD TRANSPORT AND HIGHWAYS (STATE PWDs",ROAD TRANSPORT AND HIGHWAYS,CENTRAL / UNKNOWN,25.0,,2.0,cumulative_expenditure_only,2027-03,2023-05,,,2024-03,FR_mar_2024.pdf,Table: Month-wise Completed Projects,24.0,0.0,-46.0,,
N24001311,N24001311,26,ROAD TRANSPORT AND HIGHWAYS,"NATIONAL HIGHWAYS AND INFRASTRUCTURE DEVELOPMENT 
CORPORATION Ltd.",ROAD TRANSPORT AND HIGHWAYS,CENTRAL / UNKNOWN,26.0,,24001311.0,cumulative_expenditure_only,2022-07,2023-05,,,2024-03,FR_mar_2024.pdf,Table: Month-wise Completed Projects,24.0,1.0,10.0,,
N24001440,N24001440,KEIFANG - TUVAI PKG-1,UNKNOWN,NHIDCL,UNKNOWN,N24001440,492.94,,365.86,cumulative_expenditure_crore,2023-05,2023-05,,,2025-06,FR_JUNE_2025.pdf,Table 3: Completed Projects,,0.0,0.0,,
N24001577,N24001577,27,ROAD TRANSPORT AND HIGHWAYS,NH-148N,ROAD TRANSPORT AND HIGHWAYS,CENTRAL / UNKNOWN,27.0,,214.26,cumulative_expenditure_only,2022-11,2023-05,,,2024-03,FR_mar_2024.pdf,Table: Month-wise Completed Projects,24.0,1.0,6.0,,
N24001578,N24001578,28,ROAD TRANSPORT AND HIGHWAYS,NEAR CHAUTALA,ROAD TRANSPORT AND HIGHWAYS,CENTRAL / UNKNOWN,28.0,,24001578.0,cumulative_expenditure_only,2022-10,2023-05,,,2024-03,FR_mar_2024.pdf,Table: Month-wise Completed Projects,24.0,1.0,7.0,,
N24001583,N24001583,29,ROAD TRANSPORT AND HIGHWAYS,NEAR BIKANER,ROAD TRANSPORT AND HIGHWAYS,CENTRAL / UNKNOWN,29.0,,24001583.0,cumulative_expenditure_only,2021-11,2023-05,,,2024-03,FR_mar_2024.pdf,Table: Month-wise Completed Projects,24.0,1.0,18.0,,
N24001600,N24001600,BALANCE WORK 2-LANE WITH PAVED SHOULDERS OF NAGAPATTINAM - THANJAVUR SECTION OF NH-67 (NEW NH-83),UNKNOWN,NEW NH-83,UNKNOWN,NHAI,434.12,,268.92,cumulative_expenditure_crore,2023-05,2023-05,,,2025-06,FR_JUNE_2025.pdf,Table 3: Completed Projects,,0.0,0.0,,
618381,N24000863,Widening and up-gradation to 2-lane with paved shoulder configuration and geometric improvements from km 250.00 Lunglei to km 298.00 on Aizawl- Tuipang section under JICA ODA Loan assistance Phase-I Package-6,UNKNOWN,NHIDCL,UNKNOWN,Mizoram (12/2019),768.76,,168.78,cumulative_expenditure_crore,2025-05,2023-06,,,2026-06,FlashReport_June_2026.pdf,Table 3: Completed Projects,,0.0,-23.0,,
N16000274,N16000274,31,PETROLEUM,GAS AUTHORITY OF INDIA LIMITED,PETROLEUM,CENTRAL / UNKNOWN,31.0,,16000274.0,cumulative_expenditure_only,2020-12,2023-06,,,2024-03,FR_mar_2024.pdf,Table: Month-wise Completed Projects,25.0,1.0,30.0,,
N16000370,N16000370,32,PETROLEUM,PRP-VI,PETROLEUM,CENTRAL / UNKNOWN,31.0,,16000274.0,cumulative_expenditure_only,2020-12,2023-06,,,2024-03,FR_mar_2024.pdf,Table: Month-wise Completed Projects,25.0,1.0,30.0,,
N16000408,N16000408,33,PETROLEUM,HINDUSTAN PETROLEUM CORPORATION LIMITED,PETROLEUM,CENTRAL / UNKNOWN,32.0,,16000370.0,cumulative_expenditure_only,2021-08,2023-06,,,2024-03,FR_mar_2024.pdf,Table: Month-wise Completed Projects,25.0,1.0,22.0,,
N18000252,N18000252,34,COAL,THDC INDIA LIMITED,COAL,CENTRAL / UNKNOWN,34.0,,18000252.0,cumulative_expenditure_only,2020-09,2023-06,,,2024-03,FR_mar_2024.pdf,Table: Month-wise Completed Projects,25.0,1.0,33.0,,
N18000282,N18000282,35,POWER,NATIONAL THERMAL POWER CORPORATION,POWER,CENTRAL / UNKNOWN,34.0,,18000252.0,cumulative_expenditure_only,2021-09,2023-06,,,2024-03,FR_mar_2024.pdf,Table: Month-wise Completed Projects,25.0,1.0,21.0,,
N21000003,N21000003,36,HEALTH AND FAMILY WELFARE,HOSPITAL SERVICES CONSULTANCY CORPORATION LTD,HEALTH AND FAMILY WELFARE,CENTRAL / UNKNOWN,36.0,,21000003.0,cumulative_expenditure_only,2013-11,2023-06,,,2024-03,FR_mar_2024.pdf,Table: Month-wise Completed Projects,25.0,1.0,115.0,,
N21000007,N21000007,37,HEALTH AND FAMILY WELFARE,HOSPITAL SERVICES CONSULTANCY CORPORATION LTD,HEALTH AND FAMILY WELFARE,CENTRAL / UNKNOWN,37.0,,21000007.0,cumulative_expenditure_only,2014-12,2023-06,,,2024-03,FR_mar_2024.pdf,Table: Month-wise Completed Projects,25.0,1.0,102.0,,
N21000008,N21000008,38,HEALTH AND FAMILY WELFARE,HOSPITAL SERVICES CONSULTANCY CORPORATION LTD,HEALTH AND FAMILY WELFARE,CENTRAL / UNKNOWN,38.0,,21000008.0,cumulative_expenditure_only,2017-05,2023-06,,,2024-03,FR_mar_2024.pdf,Table: Month-wise Completed Projects,25.0,1.0,73.0,,
N21000009,N21000009,39,HEALTH AND FAMILY WELFARE,NEW,HEALTH AND FAMILY WELFARE,CENTRAL / UNKNOWN,39.0,,21000009.0,cumulative_expenditure_only,2017-05,2023-06,,,2024-03,FR_mar_2024.pdf,Table: Month-wise Completed Projects,25.0,1.0,73.0,,
N21000010,N21000010,40,HEALTH AND FAMILY WELFARE,HOSPITAL SERVICES CONSULTANCY CORPORATION LTD,HEALTH AND FAMILY WELFARE,CENTRAL / UNKNOWN,40.0,,21000010.0,cumulative_expenditure_only,2017-05,2023-06,,,2024-03,FR_mar_2024.pdf,Table: Month-wise Completed Projects,25.0,1.0,73.0,,
N21000011,N21000011,41,HEALTH AND FAMILY WELFARE,HOSPITAL SERVICES CONSULTANCY CORPORATION LTD,HEALTH AND FAMILY WELFARE,CENTRAL / UNKNOWN,41.0,,21000011.0,cumulative_expenditure_only,2018-03,2023-06,,,2024-03,FR_mar_2024.pdf,Table: Month-wise Completed Projects,25.0,1.0,63.0,,
N21000012,N21000012,42,HEALTH AND FAMILY WELFARE,HOSPITAL SERVICES CONSULTANCY CORPORATION LTD,HEALTH AND FAMILY WELFARE,CENTRAL / UNKNOWN,42.0,,21000012.0,cumulative_expenditure_only,2018-02,2023-06,,,2024-03,FR_mar_2024.pdf,Table: Month-wise Completed Projects,25.0,1.0,64.0,,
N21000013,N21000013,43,HEALTH AND FAMILY WELFARE,HOSPITAL SERVICES CONSULTANCY CORPORATION LTD,HEALTH AND FAMILY WELFARE,CENTRAL / UNKNOWN,43.0,,21000013.0,cumulative_expenditure_only,2018-05,2023-06,,,2024-03,FR_mar_2024.pdf,Table: Month-wise Completed Projects,25.0,1.0,61.0,,
N21000015,N21000015,44,HEALTH AND FAMILY WELFARE,HOSPITAL SERVICES CONSULTANCY CORPORATION LTD,HEALTH AND FAMILY WELFARE,CENTRAL / UNKNOWN,44.0,,21000015.0,cumulative_expenditure_only,2018-09,2023-06,,,2024-03,FR_mar_2024.pdf,Table: Month-wise Completed Projects,25.0,1.0,57.0,,
N21000016,N21000016,45,HEALTH AND FAMILY WELFARE,HOSPITAL SERVICES CONSULTANCY CORPORATION LTD,HEALTH AND FAMILY WELFARE,CENTRAL / UNKNOWN,45.0,,21000016.0,cumulative_expenditure_only,2019-03,2023-06,,,2024-03,FR_mar_2024.pdf,Table: Month-wise Completed Projects,25.0,1.0,51.0,,
N24000859,N24000859,WIDENING AND UP-GRADATION TO 2-LANE WITH PAVED SHOULDER CONFIGURATION AND GEOMETRIC IMPROVEMENTS FRO,UNKNOWN,NHIDCL,UNKNOWN,N24000859,642.96,,686.42,cumulative_expenditure_crore,2023-06,2023-06,,,2025-04,FRApril2025.pdf,Table 3: Completed Projects,,0.0,0.0,,
N24001791,N24001791,SANCHORE - SANTALPUR FROM KM 4.888 - KM 35.000 OF NH-754K (AJ-RGBS-PACKAGE-1),UNKNOWN,AJ-RGBS-PACKAGE-1,UNKNOWN,NHAI,606.51,,453.89,cumulative_expenditure_crore,2023-06,2023-06,,,2025-04,FRApril2025.pdf,Table 3: Completed Projects,,0.0,0.0,,
618701,N24002067,Balance work of 4L of Nauradehi Sanctuary de-scoped stretch of Hiran River to Sindoor River from Km. 66.00 to 130.00 NH-12 New NH-45 Madhya Pradesh 01/2021,UNKNOWN,NHAI,UNKNOWN,Madhya Pradesh (07/2021),178.18,153.15,143.37,revised_cost_crore,2025-07,2023-07,,,2026-06,FlashReport_June_2026.pdf,Table 3: Completed Projects,,0.0,-24.0,0.0,-14.047592322370637
618774,N24001712,Ara - Mohania Pkg-II Bihar 08/2020,UNKNOWN,NHAI,UNKNOWN,Bihar,984.63,827.51,798.25,revised_cost_crore,2025-11,2023-07,,,2026-06,FlashReport_June_2026.pdf,Table 3: Completed Projects,,0.0,-28.0,0.0,-15.95726313437535
N16000272,N16000272,85,PETROLEUM,GAS AUTHORITY OF INDIA LIMITED,PETROLEUM,CENTRAL / UNKNOWN,85.0,,16000272.0,cumulative_expenditure_only,2020-12,2023-07,,,2024-03,FR_mar_2024.pdf,Table: Month-wise Completed Projects,27.0,1.0,31.0,,
N16000390,N16000390,86,PETROLEUM,GAS AUTHORITY OF INDIA LIMITED,PETROLEUM,CENTRAL / UNKNOWN,85.0,,16000272.0,cumulative_expenditure_only,2021-04,2023-07,,,2024-03,FR_mar_2024.pdf,Table: Month-wise Completed Projects,27.0,1.0,27.0,,
611737,NAN,Western Region Expansion Scheme-XXV Chhattisgarh 05/2022,UNKNOWN,Power Grid Corporation of India Limited [POWERGRID],UNKNOWN,Chhattisgarh,385.84,,385.84,cumulative_expenditure_crore,2025-10,2023-08,,,2025-11,FlashReport_November_2025.pdf,Table 3: Completed Projects,,0.0,-26.0,,
618614,N24001790,Sanchore - Santalpur from km 67.000 - km 99.000 of NH-754K AJ-RGBS- Package-3,UNKNOWN,NHAI,UNKNOWN,Gujarat (08/2021),752.3,765.25,601.6,revised_cost_crore,2024-01,2023-08,,,2026-06,FlashReport_June_2026.pdf,Table 3: Completed Projects,,0.0,-5.0,1.0,1.7213877442509697
N16000342,N16000342,92,PETROLEUM,"INDIAN OIL 
CORPORATION LIMITED",PETROLEUM,CENTRAL / UNKNOWN,92.0,,16000342.0,cumulative_expenditure_only,2021-04,2023-08,,,2024-03,FR_mar_2024.pdf,Table: Month-wise Completed Projects,28.0,1.0,28.0,,
N24000205,N24000205,93,ROAD TRANSPORT AND HIGHWAYS,BOT,ROAD TRANSPORT AND HIGHWAYS,CENTRAL / UNKNOWN,93.0,,24000205.0,cumulative_expenditure_only,2014-06,2023-08,,,2024-03,FR_mar_2024.pdf,Table: Month-wise Completed Projects,28.0,1.0,110.0,,
N24000308,N24000308,94,ROAD TRANSPORT AND HIGHWAYS,"MINISTRY OF ROAD TRANSPORT AND HIGHWAYS (STATE 
PWDs",ROAD TRANSPORT AND HIGHWAYS,CENTRAL / UNKNOWN,93.0,,24000205.0,cumulative_expenditure_only,2010-10,2023-08,,,2024-03,FR_mar_2024.pdf,Table: Month-wise Completed Projects,28.0,1.0,154.0,,
N24000415,N24000415,95,ROAD TRANSPORT AND HIGHWAYS,"ON NH-
54 NEAR LAWNGTLAI",ROAD TRANSPORT AND HIGHWAYS,CENTRAL / UNKNOWN,95.0,,2.0,cumulative_expenditure_only,2010-10,2023-08,,,2024-03,FR_mar_2024.pdf,Table: Month-wise Completed Projects,28.0,1.0,154.0,,
N24000501,N24000501,96,ROAD TRANSPORT AND HIGHWAYS,NATIONAL HIGHWAYS AUTHORITY OF INDIA,ROAD TRANSPORT AND HIGHWAYS,CENTRAL / UNKNOWN,96.0,,24000501.0,cumulative_expenditure_only,2018-04,2023-08,,,2024-03,FR_mar_2024.pdf,Table: Month-wise Completed Projects,28.0,1.0,64.0,,
N24000699,N24000699,97,ROAD TRANSPORT AND HIGHWAYS,PKG-I,ROAD TRANSPORT AND HIGHWAYS,CENTRAL / UNKNOWN,96.0,,24000501.0,cumulative_expenditure_only,2020-11,2023-08,,,2024-03,FR_mar_2024.pdf,Table: Month-wise Completed Projects,28.0,1.0,33.0,,
N24000731,N24000731,98,ROAD TRANSPORT AND HIGHWAYS,KM206.20,ROAD TRANSPORT AND HIGHWAYS,CENTRAL / UNKNOWN,98.0,,2.0,cumulative_expenditure_only,2020-05,2023-08,,,2024-03,FR_mar_2024.pdf,Table: Month-wise Completed Projects,28.0,1.0,39.0,,
N24000844,N24000844,99,ROAD TRANSPORT AND HIGHWAYS,NEW NH-16,ROAD TRANSPORT AND HIGHWAYS,CENTRAL / UNKNOWN,99.0,,355.0,cumulative_expenditure_only,2021-04,2023-08,,,2024-03,FR_mar_2024.pdf,Table: Month-wise Completed Projects,28.0,1.0,28.0,,
N24000845,N24000845,100,ROAD TRANSPORT AND HIGHWAYS,NEW NH 16,ROAD TRANSPORT AND HIGHWAYS,CENTRAL / UNKNOWN,100.0,,5.0,cumulative_expenditure_only,2020-12,2023-08,,,2024-03,FR_mar_2024.pdf,Table: Month-wise Completed Projects,28.0,1.0,32.0,,
N24001905,N24001905,"CONSTRUCTION OF MAJOR BRIDGE ACROSS MANJRA RIVER NEAR YESGI VILLAGE @ KM, 166/500 ON NH 63 TQ BILOLI",UNKNOWN,MoRTH,UNKNOWN,N24001905,188.69,,111.25,cumulative_expenditure_crore,2023-08,2023-08,,,2025-06,FR_JUNE_2025.pdf,Table 3: Completed Projects,,0.0,0.0,,
40380,N24001919,Up-gradation of NH-130C Abhanpur to Paund from NH Km. 0000 to KM 40380 to two lane with paved shoulders in the State of Chhattisgarh on EPC mode.,UNKNOWN,MoRTH,UNKNOWN,Chhattisgarh (03/2022),193.16,,116.5,cumulative_expenditure_crore,2025-08,2023-09,,,2026-06,FlashReport_June_2026.pdf,Table 3: Completed Projects,,0.0,-23.0,,
618008,N24001730,"Construction of four-lane elevated viaduct from km.4634 to km.6345 on NH-24A including Retaining wall, service lane, at grade road and improvement of junctions, on EPC mode",UNKNOWN,MoRTH,UNKNOWN,Uttar Pradesh (03/2022),185.09,269.81,200.32,revised_cost_crore,2024-09,2023-09,,,2026-06,FlashReport_June_2026.pdf,Table 3: Completed Projects,,0.0,-12.0,1.0,45.7723269760657
618050,N24001422,Rehabilitation and Upgradation to 2-lane/Intermediate lane configuration of Ashyari-Shri Kyari Section km 50.000 to km 75.000 of NH-707 in the state of Himachal Pradesh under Green National Highways Corridor Project GNHCP with the loan assistance of World Bank on EPC mode. Himachal Pradesh 08/2020,UNKNOWN,MoRTH,UNKNOWN,Himachal Pradesh (09/2021),345.89,359.56,232.82,revised_cost_crore,2025-12,2023-09,,,2026-06,FlashReport_June_2026.pdf,Table 3: Completed Projects,,0.0,-27.0,1.0,3.952123507473479
618258,N24001956,Two laning with paved shoulders of Gondiguda to Araku uptoBhallaguda section of NH 516E Andhra Pradesh 08/2020,UNKNOWN,MoRTH,UNKNOWN,Andhra Pradesh (09/2021),296.66,289.11,275.38,revised_cost_crore,2025-12,2023-09,,,2026-06,FlashReport_June_2026.pdf,Table 3: Completed Projects,,0.0,-27.0,0.0,-2.5450010112586834
618834,N24001827,4L Kodinar - Veraval Package VI from km. 222.400 to km. 230.00 Kodinar Bypass of NH-8E NH 51 new,UNKNOWN,NHAI,UNKNOWN,Gujarat (04/2022),162.73,192.01,189.95,revised_cost_crore,2025-05,2023-09,,,2026-06,FlashReport_June_2026.pdf,Table 3: Completed Projects,,0.0,-20.0,1.0,17.99299453081792
803420,N24001518,Delhi-Vadodara Greenfield Alignment NH-148N Pkg-30 Ch 803420 to Ch.824920 [Baletiya Village - Junction near Pratap Nagar Village],UNKNOWN,National Highways Authority of India [NHAI],UNKNOWN,Gujarat (09/2021),1800.73,1800.73,1090.06,revised_cost_crore,2026-01,2023-09,,,2026-03,FlashReport_March_2026.pdf,Table 3: Completed Projects,,0.0,-28.0,0.0,0.0
N12000086,N12000086,107,STEEL,NATIONAL MINERAL DEVELOPMENT CORPORATION (NMDC,STEEL,CENTRAL / UNKNOWN,107.0,,12000086.0,cumulative_expenditure_only,2015-05,2023-09,,,2024-03,FR_mar_2024.pdf,Table: Month-wise Completed Projects,29.0,1.0,100.0,,
N16000334,N16000334,108,PETROLEUM,GAS AUTHORITY OF INDIA LIMITED,PETROLEUM,CENTRAL / UNKNOWN,108.0,,16000334.0,cumulative_expenditure_only,2021-12,2023-09,,,2024-03,FR_mar_2024.pdf,Table: Month-wise Completed Projects,29.0,1.0,21.0,,
N16000373,N16000373,109,PETROLEUM,"BHARAT PETROLEUM 
CORPORATION LIMITED",PETROLEUM,CENTRAL / UNKNOWN,108.0,,16000334.0,cumulative_expenditure_only,2022-06,2023-09,,,2024-03,FR_mar_2024.pdf,Table: Month-wise Completed Projects,29.0,1.0,15.0,,
N24000252,N24000252,110,ROAD TRANSPORT AND HIGHWAYS,16,ROAD TRANSPORT AND HIGHWAYS,CENTRAL / UNKNOWN,110.0,,57.3,cumulative_expenditure_only,2015-04,2023-09,,,2024-03,FR_mar_2024.pdf,Table: Month-wise Completed Projects,29.0,1.0,101.0,,
N24000412,N24000412,111,ROAD TRANSPORT AND HIGHWAYS,4L,ROAD TRANSPORT AND HIGHWAYS,CENTRAL / UNKNOWN,111.0,,4.0,cumulative_expenditure_only,2015-04,2023-09,,,2024-03,FR_mar_2024.pdf,Table: Month-wise Completed Projects,29.0,1.0,101.0,,
N24000718,N24000718,112,ROAD TRANSPORT AND HIGHWAYS,I,ROAD TRANSPORT AND HIGHWAYS,CENTRAL / UNKNOWN,112.0,,6.0,cumulative_expenditure_only,2019-06,2023-09,,,2024-03,FR_mar_2024.pdf,Table: Month-wise Completed Projects,29.0,1.0,51.0,,
N24000872,N24000872,113,ROAD TRANSPORT AND HIGHWAYS,MINISTRY OF ROAD TRANSPORT AND HIGHWAYS (STATE PWDs,ROAD TRANSPORT AND HIGHWAYS,CENTRAL / UNKNOWN,113.0,,2.0,cumulative_expenditure_only,2018-08,2023-09,,,2024-03,FR_mar_2024.pdf,Table: Month-wise Completed Projects,29.0,1.0,61.0,,
N24000894,N24000894,114,ROAD TRANSPORT AND HIGHWAYS,MINISTRY OF ROAD TRANSPORT AND HIGHWAYS (STATE PWDs,ROAD TRANSPORT AND HIGHWAYS,CENTRAL / UNKNOWN,114.0,,2.0,cumulative_expenditure_only,2018-03,2023-09,,,2024-03,FR_mar_2024.pdf,Table: Month-wise Completed Projects,29.0,1.0,66.0,,
N24001006,N24001006,115,ROAD TRANSPORT AND HIGHWAYS,MINISTRY OF ROAD TRANSPORT AND HIGHWAYS (STATE PWDs,ROAD TRANSPORT AND HIGHWAYS,CENTRAL / UNKNOWN,115.0,,24001006.0,cumulative_expenditure_only,2019-06,2023-09,,,2024-03,FR_mar_2024.pdf,Table: Month-wise Completed Projects,29.0,1.0,51.0,,
N24001895,N24001895,REHABILATION AND UPGRADATION TO TWO LANES WITH PAVED SHOULDER CONFIGURATION FROM WATUR TO CHARTHANA,UNKNOWN,MoRTH,UNKNOWN,N24001895,228.01,,106.11,cumulative_expenditure_crore,2023-09,2023-09,,,2025-06,FR_JUNE_2025.pdf,Table 3: Completed Projects,,0.0,0.0,,
N28000159,N28000159,KOCHI METRO RAIL PROJECT PHASE IB SECTION FROM S N JUNCTION TO THRIPUNITHURA,UNKNOWN,KMRCL,UNKNOWN,N28000159,355.7,,448.39,cumulative_expenditure_crore,2023-09,2023-09,,,2025-06,FR_JUNE_2025.pdf,Table 3: Completed Projects,,0.0,0.0,,
220100327,220100327,156,RAILWAYS,DL,RAILWAYS,CENTRAL / UNKNOWN,156.0,,3.0,cumulative_expenditure_only,2009-03,2023-10,,,2024-03,FR_mar_2024.pdf,Table: Month-wise Completed Projects,32.0,1.0,175.0,,
618546,N24001620,Construction of Tunnels/Viaducts at identified sliding/slip zones at Km 130.550 to Km.130.750 Km. 131.170 to Km. 131.763 Km. 132.560 to Km. 133.168 Km. 133.590 to Km. 133.743 and Km. 147.877 to Km. 148.715 of Udhampur-Ramban section of NH-44 Jammu and Kashmir 09/2021,UNKNOWN,National Highways Authority of India [NHAI],UNKNOWN,Jammu and Kashmir,442.14,533.11,458.86,revised_cost_crore,2025-12,2023-10,,,2026-03,FlashReport_March_2026.pdf,Table 3: Completed Projects,,0.0,-26.0,1.0,20.574931017324836
618695,N24001762,Indore - Harda Pkg-III [Nanasa to Pidgaon Section from km 95.000 to km 142.445] Madhya Pradesh 01/2020,UNKNOWN,NHAI,UNKNOWN,Madhya Pradesh (10/2021),1146.22,1240.64,758.23,revised_cost_crore,2026-04,2023-10,,,2026-06,FlashReport_June_2026.pdf,Table 3: Completed Projects,,0.0,-30.0,1.0,8.23751112351905
618829,N24001590,4L from km 196.87 Sankha to km 219.6 Khajuri on NH-75 [Rehla / Garhwa Bypass],UNKNOWN,NHAI,UNKNOWN,Jharkhand (10/2021),1129.48,1129.48,790.59,revised_cost_crore,2025-03,2023-10,,,2026-06,FlashReport_June_2026.pdf,Table 3: Completed Projects,,0.0,-17.0,0.0,0.0
N16000345,N16000345,155,PETROLEUM,INDIAN OIL CORPORATION LIMITED,PETROLEUM,CENTRAL / UNKNOWN,155.0,,16000345.0,cumulative_expenditure_only,2021-10,2023-10,,,2024-03,FR_mar_2024.pdf,Table: Month-wise Completed Projects,32.0,1.0,24.0,,
N22000229,N22000229,157,RAILWAYS,EASTERN RAILWAYS,RAILWAYS,CENTRAL / UNKNOWN,156.0,,3.0,cumulative_expenditure_only,2017-03,2023-10,,,2024-03,FR_mar_2024.pdf,Table: Month-wise Completed Projects,32.0,1.0,79.0,,
N22000272,N22000272,158,RAILWAYS,NORTHERN RAILWAY,RAILWAYS,CENTRAL / UNKNOWN,158.0,,22000272.0,cumulative_expenditure_only,2011-12,2023-10,,,2024-03,FR_mar_2024.pdf,Table: Month-wise Completed Projects,32.0,1.0,142.0,,
N22000315,N22000315,159,RAILWAYS,EAST COAST RAILWAY,RAILWAYS,CENTRAL / UNKNOWN,158.0,,22000272.0,cumulative_expenditure_only,2019-02,2023-10,,,2024-03,FR_mar_2024.pdf,Table: Month-wise Completed Projects,32.0,1.0,56.0,,
N22000346,N22000346,160,RAILWAYS,"DEDICATED FREIGHT CORRIDOR 
CORPORATION OF INDIA LTD",RAILWAYS,CENTRAL / UNKNOWN,159.0,,22000315.0,cumulative_expenditure_only,2020-03,2023-10,,,2024-03,FR_mar_2024.pdf,Table: Month-wise Completed Projects,32.0,1.0,43.0,,
N22000451,N22000451,161,RAILWAYS,160 KM,RAILWAYS,CENTRAL / UNKNOWN,161.0,,160.0,cumulative_expenditure_only,2020-03,2023-10,,,2024-03,FR_mar_2024.pdf,Table: Month-wise Completed Projects,32.0,1.0,43.0,,
N22000509,N22000509,162,RAILWAYS,38 KM,RAILWAYS,CENTRAL / UNKNOWN,161.0,,160.0,cumulative_expenditure_only,2021-12,2023-10,,,2024-03,FR_mar_2024.pdf,Table: Month-wise Completed Projects,32.0,1.0,22.0,,
N24000574,N24000574,163,ROAD TRANSPORT AND HIGHWAYS,MINISTRY OF ROAD TRANSPORT AND HIGHWAYS (STATE PWDs,ROAD TRANSPORT AND HIGHWAYS,CENTRAL / UNKNOWN,163.0,,2.0,cumulative_expenditure_only,2016-07,2023-10,,,2024-03,FR_mar_2024.pdf,Table: Month-wise Completed Projects,32.0,1.0,87.0,,
N24000950,N24000950,164,ROAD TRANSPORT AND HIGHWAYS,"SAWAI MADHOPUR     (MINISTRY 
OF ROAD TRANSPORT AND HIGHWAYS (STATE PWDs",ROAD TRANSPORT AND HIGHWAYS,CENTRAL / UNKNOWN,164.0,,76.0,cumulative_expenditure_only,2019-10,2023-10,,,2024-03,FR_mar_2024.pdf,Table: Month-wise Completed Projects,32.0,1.0,48.0,,
N24000958,N24000958,165,ROAD TRANSPORT AND HIGHWAYS,"MINISTRY OF 
ROAD TRANSPORT AND HIGHWAYS (STATE PWDs",ROAD TRANSPORT AND HIGHWAYS,CENTRAL / UNKNOWN,165.0,,2.0,cumulative_expenditure_only,2019-12,2023-10,,,2024-03,FR_mar_2024.pdf,Table: Month-wise Completed Projects,32.0,1.0,46.0,,
N24001000,N24001000,166,ROAD TRANSPORT AND HIGHWAYS,GAYA-GOH,ROAD TRANSPORT AND HIGHWAYS,CENTRAL / UNKNOWN,166.0,,2.0,cumulative_expenditure_only,,2023-10,,,2024-03,FR_mar_2024.pdf,Table: Month-wise Completed Projects,32.0,,,,
N24001616,N24001616,2L PS OF SATNA - MAIHAR SECTION OF NH-135BG FROM KM 80.800 TO KM 120.125,UNKNOWN,NHAI,UNKNOWN,N24001616,428.04,,351.97,cumulative_expenditure_crore,2023-10,2023-10,,,2025-05,FR_May2025.pdf,Table 3: Completed Projects,,0.0,0.0,,
608922,NAN,"Transmission System Strengthening Scheme for evacuation of power from SEZ in Rajasthan 8.1 GW under Phase II Part G Multi-States (Delhi, Haryana, Rajasthan)",UNKNOWN,Power Grid Corporation of India Limited [POWERGRID],UNKNOWN,(05/2022),1666.0,2218.0,2218.0,revised_cost_crore,2025-12,2023-11,,,2025-11,FlashReport_November_2025.pdf,Table 3: Completed Projects,,0.0,-25.0,1.0,33.13325330132052
618465,N24001789,Vadodara Mumbai Expressway Gandeva to Ena Phase IB - Pkg VII [Km 190.00 to Km 217.500],UNKNOWN,NHAI,UNKNOWN,Gujarat (11/2021),1710.3,3392.21,2451.01,revised_cost_crore,2026-01,2023-11,,,2026-06,FlashReport_June_2026.pdf,Table 3: Completed Projects,,0.0,-26.0,1.0,98.34005729988891
N06000225,N06000225,184,COAL,MAHANADI COAL FIELDS LIMITED,COAL,CENTRAL / UNKNOWN,184.0,,6000225.0,cumulative_expenditure_only,2012-03,2023-11,,,2024-03,FR_mar_2024.pdf,Table: Month-wise Completed Projects,34.0,1.0,140.0,,
N24000323,N24000323,185,ROAD TRANSPORT AND HIGHWAYS,"NATIONAL 
HIGHWAYS AND INFRASTRUCTURE DEVELOPMENT CORPORATION 
Ltd.",ROAD TRANSPORT AND HIGHWAYS,CENTRAL / UNKNOWN,185.0,,4.0,cumulative_expenditure_only,2018-11,2023-11,,,2024-03,FR_mar_2024.pdf,Table: Month-wise Completed Projects,34.0,1.0,60.0,,
N24000913,N24000913,186,ROAD TRANSPORT AND HIGHWAYS,"SONEPUR TO 
MADHAPUR",ROAD TRANSPORT AND HIGHWAYS,CENTRAL / UNKNOWN,186.0,,2.0,cumulative_expenditure_only,2017-02,2023-11,,,2024-03,FR_mar_2024.pdf,Table: Month-wise Completed Projects,34.0,1.0,81.0,,
N24001249,N24001249,187,ROAD TRANSPORT AND HIGHWAYS,PKG III,ROAD TRANSPORT AND HIGHWAYS,CENTRAL / UNKNOWN,187.0,,2.0,cumulative_expenditure_only,2022-01,2023-11,,,2024-03,FR_mar_2024.pdf,Table: Month-wise Completed Projects,34.0,1.0,22.0,,
N24001260,N24001260,188,ROAD TRANSPORT AND HIGHWAYS,"NATIONAL HIGHWAYS AND INFRASTRUCTURE DEVELOPMENT 
CORPORATION Ltd.",ROAD TRANSPORT AND HIGHWAYS,CENTRAL / UNKNOWN,188.0,,2.0,cumulative_expenditure_only,2022-04,2023-11,,,2024-03,FR_mar_2024.pdf,Table: Month-wise Completed Projects,34.0,1.0,19.0,,
N24001308,N24001308,189,ROAD TRANSPORT AND HIGHWAYS,"NATIONAL HIGHWAYS AND INFRASTRUCTURE DEVELOPMENT 
CORPORATION Ltd.",ROAD TRANSPORT AND HIGHWAYS,CENTRAL / UNKNOWN,189.0,,24001308.0,cumulative_expenditure_only,2022-07,2023-11,,,2024-03,FR_mar_2024.pdf,Table: Month-wise Completed Projects,34.0,1.0,16.0,,
N24001310,N24001310,190,ROAD TRANSPORT AND HIGHWAYS,"NATIONAL HIGHWAYS AND INFRASTRUCTURE DEVELOPMENT 
CORPORATION Ltd.",ROAD TRANSPORT AND HIGHWAYS,CENTRAL / UNKNOWN,190.0,,24001310.0,cumulative_expenditure_only,2022-07,2023-11,,,2024-03,FR_mar_2024.pdf,Table: Month-wise Completed Projects,34.0,1.0,16.0,,
N24001324,N24001324,191,ROAD TRANSPORT AND HIGHWAYS,"NATIONAL HIGHWAYS AND INFRASTRUCTURE DEVELOPMENT 
CORPORATION Ltd.",ROAD TRANSPORT AND HIGHWAYS,CENTRAL / UNKNOWN,191.0,,24001324.0,cumulative_expenditure_only,2022-09,2023-11,,,2024-03,FR_mar_2024.pdf,Table: Month-wise Completed Projects,34.0,1.0,14.0,,
N24001329,N24001329,192,ROAD TRANSPORT AND HIGHWAYS,"NATIONAL HIGHWAYS 
AND INFRASTRUCTURE DEVELOPMENT CORPORATION Ltd.",ROAD TRANSPORT AND HIGHWAYS,CENTRAL / UNKNOWN,192.0,,2.0,cumulative_expenditure_only,2022-07,2023-11,,,2024-03,FR_mar_2024.pdf,Table: Month-wise Completed Projects,34.0,1.0,16.0,,
N24001364,N24001364,193,ROAD TRANSPORT AND HIGHWAYS,"NATIONAL HIGHWAYS AND INFRASTRUCTURE DEVELOPMENT 
CORPORATION Ltd.",ROAD TRANSPORT AND HIGHWAYS,CENTRAL / UNKNOWN,193.0,,24001364.0,cumulative_expenditure_only,2024-01,2023-11,,,2024-03,FR_mar_2024.pdf,Table: Month-wise Completed Projects,34.0,0.0,-2.0,,
N24001365,N24001365,194,ROAD TRANSPORT AND HIGHWAYS,"NATIONAL HIGHWAYS AND INFRASTRUCTURE DEVELOPMENT 
CORPORATION Ltd.",ROAD TRANSPORT AND HIGHWAYS,CENTRAL / UNKNOWN,194.0,,24001365.0,cumulative_expenditure_only,2023-12,2023-11,,,2024-03,FR_mar_2024.pdf,Table: Month-wise Completed Projects,34.0,0.0,-1.0,,
N24001532,N24001532,"CONSTRUCTION OF 4-LANE NH-344P-PACKAGE-4 (FROM KM 0+000 TO KM 29+600, 29.6KM), STARTING FROM BAWANA",UNKNOWN,NHAI,UNKNOWN,N24001532,694.0,,1466.82,cumulative_expenditure_crore,2023-11,2023-11,,,2025-05,FR_May2025.pdf,Table 3: Completed Projects,,0.0,0.0,,
60800,N24001633,Delhi-Amritsar-Katra Expressway Phase-I Pkg-III from Junction with Jind-Panipat road NH-352A near Gangana village to Junction with Jind-Karnal road NH-709A near Alewa village Km 60800 to Km 91400,UNKNOWN,NHAI,UNKNOWN,Haryana (12/2021),1606.27,1813.91,1322.85,revised_cost_crore,2025-11,2023-12,,,2026-06,FlashReport_June_2026.pdf,Table 3: Completed Projects,,0.0,-23.0,1.0,12.92684293425141
618464,NAN,Vadodara Mumbai Expressway Ena -Kim Phase IB - Pkg VI [Km 217.500 to Km 254.430],UNKNOWN,NHAI,UNKNOWN,Gujarat (12/2021),2271.86,4297.28,2991.42,revised_cost_crore,2025-06,2023-12,,,2026-06,FlashReport_June_2026.pdf,Table 3: Completed Projects,,0.0,-18.0,1.0,89.15250059422674
91400,N24001634,Delhi-Amritsar-Katra Expressway Phase-I Pkg-IV from Junction with Jind-Karnal road NH-709A near Alewa village to Junction with Ambala-Kaithal-Hissar road NH-152 near Kharak Pandwa village Km 91400 to Km 120250,UNKNOWN,NHAI,UNKNOWN,Haryana (12/2021),1306.95,1578.66,1098.84,revised_cost_crore,2025-11,2023-12,,,2026-06,FlashReport_June_2026.pdf,Table 3: Completed Projects,,0.0,-23.0,1.0,20.789624698726044
N06000212,N06000212,195,COAL,SINGARENI COLLIERS COMPANY LIMITTED,COAL,CENTRAL / UNKNOWN,195.0,,6000212.0,cumulative_expenditure_only,2021-03,2023-12,,,2024-03,FR_mar_2024.pdf,Table: Month-wise Completed Projects,34.0,1.0,33.0,,
N06000215,N06000215,196,COAL,SINGARENI COLLIERS COMPANY LIMITTED,COAL,CENTRAL / UNKNOWN,195.0,,6000212.0,cumulative_expenditure_only,2021-03,2023-12,,,2024-03,FR_mar_2024.pdf,Table: Month-wise Completed Projects,34.0,1.0,33.0,,
N24001533,N24001533,CONSTRUCTION OF 4-LANE GREEN FIELD DELHI-AMRITSAR- KATRA EXPRESSWAY (NE-05) FROM JUSSUR KHERI ON KMP,UNKNOWN,NE-05,UNKNOWN,NHAI,1690.23,,1462.45,cumulative_expenditure_crore,2023-12,2023-12,,,2025-05,FR_May2025.pdf,Table 3: Completed Projects,,0.0,0.0,,
N24001788,N24001788,CONSTRUCTION OF EIGHT LANE ACCESS CONTROLLED EXPRESSWAY FROM KM 217.500 TO KM 254.430 OF VADODARA MU,UNKNOWN,NHAI,UNKNOWN,N24001788,2271.86,,2655.78,cumulative_expenditure_crore,2023-12,2023-12,,,2025-05,FR_May2025.pdf,Table 3: Completed Projects,,0.0,0.0,,
618501,N24001443,Ahmedabad - Dholera Pkg I from km. 0.00 to km. 22.00 [Sardar Patel Ring Road - Sindhrej Village],UNKNOWN,NHAI,UNKNOWN,Gujarat (01/2022),1298.0,1421.05,1385.83,revised_cost_crore,2026-01,2024-01,,,2026-06,FlashReport_June_2026.pdf,Table 3: Completed Projects,,0.0,-24.0,1.0,9.47996918335901
618502,N24001444,Ahmedabad - Dholera Pkg II from km. 22.00 to km. 48.52 [Sindhrej Village - Vejallka Village],UNKNOWN,NHAI,UNKNOWN,Gujarat (01/2022),1415.34,1729.69,1785.68,revised_cost_crore,2026-04,2024-01,,,2026-06,FlashReport_June_2026.pdf,Table 3: Completed Projects,,0.0,-27.0,1.0,22.210210974041583
618527,N24001301,Six Laning of Vijayawada Bypass from Gollapudi to Chinnakakani in Vijayawada - Gundugolanu Section from km. 30.00 to km. 47.881 Pkg-IV Andhra Pradesh 01/2020,UNKNOWN,NHAI,UNKNOWN,Andhra Pradesh (07/2021),1194.57,1757.82,862.83,revised_cost_crore,2026-05,2024-01,,,2026-06,FlashReport_June_2026.pdf,Table 3: Completed Projects,,0.0,-28.0,1.0,47.15085763077928
618582,NAN,4L of Galgalia - Bahadurganj section from Km 0.000 to Km 49.000 Package-I of NH327E,UNKNOWN,NHAI,UNKNOWN,Bihar (01/2022),1282.97,1282.97,816.12,revised_cost_crore,2025-02,2024-01,,,2026-06,FlashReport_June_2026.pdf,Table 3: Completed Projects,,0.0,-13.0,0.0,0.0
618583,NAN,4L of Bahadurganj Araria section from Km 49.000 to Km 94.000 Package-II of NH-327E,UNKNOWN,NHAI,UNKNOWN,Bihar (01/2022),1358.77,1358.77,812.28,revised_cost_crore,2025-01,2024-01,,,2026-06,FlashReport_June_2026.pdf,Table 3: Completed Projects,,0.0,-12.0,0.0,0.0
618854,N24001306,2L PS of Raebareli - Jagdishpur with 4L Jagdishpur Bypass Spur Uttar Pradesh 02/2021,UNKNOWN,NHAI,UNKNOWN,Uttar Pradesh,706.41,752.52,534.31,revised_cost_crore,2025-11,2024-01,,,2026-06,FlashReport_June_2026.pdf,Table 3: Completed Projects,,0.0,-22.0,1.0,6.527370790334228
N06000095,N06000095,217,POWER,2X500 MW,POWER,CENTRAL / UNKNOWN,217.0,,2.0,cumulative_expenditure_only,2015-12,2024-01,,,2024-03,FR_mar_2024.pdf,Table: Month-wise Completed Projects,36.0,1.0,97.0,,
N06000138,N06000138,218,POWER,LEASE AREA,POWER,CENTRAL / UNKNOWN,217.0,,2.0,cumulative_expenditure_only,2015-06,2024-01,,,2024-03,FR_mar_2024.pdf,Table: Month-wise Completed Projects,36.0,1.0,103.0,,
N16000340,N16000340,219,PETROLEUM,INDIAN OIL CORPORATION LIMITED,PETROLEUM,CENTRAL / UNKNOWN,219.0,,16000340.0,cumulative_expenditure_only,2020-08,2024-01,,,2024-03,FR_mar_2024.pdf,Table: Month-wise Completed Projects,36.0,1.0,41.0,,
N16000363,N16000363,220,PETROLEUM,"INDIAN OIL CORPORATION 
LIMITED",PETROLEUM,CENTRAL / UNKNOWN,219.0,,16000340.0,cumulative_expenditure_only,2021-06,2024-01,,,2024-03,FR_mar_2024.pdf,Table: Month-wise Completed Projects,36.0,1.0,31.0,,
N16000376,N16000376,221,PETROLEUM,INDIAN OIL CORPORATION LIMITED,PETROLEUM,CENTRAL / UNKNOWN,221.0,,16000376.0,cumulative_expenditure_only,2021-12,2024-01,,,2024-03,FR_mar_2024.pdf,Table: Month-wise Completed Projects,36.0,1.0,25.0,,
N18000265,N18000265,222,POWER,SATLUJ JAL VIDYUT NIGAM LIMITED,POWER,CENTRAL / UNKNOWN,222.0,,18000265.0,cumulative_expenditure_only,2021-12,2024-01,,,2024-03,FR_mar_2024.pdf,Table: Month-wise Completed Projects,36.0,1.0,25.0,,
N18000334,N18000334,223,POWER,SATLUJ JAL VIDYUT NIGAM LIMITED,POWER,CENTRAL / UNKNOWN,222.0,,18000265.0,cumulative_expenditure_only,2023-08,2024-01,,,2024-03,FR_mar_2024.pdf,Table: Month-wise Completed Projects,36.0,1.0,5.0,,
N24000138,N24000138,224,ROAD TRANSPORT AND HIGHWAYS,NATIONAL HIGHWAYS AUTHORITY OF INDIA,ROAD TRANSPORT AND HIGHWAYS,CENTRAL / UNKNOWN,224.0,,24000138.0,cumulative_expenditure_only,2018-06,2024-01,,,2024-03,FR_mar_2024.pdf,Table: Month-wise Completed Projects,36.0,1.0,67.0,,
N24000758,N24000758,225,ROAD TRANSPORT AND HIGHWAYS,"NATIONAL HIGHWAYS AND INFRASTRUCTURE DEVELOPMENT 
CORPORATION Ltd.",ROAD TRANSPORT AND HIGHWAYS,CENTRAL / UNKNOWN,224.0,,24000138.0,cumulative_expenditure_only,2021-12,2024-01,,,2024-03,FR_mar_2024.pdf,Table: Month-wise Completed Projects,36.0,1.0,25.0,,
N24000881,N24000881,226,ROAD TRANSPORT AND HIGHWAYS,MINISTRY OF ROAD TRANSPORT AND HIGHWAYS (STATE PWDs,ROAD TRANSPORT AND HIGHWAYS,CENTRAL / UNKNOWN,226.0,,2.0,cumulative_expenditure_only,2018-02,2024-01,,,2024-03,FR_mar_2024.pdf,Table: Month-wise Completed Projects,36.0,1.0,71.0,,
N24001268,N24001268,227,ROAD TRANSPORT AND HIGHWAYS,"NATIONAL HIGHWAYS AND INFRASTRUCTURE DEVELOPMENT 
CORPORATION Ltd.",ROAD TRANSPORT AND HIGHWAYS,CENTRAL / UNKNOWN,227.0,,2.0,cumulative_expenditure_only,2022-07,2024-01,,,2024-03,FR_mar_2024.pdf,Table: Month-wise Completed Projects,36.0,1.0,18.0,,
N24001459,N24001459,228,ROAD TRANSPORT AND HIGHWAYS,"MINISTRY OF ROAD 
TRANSPORT AND HIGHWAYS (STATE PWDs",ROAD TRANSPORT AND HIGHWAYS,CENTRAL / UNKNOWN,228.0,,136.2,cumulative_expenditure_only,2024-04,2024-01,,,2024-03,FR_mar_2024.pdf,Table: Month-wise Completed Projects,36.0,0.0,-3.0,,
N24001534,N24001534,CONSTRUCTION OF FOUR-LANE GREENFIELD DELHI- AMRITSAR-KATRA EXPRESSWAY FROM JUNCTION WITH ROHTAK-PANIP,UNKNOWN,NHAI,UNKNOWN,N24001534,1334.04,,1048.12,cumulative_expenditure_crore,2024-01,2024-01,,,2025-05,FR_May2025.pdf,Table 3: Completed Projects,,0.0,0.0,,
N24001776,N24001776,229,ROAD TRANSPORT AND HIGHWAYS,"NANGLOI - NAJAFGARH 
ROAD TILL SECTOR 24 DWARKA",ROAD TRANSPORT AND HIGHWAYS,CENTRAL / UNKNOWN,229.0,,6.0,cumulative_expenditure_only,2023-10,2024-01,,,2024-03,FR_mar_2024.pdf,Table: Month-wise Completed Projects,36.0,1.0,3.0,,
N16000321,N16000321,230,PETROLEUM,"INDIAN OIL CORPORATION 
LIMITED",PETROLEUM,CENTRAL / UNKNOWN,230.0,,1500.0,cumulative_expenditure_only,2020-02,2024-02,,,2024-03,FR_mar_2024.pdf,Table: Month-wise Completed Projects,37.0,1.0,48.0,,
N16000324,N16000324,231,PETROLEUM,"INDIAN OIL 
CORPORATION LIMITED",PETROLEUM,CENTRAL / UNKNOWN,231.0,,220.0,cumulative_expenditure_only,2020-10,2024-02,,,2024-03,FR_mar_2024.pdf,Table: Month-wise Completed Projects,37.0,1.0,40.0,,
N16000352,N16000352,232,PETROLEUM,INDIAN OIL CORPORATION LIMITED,PETROLEUM,CENTRAL / UNKNOWN,232.0,,2.0,cumulative_expenditure_only,2021-01,2024-02,,,2024-03,FR_mar_2024.pdf,Table: Month-wise Completed Projects,37.0,1.0,37.0,,
N22000609,N22000609,AZIMGANJ-MURSHIDABAD (JIYAGANJ) INCL. RLY. BRIDGE OVER RIVER BHAGIRATHI,UNKNOWN,JIYAGANJ,UNKNOWN,ER,164.33,,160.82,cumulative_expenditure_crore,2024-02,2024-02,,,2025-05,FR_May2025.pdf,Table 3: Completed Projects,,0.0,0.0,,
N24000203,N24000203,234,ROAD TRANSPORT AND HIGHWAYS,BOT,ROAD TRANSPORT AND HIGHWAYS,CENTRAL / UNKNOWN,234.0,,4.0,cumulative_expenditure_only,2013-08,2024-02,,,2024-03,FR_mar_2024.pdf,Table: Month-wise Completed Projects,37.0,1.0,126.0,,
N24000629,N24000629,235,ROAD TRANSPORT AND HIGHWAYS,"FROM KM. 
10.200 TO KM. 43.400",ROAD TRANSPORT AND HIGHWAYS,CENTRAL / UNKNOWN,234.0,,4.0,cumulative_expenditure_only,2019-03,2024-02,,,2024-03,FR_mar_2024.pdf,Table: Month-wise Completed Projects,37.0,1.0,59.0,,
N24000757,N24000757,236,ROAD TRANSPORT AND HIGHWAYS,"NATIONAL HIGHWAYS AND INFRASTRUCTURE DEVELOPMENT 
CORPORATION Ltd.",ROAD TRANSPORT AND HIGHWAYS,CENTRAL / UNKNOWN,236.0,,79.04,cumulative_expenditure_only,2021-12,2024-02,,,2024-03,FR_mar_2024.pdf,Table: Month-wise Completed Projects,37.0,1.0,26.0,,
N24000823,N24000823,237,ROAD TRANSPORT AND HIGHWAYS,KM 208.00,ROAD TRANSPORT AND HIGHWAYS,CENTRAL / UNKNOWN,237.0,,208.0,cumulative_expenditure_only,2016-01,2024-02,,,2024-03,FR_mar_2024.pdf,Table: Month-wise Completed Projects,37.0,1.0,97.0,,
N24000825,N24000825,238,ROAD TRANSPORT AND HIGHWAYS,"DESIGN KM 
40.000/EXISTING KM 288.510",ROAD TRANSPORT AND HIGHWAYS,CENTRAL / UNKNOWN,238.0,,40.0,cumulative_expenditure_only,2023-02,2024-02,,,2024-03,FR_mar_2024.pdf,Table: Month-wise Completed Projects,37.0,1.0,12.0,,
N24001196,N24001196,239,ROAD TRANSPORT AND HIGHWAYS,"NATIONAL 
HIGHWAYS AND INFRASTRUCTURE DEVELOPMENT CORPORATION 
Ltd.",ROAD TRANSPORT AND HIGHWAYS,CENTRAL / UNKNOWN,239.0,,17.3,cumulative_expenditure_only,2023-08,2024-02,,,2024-03,FR_mar_2024.pdf,Table: Month-wise Completed Projects,37.0,1.0,6.0,,
N24001321,N24001321,240,ROAD TRANSPORT AND HIGHWAYS,"NATIONAL HIGHWAYS AND INFRASTRUCTURE DEVELOPMENT 
CORPORATION Ltd.",ROAD TRANSPORT AND HIGHWAYS,CENTRAL / UNKNOWN,240.0,,24001321.0,cumulative_expenditure_only,2023-03,2024-02,,,2024-03,FR_mar_2024.pdf,Table: Month-wise Completed Projects,37.0,1.0,11.0,,
N24001328,N24001328,241,ROAD TRANSPORT AND HIGHWAYS,"NATIONAL HIGHWAYS AND INFRASTRUCTURE DEVELOPMENT 
CORPORATION Ltd.",ROAD TRANSPORT AND HIGHWAYS,CENTRAL / UNKNOWN,241.0,,24001328.0,cumulative_expenditure_only,2023-08,2024-02,,,2024-03,FR_mar_2024.pdf,Table: Month-wise Completed Projects,37.0,1.0,6.0,,
N24001487,N24001487,242,ROAD TRANSPORT AND HIGHWAYS,I,ROAD TRANSPORT AND HIGHWAYS,CENTRAL / UNKNOWN,242.0,,4.0,cumulative_expenditure_only,2022-10,2024-02,,,2024-03,FR_mar_2024.pdf,Table: Month-wise Completed Projects,37.0,1.0,16.0,,
N24001498,N24001498,243,ROAD TRANSPORT AND HIGHWAYS,PKG-I,ROAD TRANSPORT AND HIGHWAYS,CENTRAL / UNKNOWN,243.0,,4.0,cumulative_expenditure_only,2023-12,2024-02,,,2024-03,FR_mar_2024.pdf,Table: Month-wise Completed Projects,37.0,1.0,2.0,,
N28000139,N28000139,233,HEALTH AND FAMILY WELFARE,"CPWD FOR 
HEALTH",HEALTH AND FAMILY WELFARE,CENTRAL / UNKNOWN,233.0,,152.0,cumulative_expenditure_only,2020-09,2024-02,,,2024-03,FR_mar_2024.pdf,Table: Month-wise Completed Projects,37.0,1.0,41.0,,
220100164,220100164,55,RAILWAYS,MTP,RAILWAYS,CENTRAL / UNKNOWN,55.0,,220100164.0,cumulative_expenditure_only,2004-03,2024-03,,,2024-03,FR_mar_2024.pdf,Table: Month-wise Completed Projects,26.0,1.0,240.0,,
220100222,220100222,56,RAILWAYS,NL,RAILWAYS,CENTRAL / UNKNOWN,55.0,,220100164.0,cumulative_expenditure_only,2015-02,2024-03,,,2024-03,FR_mar_2024.pdf,Table: Month-wise Completed Projects,26.0,1.0,109.0,,
220100325,220100325,57,RAILWAYS,NL,RAILWAYS,CENTRAL / UNKNOWN,56.0,,220100222.0,cumulative_expenditure_only,2015-02,2024-03,,,2024-03,FR_mar_2024.pdf,Table: Month-wise Completed Projects,26.0,1.0,109.0,,
618532,N24001700,"6L of Aurangabad to Bihar-Jharkhand border Chordaha section from km. 209.827 to Km. 249.525 of NH-19 PKG-02 Multi-States (Bihar,",UNKNOWN,NHAI,UNKNOWN,Jharkhand) (03/2022),1822.46,738.11,611.43,revised_cost_crore,2026-04,2024-03,,,2026-06,FlashReport_June_2026.pdf,Table 3: Completed Projects,,0.0,-25.0,0.0,-59.49924826882346
618676,N24001669,6L of Dhanara - Hatibena Section from Km 124.611 to km 146.50 of NH-130-CD Package OD-1 Multi-States,UNKNOWN,NHAI,UNKNOWN,(03/2022),477.76,638.32,359.28,revised_cost_crore,2026-03,2024-03,,,2026-06,FlashReport_June_2026.pdf,Table 3: Completed Projects,,0.0,-24.0,1.0,33.60683188211656
618849,N24001809,Conversion of Partially Excavated Escape Tunnel to Uni-Directional 2L Tunnelincluding construction of cross passages and approach roads on either side of the tunnel from Km 12.732 to Km 14.568 of Kiratpur to Nerchowk Section of NH-21,UNKNOWN,NHAI,UNKNOWN,Chhattisgarh (09/2022),444.21,412.88,394.73,revised_cost_crore,2026-04,2024-03,,,2026-06,FlashReport_June_2026.pdf,Table 3: Completed Projects,,0.0,-25.0,0.0,-7.052970441908103
701091,NAN,Lucknow Airport-Terminal 3- Phase 1 & Other Associated Works Uttar Pradesh 06/2018 Ministry of Coal Coal Total (1) 3112.57,UNKNOWN,Adani Airport Holdings Limited,UNKNOWN,Uttar Pradesh,3100.0,,3112.57,cumulative_expenditure_crore,2026-03,2024-03,,,2025-11,FlashReport_November_2025.pdf,Table 3: Completed Projects,,0.0,-24.0,,
701568,NAN,Construction of oil jetty No.8 at old kandla through internal resources Gujarat 02/2018,UNKNOWN,Deendayal Port Trust [DPT],UNKNOWN,Gujarat,100.0,225.85,186.47,revised_cost_crore,2023-02,2024-03,,,2026-03,FlashReport_March_2026.pdf,Table 3: Completed Projects,,1.0,13.0,1.0,125.85
702631,N28000137,"Ahmedabad Metro Rail Project, Phase-II Gujarat 03/2019",UNKNOWN,Gujarat Metro Rail Corporation Limited [GMRCL],UNKNOWN,Gujarat,5384.17,,5358.41,cumulative_expenditure_crore,2025-12,2024-03,,,2026-03,FlashReport_March_2026.pdf,Table 3: Completed Projects,,0.0,-21.0,,
N16000249,N16000249,250,PETROLEUM,INDIAN OIL CORPORATION LIMITED,PETROLEUM,CENTRAL / UNKNOWN,250.0,,16000249.0,cumulative_expenditure_only,2022-02,2024-03,,,2024-03,FR_mar_2024.pdf,Table: Month-wise Completed Projects,38.0,1.0,25.0,,
N16000283,N16000283,251,PETROLEUM,INDIAN OIL CORPORATION LIMITED,PETROLEUM,CENTRAL / UNKNOWN,250.0,,16000249.0,cumulative_expenditure_only,2019-12,2024-03,,,2024-03,FR_mar_2024.pdf,Table: Month-wise Completed Projects,38.0,1.0,51.0,,
N16000323,N16000323,252,PETROLEUM,"INDIAN OIL 
CORPORATION LIMITED",PETROLEUM,CENTRAL / UNKNOWN,252.0,,220.0,cumulative_expenditure_only,2020-08,2024-03,,,2024-03,FR_mar_2024.pdf,Table: Month-wise Completed Projects,38.0,1.0,43.0,,
N16000351,N16000351,253,PETROLEUM,INDIAN OIL CORPORATION LIMITED,PETROLEUM,CENTRAL / UNKNOWN,253.0,,16000351.0,cumulative_expenditure_only,2022-04,2024-03,,,2024-03,FR_mar_2024.pdf,Table: Month-wise Completed Projects,38.0,1.0,23.0,,
N16000360,N16000360,(Rs. crore),CENTRAL SECTOR,Rs. crore,UNKNOWN,CENTRAL / UNKNOWN,197.0,,16000360.0,cumulative_expenditure_only,2022-03,2024-03,,,2024-03,FR_mar_2024.pdf,Table: Month-wise Completed Projects,35.0,1.0,24.0,,
N16000381,N16000381,254,PETROLEUM,INDIAN OIL CORPORATION LIMITED,PETROLEUM,CENTRAL / UNKNOWN,253.0,,16000351.0,cumulative_expenditure_only,2022-07,2024-03,,,2024-03,FR_mar_2024.pdf,Table: Month-wise Completed Projects,38.0,1.0,20.0,,
N16000383,N16000383,255,PETROLEUM,INDIAN OIL CORPORATION LIMITED,PETROLEUM,CENTRAL / UNKNOWN,254.0,,16000381.0,cumulative_expenditure_only,2021-07,2024-03,,,2024-03,FR_mar_2024.pdf,Table: Month-wise Completed Projects,38.0,1.0,32.0,,
N16000393,N16000393,256,PETROLEUM,CDW-II,PETROLEUM,CENTRAL / UNKNOWN,255.0,,16000383.0,cumulative_expenditure_only,2023-01,2024-03,,,2024-03,FR_mar_2024.pdf,Table: Month-wise Completed Projects,38.0,1.0,14.0,,
N16000395,N16000395,257,PETROLEUM,INDIAN OIL CORPORATION LIMITED,PETROLEUM,CENTRAL / UNKNOWN,257.0,,16000395.0,cumulative_expenditure_only,2022-07,2024-03,,,2024-03,FR_mar_2024.pdf,Table: Month-wise Completed Projects,38.0,1.0,20.0,,
N16000399,N16000399,258,PETROLEUM,INDIAN OIL CORPORATION LIMITED,PETROLEUM,CENTRAL / UNKNOWN,258.0,,16000399.0,cumulative_expenditure_only,2022-08,2024-03,,,2024-03,FR_mar_2024.pdf,Table: Month-wise Completed Projects,38.0,1.0,19.0,,
N16000400,N16000400,259,PETROLEUM,"INDIAN OIL 
CORPORATION LIMITED",PETROLEUM,CENTRAL / UNKNOWN,258.0,,16000399.0,cumulative_expenditure_only,2022-12,2024-03,,,2024-03,FR_mar_2024.pdf,Table: Month-wise Completed Projects,38.0,1.0,15.0,,
N16000413,N16000413,AUGMENTATION OF FACILITIES AT THE EXISTING RAIPUR DEPOT POWER,UNKNOWN,HPCL,UNKNOWN,N16000413,456.0,,271.44,cumulative_expenditure_crore,2024-03,2024-03,,,2025-04,FRApril2025.pdf,Table 3: Completed Projects,,0.0,0.0,,
N16000447,N16000447,260,PETROLEUM,HINDUSTAN PETROLEUM CORPORATION LIMITED,PETROLEUM,CENTRAL / UNKNOWN,260.0,,16000447.0,cumulative_expenditure_only,2024-05,2024-03,,,2024-03,FR_mar_2024.pdf,Table: Month-wise Completed Projects,38.0,0.0,-2.0,,
N16000459,N16000459,261,PETROLEUM,"BHARAT 
PETROLEUM CORPORATION LIMITED",PETROLEUM,CENTRAL / UNKNOWN,260.0,,16000447.0,cumulative_expenditure_only,2028-09,2024-03,,,2024-03,FR_mar_2024.pdf,Table: Month-wise Completed Projects,38.0,0.0,-54.0,,
N16000460,N16000460,(Rs. crore),CENTRAL SECTOR,Rs. crore,UNKNOWN,CENTRAL / UNKNOWN,262.0,,16000460.0,cumulative_expenditure_only,2028-11,2024-03,,,2024-03,FR_mar_2024.pdf,Table: Month-wise Completed Projects,39.0,0.0,-56.0,,
N16000461,N16000461,263,CENTRAL SECTOR,"BHARAT 
PETROLEUM CORPORATION LIMITED",UNKNOWN,CENTRAL / UNKNOWN,263.0,,16000461.0,cumulative_expenditure_only,2028-09,2024-03,,,2024-03,FR_mar_2024.pdf,Table: Month-wise Completed Projects,39.0,0.0,-54.0,,
N16000462,N16000462,264,CENTRAL SECTOR,"BHARAT 
PETROLEUM CORPORATION LIMITED",UNKNOWN,CENTRAL / UNKNOWN,264.0,,16000462.0,cumulative_expenditure_only,2030-03,2024-03,,,2024-03,FR_mar_2024.pdf,Table: Month-wise Completed Projects,39.0,0.0,-72.0,,
N16000463,N16000463,265,CENTRAL SECTOR,"BHARAT 
PETROLEUM CORPORATION LIMITED",UNKNOWN,CENTRAL / UNKNOWN,265.0,,16000463.0,cumulative_expenditure_only,2030-03,2024-03,,,2024-03,FR_mar_2024.pdf,Table: Month-wise Completed Projects,39.0,0.0,-72.0,,
N16000464,N16000464,266,CENTRAL SECTOR,BHARAT PETROLEUM CORPORATION LIMITED,UNKNOWN,CENTRAL / UNKNOWN,266.0,,16000464.0,cumulative_expenditure_only,2030-03,2024-03,,,2024-03,FR_mar_2024.pdf,Table: Month-wise Completed Projects,39.0,0.0,-72.0,,
N16000465,N16000465,267,CENTRAL SECTOR,"BHARAT 
PETROLEUM CORPORATION LIMITED",UNKNOWN,CENTRAL / UNKNOWN,267.0,,16000465.0,cumulative_expenditure_only,2030-03,2024-03,,,2024-03,FR_mar_2024.pdf,Table: Month-wise Completed Projects,39.0,0.0,-72.0,,
N16000466,N16000466,268,CENTRAL SECTOR,BHARAT PETROLEUM CORPORATION LIMITED,UNKNOWN,CENTRAL / UNKNOWN,268.0,,16000466.0,cumulative_expenditure_only,2028-09,2024-03,,,2024-03,FR_mar_2024.pdf,Table: Month-wise Completed Projects,39.0,0.0,-54.0,,
N16000467,N16000467,269,CENTRAL SECTOR,BHARAT PETROLEUM CORPORATION LIMITED,UNKNOWN,CENTRAL / UNKNOWN,269.0,,16000467.0,cumulative_expenditure_only,2030-09,2024-03,,,2024-03,FR_mar_2024.pdf,Table: Month-wise Completed Projects,39.0,0.0,-78.0,,
N16000468,N16000468,270,CENTRAL SECTOR,"BHARAT 
PETROLEUM CORPORATION LIMITED",UNKNOWN,CENTRAL / UNKNOWN,270.0,,16000468.0,cumulative_expenditure_only,2029-03,2024-03,,,2024-03,FR_mar_2024.pdf,Table: Month-wise Completed Projects,39.0,0.0,-60.0,,
N16000469,N16000469,198,CENTRAL SECTOR,"OIL & NATURAL GAS 
CORPORATION LIMITED",UNKNOWN,CENTRAL / UNKNOWN,198.0,,16000469.0,cumulative_expenditure_only,2003-01,2024-03,,,2024-03,FR_mar_2024.pdf,Table: Month-wise Completed Projects,35.0,1.0,254.0,,
N16000473,N16000473,271,CENTRAL SECTOR,BHARAT PETROLEUM CORPORATION LIMITED,UNKNOWN,CENTRAL / UNKNOWN,271.0,,16000473.0,cumulative_expenditure_only,2025-06,2024-03,,,2024-03,FR_mar_2024.pdf,Table: Month-wise Completed Projects,39.0,0.0,-15.0,,
N16000474,N16000474,272,CENTRAL SECTOR,"BHARAT 
PETROLEUM CORPORATION LIMITED",UNKNOWN,CENTRAL / UNKNOWN,272.0,,16000474.0,cumulative_expenditure_only,2029-03,2024-03,,,2024-03,FR_mar_2024.pdf,Table: Month-wise Completed Projects,39.0,0.0,-60.0,,
N16000475,N16000475,(Rs. crore),CENTRAL SECTOR,Rs. crore,UNKNOWN,CENTRAL / UNKNOWN,87.0,,16000475.0,cumulative_expenditure_only,2023-06,2024-03,,,2024-03,FR_mar_2024.pdf,Table: Month-wise Completed Projects,28.0,1.0,9.0,,
N18000336,N18000336,273,POWER,SATLUJ JAL VIDYUT NIGAM LIMITED,POWER,CENTRAL / UNKNOWN,273.0,,18000336.0,cumulative_expenditure_only,2023-08,2024-03,,,2024-03,FR_mar_2024.pdf,Table: Month-wise Completed Projects,39.0,1.0,7.0,,
N18000340,N18000340,274,POWER,SATLUJ JAL VIDYUT NIGAM LIMITED,POWER,CENTRAL / UNKNOWN,274.0,,18000340.0,cumulative_expenditure_only,2023-12,2024-03,,,2024-03,FR_mar_2024.pdf,Table: Month-wise Completed Projects,39.0,1.0,3.0,,
N21000017,N21000017,(Rs. crore),CENTRAL SECTOR,Rs. crore,UNKNOWN,CENTRAL / UNKNOWN,46.0,,21000017.0,cumulative_expenditure_only,2019-03,2024-03,,,2024-03,FR_mar_2024.pdf,Table: Month-wise Completed Projects,26.0,1.0,60.0,,
N21000018,N21000018,47,CENTRAL SECTOR,"HOSPITAL 
SERVICES CONSULTANCY CORPORATION LTD",UNKNOWN,CENTRAL / UNKNOWN,47.0,,21000018.0,cumulative_expenditure_only,2019-03,2024-03,,,2024-03,FR_mar_2024.pdf,Table: Month-wise Completed Projects,26.0,1.0,60.0,,
N21000019,N21000019,48,CENTRAL SECTOR,HOSPITAL SERVICES CONSULTANCY CORPORATION LTD,UNKNOWN,CENTRAL / UNKNOWN,48.0,,21000019.0,cumulative_expenditure_only,,2024-03,,,2024-03,FR_mar_2024.pdf,Table: Month-wise Completed Projects,26.0,,,,
N21000020,N21000020,49,CENTRAL SECTOR,"HOSPITAL SERVICES CONSULTANCY 
CORPORATION LTD",UNKNOWN,CENTRAL / UNKNOWN,49.0,,21000020.0,cumulative_expenditure_only,,2024-03,,,2024-03,FR_mar_2024.pdf,Table: Month-wise Completed Projects,26.0,,,,
N21000021,N21000021,50,CENTRAL SECTOR,"HOSPITAL SERVICES CONSULTANCY 
CORPORATION LTD",UNKNOWN,CENTRAL / UNKNOWN,50.0,,21000021.0,cumulative_expenditure_only,,2024-03,,,2024-03,FR_mar_2024.pdf,Table: Month-wise Completed Projects,26.0,,,,
N21000022,N21000022,51,CENTRAL SECTOR,"HOSPITAL SERVICES CONSULTANCY 
CORPORATION LTD",UNKNOWN,CENTRAL / UNKNOWN,51.0,,21000022.0,cumulative_expenditure_only,,2024-03,,,2024-03,FR_mar_2024.pdf,Table: Month-wise Completed Projects,26.0,,,,
N21000023,N21000023,52,CENTRAL SECTOR,"HOSPITAL SERVICES CONSULTANCY 
CORPORATION LTD",UNKNOWN,CENTRAL / UNKNOWN,52.0,,21000023.0,cumulative_expenditure_only,,2024-03,,,2024-03,FR_mar_2024.pdf,Table: Month-wise Completed Projects,26.0,,,,
N21000024,N21000024,53,CENTRAL SECTOR,HOSPITAL SERVICES CONSULTANCY CORPORATION LTD,UNKNOWN,CENTRAL / UNKNOWN,53.0,,21000024.0,cumulative_expenditure_only,2021-09,2024-03,,,2024-03,FR_mar_2024.pdf,Table: Month-wise Completed Projects,26.0,1.0,30.0,,
N21000028,N21000028,54,CENTRAL SECTOR,NBCC FOR HEALTH,UNKNOWN,CENTRAL / UNKNOWN,54.0,,21000028.0,cumulative_expenditure_only,2021-09,2024-03,,,2024-03,FR_mar_2024.pdf,Table: Month-wise Completed Projects,26.0,1.0,30.0,,
N22000121,N22000121,58,RAILWAYS,WR,RAILWAYS,CENTRAL / UNKNOWN,57.0,,220100325.0,cumulative_expenditure_only,2020-03,2024-03,,,2024-03,FR_mar_2024.pdf,Table: Month-wise Completed Projects,26.0,1.0,48.0,,
N22000144,N22000144,59,RAILWAYS,DL,RAILWAYS,CENTRAL / UNKNOWN,58.0,,22000121.0,cumulative_expenditure_only,2021-12,2024-03,,,2024-03,FR_mar_2024.pdf,Table: Month-wise Completed Projects,26.0,1.0,27.0,,
N22000145,N22000145,60,RAILWAYS,DL,RAILWAYS,CENTRAL / UNKNOWN,59.0,,22000144.0,cumulative_expenditure_only,2021-03,2024-03,,,2024-03,FR_mar_2024.pdf,Table: Month-wise Completed Projects,26.0,1.0,36.0,,
N22000201,N22000201,61,RAILWAYS,SOUTHERN RAILWAY,RAILWAYS,CENTRAL / UNKNOWN,60.0,,22000145.0,cumulative_expenditure_only,,2024-03,,,2024-03,FR_mar_2024.pdf,Table: Month-wise Completed Projects,26.0,,,,
N22000221,N22000221,62,RAILWAYS,EASTERN RAILWAYS,RAILWAYS,CENTRAL / UNKNOWN,61.0,,22000201.0,cumulative_expenditure_only,,2024-03,,,2024-03,FR_mar_2024.pdf,Table: Month-wise Completed Projects,26.0,,,,
N22000238,N22000238,63,RAILWAYS,EASTERN RAILWAYS,RAILWAYS,CENTRAL / UNKNOWN,62.0,,3.0,cumulative_expenditure_only,,2024-03,,,2024-03,FR_mar_2024.pdf,Table: Month-wise Completed Projects,26.0,,,,
N22000302,N22000302,64,RAILWAYS,EASTERN RAILWAYS,RAILWAYS,CENTRAL / UNKNOWN,63.0,,3.0,cumulative_expenditure_only,2020-03,2024-03,,,2024-03,FR_mar_2024.pdf,Table: Month-wise Completed Projects,26.0,1.0,48.0,,
N22000313,N22000313,65,RAILWAYS,221 KM,RAILWAYS,CENTRAL / UNKNOWN,64.0,,22000302.0,cumulative_expenditure_only,2020-03,2024-03,,,2024-03,FR_mar_2024.pdf,Table: Month-wise Completed Projects,26.0,1.0,48.0,,
N22000325,N22000325,66,RAILWAYS,SOUTH WESTERN RAILWAY,RAILWAYS,CENTRAL / UNKNOWN,65.0,,221.0,cumulative_expenditure_only,2020-03,2024-03,,,2024-03,FR_mar_2024.pdf,Table: Month-wise Completed Projects,26.0,1.0,48.0,,
N22000334,N22000334,(Rs. crore),CENTRAL SECTOR,Rs. crore,UNKNOWN,CENTRAL / UNKNOWN,67.0,,22000334.0,cumulative_expenditure_only,2019-03,2024-03,,,2024-03,FR_mar_2024.pdf,Table: Month-wise Completed Projects,27.0,1.0,60.0,,
N22000392,N22000392,68,CENTRAL SECTOR,WESTERN RAILWAY,UNKNOWN,CENTRAL / UNKNOWN,68.0,,22000392.0,cumulative_expenditure_only,2021-03,2024-03,,,2024-03,FR_mar_2024.pdf,Table: Month-wise Completed Projects,27.0,1.0,36.0,,
N22000394,N22000394,69,CENTRAL SECTOR,"RAIL INDIA TECHNICAL 
AND ECONOMIC SERVICE",UNKNOWN,CENTRAL / UNKNOWN,68.0,,22000392.0,cumulative_expenditure_only,2021-03,2024-03,,,2024-03,FR_mar_2024.pdf,Table: Month-wise Completed Projects,27.0,1.0,36.0,,
N22000395,N22000395,70,CENTRAL SECTOR,SOUTH EASTERN RAILWAY,UNKNOWN,CENTRAL / UNKNOWN,70.0,,101.0,cumulative_expenditure_only,2020-03,2024-03,,,2024-03,FR_mar_2024.pdf,Table: Month-wise Completed Projects,27.0,1.0,48.0,,
N22000407,N22000407,71,CENTRAL SECTOR,224.9 KM,UNKNOWN,CENTRAL / UNKNOWN,70.0,,101.0,cumulative_expenditure_only,2020-03,2024-03,,,2024-03,FR_mar_2024.pdf,Table: Month-wise Completed Projects,27.0,1.0,48.0,,
N22000410,N22000410,72,CENTRAL SECTOR,RAIL VIKAS NIGAM LTD.,UNKNOWN,CENTRAL / UNKNOWN,72.0,,22000410.0,cumulative_expenditure_only,2020-03,2024-03,,,2024-03,FR_mar_2024.pdf,Table: Month-wise Completed Projects,27.0,1.0,48.0,,
N22000411,N22000411,73,CENTRAL SECTOR,RAIL VIKAS NIGAM LTD.,UNKNOWN,CENTRAL / UNKNOWN,72.0,,22000410.0,cumulative_expenditure_only,2020-03,2024-03,,,2024-03,FR_mar_2024.pdf,Table: Month-wise Completed Projects,27.0,1.0,48.0,,
N22000413,N22000413,74,CENTRAL SECTOR,RAIL VIKAS NIGAM LTD.,UNKNOWN,CENTRAL / UNKNOWN,73.0,,22000411.0,cumulative_expenditure_only,2020-12,2024-03,,,2024-03,FR_mar_2024.pdf,Table: Month-wise Completed Projects,27.0,1.0,39.0,,
N22000414,N22000414,75,CENTRAL SECTOR,RAIL VIKAS NIGAM LTD.,UNKNOWN,CENTRAL / UNKNOWN,74.0,,22000413.0,cumulative_expenditure_only,2020-12,2024-03,,,2024-03,FR_mar_2024.pdf,Table: Month-wise Completed Projects,27.0,1.0,39.0,,
N22000456,N22000456,76,CENTRAL SECTOR,NORTH EASTERN RAILWAY,UNKNOWN,CENTRAL / UNKNOWN,75.0,,22000414.0,cumulative_expenditure_only,2016-04,2024-03,,,2024-03,FR_mar_2024.pdf,Table: Month-wise Completed Projects,27.0,1.0,95.0,,
N22000466,N22000466,77,CENTRAL SECTOR,RAI KA BAGH,UNKNOWN,CENTRAL / UNKNOWN,76.0,,22000456.0,cumulative_expenditure_only,2022-08,2024-03,,,2024-03,FR_mar_2024.pdf,Table: Month-wise Completed Projects,27.0,1.0,19.0,,
N22000469,N22000469,78,CENTRAL SECTOR,NORTH EASTERN RAILWAY,UNKNOWN,CENTRAL / UNKNOWN,77.0,,145.0,cumulative_expenditure_only,2022-01,2024-03,,,2024-03,FR_mar_2024.pdf,Table: Month-wise Completed Projects,27.0,1.0,26.0,,
N22000488,N22000488,79,CENTRAL SECTOR,Indian Railway Construction Company Limited,UNKNOWN,CENTRAL / UNKNOWN,78.0,,22000469.0,cumulative_expenditure_only,2022-03,2024-03,,,2024-03,FR_mar_2024.pdf,Table: Month-wise Completed Projects,27.0,1.0,24.0,,
N22000505,N22000505,MEHSANA PALANPUR DOUBLING PROJECT 65.10 KMS ROAD TRANSPORT AND HIGHWAYS,UNKNOWN,WR,UNKNOWN,N22000505,537.31,,944.55,cumulative_expenditure_crore,2024-03,2024-03,,,2025-05,FR_May2025.pdf,Table 3: Completed Projects,,0.0,0.0,,
N24000257,N24000257,199,ROAD TRANSPORT AND HIGHWAYS,"NEW 
NH-66",ROAD TRANSPORT AND HIGHWAYS,CENTRAL / UNKNOWN,199.0,,26.0,cumulative_expenditure_only,,2024-03,,,2024-03,FR_mar_2024.pdf,Table: Month-wise Completed Projects,35.0,,,,
N24000258,N24000258,200,ROAD TRANSPORT AND HIGHWAYS,"MINISTRY OF 
ROAD TRANSPORT AND HIGHWAYS (STATE PWDs",ROAD TRANSPORT AND HIGHWAYS,CENTRAL / UNKNOWN,200.0,,11.0,cumulative_expenditure_only,,2024-03,,,2024-03,FR_mar_2024.pdf,Table: Month-wise Completed Projects,35.0,,,,
N24000482,N24000482,80,ROAD TRANSPORT AND HIGHWAYS,NATIONAL HIGHWAYS AUTHORITY OF INDIA,ROAD TRANSPORT AND HIGHWAYS,CENTRAL / UNKNOWN,80.0,,24000482.0,cumulative_expenditure_only,2020-01,2024-03,,,2024-03,FR_mar_2024.pdf,Table: Month-wise Completed Projects,27.0,1.0,50.0,,
N24000493,N24000493,275,ROAD TRANSPORT AND HIGHWAYS,PKG-I,ROAD TRANSPORT AND HIGHWAYS,CENTRAL / UNKNOWN,275.0,,24000493.0,cumulative_expenditure_only,2018-06,2024-03,,,2024-03,FR_mar_2024.pdf,Table: Month-wise Completed Projects,39.0,1.0,69.0,,
N24000499,N24000499,276,ROAD TRANSPORT AND HIGHWAYS,PKG-II,ROAD TRANSPORT AND HIGHWAYS,CENTRAL / UNKNOWN,275.0,,24000493.0,cumulative_expenditure_only,2018-06,2024-03,,,2024-03,FR_mar_2024.pdf,Table: Month-wise Completed Projects,39.0,1.0,69.0,,
N24000506,N24000506,81,ROAD TRANSPORT AND HIGHWAYS,NATIONAL HIGHWAYS AUTHORITY OF INDIA,ROAD TRANSPORT AND HIGHWAYS,CENTRAL / UNKNOWN,80.0,,24000482.0,cumulative_expenditure_only,2020-10,2024-03,,,2024-03,FR_mar_2024.pdf,Table: Month-wise Completed Projects,27.0,1.0,41.0,,
N24000514,N24000514,201,ROAD TRANSPORT AND HIGHWAYS,AFTER ZUARI BR.,ROAD TRANSPORT AND HIGHWAYS,CENTRAL / UNKNOWN,201.0,,4.0,cumulative_expenditure_only,2019-06,2024-03,,,2024-03,FR_mar_2024.pdf,Table: Month-wise Completed Projects,35.0,1.0,57.0,,
N24000616,N24000616,(Rs. crore),CENTRAL SECTOR,Rs. crore,UNKNOWN,CENTRAL / UNKNOWN,16.0,,2.0,cumulative_expenditure_only,2019-12,2024-03,,,2024-03,FR_mar_2024.pdf,Table: Month-wise Completed Projects,24.0,1.0,51.0,,
N24000678,N24000678,88,ROAD TRANSPORT AND HIGHWAYS,"DESIGN KM    (NATIONAL 
HIGHWAYS AND INFRASTRUCTURE DEVELOPMENT CORPORATION 
Ltd.",ROAD TRANSPORT AND HIGHWAYS,CENTRAL / UNKNOWN,88.0,,71.0,cumulative_expenditure_only,2021-03,2024-03,,,2024-03,FR_mar_2024.pdf,Table: Month-wise Completed Projects,28.0,1.0,36.0,,
N24000679,N24000679,89,ROAD TRANSPORT AND HIGHWAYS,KHUPA,ROAD TRANSPORT AND HIGHWAYS,CENTRAL / UNKNOWN,89.0,,17.0,cumulative_expenditure_only,2020-11,2024-03,,,2024-03,FR_mar_2024.pdf,Table: Month-wise Completed Projects,28.0,1.0,40.0,,
N24000680,N24000680,90,ROAD TRANSPORT AND HIGHWAYS,"NATIONAL 
HIGHWAYS AND INFRASTRUCTURE DEVELOPMENT CORPORATION 
Ltd.",ROAD TRANSPORT AND HIGHWAYS,CENTRAL / UNKNOWN,90.0,,34.0,cumulative_expenditure_only,2020-11,2024-03,,,2024-03,FR_mar_2024.pdf,Table: Month-wise Completed Projects,28.0,1.0,40.0,,
N24000690,N24000690,17,CENTRAL SECTOR,KHUPA,UNKNOWN,CENTRAL / UNKNOWN,17.0,,24000690.0,cumulative_expenditure_only,2020-11,2024-03,,,2024-03,FR_mar_2024.pdf,Table: Month-wise Completed Projects,24.0,1.0,40.0,,
N24000722,N24000722,82,ROAD TRANSPORT AND HIGHWAYS,"NATIONAL 
HIGHWAYS AUTHORITY OF INDIA",ROAD TRANSPORT AND HIGHWAYS,CENTRAL / UNKNOWN,81.0,,24000506.0,cumulative_expenditure_only,2019-07,2024-03,,,2024-03,FR_mar_2024.pdf,Table: Month-wise Completed Projects,27.0,1.0,56.0,,
N24000792,N24000792,83,ROAD TRANSPORT AND HIGHWAYS,"NATIONAL HIGHWAYS AUTHORITY 
OF INDIA",ROAD TRANSPORT AND HIGHWAYS,CENTRAL / UNKNOWN,83.0,,24000792.0,cumulative_expenditure_only,2022-06,2024-03,,,2024-03,FR_mar_2024.pdf,Table: Month-wise Completed Projects,27.0,1.0,21.0,,
N24000876,N24000876,(Rs. crore),CENTRAL SECTOR,Rs. crore,UNKNOWN,CENTRAL / UNKNOWN,101.0,,2.0,cumulative_expenditure_only,2019-09,2024-03,,,2024-03,FR_mar_2024.pdf,Table: Month-wise Completed Projects,29.0,1.0,54.0,,
N24000886,N24000886,277,ROAD TRANSPORT AND HIGHWAYS,"MINISTRY OF ROAD 
TRANSPORT AND HIGHWAYS (STATE PWDs",ROAD TRANSPORT AND HIGHWAYS,CENTRAL / UNKNOWN,276.0,,24000499.0,cumulative_expenditure_only,2017-03,2024-03,,,2024-03,FR_mar_2024.pdf,Table: Month-wise Completed Projects,39.0,1.0,84.0,,
N24000891,N24000891,278,ROAD TRANSPORT AND HIGHWAYS,MINISTRY OF ROAD TRANSPORT AND HIGHWAYS (STATE PWDs,ROAD TRANSPORT AND HIGHWAYS,CENTRAL / UNKNOWN,278.0,,2.0,cumulative_expenditure_only,2018-03,2024-03,,,2024-03,FR_mar_2024.pdf,Table: Month-wise Completed Projects,39.0,1.0,72.0,,
N24000915,N24000915,102,CENTRAL SECTOR,"NAKTIDEUL 
TO BOUDH",UNKNOWN,CENTRAL / UNKNOWN,102.0,,2.0,cumulative_expenditure_only,2018-04,2024-03,,,2024-03,FR_mar_2024.pdf,Table: Month-wise Completed Projects,29.0,1.0,71.0,,
N24000916,N24000916,103,CENTRAL SECTOR,"MINISTRY OF ROAD TRANSPORT AND 
HIGHWAYS (STATE PWDs",UNKNOWN,CENTRAL / UNKNOWN,103.0,,2.0,cumulative_expenditure_only,2018-08,2024-03,,,2024-03,FR_mar_2024.pdf,Table: Month-wise Completed Projects,29.0,1.0,67.0,,
N24001007,N24001007,202,ROAD TRANSPORT AND HIGHWAYS,MINISTRY OF ROAD TRANSPORT AND HIGHWAYS (STATE PWDs,ROAD TRANSPORT AND HIGHWAYS,CENTRAL / UNKNOWN,202.0,,24001007.0,cumulative_expenditure_only,2019-06,2024-03,,,2024-03,FR_mar_2024.pdf,Table: Month-wise Completed Projects,35.0,1.0,57.0,,
N24001009,N24001009,(Rs. crore),CENTRAL SECTOR,Rs. crore,UNKNOWN,CENTRAL / UNKNOWN,116.0,,24001009.0,cumulative_expenditure_only,2019-05,2024-03,,,2024-03,FR_mar_2024.pdf,Table: Month-wise Completed Projects,30.0,1.0,58.0,,
N24001010,N24001010,117,CENTRAL SECTOR,MINISTRY OF ROAD TRANSPORT AND HIGHWAYS (STATE PWDs,UNKNOWN,CENTRAL / UNKNOWN,117.0,,24001010.0,cumulative_expenditure_only,2019-05,2024-03,,,2024-03,FR_mar_2024.pdf,Table: Month-wise Completed Projects,30.0,1.0,58.0,,
N24001014,N24001014,118,CENTRAL SECTOR,MINISTRY OF ROAD TRANSPORT AND HIGHWAYS (STATE PWDs,UNKNOWN,CENTRAL / UNKNOWN,118.0,,24001014.0,cumulative_expenditure_only,2019-06,2024-03,,,2024-03,FR_mar_2024.pdf,Table: Month-wise Completed Projects,30.0,1.0,57.0,,
N24001015,N24001015,119,CENTRAL SECTOR,MINISTRY OF ROAD TRANSPORT AND HIGHWAYS (STATE PWDs,UNKNOWN,CENTRAL / UNKNOWN,119.0,,24001015.0,cumulative_expenditure_only,2019-06,2024-03,,,2024-03,FR_mar_2024.pdf,Table: Month-wise Completed Projects,30.0,1.0,57.0,,
N24001016,N24001016,120,CENTRAL SECTOR,MINISTRY OF ROAD TRANSPORT AND HIGHWAYS (STATE PWDs,UNKNOWN,CENTRAL / UNKNOWN,120.0,,24001016.0,cumulative_expenditure_only,2019-06,2024-03,,,2024-03,FR_mar_2024.pdf,Table: Month-wise Completed Projects,30.0,1.0,57.0,,
N24001019,N24001019,121,CENTRAL SECTOR,MINISTRY OF ROAD TRANSPORT AND HIGHWAYS (STATE PWDs,UNKNOWN,CENTRAL / UNKNOWN,121.0,,24001019.0,cumulative_expenditure_only,2019-06,2024-03,,,2024-03,FR_mar_2024.pdf,Table: Month-wise Completed Projects,30.0,1.0,57.0,,
N24001023,N24001023,203,ROAD TRANSPORT AND HIGHWAYS,MINISTRY OF ROAD TRANSPORT AND HIGHWAYS (STATE PWDs,ROAD TRANSPORT AND HIGHWAYS,CENTRAL / UNKNOWN,203.0,,24001023.0,cumulative_expenditure_only,2019-06,2024-03,,,2024-03,FR_mar_2024.pdf,Table: Month-wise Completed Projects,35.0,1.0,57.0,,
N24001024,N24001024,122,CENTRAL SECTOR,MINISTRY OF ROAD TRANSPORT AND HIGHWAYS (STATE PWDs,UNKNOWN,CENTRAL / UNKNOWN,122.0,,24001024.0,cumulative_expenditure_only,2019-07,2024-03,,,2024-03,FR_mar_2024.pdf,Table: Month-wise Completed Projects,30.0,1.0,56.0,,
N24001025,N24001025,123,CENTRAL SECTOR,MINISTRY OF ROAD TRANSPORT AND HIGHWAYS (STATE PWDs,UNKNOWN,CENTRAL / UNKNOWN,123.0,,24001025.0,cumulative_expenditure_only,2019-07,2024-03,,,2024-03,FR_mar_2024.pdf,Table: Month-wise Completed Projects,30.0,1.0,56.0,,
N24001028,N24001028,124,CENTRAL SECTOR,MINISTRY OF ROAD TRANSPORT AND HIGHWAYS (STATE PWDs,UNKNOWN,CENTRAL / UNKNOWN,124.0,,24001028.0,cumulative_expenditure_only,2019-12,2024-03,,,2024-03,FR_mar_2024.pdf,Table: Month-wise Completed Projects,30.0,1.0,51.0,,
N24001032,N24001032,125,CENTRAL SECTOR,MINISTRY OF ROAD TRANSPORT AND HIGHWAYS (STATE PWDs,UNKNOWN,CENTRAL / UNKNOWN,125.0,,24001032.0,cumulative_expenditure_only,2019-05,2024-03,,,2024-03,FR_mar_2024.pdf,Table: Month-wise Completed Projects,30.0,1.0,58.0,,
N24001033,N24001033,204,ROAD TRANSPORT AND HIGHWAYS,MINISTRY OF ROAD TRANSPORT AND HIGHWAYS (STATE PWDs,ROAD TRANSPORT AND HIGHWAYS,CENTRAL / UNKNOWN,204.0,,24001033.0,cumulative_expenditure_only,2019-07,2024-03,,,2024-03,FR_mar_2024.pdf,Table: Month-wise Completed Projects,35.0,1.0,56.0,,
N24001034,N24001034,205,ROAD TRANSPORT AND HIGHWAYS,MINISTRY OF ROAD TRANSPORT AND HIGHWAYS (STATE PWDs,ROAD TRANSPORT AND HIGHWAYS,CENTRAL / UNKNOWN,205.0,,24001034.0,cumulative_expenditure_only,2019-07,2024-03,,,2024-03,FR_mar_2024.pdf,Table: Month-wise Completed Projects,35.0,1.0,56.0,,
N24001049,N24001049,126,CENTRAL SECTOR,MINISTRY OF ROAD TRANSPORT AND HIGHWAYS (STATE PWDs,UNKNOWN,CENTRAL / UNKNOWN,126.0,,24001049.0,cumulative_expenditure_only,2019-12,2024-03,,,2024-03,FR_mar_2024.pdf,Table: Month-wise Completed Projects,30.0,1.0,51.0,,
N24001052,N24001052,127,CENTRAL SECTOR,MINISTRY OF ROAD TRANSPORT AND HIGHWAYS (STATE PWDs,UNKNOWN,CENTRAL / UNKNOWN,127.0,,24001052.0,cumulative_expenditure_only,2019-12,2024-03,,,2024-03,FR_mar_2024.pdf,Table: Month-wise Completed Projects,30.0,1.0,51.0,,
N24001053,N24001053,128,CENTRAL SECTOR,MINISTRY OF ROAD TRANSPORT AND HIGHWAYS (STATE PWDs,UNKNOWN,CENTRAL / UNKNOWN,128.0,,24001053.0,cumulative_expenditure_only,2019-06,2024-03,,,2024-03,FR_mar_2024.pdf,Table: Month-wise Completed Projects,30.0,1.0,57.0,,
N24001055,N24001055,206,ROAD TRANSPORT AND HIGHWAYS,MINISTRY OF ROAD TRANSPORT AND HIGHWAYS (STATE PWDs,ROAD TRANSPORT AND HIGHWAYS,CENTRAL / UNKNOWN,206.0,,24001055.0,cumulative_expenditure_only,2019-07,2024-03,,,2024-03,FR_mar_2024.pdf,Table: Month-wise Completed Projects,35.0,1.0,56.0,,
N24001056,N24001056,129,CENTRAL SECTOR,MINISTRY OF ROAD TRANSPORT AND HIGHWAYS (STATE PWDs,UNKNOWN,CENTRAL / UNKNOWN,129.0,,24001056.0,cumulative_expenditure_only,2019-07,2024-03,,,2024-03,FR_mar_2024.pdf,Table: Month-wise Completed Projects,30.0,1.0,56.0,,
N24001059,N24001059,130,CENTRAL SECTOR,MINISTRY OF ROAD TRANSPORT AND HIGHWAYS (STATE PWDs,UNKNOWN,CENTRAL / UNKNOWN,130.0,,24001059.0,cumulative_expenditure_only,2019-12,2024-03,,,2024-03,FR_mar_2024.pdf,Table: Month-wise Completed Projects,30.0,1.0,51.0,,
N24001063,N24001063,207,ROAD TRANSPORT AND HIGHWAYS,MINISTRY OF ROAD TRANSPORT AND HIGHWAYS (STATE PWDs,ROAD TRANSPORT AND HIGHWAYS,CENTRAL / UNKNOWN,207.0,,24001063.0,cumulative_expenditure_only,2020-02,2024-03,,,2024-03,FR_mar_2024.pdf,Table: Month-wise Completed Projects,35.0,1.0,49.0,,
N24001064,N24001064,208,ROAD TRANSPORT AND HIGHWAYS,MINISTRY OF ROAD TRANSPORT AND HIGHWAYS (STATE PWDs,ROAD TRANSPORT AND HIGHWAYS,CENTRAL / UNKNOWN,208.0,,24001064.0,cumulative_expenditure_only,2020-02,2024-03,,,2024-03,FR_mar_2024.pdf,Table: Month-wise Completed Projects,35.0,1.0,49.0,,
N24001066,N24001066,131,CENTRAL SECTOR,MINISTRY OF ROAD TRANSPORT AND HIGHWAYS (STATE PWDs,UNKNOWN,CENTRAL / UNKNOWN,131.0,,24001066.0,cumulative_expenditure_only,2019-12,2024-03,,,2024-03,FR_mar_2024.pdf,Table: Month-wise Completed Projects,30.0,1.0,51.0,,
N24001071,N24001071,209,ROAD TRANSPORT AND HIGHWAYS,MINISTRY OF ROAD TRANSPORT AND HIGHWAYS (STATE PWDs,ROAD TRANSPORT AND HIGHWAYS,CENTRAL / UNKNOWN,209.0,,24001071.0,cumulative_expenditure_only,2020-08,2024-03,,,2024-03,FR_mar_2024.pdf,Table: Month-wise Completed Projects,35.0,1.0,43.0,,
N24001074,N24001074,210,ROAD TRANSPORT AND HIGHWAYS,MINISTRY OF ROAD TRANSPORT AND HIGHWAYS (STATE PWDs,ROAD TRANSPORT AND HIGHWAYS,CENTRAL / UNKNOWN,210.0,,24001074.0,cumulative_expenditure_only,2019-12,2024-03,,,2024-03,FR_mar_2024.pdf,Table: Month-wise Completed Projects,35.0,1.0,51.0,,
N24001083,N24001083,132,CENTRAL SECTOR,MINISTRY OF ROAD TRANSPORT AND HIGHWAYS (STATE PWDs,UNKNOWN,CENTRAL / UNKNOWN,132.0,,24001083.0,cumulative_expenditure_only,2019-12,2024-03,,,2024-03,FR_mar_2024.pdf,Table: Month-wise Completed Projects,30.0,1.0,51.0,,
N24001086,N24001086,133,CENTRAL SECTOR,MINISTRY OF ROAD TRANSPORT AND HIGHWAYS (STATE PWDs,UNKNOWN,CENTRAL / UNKNOWN,133.0,,24001086.0,cumulative_expenditure_only,2019-07,2024-03,,,2024-03,FR_mar_2024.pdf,Table: Month-wise Completed Projects,30.0,1.0,56.0,,
N24001088,N24001088,211,ROAD TRANSPORT AND HIGHWAYS,MINISTRY OF ROAD TRANSPORT AND HIGHWAYS (STATE PWDs,ROAD TRANSPORT AND HIGHWAYS,CENTRAL / UNKNOWN,211.0,,24001088.0,cumulative_expenditure_only,2019-12,2024-03,,,2024-03,FR_mar_2024.pdf,Table: Month-wise Completed Projects,35.0,1.0,51.0,,
N24001089,N24001089,(Rs. crore),CENTRAL SECTOR,Rs. crore,UNKNOWN,CENTRAL / UNKNOWN,134.0,,24001089.0,cumulative_expenditure_only,2019-12,2024-03,,,2024-03,FR_mar_2024.pdf,Table: Month-wise Completed Projects,31.0,1.0,51.0,,
N24001093,N24001093,135,CENTRAL SECTOR,MINISTRY OF ROAD TRANSPORT AND HIGHWAYS (STATE PWDs,UNKNOWN,CENTRAL / UNKNOWN,135.0,,24001093.0,cumulative_expenditure_only,2019-12,2024-03,,,2024-03,FR_mar_2024.pdf,Table: Month-wise Completed Projects,31.0,1.0,51.0,,
N24001094,N24001094,136,CENTRAL SECTOR,MINISTRY OF ROAD TRANSPORT AND HIGHWAYS (STATE PWDs,UNKNOWN,CENTRAL / UNKNOWN,136.0,,24001094.0,cumulative_expenditure_only,2019-03,2024-03,,,2024-03,FR_mar_2024.pdf,Table: Month-wise Completed Projects,31.0,1.0,60.0,,
N24001096,N24001096,137,CENTRAL SECTOR,MINISTRY OF ROAD TRANSPORT AND HIGHWAYS (STATE PWDs,UNKNOWN,CENTRAL / UNKNOWN,137.0,,24001096.0,cumulative_expenditure_only,2019-03,2024-03,,,2024-03,FR_mar_2024.pdf,Table: Month-wise Completed Projects,31.0,1.0,60.0,,
N24001098,N24001098,138,CENTRAL SECTOR,MINISTRY OF ROAD TRANSPORT AND HIGHWAYS (STATE PWDs,UNKNOWN,CENTRAL / UNKNOWN,138.0,,24001098.0,cumulative_expenditure_only,2019-12,2024-03,,,2024-03,FR_mar_2024.pdf,Table: Month-wise Completed Projects,31.0,1.0,51.0,,
N24001103,N24001103,139,CENTRAL SECTOR,MINISTRY OF ROAD TRANSPORT AND HIGHWAYS (STATE PWDs,UNKNOWN,CENTRAL / UNKNOWN,139.0,,24001103.0,cumulative_expenditure_only,2019-07,2024-03,,,2024-03,FR_mar_2024.pdf,Table: Month-wise Completed Projects,31.0,1.0,56.0,,
N24001104,N24001104,212,ROAD TRANSPORT AND HIGHWAYS,MINISTRY OF ROAD TRANSPORT AND HIGHWAYS (STATE PWDs,ROAD TRANSPORT AND HIGHWAYS,CENTRAL / UNKNOWN,212.0,,24001104.0,cumulative_expenditure_only,2019-06,2024-03,,,2024-03,FR_mar_2024.pdf,Table: Month-wise Completed Projects,35.0,1.0,57.0,,
N24001115,N24001115,140,CENTRAL SECTOR,MINISTRY OF ROAD TRANSPORT AND HIGHWAYS (STATE PWDs,UNKNOWN,CENTRAL / UNKNOWN,140.0,,24001115.0,cumulative_expenditure_only,2019-11,2024-03,,,2024-03,FR_mar_2024.pdf,Table: Month-wise Completed Projects,31.0,1.0,52.0,,
N24001116,N24001116,141,CENTRAL SECTOR,MINISTRY OF ROAD TRANSPORT AND HIGHWAYS (STATE PWDs,UNKNOWN,CENTRAL / UNKNOWN,141.0,,24001116.0,cumulative_expenditure_only,2019-06,2024-03,,,2024-03,FR_mar_2024.pdf,Table: Month-wise Completed Projects,31.0,1.0,57.0,,
N24001117,N24001117,142,CENTRAL SECTOR,MINISTRY OF ROAD TRANSPORT AND HIGHWAYS (STATE PWDs,UNKNOWN,CENTRAL / UNKNOWN,142.0,,24001117.0,cumulative_expenditure_only,2019-07,2024-03,,,2024-03,FR_mar_2024.pdf,Table: Month-wise Completed Projects,31.0,1.0,56.0,,
N24001118,N24001118,143,CENTRAL SECTOR,MINISTRY OF ROAD TRANSPORT AND HIGHWAYS (STATE PWDs,UNKNOWN,CENTRAL / UNKNOWN,143.0,,24001118.0,cumulative_expenditure_only,2019-06,2024-03,,,2024-03,FR_mar_2024.pdf,Table: Month-wise Completed Projects,31.0,1.0,57.0,,
N24001128,N24001128,144,CENTRAL SECTOR,MINISTRY OF ROAD TRANSPORT AND HIGHWAYS (STATE PWDs,UNKNOWN,CENTRAL / UNKNOWN,144.0,,24001128.0,cumulative_expenditure_only,2019-07,2024-03,,,2024-03,FR_mar_2024.pdf,Table: Month-wise Completed Projects,31.0,1.0,56.0,,
N24001133,N24001133,145,CENTRAL SECTOR,MINISTRY OF ROAD TRANSPORT AND HIGHWAYS (STATE PWDs,UNKNOWN,CENTRAL / UNKNOWN,145.0,,24001133.0,cumulative_expenditure_only,2019-12,2024-03,,,2024-03,FR_mar_2024.pdf,Table: Month-wise Completed Projects,31.0,1.0,51.0,,
N24001135,N24001135,146,CENTRAL SECTOR,MINISTRY OF ROAD TRANSPORT AND HIGHWAYS (STATE PWDs,UNKNOWN,CENTRAL / UNKNOWN,146.0,,24001135.0,cumulative_expenditure_only,2019-02,2024-03,,,2024-03,FR_mar_2024.pdf,Table: Month-wise Completed Projects,31.0,1.0,61.0,,
N24001137,N24001137,147,CENTRAL SECTOR,MINISTRY OF ROAD TRANSPORT AND HIGHWAYS (STATE PWDs,UNKNOWN,CENTRAL / UNKNOWN,147.0,,24001137.0,cumulative_expenditure_only,2020-03,2024-03,,,2024-03,FR_mar_2024.pdf,Table: Month-wise Completed Projects,31.0,1.0,48.0,,
N24001149,N24001149,148,CENTRAL SECTOR,MINISTRY OF ROAD TRANSPORT AND HIGHWAYS (STATE PWDs,UNKNOWN,CENTRAL / UNKNOWN,148.0,,24001149.0,cumulative_expenditure_only,2019-12,2024-03,,,2024-03,FR_mar_2024.pdf,Table: Month-wise Completed Projects,31.0,1.0,51.0,,
N24001181,N24001181,104,CENTRAL SECTOR,"MINISTRY 
OF ROAD TRANSPORT AND HIGHWAYS (STATE PWDs",UNKNOWN,CENTRAL / UNKNOWN,104.0,,2.0,cumulative_expenditure_only,2014-09,2024-03,,,2024-03,FR_mar_2024.pdf,Table: Month-wise Completed Projects,29.0,1.0,114.0,,
N24001182,N24001182,18,CENTRAL SECTOR,"MINISTRY OF 
ROAD TRANSPORT AND HIGHWAYS (STATE PWDs",UNKNOWN,CENTRAL / UNKNOWN,18.0,,2.0,cumulative_expenditure_only,2021-01,2024-03,,,2024-03,FR_mar_2024.pdf,Table: Month-wise Completed Projects,24.0,1.0,38.0,,
N24001194,N24001194,(Rs. crore),CENTRAL SECTOR,Rs. crore,UNKNOWN,CENTRAL / UNKNOWN,167.0,,2.0,cumulative_expenditure_only,2027-03,2024-03,,,2024-03,FR_mar_2024.pdf,Table: Month-wise Completed Projects,33.0,0.0,-36.0,,
N24001198,N24001198,149,CENTRAL SECTOR,MINISTRY OF ROAD TRANSPORT AND HIGHWAYS (STATE PWDs,UNKNOWN,CENTRAL / UNKNOWN,149.0,,24001198.0,cumulative_expenditure_only,2021-03,2024-03,,,2024-03,FR_mar_2024.pdf,Table: Month-wise Completed Projects,31.0,1.0,36.0,,
N24001210,N24001210,(Rs. crore),CENTRAL SECTOR,Rs. crore,UNKNOWN,CENTRAL / UNKNOWN,279.0,,135.23,cumulative_expenditure_only,2021-06,2024-03,,,2024-03,FR_mar_2024.pdf,Table: Month-wise Completed Projects,40.0,1.0,33.0,,
N24001236,N24001236,213,ROAD TRANSPORT AND HIGHWAYS,"MINISTRY 
OF ROAD TRANSPORT AND HIGHWAYS (STATE PWDs",ROAD TRANSPORT AND HIGHWAYS,CENTRAL / UNKNOWN,213.0,,2.0,cumulative_expenditure_only,2019-11,2024-03,,,2024-03,FR_mar_2024.pdf,Table: Month-wise Completed Projects,35.0,1.0,52.0,,
N24001279,N24001279,84,ROAD TRANSPORT AND HIGHWAYS,PKG-II,ROAD TRANSPORT AND HIGHWAYS,CENTRAL / UNKNOWN,84.0,,24001279.0,cumulative_expenditure_only,2022-07,2024-03,,,2024-03,FR_mar_2024.pdf,Table: Month-wise Completed Projects,27.0,1.0,20.0,,
N24001289,N24001289,168,CENTRAL SECTOR,PACKAGE 1,UNKNOWN,CENTRAL / UNKNOWN,168.0,,2.0,cumulative_expenditure_only,2027-03,2024-03,,,2024-03,FR_mar_2024.pdf,Table: Month-wise Completed Projects,33.0,0.0,-36.0,,
N24001296,N24001296,169,CENTRAL SECTOR,"PACKAG   EPC(MINISTRY OF 
ROAD TRANSPORT AND HIGHWAYS (STATE PWDs",UNKNOWN,CENTRAL / UNKNOWN,169.0,,2.0,cumulative_expenditure_only,2027-03,2024-03,,,2024-03,FR_mar_2024.pdf,Table: Month-wise Completed Projects,33.0,0.0,-36.0,,
N24001298,N24001298,150,CENTRAL SECTOR,DESIGN KM 1023.280,UNKNOWN,CENTRAL / UNKNOWN,150.0,,4.0,cumulative_expenditure_only,2020-01,2024-03,,,2024-03,FR_mar_2024.pdf,Table: Month-wise Completed Projects,31.0,1.0,50.0,,
N24001307,N24001307,105,CENTRAL SECTOR,"25 K   EPC(MINISTRY 
OF ROAD TRANSPORT AND HIGHWAYS (STATE PWDs",UNKNOWN,CENTRAL / UNKNOWN,105.0,,2.0,cumulative_expenditure_only,2022-12,2024-03,,,2024-03,FR_mar_2024.pdf,Table: Month-wise Completed Projects,29.0,1.0,15.0,,
N24001312,N24001312,151,CENTRAL SECTOR,"1A 
PACKAGES",UNKNOWN,CENTRAL / UNKNOWN,151.0,,2.0,cumulative_expenditure_only,2022-06,2024-03,,,2024-03,FR_mar_2024.pdf,Table: Month-wise Completed Projects,31.0,1.0,21.0,,
N24001330,N24001330,280,CENTRAL SECTOR,"NATIONAL HIGHWAYS AND INFRASTRUCTURE DEVELOPMENT 
CORPORATION Ltd.",UNKNOWN,CENTRAL / UNKNOWN,280.0,,24001330.0,cumulative_expenditure_only,2023-12,2024-03,,,2024-03,FR_mar_2024.pdf,Table: Month-wise Completed Projects,40.0,1.0,3.0,,
N24001340,N24001340,(Rs. crore),CENTRAL SECTOR,Rs. crore,UNKNOWN,CENTRAL / UNKNOWN,152.0,,4.0,cumulative_expenditure_only,2021-07,2024-03,,,2024-03,FR_mar_2024.pdf,Table: Month-wise Completed Projects,32.0,1.0,32.0,,
N24001373,N24001373,170,CENTRAL SECTOR,NH-215,UNKNOWN,CENTRAL / UNKNOWN,170.0,,2.0,cumulative_expenditure_only,2024-02,2024-03,,,2024-03,FR_mar_2024.pdf,Table: Month-wise Completed Projects,33.0,1.0,1.0,,
N24001496,N24001496,19,CENTRAL SECTOR,INCLUDING SINNAR BYPASS,UNKNOWN,CENTRAL / UNKNOWN,19.0,,24001496.0,cumulative_expenditure_only,2022-08,2024-03,,,2024-03,FR_mar_2024.pdf,Table: Month-wise Completed Projects,24.0,1.0,19.0,,
N24001497,N24001497,281,CENTRAL SECTOR,Hybrid Annuity,UNKNOWN,CENTRAL / UNKNOWN,281.0,,24001497.0,cumulative_expenditure_only,2023-07,2024-03,,,2024-03,FR_mar_2024.pdf,Table: Month-wise Completed Projects,40.0,1.0,8.0,,
N24001499,N24001499,(Rs. crore),CENTRAL SECTOR,Rs. crore,UNKNOWN,CENTRAL / UNKNOWN,244.0,,4.0,cumulative_expenditure_only,2024-01,2024-03,,,2024-03,FR_mar_2024.pdf,Table: Month-wise Completed Projects,38.0,1.0,2.0,,
N24001509,N24001509,245,CENTRAL SECTOR,Hybrid Annuity,UNKNOWN,CENTRAL / UNKNOWN,245.0,,4.0,cumulative_expenditure_only,2021-04,2024-03,,,2024-03,FR_mar_2024.pdf,Table: Month-wise Completed Projects,38.0,1.0,35.0,,
N24001510,N24001510,91,ROAD TRANSPORT AND HIGHWAYS,OLD NH- 207,ROAD TRANSPORT AND HIGHWAYS,CENTRAL / UNKNOWN,91.0,,4.0,cumulative_expenditure_only,2021-02,2024-03,,,2024-03,FR_mar_2024.pdf,Table: Month-wise Completed Projects,28.0,1.0,37.0,,
N24001517,N24001517,153,CENTRAL SECTOR,"NATIONAL HIGHWAYS 
AUTHORITY OF INDIA",UNKNOWN,CENTRAL / UNKNOWN,153.0,,148.0,cumulative_expenditure_only,2023-04,2024-03,,,2024-03,FR_mar_2024.pdf,Table: Month-wise Completed Projects,32.0,1.0,11.0,,
N24001565,N24001565,171,CENTRAL SECTOR,NEAR CHAUTALA,UNKNOWN,CENTRAL / UNKNOWN,171.0,,24001565.0,cumulative_expenditure_only,2023-05,2024-03,,,2024-03,FR_mar_2024.pdf,Table: Month-wise Completed Projects,33.0,1.0,10.0,,
N24001574,N24001574,172,CENTRAL SECTOR,NEAR DHANDHANIYA,UNKNOWN,CENTRAL / UNKNOWN,172.0,,24001574.0,cumulative_expenditure_only,2022-12,2024-03,,,2024-03,FR_mar_2024.pdf,Table: Month-wise Completed Projects,33.0,1.0,15.0,,
N24001575,N24001575,173,CENTRAL SECTOR,NEAR DHANDHANIYA,UNKNOWN,CENTRAL / UNKNOWN,173.0,,24001575.0,cumulative_expenditure_only,2022-11,2024-03,,,2024-03,FR_mar_2024.pdf,Table: Month-wise Completed Projects,33.0,1.0,16.0,,
N24001576,N24001576,174,CENTRAL SECTOR,NEAR BIKANER,UNKNOWN,CENTRAL / UNKNOWN,174.0,,24001576.0,cumulative_expenditure_only,2022-10,2024-03,,,2024-03,FR_mar_2024.pdf,Table: Month-wise Completed Projects,33.0,1.0,17.0,,
N24001579,N24001579,175,CENTRAL SECTOR,NEAR CHAUTALA,UNKNOWN,CENTRAL / UNKNOWN,175.0,,24001579.0,cumulative_expenditure_only,2022-10,2024-03,,,2024-03,FR_mar_2024.pdf,Table: Month-wise Completed Projects,33.0,1.0,17.0,,
N24001580,N24001580,176,CENTRAL SECTOR,NEAR CHAUTALA,UNKNOWN,CENTRAL / UNKNOWN,176.0,,24001580.0,cumulative_expenditure_only,2022-10,2024-03,,,2024-03,FR_mar_2024.pdf,Table: Month-wise Completed Projects,33.0,1.0,17.0,,
N24001581,N24001581,177,CENTRAL SECTOR,NEAR CHAUTALA,UNKNOWN,CENTRAL / UNKNOWN,177.0,,24001581.0,cumulative_expenditure_only,2022-10,2024-03,,,2024-03,FR_mar_2024.pdf,Table: Month-wise Completed Projects,33.0,1.0,17.0,,
N24001582,N24001582,178,CENTRAL SECTOR,NEAR BIKANER,UNKNOWN,CENTRAL / UNKNOWN,178.0,,24001582.0,cumulative_expenditure_only,2022-01,2024-03,,,2024-03,FR_mar_2024.pdf,Table: Month-wise Completed Projects,33.0,1.0,26.0,,
N24001584,N24001584,179,CENTRAL SECTOR,NEAR BIKANER,UNKNOWN,CENTRAL / UNKNOWN,179.0,,24001584.0,cumulative_expenditure_only,2022-01,2024-03,,,2024-03,FR_mar_2024.pdf,Table: Month-wise Completed Projects,33.0,1.0,26.0,,
N24001585,N24001585,(Rs. crore),CENTRAL SECTOR,Rs. crore,UNKNOWN,CENTRAL / UNKNOWN,30.0,,24001585.0,cumulative_expenditure_only,2022-06,2024-03,,,2024-03,FR_mar_2024.pdf,Table: Month-wise Completed Projects,25.0,1.0,21.0,,
N24001586,N24001586,180,CENTRAL SECTOR,NEAR CHAUTALA,UNKNOWN,CENTRAL / UNKNOWN,180.0,,24001586.0,cumulative_expenditure_only,2022-06,2024-03,,,2024-03,FR_mar_2024.pdf,Table: Month-wise Completed Projects,33.0,1.0,21.0,,
N24001592,N24001592,154,CENTRAL SECTOR,Hybrid Annuity,UNKNOWN,CENTRAL / UNKNOWN,154.0,,4.0,cumulative_expenditure_only,2022-12,2024-03,,,2024-03,FR_mar_2024.pdf,Table: Month-wise Completed Projects,32.0,1.0,15.0,,
N24001613,N24001613,181,CENTRAL SECTOR,NEAR DHANDHANIYA,UNKNOWN,CENTRAL / UNKNOWN,181.0,,24001613.0,cumulative_expenditure_only,2023-03,2024-03,,,2024-03,FR_mar_2024.pdf,Table: Month-wise Completed Projects,33.0,1.0,12.0,,
N24001713,N24001713,106,CENTRAL SECTOR,LCW,UNKNOWN,CENTRAL / UNKNOWN,106.0,,2.0,cumulative_expenditure_only,2020-06,2024-03,,,2024-03,FR_mar_2024.pdf,Table: Month-wise Completed Projects,29.0,1.0,45.0,,
N24001740,N24001740,246,CENTRAL SECTOR,Hybrid Annuity Mode,UNKNOWN,CENTRAL / UNKNOWN,246.0,,24001740.0,cumulative_expenditure_only,2023-09,2024-03,,,2024-03,FR_mar_2024.pdf,Table: Month-wise Completed Projects,38.0,1.0,6.0,,
N24001741,N24001741,214,ROAD TRANSPORT AND HIGHWAYS,NATIONAL HIGHWAYS AUTHORITY OF INDIA,ROAD TRANSPORT AND HIGHWAYS,CENTRAL / UNKNOWN,214.0,,4.0,cumulative_expenditure_only,2023-01,2024-03,,,2024-03,FR_mar_2024.pdf,Table: Month-wise Completed Projects,35.0,1.0,14.0,,
N24001743,N24001743,247,CENTRAL SECTOR,SULTANPUR ROAD TO BEHTA ROAD,UNKNOWN,CENTRAL / UNKNOWN,247.0,,17.4,cumulative_expenditure_only,2023-02,2024-03,,,2024-03,FR_mar_2024.pdf,Table: Month-wise Completed Projects,38.0,1.0,13.0,,
N24001751,N24001751,248,CENTRAL SECTOR,PACKAGE V,UNKNOWN,CENTRAL / UNKNOWN,248.0,,4.0,cumulative_expenditure_only,2021-09,2024-03,,,2024-03,FR_mar_2024.pdf,Table: Month-wise Completed Projects,38.0,1.0,30.0,,
N24001760,N24001760,249,CENTRAL SECTOR,UPTO RJ BORDER,UNKNOWN,CENTRAL / UNKNOWN,249.0,,2.0,cumulative_expenditure_only,2023-06,2024-03,,,2024-03,FR_mar_2024.pdf,Table: Month-wise Completed Projects,38.0,1.0,9.0,,
N24001800,N24001800,(Rs. crore),CENTRAL SECTOR,Rs. crore,UNKNOWN,CENTRAL / UNKNOWN,215.0,,4.0,cumulative_expenditure_only,2023-07,2024-03,,,2024-03,FR_mar_2024.pdf,Table: Month-wise Completed Projects,36.0,1.0,8.0,,
N24001801,N24001801,216,CENTRAL SECTOR,PKG II,UNKNOWN,CENTRAL / UNKNOWN,216.0,,4.0,cumulative_expenditure_only,2023-02,2024-03,,,2024-03,FR_mar_2024.pdf,Table: Month-wise Completed Projects,36.0,1.0,13.0,,
N24001802,N24001802,182,CENTRAL SECTOR,PKG IV,UNKNOWN,CENTRAL / UNKNOWN,182.0,,4.0,cumulative_expenditure_only,2023-05,2024-03,,,2024-03,FR_mar_2024.pdf,Table: Month-wise Completed Projects,33.0,1.0,10.0,,
N24001949,N24001949,NH167B FROM KM 99.103 CS PURAM TO KM 143.320 MALAKONDA TO 2LPS,UNKNOWN,MoRTH,UNKNOWN,N24001949,277.3,,206.25,cumulative_expenditure_crore,2024-03,2024-03,,,2025-04,FRApril2025.pdf,Table 3: Completed Projects,,0.0,0.0,,
N28000085,N28000085,20,URBAN DEVELOPMENT,NAGPUR METRO RAIL CORPORATION LTD,URBAN DEVELOPMENT,CENTRAL / UNKNOWN,20.0,,28000085.0,cumulative_expenditure_only,2018-03,2024-03,,,2024-03,FR_mar_2024.pdf,Table: Month-wise Completed Projects,24.0,1.0,72.0,,
N28000120,N28000120,183,CENTRAL SECTOR,CPWD OF HIGHER EDUCATION,UNKNOWN,CENTRAL / UNKNOWN,183.0,,28000120.0,cumulative_expenditure_only,2020-05,2024-03,,,2024-03,FR_mar_2024.pdf,Table: Month-wise Completed Projects,33.0,1.0,46.0,,
N38000001,N38000001,CENTRE FOR DISABILITY SPORTS URBAN DEVELOPMENT,UNKNOWN,CPWD,UNKNOWN,N38000001,170.99,,162.63,cumulative_expenditure_crore,2024-03,2024-03,,,2025-06,FR_JUNE_2025.pdf,Table 3: Completed Projects,,0.0,0.0,,
220100205,220100205,17,RAILWAYS,NL,RAILWAYS,CENTRAL / UNKNOWN,17.0,,220100205.0,cumulative_expenditure_only,2000-03,2024-04,,,2024-04,May_Part-2.pdf,Table: Month-wise Completed Projects,5.0,1.0,289.0,,
618382,N24000864,Widening and up-gradation to 2-lane with paved shoulder configuration and geometric improvements from km 298.00 to km 339.00 on Aizawl-Tuipang section under JICA ODA Loan assistance Phase-I Package-7,UNKNOWN,NHIDCL,UNKNOWN,Mizoram (10/2020),605.76,750.32,132.33,revised_cost_crore,2025-05,2024-04,,,2026-06,FlashReport_June_2026.pdf,Table 3: Completed Projects,,0.0,-13.0,1.0,23.864236661384055
618665,N24001615,4L of Sagar - Mohari from Km.8 to Km.50 Pkg-I Madhya Pradesh 03/2021,UNKNOWN,NHAI,UNKNOWN,Madhya Pradesh,790.78,660.38,555.28,revised_cost_crore,2026-03,2024-04,,,2026-06,FlashReport_June_2026.pdf,Table 3: Completed Projects,,0.0,-23.0,0.0,-16.490047800905433
618689,N24001746,4L Rampur Bypass from Km. 181.000 to Km. 189.500 Uttar Pradesh 10/2021 Ministry of Steel Steel Total (9) 10817.52 6364.77,UNKNOWN,National Highways Authority of India [NHAI],UNKNOWN,Uttar Pradesh,364.47,307.95,272.05,revised_cost_crore,2026-03,2024-04,,,2026-03,FlashReport_March_2026.pdf,Table 3: Completed Projects,,0.0,-23.0,0.0,-15.507449172771432
N06000106,N06000106,1,COAL,6MTY,COAL,CENTRAL / UNKNOWN,6.0,,6000106.0,cumulative_expenditure_only,2021-03,2024-04,,,2024-04,May_Part-2.pdf,Table: Month-wise Completed Projects,5.0,1.0,37.0,,
N06000159,N06000159,2,COAL,NORTHERN COAL FIELDS LIMITED,COAL,CENTRAL / UNKNOWN,6.0,,6000106.0,cumulative_expenditure_only,2021-03,2024-04,,,2024-04,May_Part-2.pdf,Table: Month-wise Completed Projects,5.0,1.0,37.0,,
N16000289,N16000289,3,PETROLEUM,CGD,PETROLEUM,CENTRAL / UNKNOWN,3.0,,16000289.0,cumulative_expenditure_only,2022-07,2024-04,,,2024-04,May_Part-2.pdf,Table: Month-wise Completed Projects,5.0,1.0,21.0,,
N16000314,N16000314,4,PETROLEUM,Kochi Salem Pipeline Private Limited(JV,PETROLEUM,CENTRAL / UNKNOWN,4.0,,16000314.0,cumulative_expenditure_only,2019-06,2024-04,,,2024-04,May_Part-2.pdf,Table: Month-wise Completed Projects,5.0,1.0,58.0,,
N16000327,N16000327,5,PETROLEUM,CGD,PETROLEUM,CENTRAL / UNKNOWN,4.0,,16000314.0,cumulative_expenditure_only,2022-10,2024-04,,,2024-04,May_Part-2.pdf,Table: Month-wise Completed Projects,5.0,1.0,18.0,,
N16000328,N16000328,6,PETROLEUM,CGD,PETROLEUM,CENTRAL / UNKNOWN,5.0,,16000327.0,cumulative_expenditure_only,2022-07,2024-04,,,2024-04,May_Part-2.pdf,Table: Month-wise Completed Projects,5.0,1.0,21.0,,
N16000329,N16000329,7,PETROLEUM,CGD,PETROLEUM,CENTRAL / UNKNOWN,6.0,,16000328.0,cumulative_expenditure_only,2022-10,2024-04,,,2024-04,May_Part-2.pdf,Table: Month-wise Completed Projects,5.0,1.0,18.0,,
N16000332,N16000332,8,PETROLEUM,"INDIAN OIL 
CORPORATION LIMITED",PETROLEUM,CENTRAL / UNKNOWN,7.0,,16000329.0,cumulative_expenditure_only,2022-09,2024-04,,,2024-04,May_Part-2.pdf,Table: Month-wise Completed Projects,5.0,1.0,19.0,,
N16000349,N16000349,9,PETROLEUM,"GAS 
AUTHORITY OF INDIA LIMITED",PETROLEUM,CENTRAL / UNKNOWN,9.0,,16000349.0,cumulative_expenditure_only,2021-02,2024-04,,,2024-04,May_Part-2.pdf,Table: Month-wise Completed Projects,5.0,1.0,38.0,,
N16000374,N16000374,10,PETROLEUM,BHARAT PETROLEUM CORPORATION LIMITED,PETROLEUM,CENTRAL / UNKNOWN,10.0,,2.0,cumulative_expenditure_only,2022-08,2024-04,,,2024-04,May_Part-2.pdf,Table: Month-wise Completed Projects,5.0,1.0,20.0,,
N16000385,N16000385,11,PETROLEUM,EAAA,PETROLEUM,CENTRAL / UNKNOWN,10.0,,2.0,cumulative_expenditure_only,2026-09,2024-04,,,2024-04,May_Part-2.pdf,Table: Month-wise Completed Projects,5.0,0.0,-29.0,,
N16000387,N16000387,12,PETROLEUM,HINDUSTAN PETROLEUM CORPORATION LIMITED,PETROLEUM,CENTRAL / UNKNOWN,12.0,,16000387.0,cumulative_expenditure_only,2029-03,2024-04,,,2024-04,May_Part-2.pdf,Table: Month-wise Completed Projects,5.0,0.0,-59.0,,
N16000389,N16000389,13,PETROLEUM,GAS AUTHORITY OF INDIA LIMITED,PETROLEUM,CENTRAL / UNKNOWN,12.0,,16000387.0,cumulative_expenditure_only,2022-10,2024-04,,,2024-04,May_Part-2.pdf,Table: Month-wise Completed Projects,5.0,1.0,18.0,,
N16000472,N16000472,14,PETROLEUM,"BHARAT 
PETROLEUM CORPORATION LIMITED",PETROLEUM,CENTRAL / UNKNOWN,13.0,,16000389.0,cumulative_expenditure_only,2028-09,2024-04,,,2024-04,April_Part-II_List_of_tables.pdf,Table: Month-wise Completed Projects,5.0,0.0,-53.0,,
N16000501,N16000501,(Rs. crore),CENTRAL SECTOR,Rs. crore,UNKNOWN,CENTRAL / UNKNOWN,74.0,,10.0,cumulative_expenditure_only,2023-11,2024-04,,,2024-04,May_Part-2.pdf,Table: Month-wise Completed Projects,9.0,1.0,5.0,,
N16000516,N16000516,15,PETROLEUM,HPOIL Gas Pvt. Ltd,PETROLEUM,CENTRAL / UNKNOWN,15.0,,16000516.0,cumulative_expenditure_only,2025-05,2024-04,,,2024-04,May_Part-2.pdf,Table: Month-wise Completed Projects,5.0,0.0,-13.0,,
N16000517,N16000517,16,PETROLEUM,HPOIL Gas Pvt. Ltd,PETROLEUM,CENTRAL / UNKNOWN,15.0,,16000516.0,cumulative_expenditure_only,2025-03,2024-04,,,2024-04,May_Part-2.pdf,Table: Month-wise Completed Projects,5.0,0.0,-11.0,,
N18000369,N18000369,75,POWER,NATIONAL THERMAL POWER CORPORATION,POWER,CENTRAL / UNKNOWN,75.0,,18000369.0,cumulative_expenditure_only,2024-04,2024-04,,,2024-04,May_Part-2.pdf,Table: Month-wise Completed Projects,9.0,0.0,0.0,,
N22000213,N22000213,18,RAILWAYS,MMTS,RAILWAYS,CENTRAL / UNKNOWN,17.0,,220100205.0,cumulative_expenditure_only,2016-03,2024-04,,,2024-04,May_Part-2.pdf,Table: Month-wise Completed Projects,5.0,1.0,97.0,,
N22000301,N22000301,(Rs. crore),CENTRAL SECTOR,Rs. crore,UNKNOWN,CENTRAL / UNKNOWN,19.0,,22000301.0,cumulative_expenditure_only,2022-03,2024-04,,,2024-04,May_Part-2.pdf,Table: Month-wise Completed Projects,6.0,1.0,25.0,,
N22000347,N22000347,20,CENTRAL SECTOR,NORTH EASTERN RAILWAY,UNKNOWN,CENTRAL / UNKNOWN,20.0,,22000347.0,cumulative_expenditure_only,2022-03,2024-04,,,2024-04,May_Part-2.pdf,Table: Month-wise Completed Projects,6.0,1.0,25.0,,
N22000404,N22000404,21,CENTRAL SECTOR,RAIL VIKAS NIGAM LTD.,UNKNOWN,CENTRAL / UNKNOWN,20.0,,22000347.0,cumulative_expenditure_only,2019-03,2024-04,,,2024-04,May_Part-2.pdf,Table: Month-wise Completed Projects,6.0,1.0,61.0,,
N22000405,N22000405,22,CENTRAL SECTOR,RAIL VIKAS NIGAM LTD.,UNKNOWN,CENTRAL / UNKNOWN,21.0,,22000404.0,cumulative_expenditure_only,2023-03,2024-04,,,2024-04,May_Part-2.pdf,Table: Month-wise Completed Projects,6.0,1.0,13.0,,
N22000412,N22000412,23,CENTRAL SECTOR,RAIL VIKAS NIGAM LTD.,UNKNOWN,CENTRAL / UNKNOWN,22.0,,22000405.0,cumulative_expenditure_only,2019-03,2024-04,,,2024-04,May_Part-2.pdf,Table: Month-wise Completed Projects,6.0,1.0,61.0,,
N22000449,N22000449,24,CENTRAL SECTOR,102 KM,UNKNOWN,CENTRAL / UNKNOWN,23.0,,22000412.0,cumulative_expenditure_only,2022-03,2024-04,,,2024-04,May_Part-2.pdf,Table: Month-wise Completed Projects,6.0,1.0,25.0,,
N22000493,N22000493,25,CENTRAL SECTOR,80 KMS,UNKNOWN,CENTRAL / UNKNOWN,24.0,,102.0,cumulative_expenditure_only,2020-06,2024-04,,,2024-04,May_Part-2.pdf,Table: Month-wise Completed Projects,6.0,1.0,46.0,,
N22000530,N22000530,26,RAILWAYS,29.48 km,RAILWAYS,CENTRAL / UNKNOWN,25.0,,80.0,cumulative_expenditure_only,2024-03,2024-04,,,2024-04,May_Part-2.pdf,Table: Month-wise Completed Projects,6.0,1.0,1.0,,
N22000588,N22000588,27,RAILWAYS,33 KM,RAILWAYS,CENTRAL / UNKNOWN,26.0,,29.48,cumulative_expenditure_only,2024-02,2024-04,,,2024-04,May_Part-2.pdf,Table: Month-wise Completed Projects,6.0,1.0,2.0,,
N22000617,N22000617,28,RAILWAYS,KHODRI-ANUPPUR,RAILWAYS,CENTRAL / UNKNOWN,27.0,,3.0,cumulative_expenditure_only,2024-03,2024-04,,,2024-04,May_Part-2.pdf,Table: Month-wise Completed Projects,6.0,1.0,1.0,,
N24000566,N24000566,76,ROAD TRANSPORT AND HIGHWAYS,"NATIONAL 
HIGHWAYS AUTHORITY OF INDIA",ROAD TRANSPORT AND HIGHWAYS,CENTRAL / UNKNOWN,76.0,,4.0,cumulative_expenditure_only,2018-06,2024-04,,,2024-04,May_Part-2.pdf,Table: Month-wise Completed Projects,9.0,1.0,70.0,,
N24000628,N24000628,29,ROAD TRANSPORT AND HIGHWAYS,FROM KM 422.700-510.00,ROAD TRANSPORT AND HIGHWAYS,CENTRAL / UNKNOWN,29.0,,4.0,cumulative_expenditure_only,2021-07,2024-04,,,2024-04,May_Part-2.pdf,Table: Month-wise Completed Projects,6.0,1.0,33.0,,
N24000630,N24000630,30,ROAD TRANSPORT AND HIGHWAYS,"FROM KM. 
43.400 TO KM. 82.209",ROAD TRANSPORT AND HIGHWAYS,CENTRAL / UNKNOWN,29.0,,4.0,cumulative_expenditure_only,2019-03,2024-04,,,2024-04,May_Part-2.pdf,Table: Month-wise Completed Projects,6.0,1.0,61.0,,
N24000687,N24000687,31,ROAD TRANSPORT AND HIGHWAYS,"EXISTING KM 140.000 TO KM 1    (NATIONAL 
HIGHWAYS AND INFRASTRUCTURE DEVELOPMENT CORPORATION 
Ltd.",ROAD TRANSPORT AND HIGHWAYS,CENTRAL / UNKNOWN,31.0,,138.775,cumulative_expenditure_only,2019-08,2024-04,,,2024-04,May_Part-2.pdf,Table: Month-wise Completed Projects,6.0,1.0,56.0,,
N24000701,N24000701,77,ROAD TRANSPORT AND HIGHWAYS,NATIONAL HIGHWAYS AUTHORITY OF INDIA,ROAD TRANSPORT AND HIGHWAYS,CENTRAL / UNKNOWN,77.0,,24000701.0,cumulative_expenditure_only,2021-04,2024-04,,,2024-04,May_Part-2.pdf,Table: Month-wise Completed Projects,9.0,1.0,36.0,,
N24000764,N24000764,78,ROAD TRANSPORT AND HIGHWAYS,"NATIONAL HIGHWAYS AND INFRASTRUCTURE DEVELOPMENT 
CORPORATION Ltd.",ROAD TRANSPORT AND HIGHWAYS,CENTRAL / UNKNOWN,78.0,,41.065,cumulative_expenditure_only,2022-10,2024-04,,,2024-04,May_Part-2.pdf,Table: Month-wise Completed Projects,9.0,1.0,18.0,,
N24000828,N24000828,32,ROAD TRANSPORT AND HIGHWAYS,KM. 98.433,ROAD TRANSPORT AND HIGHWAYS,CENTRAL / UNKNOWN,32.0,,98.433,cumulative_expenditure_only,2023-09,2024-04,,,2024-04,May_Part-2.pdf,Table: Month-wise Completed Projects,6.0,1.0,7.0,,
N24000922,N24000922,79,ROAD TRANSPORT AND HIGHWAYS,"MINISTRY 
OF ROAD TRANSPORT AND HIGHWAYS (STATE PWDs",ROAD TRANSPORT AND HIGHWAYS,CENTRAL / UNKNOWN,79.0,,147.0,cumulative_expenditure_only,2020-11,2024-04,,,2024-04,May_Part-2.pdf,Table: Month-wise Completed Projects,9.0,1.0,41.0,,
N24000926,N24000926,80,ROAD TRANSPORT AND HIGHWAYS,"MINISTRY OF ROAD TRANSPORT AND HIGHWAYS (STATE 
PWDs",ROAD TRANSPORT AND HIGHWAYS,CENTRAL / UNKNOWN,80.0,,24000926.0,cumulative_expenditure_only,2020-09,2024-04,,,2024-04,May_Part-2.pdf,Table: Month-wise Completed Projects,9.0,1.0,43.0,,
N24001004,N24001004,33,ROAD TRANSPORT AND HIGHWAYS,MINISTRY OF ROAD TRANSPORT AND HIGHWAYS (STATE PWDs,ROAD TRANSPORT AND HIGHWAYS,CENTRAL / UNKNOWN,33.0,,4.0,cumulative_expenditure_only,2020-05,2024-04,,,2024-04,May_Part-2.pdf,Table: Month-wise Completed Projects,6.0,1.0,47.0,,
N24001005,N24001005,34,ROAD TRANSPORT AND HIGHWAYS,MINISTRY OF ROAD TRANSPORT AND HIGHWAYS (STATE PWDs,ROAD TRANSPORT AND HIGHWAYS,CENTRAL / UNKNOWN,34.0,,24001005.0,cumulative_expenditure_only,2019-12,2024-04,,,2024-04,May_Part-2.pdf,Table: Month-wise Completed Projects,6.0,1.0,52.0,,
N24001151,N24001151,81,ROAD TRANSPORT AND HIGHWAYS,"MINISTRY 
OF ROAD TRANSPORT AND HIGHWAYS (STATE PWDs",ROAD TRANSPORT AND HIGHWAYS,CENTRAL / UNKNOWN,81.0,,155.0,cumulative_expenditure_only,2018-03,2024-04,,,2024-04,May_Part-2.pdf,Table: Month-wise Completed Projects,9.0,1.0,73.0,,
N24001197,N24001197,82,ROAD TRANSPORT AND HIGHWAYS,"MINISTRY 
OF ROAD TRANSPORT AND HIGHWAYS (STATE PWDs",ROAD TRANSPORT AND HIGHWAYS,CENTRAL / UNKNOWN,82.0,,341.0,cumulative_expenditure_only,2021-06,2024-04,,,2024-04,May_Part-2.pdf,Table: Month-wise Completed Projects,9.0,1.0,34.0,,
N24001199,N24001199,35,ROAD TRANSPORT AND HIGHWAYS,NATIONAL HIGHWAYS AUTHORITY OF INDIA,ROAD TRANSPORT AND HIGHWAYS,CENTRAL / UNKNOWN,35.0,,24001199.0,cumulative_expenditure_only,2021-12,2024-04,,,2024-04,May_Part-2.pdf,Table: Month-wise Completed Projects,6.0,1.0,28.0,,
N24001213,N24001213,36,ROAD TRANSPORT AND HIGHWAYS,NATIONAL HIGHWAYS AUTHORITY OF INDIA,ROAD TRANSPORT AND HIGHWAYS,CENTRAL / UNKNOWN,36.0,,24001213.0,cumulative_expenditure_only,2022-02,2024-04,,,2024-04,May_Part-2.pdf,Table: Month-wise Completed Projects,6.0,1.0,26.0,,
N24001224,N24001224,37,ROAD TRANSPORT AND HIGHWAYS,"MINISTRY OF 
ROAD TRANSPORT AND HIGHWAYS (STATE PWDs",ROAD TRANSPORT AND HIGHWAYS,CENTRAL / UNKNOWN,37.0,,78.0,cumulative_expenditure_only,2018-01,2024-04,,,2024-04,May_Part-2.pdf,Table: Month-wise Completed Projects,6.0,1.0,75.0,,
N24001231,N24001231,38,ROAD TRANSPORT AND HIGHWAYS,NATIONAL HIGHWAYS AUTHORITY OF INDIA,ROAD TRANSPORT AND HIGHWAYS,CENTRAL / UNKNOWN,38.0,,24001231.0,cumulative_expenditure_only,2021-12,2024-04,,,2024-04,May_Part-2.pdf,Table: Month-wise Completed Projects,6.0,1.0,28.0,,
N24001232,N24001232,(Rs. crore),CENTRAL SECTOR,Rs. crore,UNKNOWN,CENTRAL / UNKNOWN,39.0,,24001232.0,cumulative_expenditure_only,2022-03,2024-04,,,2024-04,May_Part-2.pdf,Table: Month-wise Completed Projects,7.0,1.0,25.0,,
N24001233,N24001233,40,CENTRAL SECTOR,NATIONAL HIGHWAYS AUTHORITY OF INDIA,UNKNOWN,CENTRAL / UNKNOWN,40.0,,24001233.0,cumulative_expenditure_only,2020-05,2024-04,,,2024-04,May_Part-2.pdf,Table: Month-wise Completed Projects,7.0,1.0,47.0,,
N24001234,N24001234,41,CENTRAL SECTOR,NATIONAL HIGHWAYS AUTHORITY OF INDIA,UNKNOWN,CENTRAL / UNKNOWN,41.0,,24001234.0,cumulative_expenditure_only,2022-03,2024-04,,,2024-04,May_Part-2.pdf,Table: Month-wise Completed Projects,7.0,1.0,25.0,,
N24001242,N24001242,42,CENTRAL SECTOR,"K    
(MINISTRY OF ROAD TRANSPORT AND HIGHWAYS (STATE PWDs",UNKNOWN,CENTRAL / UNKNOWN,42.0,,2.0,cumulative_expenditure_only,2022-11,2024-04,,,2024-04,May_Part-2.pdf,Table: Month-wise Completed Projects,7.0,1.0,17.0,,
N24001247,N24001247,43,CENTRAL SECTOR,PKG I,UNKNOWN,CENTRAL / UNKNOWN,43.0,,2.0,cumulative_expenditure_only,2022-01,2024-04,,,2024-04,May_Part-2.pdf,Table: Month-wise Completed Projects,7.0,1.0,27.0,,
N24001265,N24001265,44,CENTRAL SECTOR,"NATIONAL 
HIGHWAYS AND INFRASTRUCTURE DEVELOPMENT CORPORATION 
Ltd.",UNKNOWN,CENTRAL / UNKNOWN,44.0,,11.8,cumulative_expenditure_only,2022-07,2024-04,,,2024-04,May_Part-2.pdf,Table: Month-wise Completed Projects,7.0,1.0,21.0,,
N24001267,N24001267,45,CENTRAL SECTOR,"NATIONAL 
HIGHWAYS AND INFRASTRUCTURE DEVELOPMENT CORPORATION 
Ltd.",UNKNOWN,CENTRAL / UNKNOWN,45.0,,11.8,cumulative_expenditure_only,2022-07,2024-04,,,2024-04,May_Part-2.pdf,Table: Month-wise Completed Projects,7.0,1.0,21.0,,
N24001285,N24001285,83,ROAD TRANSPORT AND HIGHWAYS,PACKAGE IV,ROAD TRANSPORT AND HIGHWAYS,CENTRAL / UNKNOWN,83.0,,2.0,cumulative_expenditure_only,2021-12,2024-04,,,2024-04,May_Part-2.pdf,Table: Month-wise Completed Projects,9.0,1.0,28.0,,
N24001294,N24001294,46,CENTRAL SECTOR,"PACKAGE   EPC(MINISTRY OF 
ROAD TRANSPORT AND HIGHWAYS (STATE PWDs",UNKNOWN,CENTRAL / UNKNOWN,46.0,,2.0,cumulative_expenditure_only,2027-03,2024-04,,,2024-04,May_Part-2.pdf,Table: Month-wise Completed Projects,7.0,0.0,-35.0,,
N24001346,N24001346,47,CENTRAL SECTOR,"NATIONAL HIGHWAYS AND INFRASTRUCTURE DEVELOPMENT 
CORPORATION Ltd.",UNKNOWN,CENTRAL / UNKNOWN,47.0,,24001346.0,cumulative_expenditure_only,2024-05,2024-04,,,2024-04,May_Part-2.pdf,Table: Month-wise Completed Projects,7.0,0.0,-1.0,,
N24001347,N24001347,48,CENTRAL SECTOR,"NATIONAL HIGHWAYS AND INFRASTRUCTURE DEVELOPMENT 
CORPORATION Ltd.",UNKNOWN,CENTRAL / UNKNOWN,48.0,,24001347.0,cumulative_expenditure_only,2024-06,2024-04,,,2024-04,May_Part-2.pdf,Table: Month-wise Completed Projects,7.0,0.0,-2.0,,
N24001367,N24001367,49,CENTRAL SECTOR,"NATIONAL HIGHWAYS AND INFRASTRUCTURE DEVELOPMENT 
CORPORATION Ltd.",UNKNOWN,CENTRAL / UNKNOWN,49.0,,24001367.0,cumulative_expenditure_only,2022-12,2024-04,,,2024-04,May_Part-2.pdf,Table: Month-wise Completed Projects,7.0,1.0,16.0,,
N24001410,N24001410,50,CENTRAL SECTOR,KM 30.00 TO KM 74.00,UNKNOWN,CENTRAL / UNKNOWN,50.0,,4.0,cumulative_expenditure_only,2022-12,2024-04,,,2024-04,May_Part-2.pdf,Table: Month-wise Completed Projects,7.0,1.0,16.0,,
N24001435,N24001435,84,ROAD TRANSPORT AND HIGHWAYS,"NATIONAL HIGHWAYS AND INFRASTRUCTURE DEVELOPMENT 
CORPORATION Ltd.",ROAD TRANSPORT AND HIGHWAYS,CENTRAL / UNKNOWN,84.0,,4.0,cumulative_expenditure_only,2022-06,2024-04,,,2024-04,May_Part-2.pdf,Table: Month-wise Completed Projects,9.0,1.0,22.0,,
N24001454,N24001454,51,CENTRAL SECTOR,"MINISTRY 
OF ROAD TRANSPORT AND HIGHWAYS (STATE PWDs",UNKNOWN,CENTRAL / UNKNOWN,51.0,,34.0,cumulative_expenditure_only,2022-08,2024-04,,,2024-04,May_Part-2.pdf,Table: Month-wise Completed Projects,7.0,1.0,20.0,,
N24001591,N24001591,52,CENTRAL SECTOR,"Hybrid 
Annuity",UNKNOWN,CENTRAL / UNKNOWN,52.0,,4.0,cumulative_expenditure_only,2024-01,2024-04,,,2024-04,May_Part-2.pdf,Table: Month-wise Completed Projects,7.0,1.0,3.0,,
N24001695,N24001695,53,CENTRAL SECTOR,KM 38.00,UNKNOWN,CENTRAL / UNKNOWN,53.0,,8.0,cumulative_expenditure_only,2022-02,2024-04,,,2024-04,May_Part-2.pdf,Table: Month-wise Completed Projects,7.0,1.0,26.0,,
N24001724,N24001724,54,CENTRAL SECTOR,"NATIONAL HIGHWAYS 
AUTHORITY OF INDIA",UNKNOWN,CENTRAL / UNKNOWN,54.0,,2.0,cumulative_expenditure_only,2021-07,2024-04,,,2024-04,May_Part-2.pdf,Table: Month-wise Completed Projects,7.0,1.0,33.0,,
N24001742,N24001742,55,CENTRAL SECTOR,NATIONAL HIGHWAYS AUTHORITY OF INDIA,UNKNOWN,CENTRAL / UNKNOWN,55.0,,4.0,cumulative_expenditure_only,2022-10,2024-04,,,2024-04,May_Part-2.pdf,Table: Month-wise Completed Projects,7.0,1.0,18.0,,
N24001782,N24001782,85,ROAD TRANSPORT AND HIGHWAYS,NATIONAL HIGHWAYS AUTHORITY OF INDIA,ROAD TRANSPORT AND HIGHWAYS,CENTRAL / UNKNOWN,85.0,,8.0,cumulative_expenditure_only,2021-09,2024-04,,,2024-04,May_Part-2.pdf,Table: Month-wise Completed Projects,9.0,1.0,31.0,,
N24001787,N24001787,86,ROAD TRANSPORT AND HIGHWAYS,"Hybrid Annuity 
Mode",ROAD TRANSPORT AND HIGHWAYS,CENTRAL / UNKNOWN,86.0,,4.0,cumulative_expenditure_only,2023-10,2024-04,,,2024-04,May_Part-2.pdf,Table: Month-wise Completed Projects,9.0,1.0,6.0,,
N24001803,N24001803,(Rs. crore),CENTRAL SECTOR,Rs. crore,UNKNOWN,CENTRAL / UNKNOWN,56.0,,4.0,cumulative_expenditure_only,2022-11,2024-04,,,2024-04,May_Part-2.pdf,Table: Month-wise Completed Projects,8.0,1.0,17.0,,
N24001805,N24001805,57,CENTRAL SECTOR,Hybrid Annuity Mode,UNKNOWN,CENTRAL / UNKNOWN,57.0,,4.0,cumulative_expenditure_only,2021-03,2024-04,,,2024-04,May_Part-2.pdf,Table: Month-wise Completed Projects,8.0,1.0,37.0,,
N24001806,N24001806,58,CENTRAL SECTOR,Hybrid Annuity Mode,UNKNOWN,CENTRAL / UNKNOWN,58.0,,114.6,cumulative_expenditure_only,2023-03,2024-04,,,2024-04,May_Part-2.pdf,Table: Month-wise Completed Projects,8.0,1.0,13.0,,
N24001807,N24001807,59,CENTRAL SECTOR,KM 47.700,UNKNOWN,CENTRAL / UNKNOWN,59.0,,47.7,cumulative_expenditure_only,2021-10,2024-04,,,2024-04,May_Part-2.pdf,Table: Month-wise Completed Projects,8.0,1.0,30.0,,
N24001816,N24001816,60,CENTRAL SECTOR,"Hybrid Annuity 
Mode",UNKNOWN,CENTRAL / UNKNOWN,60.0,,47.93,cumulative_expenditure_only,2023-03,2024-04,,,2024-04,May_Part-2.pdf,Table: Month-wise Completed Projects,8.0,1.0,13.0,,
N24001839,N24001839,87,ROAD TRANSPORT AND HIGHWAYS,PKG-3,ROAD TRANSPORT AND HIGHWAYS,CENTRAL / UNKNOWN,87.0,,6.0,cumulative_expenditure_only,2024-02,2024-04,,,2024-04,May_Part-2.pdf,Table: Month-wise Completed Projects,9.0,1.0,2.0,,
N28000075,N28000075,88,ROAD TRANSPORT AND HIGHWAYS,CPWD OF HIGHER EDUCATION,ROAD TRANSPORT AND HIGHWAYS,CENTRAL / UNKNOWN,88.0,,28000075.0,cumulative_expenditure_only,2012-10,2024-04,,,2024-04,May_Part-2.pdf,Table: Month-wise Completed Projects,9.0,1.0,138.0,,
N28000103,N28000103,61,DEFENCE,CPWD FOR DEFENCE,DEFENCE,CENTRAL / UNKNOWN,61.0,,28000103.0,cumulative_expenditure_only,2020-02,2024-04,,,2024-04,May_Part-2.pdf,Table: Month-wise Completed Projects,8.0,1.0,50.0,,
618110,N24001469,Improvement and upgradation to two lane with Paved Shoulder configuration from existing km 55.00 to km 90.00 Design length 34.76 of NH-227A near Chhapia Village to near Sikriganj in the State of UP on EPC Mode.,UNKNOWN,MoRTH,UNKNOWN,Uttar Pradesh (11/2022),307.11,,136.8,cumulative_expenditure_crore,2025-05,2024-05,,,2026-06,FlashReport_June_2026.pdf,Table 3: Completed Projects,,0.0,-12.0,,
618468,N24001504,Vadodara Mumbai Expressway Phase II - Pkg XI [Km. 77.000 to Km. 103.400] Ganjad - Talsari,UNKNOWN,NHAI,UNKNOWN,Maharashtra (05/2022),1524.71,1913.95,901.76,revised_cost_crore,2026-01,2024-05,,,2026-06,FlashReport_June_2026.pdf,Table 3: Completed Projects,,0.0,-20.0,1.0,25.528789081202323
619209,NAN,4L of existing 2/4L stretch from Lonand to Dive Ghat Km 166.400 to Km 220.900 of Mohol Alandi section of NH-965 Pkg - V,UNKNOWN,NHAI,UNKNOWN,Maharashtra (05/2022),1709.56,2049.51,1295.04,revised_cost_crore,2026-03,2024-05,,,2026-06,FlashReport_June_2026.pdf,Table 3: Completed Projects,,0.0,-22.0,1.0,19.885233627366123
67880,N24001917,Up-gradation of NH-930 Sherpar to Kohka from Km.67880 to Km.114860 to 2LPS in Chhattisgarh under EPC mode,UNKNOWN,MoRTH,UNKNOWN,Chhattisgarh (05/2022),278.97,,210.82,cumulative_expenditure_crore,2025-12,2024-05,,,2026-06,FlashReport_June_2026.pdf,Table 3: Completed Projects,,0.0,-19.0,,
N16000406,N16000406,62,PETROLEUM,HINDUSTAN PETROLEUM CORPORATION LIMITED,PETROLEUM,CENTRAL / UNKNOWN,62.0,,16000406.0,cumulative_expenditure_only,2022-11,2024-05,,,2024-04,May_Part-2.pdf,Table: Month-wise Completed Projects,8.0,1.0,18.0,,
N16000415,N16000415,63,PETROLEUM,INDIAN OIL CORPORATION LIMITED,PETROLEUM,CENTRAL / UNKNOWN,62.0,,16000406.0,cumulative_expenditure_only,2027-08,2024-05,,,2024-04,May_Part-2.pdf,Table: Month-wise Completed Projects,8.0,0.0,-39.0,,
N16000416,N16000416,64,PETROLEUM,INDIAN OIL CORPORATION LIMITED,PETROLEUM,CENTRAL / UNKNOWN,63.0,,16000415.0,cumulative_expenditure_only,2029-12,2024-05,,,2024-04,May_Part-2.pdf,Table: Month-wise Completed Projects,8.0,0.0,-67.0,,
N16000417,N16000417,65,PETROLEUM,INDIAN OIL CORPORATION LIMITED,PETROLEUM,CENTRAL / UNKNOWN,64.0,,16000416.0,cumulative_expenditure_only,2027-02,2024-05,,,2024-04,May_Part-2.pdf,Table: Month-wise Completed Projects,8.0,0.0,-33.0,,
N16000418,N16000418,66,PETROLEUM,INDIAN OIL CORPORATION LIMITED,PETROLEUM,CENTRAL / UNKNOWN,65.0,,16000417.0,cumulative_expenditure_only,2030-03,2024-05,,,2024-04,May_Part-2.pdf,Table: Month-wise Completed Projects,8.0,0.0,-70.0,,
N16000419,N16000419,67,PETROLEUM,INDIAN OIL CORPORATION LIMITED,PETROLEUM,CENTRAL / UNKNOWN,66.0,,16000418.0,cumulative_expenditure_only,2030-03,2024-05,,,2024-04,May_Part-2.pdf,Table: Month-wise Completed Projects,8.0,0.0,-70.0,,
N16000420,N16000420,68,PETROLEUM,"INDIAN OIL 
CORPORATION LIMITED",PETROLEUM,CENTRAL / UNKNOWN,67.0,,16000419.0,cumulative_expenditure_only,2027-08,2024-05,,,2024-04,May_Part-2.pdf,Table: Month-wise Completed Projects,8.0,0.0,-39.0,,
N16000421,N16000421,69,PETROLEUM,"INDIAN OIL CORPORATION 
LIMITED",PETROLEUM,CENTRAL / UNKNOWN,69.0,,16000421.0,cumulative_expenditure_only,2029-12,2024-05,,,2024-04,May_Part-2.pdf,Table: Month-wise Completed Projects,8.0,0.0,-67.0,,
N16000422,N16000422,70,PETROLEUM,"INDIAN OIL CORPORATION 
LIMITED",PETROLEUM,CENTRAL / UNKNOWN,70.0,,16000422.0,cumulative_expenditure_only,2028-02,2024-05,,,2024-04,May_Part-2.pdf,Table: Month-wise Completed Projects,8.0,0.0,-45.0,,
N16000424,N16000424,71,PETROLEUM,"INDIAN OIL CORPORATION 
LIMITED",PETROLEUM,CENTRAL / UNKNOWN,71.0,,16000424.0,cumulative_expenditure_only,2028-02,2024-05,,,2024-04,May_Part-2.pdf,Table: Month-wise Completed Projects,8.0,0.0,-45.0,,
N16000425,N16000425,72,PETROLEUM,"INDIAN OIL 
CORPORATION LIMITED",PETROLEUM,CENTRAL / UNKNOWN,72.0,,16000425.0,cumulative_expenditure_only,2028-02,2024-05,,,2024-04,May_Part-2.pdf,Table: Month-wise Completed Projects,8.0,0.0,-45.0,,
N16000427,N16000427,73,PETROLEUM,INDIAN OIL CORPORATION LIMITED,PETROLEUM,CENTRAL / UNKNOWN,73.0,,16000427.0,cumulative_expenditure_only,2028-02,2024-05,,,2024-04,May_Part-2.pdf,Table: Month-wise Completed Projects,8.0,0.0,-45.0,,
618576,N24001545,"6L Standalone Flyovers at Raha, Demow, Borghat, Kathiatali junctions and ROB at Jagiroad on stretches of NH 36 and NH 27",UNKNOWN,NHAI,UNKNOWN,Assam (12/2022),280.75,255.53,212.27,revised_cost_crore,2024-10,2024-06,,,2026-06,FlashReport_June_2026.pdf,Table 3: Completed Projects,,0.0,-4.0,0.0,-8.983081032947462
N24001708,N24001708,BAKHTIYARPUR RAJAULI PKG-III FROM KM 101.630 TO KM 152.520 NH20,UNKNOWN,NHAI,UNKNOWN,N24001708,2156.22,,1397.72,cumulative_expenditure_crore,2024-06,2024-06,,,2025-05,FR_May2025.pdf,Table 3: Completed Projects,,0.0,0.0,,
N24001887,N24001887,REHABILITATION AND UPGRADATION OF BHOKARDAN TO KUMBHARI FATA DESIGN CH. (KM 13+500 TO 17+00) AND RAJ,UNKNOWN,MoRTH,UNKNOWN,N24001887,291.37,,157.59,cumulative_expenditure_crore,2024-06,2024-06,,,2025-06,FR_JUNE_2025.pdf,Table 3: Completed Projects,,0.0,0.0,,
N24001909,N24001909,"STRENGTHING AND WIDINING OF EXISTING CARRIAGEWAY TO 10 M IN KM, 156/160 TO 229/160",UNKNOWN,MoRTH,UNKNOWN,N24001909,157.72,,80.37,cumulative_expenditure_crore,2024-06,2024-06,,,2025-06,FR_JUNE_2025.pdf,Table 3: Completed Projects,,0.0,0.0,,
113300,N24001450,Widening/Improvement to 4-Lane with Paved Shoulder from KM 113300 to Km 146230 Design Chainage 113830 to 145712 of Kwaram Taro Village - Dillai Section in Assam on EPC Package-6,UNKNOWN,NHIDCL,UNKNOWN,Assam (07/2022),625.64,,578.19,cumulative_expenditure_crore,2025-03,2024-07,,,2026-06,FlashReport_June_2026.pdf,Table 3: Completed Projects,,0.0,-8.0,,
188830,N24001415,Delhi-Amritsar-Katra Expressway Phase-I Pkg-VII from Junction with Patiala- Bathinda road NH-7 near Bhawanigarh to Junction with Ludhiana-Malerhkotla SH-11 near Bhogiwal village Km 188830 to km 225770,UNKNOWN,NHAI,UNKNOWN,Punjab (07/2022),1759.82,1774.32,1695.83,revised_cost_crore,2026-02,2024-07,,,2026-06,FlashReport_June_2026.pdf,Table 3: Completed Projects,,0.0,-19.0,1.0,0.8239479037628848
37352,N24001867,Upgradation of two lane paved shoulder from Shahpura existing km. 0.00 Design Ch. 000 to Thanagazi existing Km.37352 Design Ch. 36810 of NH- 248A on EPC mode in the State of Rajasthan.,UNKNOWN,MoRTH,UNKNOWN,Rajasthan (02/2023),174.34,,100.48,cumulative_expenditure_crore,2025-07,2024-07,,,2026-06,FlashReport_June_2026.pdf,Table 3: Completed Projects,,0.0,-12.0,,
618575,N24001548,"Project Assessment, Infrastructure Monitoring and Analytics for Nation-building 6L Standalone Flyovers at Bongaigaon, Chapaguri, Pathsala, Simlaguri chowk and Baihata Bypass Junctions on stretches of NH-31 and NH-27",UNKNOWN,PAIMANA,UNKNOWN,Assam (01/2023),457.72,412.15,371.63,revised_cost_crore,2026-02,2024-07,,,2026-03,FlashReport_March_2026.pdf,Table 3: Completed Projects,,0.0,-19.0,0.0,-9.955868216376834
618578,N24001773,"Project Assessment, Infrastructure Monitoring and Analytics for Nation-building 6L Access Controlled Highway from DND Maharani Bagh - Jn. with Jaitpur - Pushta Road of NH-148NA from km. 0.00 to km. 9.00 in NCR",UNKNOWN,PAIMANA,UNKNOWN,Delhi (01/2022),1467.44,2510.34,1652.29,revised_cost_crore,2026-04,2024-07,,,2026-06,FlashReport_June_2026.pdf,Table 3: Completed Projects,,0.0,-21.0,1.0,71.06934525432045
618760,N24001638,"4L Greenfield a Malout bypass from ch. Km 44.500 to ch. Km 35.500 on NH-07 and Ch. Km 0.000 to Km 6.984 on NH-09 bMandi Dabwali Bypass from Ch. 38.450 Km to Km 27.910 Pkg-02 Multi-States (Punjab,",UNKNOWN,NHAI,UNKNOWN,Haryana) (12/2022),646.42,556.09,571.11,revised_cost_crore,2026-01,2024-07,,,2026-06,FlashReport_June_2026.pdf,Table 3: Completed Projects,,0.0,-18.0,0.0,-13.973886946567237
618779,N24001795,4L of Aurangabad-Paithan Bihar 09/2022,UNKNOWN,NHAI,UNKNOWN,Bihar,1505.0,349.96,328.32,revised_cost_crore,2025-12,2024-07,,,2026-06,FlashReport_June_2026.pdf,Table 3: Completed Projects,,0.0,-17.0,0.0,-76.74684385382061
N24001451,N24001451,DIBRUGARH-LAHOAL-CHABUA BYPASS PACKAGE-1,UNKNOWN,NHIDCL,UNKNOWN,N24001451,215.27,,105.4,cumulative_expenditure_crore,2024-07,2024-07,,,2025-04,FRApril2025.pdf,Table 3: Completed Projects,,0.0,0.0,,
N24001765,N24001765,"ADDITIONAL WORKS (2VUPS, MR-10 JUNCTION FLYOVER AND UNDERPASS) IN SIX LANE INDORE-DEWAS SECTION OF N",UNKNOWN,"2VUPS, MR-10 JUNCTION FLYOVER AND UNDERPASS",UNKNOWN,NHAI,207.77,,147.24,cumulative_expenditure_crore,2024-07,2024-07,,,2025-05,FR_May2025.pdf,Table 3: Completed Projects,,0.0,0.0,,
220100133,220100133,"UDHAMPUR-SRINAGAR-BARAMULLA (NL),NR",UNKNOWN,NL,UNKNOWN,NR,37012.0,,42328.83,cumulative_expenditure_crore,2024-08,2024-08,,,2025-05,FR_May2025.pdf,Table 3: Completed Projects,,0.0,0.0,,
613795,NAN,JAMPALI OC RCE [2.0 MTY] Chhattisgarh 05/2020 Ministry of Housing & Urban Affairs Total (1) 278.64 210.07,UNKNOWN,South Eastern Coalfields Limited [SECL],UNKNOWN,Chhattisgarh,278.64,,210.07,cumulative_expenditure_crore,2025-03,2024-08,,,2025-11,FlashReport_November_2025.pdf,Table 3: Completed Projects,,0.0,-7.0,,
617891,N24001866,"Construction of Two lane with Paved Shoulder for Fatehpur Bypass Design Km 0.000 to Km 7.400 , Mandawa Bypass Design Km 20.925 to Km 27.300 & Jhunjhunu Bypass Design Km 41.625 to Km 54.689 of NH-11 on EPC Mode in the state of Rajasthan .",UNKNOWN,MoRTH,UNKNOWN,Rajasthan (02/2023),186.29,,78.06,cumulative_expenditure_crore,2025-09,2024-08,,,2026-06,FlashReport_June_2026.pdf,Table 3: Completed Projects,,0.0,-13.0,,
618570,N24001702,4L Elevated Highway and at grade improvements at Gopalganj Town from Km. 384.000 to Km. 386.750 on NH-27,UNKNOWN,NHAI,UNKNOWN,Bihar (03/2022),325.57,248.92,241.89,revised_cost_crore,2025-05,2024-08,,,2026-06,FlashReport_June_2026.pdf,Table 3: Completed Projects,,0.0,-9.0,0.0,-23.543324016340573
N22000183,N22000183,NEW BONGAIGAON-RANGIA-KAMAKGHYA DOUBLING,UNKNOWN,NFR,UNKNOWN,N22000183,2047.51,,3709.47,cumulative_expenditure_crore,2024-08,2024-08,,,2025-05,FR_May2025.pdf,Table 3: Completed Projects,,0.0,0.0,,
N22000417,N22000417,2880.4,UNKNOWN,ECR,UNKNOWN,N22000417,2880.4,,3074.78,cumulative_expenditure_crore,2024-08,2024-08,,,2025-05,FR_May2025.pdf,Table 3: Completed Projects,,0.0,0.0,,
N22000419,N22000419,KARAILA ROAD - SHAKTINAGAR DOUBLING,UNKNOWN,ECR,UNKNOWN,N22000419,762.97,,808.96,cumulative_expenditure_crore,2024-08,2024-08,,,2025-05,FR_May2025.pdf,Table 3: Completed Projects,,0.0,0.0,,
105236,N24001476,"Project Assessment, Infrastructure Monitoring and Analytics for Nation-building Khammam-Devarapalle Pkg IV [4L Access Controlled Greenfield from Recherla village to Gurvaygudem village Design Chainage 105236 to 132664] Andhra Pradesh 11/2020",UNKNOWN,PAIMANA,UNKNOWN,Andhra Pradesh (09/2022),569.37,752.02,499.99,revised_cost_crore,2026-01,2024-09,,,2026-06,FlashReport_June_2026.pdf,Table 3: Completed Projects,,0.0,-16.0,1.0,32.0793157349351
170700,N24001953,Rehabilitation and Up-gradation from Km 170700 Bhadrachalam to Km 234567 Konta on NH-30 to Two lane with Paved Shoulder in the State of Andra Pradesh on EPC mode. Andhra Pradesh 12/2021,UNKNOWN,MoRTH,UNKNOWN,Andhra Pradesh (09/2022),436.09,,240.15,cumulative_expenditure_crore,2026-04,2024-09,,,2026-06,FlashReport_June_2026.pdf,Table 3: Completed Projects,,0.0,-19.0,,
617900,N24001530,Upgradation to Two Lane Paved Shoulder in km 33/0 to 126/520 of NH-23 Old NH-11B Kothun-Lalsot-Karoli-Dholpur road in the state of Rajasthan under EPC mode Length-93.52 Km.,UNKNOWN,MoRTH,UNKNOWN,Rajasthan (09/2022),150.11,,12.25,cumulative_expenditure_crore,2026-05,2024-09,,,2026-06,FlashReport_June_2026.pdf,Table 3: Completed Projects,,0.0,-20.0,,
N18000354,N18000354,TRANSMISSION SYSTEM ASSOCIATED WITH WESTERN REGION EXPANSION SCHEME XXVII,UNKNOWN,PGCIL,UNKNOWN,N18000354,271.69,,192.03,cumulative_expenditure_crore,2024-09,2024-09,,,2025-04,FRApril2025.pdf,Table 3: Completed Projects,,0.0,0.0,,
618770,N24001729,4L Spur of Panipat - Shamli connecting NH-709AD Panipat Shamli Muzaffarnagar and NH-709A Karnal Meerut bypassing Shamli district UP,UNKNOWN,NHAI,UNKNOWN,Uttar Pradesh (10/2022),516.16,273.42,247.21,revised_cost_crore,2025-05,2024-10,,,2026-06,FlashReport_June_2026.pdf,Table 3: Completed Projects,,0.0,-7.0,0.0,-47.028053316800985
618789,N24001631,6L of IT City Chowk to Kurali Chandigarh Road Punjab 03/2021,UNKNOWN,National Highways Authority of India [NHAI],UNKNOWN,Punjab,1525.31,1936.54,1695.39,revised_cost_crore,2025-12,2024-10,,,2026-03,FlashReport_March_2026.pdf,Table 3: Completed Projects,,0.0,-14.0,1.0,26.96042116028873
618938,N24001796,4L of Rajura-Korpana-Adilabad Road upto M.S. Border from km 32.910 to km 89.090 of NH-353B,UNKNOWN,NHAI,UNKNOWN,"Multi-States (Maharashtra, Telangana) (10/2022)",1013.33,1274.63,699.33,revised_cost_crore,2026-03,2024-10,,,2026-06,FlashReport_June_2026.pdf,Table 3: Completed Projects,,0.0,-17.0,1.0,25.786269033779725
619063,N24001557,4L Greenfield spur from Delhi-Vadodara Greenfield expressway near Bandikui to Jaipur,UNKNOWN,NHAI,UNKNOWN,Rajasthan (11/2022),1636.15,2170.39,1283.3,revised_cost_crore,2025-10,2024-11,,,2026-06,FlashReport_June_2026.pdf,Table 3: Completed Projects,,0.0,-11.0,1.0,32.65226293432752
900808,N18000352,"Transmission System for Kurnool Wind Energy Zone/ Solar Energy Zone Part-A and Part-B Multi-States (Telangana, Andhra Pradesh)",UNKNOWN,Power Grid Corporation of India Limited [POWERGRID],UNKNOWN,Andhra Pradesh) (03/2023),3546.94,,3546.94,cumulative_expenditure_crore,2026-05,2024-11,,,2026-06,FlashReport_June_2026.pdf,Table 3: Completed Projects,,0.0,-18.0,,
N24001815,N24001815,"4L BYPASSES FOR JAGATPUR, B4ABUGANJ, UNCHAHAR, ALAPUR BYPASS, AND SAI RIVER BRIDGE OF RAEBARELI- PRA",UNKNOWN,NHAI,UNKNOWN,N24001815,1699.0,,1033.72,cumulative_expenditure_crore,2024-11,2024-11,,,2025-05,FR_May2025.pdf,Table 3: Completed Projects,,0.0,0.0,,
618045,N24001962,"Construction of Mihona bypass, Lahar bypass, Daboh bypass & Bhander Bypass total length 20.60 km to 2-lane with paved shoulder from on Mihona-Bhander- MP/UP border section of NH 552E in the State of Madhya Pradesh on EPC mode Madhya Pradesh 03/2022",UNKNOWN,MoRTH,UNKNOWN,Madhya Pradesh (06/2023),179.18,,74.89,cumulative_expenditure_crore,2025-07,2024-12,,,2026-06,FlashReport_June_2026.pdf,Table 3: Completed Projects,,0.0,-7.0,,
618771,N24001820,"6L of Varadharajula to Kumarajapet from km 0.000 to km 43.800 of NH-716B Pkg-I Multi-States (Andhra Pradesh, Tamil Nadu)",UNKNOWN,NHAI,UNKNOWN,(12/2022),1924.75,1887.38,1120.2,revised_cost_crore,2026-02,2024-12,,,2026-06,FlashReport_June_2026.pdf,Table 3: Completed Projects,,0.0,-14.0,0.0,-1.9415508507598334
619122,N24001771,Akshardham - DL/UP Border Pkg-01 Multi-States (Uttar,UNKNOWN,NHAI,UNKNOWN,"Pradesh, Delhi) (06/2022)",1479.22,1476.75,1399.88,revised_cost_crore,2024-08,2024-12,,,2026-06,FlashReport_June_2026.pdf,Table 3: Completed Projects,,1.0,4.0,0.0,-0.16697989480942843
N22000401,N22000401,VARANASI-MODHOSINGH-ALLAHABAD DOUBLING,UNKNOWN,RVNL,UNKNOWN,N22000401,2018.23,,1780.22,cumulative_expenditure_crore,2024-12,2024-12,,,2025-05,FR_May2025.pdf,Table 3: Completed Projects,,0.0,0.0,,
N24001475,N24001475,CONSTRUCTION OF 2 LANE WITH HARD SHOULDER FROM DESIGN CHAINAGE KM 283.000 TO KM 325.440 (5- LEGGED J,UNKNOWN,NHIDCL,UNKNOWN,N24001475,605.36,,273.21,cumulative_expenditure_crore,2024-12,2024-12,,,2025-05,FR_May2025.pdf,Table 3: Completed Projects,,0.0,0.0,,
43700,N24001263,Widening to two lane with paved shoulder of Rampachodavaram - Koyyuru section of NH 516E from Km 43700 to Km 113820 in the State of Andhra Pradesh on EPC mode Job No. 737 Andhra Pradesh 03/2022,UNKNOWN,MoRTH,UNKNOWN,Andhra Pradesh (01/2023),568.12,,324.96,cumulative_expenditure_crore,2026-04,2025-01,,,2026-06,FlashReport_June_2026.pdf,Table 3: Completed Projects,,0.0,-15.0,,
617959,N24001875,Rehabilitation & Widening work for 2 Lane with Paved Shoulder of Existing NH-80 from km 70.15 to Km 121.025 of Munger-Suttanganj -BhagatpurMirzachowki section on EPC Mode in the State of Bihar.,UNKNOWN,MoRTH,UNKNOWN,Bihar (02/2023),477.54,,343.05,cumulative_expenditure_crore,2025-11,2025-01,,,2026-06,FlashReport_June_2026.pdf,Table 3: Completed Projects,,0.0,-10.0,,
618191,N24001951,"Rehabilitation and upgradation of NH-167AD from Macherla to Dachepalli via Paluvai Junction, Rentachinthala, Gurazala from Km.0.000 to 43.659 to two lane with paved shoulders in the state of Andhra Pradesh job-729 Andhra Pradesh 01/2022",UNKNOWN,MoRTH,UNKNOWN,Andhra Pradesh (01/2023),403.22,,256.17,cumulative_expenditure_crore,2026-02,2025-01,,,2026-06,FlashReport_June_2026.pdf,Table 3: Completed Projects,,0.0,-13.0,,
618372,N24001544,"Widening / Improvement to 4-Lane with Paved Shoulder configuration of existing single lane road from Kachukhana Harichara Paglagaunj to Dhubri - Phulbari Bridge approach Package-II of Srirampur - Dhubri Section of NH-127B from existing Km 28.050 to Km 55.060 Design Km 27.650 to Km 54.154, Design Length26.504 Km under JICA ODA Loan assistance Phase-V [Srirampur - Dhubri Pkg-2]",UNKNOWN,NHIDCL,UNKNOWN,Assam (01/2023),909.02,,683.81,cumulative_expenditure_crore,2025-06,2025-01,,,2026-06,FlashReport_June_2026.pdf,Table 3: Completed Projects,,0.0,-5.0,,
618865,N24001730,4L from Gaju Village at Km. 32.982 to Devinagar Bypass End at Km. 208.000 of NH-530B Pkg-1C.,UNKNOWN,NHAI,UNKNOWN,Uttar Pradesh (01/2023),1384.79,1496.44,862.65,revised_cost_crore,2025-04,2025-01,,,2026-06,FlashReport_June_2026.pdf,Table 3: Completed Projects,,0.0,-3.0,1.0,8.062594328381929
705784,NAN,Janghai-Phaphamau Doubling Rail Line Project Uttar Pradesh 11/2018 Ministry of Steel Steel Total (4) 2180.12 3576.3,UNKNOWN,RVNL,UNKNOWN,Uttar Pradesh,357.0,978.77,844.84,revised_cost_crore,2025-03,2025-01,,,2025-12,FlashReport_December_2025.pdf,Table 3: Completed Projects,,0.0,-2.0,1.0,174.16526610644257
617954,N24001937,Balance work of Rehabilitation and upgrading to 2lane/2lane with paved shoulder configuration and strengthening from from Km 343.80 to 400.33 of Gowribidanur- Chik Ballapur section in the state of Karnataka Under Annual Plan 2021-22 under EPC Mode.-952,UNKNOWN,MoRTH,UNKNOWN,Karnataka (02/2023),398.48,,242.02,cumulative_expenditure_crore,2025-10,2025-02,,,2026-06,FlashReport_June_2026.pdf,Table 3: Completed Projects,,0.0,-8.0,,
618341,N24001545,Up-gradation to 2-lane with paved shoulders of Ngopa - Pawlrang section of NH 102B of Aizawl - Imphal Economic Corridor from Existing Chainage km 32.796 to km 72.030 [Design Chainage km 31.280 to km 68.170] in the State of Mizoram under Bharatmala Pariyojna on EPC mode under NHO-NE Package-2 Keifang- Tuivai Pkg-2,UNKNOWN,NHIDCL,UNKNOWN,Mizoram (09/2023),523.78,,426.69,cumulative_expenditure_crore,2025-06,2025-02,,,2026-06,FlashReport_June_2026.pdf,Table 3: Completed Projects,,0.0,-4.0,,
618553,N24001852,6L of Agra Bypass Northern connecting Km. 174.500 of NH-2 new NH-19 to Km. 141.000 of Yamuna Expressways,UNKNOWN,NHAI,UNKNOWN,Uttar Pradesh (02/2023),957.62,1034.42,759.58,revised_cost_crore,2026-01,2025-02,,,2026-06,FlashReport_June_2026.pdf,Table 3: Completed Projects,,0.0,-11.0,1.0,8.019882625676162
618855,N24001727,"Improvement and Up-Gradation of Existing Road to 2/4L PS from Km 40.000 to 88.750, start of Khutar bypass to start of Shahjahanpur bypass of NH 731Pkg-I",UNKNOWN,NHAI,UNKNOWN,Uttar Pradesh (02/2023),838.68,838.68,616.56,revised_cost_crore,2026-03,2025-02,,,2026-06,FlashReport_June_2026.pdf,Table 3: Completed Projects,,0.0,-13.0,0.0,0.0
705503,N22000359,Pune - Miraj-Londa [467 Kilometres] Maharashtra 06/2016 Ministry of Road Transport & Highways Roads & Highways Total (1) 4027.53 4924.05,UNKNOWN,Central Railway,UNKNOWN,Maharashtra,4027.53,4872.52,4924.05,revised_cost_crore,2025-08,2025-02,,,2026-04,FlashReport_April2026.pdf,Table 3: Completed Projects,,0.0,-6.0,1.0,20.98035272238817
N24001931,N24001931,4 LANING OF BATHALAPALLI TO MUDIGUBBA SECTION BATH,UNKNOWN,DESIGN CHAINAGE KM. 96.300 TO 129.300,UNKNOWN,MoRTH,536.0,,334.06,cumulative_expenditure_crore,2025-02,2025-02,,,2025-04,FRApril2025.pdf,Table 3: Completed Projects,,0.0,0.0,,
N24001950,N24001950,NH167B FROM KM.143.320 MALAKONDA TO 189.050 SINGARAYAKONDA ON NH 16 TO TWO LANE WITH PAVED SHOULDERS,UNKNOWN,MoRTH,UNKNOWN,N24001950,369.81,,303.78,cumulative_expenditure_crore,2025-02,2025-02,,,2025-04,FRApril2025.pdf,Table 3: Completed Projects,,0.0,0.0,,
144020,N24002097,Strengthening of existing 4L Ayodhya Bypass Section from design Km. 121 600 to Km. 144020 of NH 28 New NH 27Pkg-3,UNKNOWN,NHAI,UNKNOWN,Uttar Pradesh (09/2023),526.45,281.13,270.75,revised_cost_crore,2025-11,2025-03,,,2026-06,FlashReport_June_2026.pdf,Table 3: Completed Projects,,0.0,-8.0,0.0,-46.5989172760946
50860,N24002106,4L Prayagraj Greenfield By-pass from design Km 50860 near Nibi Kala Uperhar to design Km 64763 on NH-19 near Khodaypur Kasgaon including Interchange loop at NH-19,UNKNOWN,NHAI,UNKNOWN,Uttar Pradesh (12/2023),1017.99,427.54,412.74,revised_cost_crore,2026-02,2025-03,,,2026-06,FlashReport_June_2026.pdf,Table 3: Completed Projects,,0.0,-11.0,0.0,-58.00155207811471
618864,N24001851,4L from Mathura Bypass Start at Existing Km. 154.20 of NH-44 to Gaju Village at Km 32.982 of NH-530B Pkg-IB,UNKNOWN,NHAI,UNKNOWN,Uttar Pradesh (03/2023),1722.11,1820.77,1057.04,revised_cost_crore,2026-01,2025-03,,,2026-06,FlashReport_June_2026.pdf,Table 3: Completed Projects,,0.0,-10.0,1.0,5.7290184715262145
701564,NAN,"Construction of new dry dock at exisitng Cochin Shipyard Limited premises at Perumanoor, Kochi 682 015 Ministry of Power Transmission & Distribution Total (1) 1558.39",UNKNOWN,Cochin Shipyard,UNKNOWN,Kerala (05/2018),1799.0,,1558.39,cumulative_expenditure_crore,2022-12,2025-03,,,2025-11,FlashReport_November_2025.pdf,Table 3: Completed Projects,,1.0,27.0,,
N18000338,N18000338,TRANSMISSION NETWORK EXPANSION IN GUJARAT TO INCREASE ATC FROM ISTS: PART C,UNKNOWN,PGCIL,UNKNOWN,N18000338,186.19,,91.53,cumulative_expenditure_crore,2025-03,2025-03,,,2025-04,FRApril2025.pdf,Table 3: Completed Projects,,0.0,0.0,,
N18000355,N18000355,TRANSMISSION SYSTEM ASSOCIATED WITH WESTERN REGION EXPANSION SCHEME-XXVIII AND XXIX ROAD TRANSPORT AND HIGHWAYS,UNKNOWN,PGCIL,UNKNOWN,N18000355,260.3,,197.79,cumulative_expenditure_crore,2025-03,2025-03,,,2025-04,FRApril2025.pdf,Table 3: Completed Projects,,0.0,0.0,,
N24002085,N24002085,WIDENING OF RAEBARELI TO PRAYAGRAJ SECTION FROM KM. 82.650 TO KM. 161.450 OF NH-30 AND LINK ROAD FRO,UNKNOWN,NHAI,UNKNOWN,N24002085,1470.93,,1088.3,cumulative_expenditure_crore,2025-03,2025-03,,,2025-05,FR_May2025.pdf,Table 3: Completed Projects,,0.0,0.0,,
N24002137,N24002137,STRENGTHENING OF 6-LANE PIMPALGAON-NASHIK- GONDE (KM. 380 - KM. 440) SECTION OF NH-3 IN MAHARASHTRA U,UNKNOWN,KM. 380 - KM. 440,UNKNOWN,NHAI,175.0,,201.0,cumulative_expenditure_crore,2025-03,2025-03,,,2025-06,FR_JUNE_2025.pdf,Table 3: Completed Projects,,0.0,0.0,,
611948,N18000374,Transmission system for evacuation of power from REZ in Rajasthan 20 GW under Phase-III part H Ministry of Road Transport & Highways Roads & Highways Total (3) 6279.94 6255.25,UNKNOWN,Power Grid Corporation of India Limited [POWERGRID],UNKNOWN,Rajasthan (10/2023),1910.0,,1910.0,cumulative_expenditure_crore,2026-06,2025-04,,,2026-06,FlashReport_June_2026.pdf,Table 3: Completed Projects,,0.0,-14.0,,
617924,N24001860,Construction of bypass to Nayagarh town from km 235.469 to 252.482 of NH-57 including land acquisition in the state of Odisha.,UNKNOWN,MoRTH,UNKNOWN,Odisha (05/2023),300.33,,103.64,cumulative_expenditure_crore,2026-02,2025-04,,,2026-06,FlashReport_June_2026.pdf,Table 3: Completed Projects,,0.0,-10.0,,
618515,N24001679,6L from Belgaum to Sankeshwar Bypass from Km. 515.000 to Km. 555.017 of NH-48 Pkg-I,UNKNOWN,NHAI,UNKNOWN,"Multi-States (Maharashtra, Karnataka) (10/2022)",1479.3,1237.04,1199.4,revised_cost_crore,2026-03,2025-04,,,2026-06,FlashReport_June_2026.pdf,Table 3: Completed Projects,,0.0,-11.0,0.0,-16.376664638680456
618745,N24002114,4L of Vadugapatti to Therkuvenganallur Rajapalyam section from km 36.000 to km 71.600 of NH-744,UNKNOWN,NHAI,UNKNOWN,Tamil Nadu (04/2023),1317.6,1137.16,954.04,revised_cost_crore,2026-06,2025-04,,,2026-06,FlashReport_June_2026.pdf,Table 3: Completed Projects,,0.0,-14.0,0.0,-13.694596235579832
400065,NAN,Installation of 4th Slab Caster along with its Auxiliaries and a New Ladle Furnace in SMS-II at Rourkela Steel Plant Total (1) 1105.23 809.53,UNKNOWN,Steel Authority of India Limited [SAIL],UNKNOWN,Odisha (02/2022),1105.23,,809.53,cumulative_expenditure_crore,2025-09,2025-05,,,2025-12,FlashReport_December_2025.pdf,Table 3: Completed Projects,,0.0,-4.0,,
618498,N24001731,6L Greenfield Kanpur - Lucknow Expressway Pkg II from km. 28.500 to km. 73.744,UNKNOWN,NHAI,UNKNOWN,Uttar Pradesh (11/2022),2471.56,2489.0,1439.5,revised_cost_crore,2026-02,2025-05,,,2026-06,FlashReport_June_2026.pdf,Table 3: Completed Projects,,0.0,-9.0,1.0,0.7056272152001187
618946,N24002057,4L of Mehgama - Hansdiha from km. 41.900 to km. 93.000 of NH -133A Pkg-II Jharkhand 03/2022,UNKNOWN,NHAI,UNKNOWN,Jharkhand,1479.72,1568.18,1034.52,revised_cost_crore,2026-05,2025-05,,,2026-06,FlashReport_June_2026.pdf,Table 3: Completed Projects,,0.0,-12.0,1.0,5.978158029897551
N24001675,N24001675,6L OF MH/KN BORDER (NIMBAL VILLAGE) TO KN/TS BORDER (SINGNODI VILLAGE) FROM KM. 162.5 TO KM. 203.100,UNKNOWN,NIMBAL VILLAGE,UNKNOWN,SINGNODI VILLAGE,1732.73,,754.79,cumulative_expenditure_crore,2025-05,2025-05,,,2025-04,FRApril2025.pdf,Table 3: Completed Projects,,0.0,0.0,,
612185,NAN,C/o Construction of 200 bedded [Up-gradable to 300 bedded] ESI Hospital at Surat Gujarat. Ministry of Petroleum & Natural Gas Total (1) 209.36 202.62,UNKNOWN,Employee's State Insurance Company [ESIC],UNKNOWN,Gujarat (03/2021),209.36,,202.62,cumulative_expenditure_crore,2026-01,2025-06,,,2026-03,FlashReport_March_2026.pdf,Table 3: Completed Projects,,0.0,-7.0,,
612688,NAN,"Construction of New OPD Block 200 Bed ward Basement + GF + 6 Floors at the location of old OPD block, at existing ESIC Hospital/ Medical college campus, Sanathnagar, Hyderabad Ministry of Ports, Shipping and Waterways Total (1) 211.13 198.95",UNKNOWN,Employee's State Insurance Company [ESIC],UNKNOWN,Telangana (10/2021),211.13,,198.95,cumulative_expenditure_crore,2024-06,2025-06,,,2025-11,FlashReport_November_2025.pdf,Table 3: Completed Projects,,1.0,12.0,,
618002,N24001418,Widening of existing single lane to intermediate lane road from Mokokchung to Chare via Dikhu in the state of Nagaland on EPC mode,UNKNOWN,MoRTH,UNKNOWN,Nagaland (06/2023),192.93,,110.98,cumulative_expenditure_crore,2025-11,2025-06,,,2026-06,FlashReport_June_2026.pdf,Table 3: Completed Projects,,0.0,-5.0,,
618935,N24002044,"4L Ambala - Kalaamb from Km. -0.800 to Km. 33.015 of old NH-72 Multi-States (Punjab,",UNKNOWN,NHAI,UNKNOWN,Haryana) (06/2023),1183.7,1190.34,706.54,revised_cost_crore,2026-02,2025-06,,,2026-06,FlashReport_June_2026.pdf,Table 3: Completed Projects,,0.0,-8.0,1.0,0.5609529441581375
N22000523,N22000523,DARBHANGA - BYPASS LINE CONNECTING SHISHO HALT AND KAKARGHATI EXCL DARBHANGA YARD (7.64 KM),UNKNOWN,7.64 KM,UNKNOWN,ECR,983.62,,417.57,cumulative_expenditure_crore,2025-06,2025-06,,,2025-05,FR_May2025.pdf,Table 3: Completed Projects,,0.0,0.0,,
617253,N12000129,Revamping of old sub-systems of Blast Furnace 3 at Bokaro Steel Plant Jharkhand 08/2023 Total (1) 513.82 415.18,UNKNOWN,Steel Authority of India Limited [SAIL],UNKNOWN,Jharkhand,513.82,,415.18,cumulative_expenditure_crore,2026-05,2025-07,,,2026-06,FlashReport_June_2026.pdf,Table 3: Completed Projects,,0.0,-10.0,,
N24001728,N24001728,"IMPROVEMENT AND UP-GRADATION OF EXISTING ROAD TO 4L PS FROM KM 175.080 TO 229.070, FROM END OF HARDO",UNKNOWN,NHAI,UNKNOWN,N24001728,1138.81,,528.1,cumulative_expenditure_crore,2025-07,2025-07,,,2025-04,FRApril2025.pdf,Table 3: Completed Projects,,0.0,0.0,,
N24002141,N24002141,2 LANE WITH PAVED SHOULDER CONFIGURATION FROM SEETHARAMAPURAM TO DUTTALURU SECTION OF NH-167 BG FROM,UNKNOWN,MoRTH,UNKNOWN,N24002141,364.07,,227.21,cumulative_expenditure_crore,2025-07,2025-07,,,2025-04,FRApril2025.pdf,Table 3: Completed Projects,,0.0,0.0,,
609041,NAN,"IoE Projects [Civil Works], IIT Kharagpur West Bengal 01/2018 Department of Water Resources, River Development & GR Water Resources Total (1) 287.2",UNKNOWN,"Indian Institute of Technology, Kharagpur",UNKNOWN,West Bengal,287.2,,310.0,cumulative_expenditure_crore,2023-03,2025-08,,,2025-09,FlashReport_September_2025.pdf,Table 3: Completed Projects,,1.0,29.0,,
611939,NAN,Himmatnagar Khedbrahma Gauge Conversion Gujarat 06/2022,UNKNOWN,WR,UNKNOWN,Gujarat,482.42,482.42,894.4,revised_cost_crore,2001-06,2025-08,,,2025-10,FlashReport_October_2025.pdf,Table 3: Completed Projects,,1.0,290.0,0.0,0.0
709782,N16000456,ATF Pipeline from Jawaharlal Nehru Port Trust to Navi Mumbai International Airport Ministry of Power Transmission & Distribution Total (2) 264.16,UNKNOWN,Indian Oil Corporation Limited [IOCL],UNKNOWN,Maharashtra (08/2022),165.0,165.0,103.36,revised_cost_crore,2026-06,2025-08,,,2026-06,FlashReport_June_2026.pdf,Table 3: Completed Projects,,0.0,-10.0,0.0,0.0
N24001869,N24001869,UPGRADATION AND REHABILITATION TO TWO LANE WITH PAVED SHOULDER OF GHAGARIYA- MUNABAO SECTION FROM KM,UNKNOWN,MoRTH,UNKNOWN,N24001869,235.15,,152.69,cumulative_expenditure_crore,2025-08,2025-08,,,2025-05,FR_May2025.pdf,Table 3: Completed Projects,,0.0,0.0,,
400035,N16000495,"Grass Root Rail-fed Depot at Sekerkote, Agartala as resitement of existing Dharmanagar Depot Total (2) 70840.14",UNKNOWN,Indian Oil Corporation Limited [IOCL],UNKNOWN,Tripura (06/2022),656.0,656.0,546.57,revised_cost_crore,2026-06,2025-09,,,2026-06,FlashReport_June_2026.pdf,Table 3: Completed Projects,,0.0,-9.0,0.0,0.0
602194,NAN,Khurja super Thermal Power Plant [2X660 MW] Uttar Pradesh 03/2019 Transmission & Distribution Total (2) 16581.31 18411.34,UNKNOWN,THDC India Limited,UNKNOWN,Uttar Pradesh,11089.42,13276.2,12888.23,revised_cost_crore,2024-02,2025-09,,,2025-12,FlashReport_December_2025.pdf,Table 3: Completed Projects,,1.0,19.0,1.0,19.719516439994162
604792,NAN,"Assam Bio Refinery, ABRPL Assam 02/2018",UNKNOWN,Ministry of Petroleum & Natural Gas,UNKNOWN,Assam,1750.0,4930.0,4770.0,revised_cost_crore,2021-09,2025-09,,,2025-09,FlashReport_September_2025.pdf,Table 3: Completed Projects,,1.0,48.0,1.0,181.71428571428572
611967,N18000380,Transmission Scheme for Solar Energy Zone in Ananthpuram 2500MW and Kurnool 1000MW Andhra Pradesh 09/2023,UNKNOWN,Power Grid Corporation of India Limited [POWERGRID],UNKNOWN,Andhra Pradesh (09/2023),823.0,,798.31,cumulative_expenditure_crore,2026-05,2025-09,,,2026-06,FlashReport_June_2026.pdf,Table 3: Completed Projects,,0.0,-8.0,,
612188,N21000033,"Construction of 200 Bedded [Upgradable to 500 Bedded including 50 beds of SST] ESIC Hospital at Bibewadi, Pune Ministry of Petroleum & Natural Gas Total (2) 572.48 471.98",UNKNOWN,Employee's State Insurance Company [ESIC],UNKNOWN,Maharashtra (03/2023),429.25,,341.9,cumulative_expenditure_crore,2026-08,2025-09,,,2026-05,FlashReport_May2026.pdf,Table 3: Completed Projects,,0.0,-11.0,,
617282,NAN,"C/o 184 MS Flats for Hon'ble MPs at BKS Marg, New Delhi Delhi 01/2022 Waste & Water Total (1) 646.53 540.04",UNKNOWN,Central Public Works Department [CPWD],UNKNOWN,Delhi,646.53,646.52,540.04,revised_cost_crore,2025-05,2025-09,,,2025-11,FlashReport_November_2025.pdf,Table 3: Completed Projects,,1.0,4.0,0.0,-0.0015467186364114434
617303,NAN,"City Gas Distribution Project at Khagaria, Saharsa and Madhepura Bihar 03/2019 Ministry of Ports, Shipping and Waterways Total (2) 4866.95",UNKNOWN,Ministry of Petroleum & Natural Gas,UNKNOWN,Bihar,163.0,163.0,96.95,revised_cost_crore,2030-03,2025-09,,,2025-09,FlashReport_September_2025.pdf,Table 3: Completed Projects,,0.0,-54.0,0.0,0.0
618093,N24001927,Up-gradation to 2 lane with Paved shoulder from Charbhuja at Design km 0.00 existing km 150.00 to Neechli Oden Nathdwara at Design ch. Km 88.800 existing km 55.950 of NH-162E on EPC mode.,UNKNOWN,MoRTH,UNKNOWN,Rajasthan (09/2023),838.43,,43.9,cumulative_expenditure_crore,2025-04,2025-09,,,2026-06,FlashReport_June_2026.pdf,Table 3: Completed Projects,,1.0,5.0,,
618828,N24002053,"Project Assessment, Infrastructure Monitoring and Analytics for Nation-building 4L from Km 219.600 Khajuri to Km 260.483 Wyndhamganj on NH-75 Sec-V Multi-States (Uttar Pradesh, Jharkhand)",UNKNOWN,PAIMANA,UNKNOWN,(09/2023),1436.49,1465.55,959.96,revised_cost_crore,2026-05,2025-09,,,2026-06,FlashReport_June_2026.pdf,Table 3: Completed Projects,,0.0,-8.0,1.0,2.0229865853573603
701371,NAN,Durgawati Reservoir Project Bihar 04/1996,UNKNOWN,Irrigation and CAD-TG,UNKNOWN,Bihar,691.15,971.96,978.51,revised_cost_crore,2019-12,2025-09,,,2025-09,FlashReport_September_2025.pdf,Table 3: Completed Projects,,1.0,69.0,1.0,40.62938580626493
705566,NAN,Domingarh-Gorakhpur-Gorakhpur Cantt.-Kusumhi - 3rd Railway Line Project Uttar Pradesh 11/2016,UNKNOWN,North Eastern Railway [NER],UNKNOWN,Uttar Pradesh,351.0,521.47,499.64,revised_cost_crore,2025-02,2025-09,,,2025-10,FlashReport_October_2025.pdf,Table 3: Completed Projects,,1.0,7.0,1.0,48.56695156695158
705863,NAN,Bahraich - Nanpara - Nepalganj Road Gauge Conversion Uttar Pradesh 07/2020 Total (4) 2198.8 2602.1,UNKNOWN,North Eastern Railway [NER],UNKNOWN,Uttar Pradesh,950.0,550.0,507.02,revised_cost_crore,2025-07,2025-09,,,2025-10,FlashReport_October_2025.pdf,Table 3: Completed Projects,,1.0,2.0,0.0,-42.10526315789473
400117,NAN,Arjun Sahayak Project Uttar Pradesh 04/2009 Ministry of Petroleum & Natural Gas Total (2) 1432.53 4016.19,UNKNOWN,Irrigation & Water Resources-UP,UNKNOWN,Uttar Pradesh,741.38,2465.68,3037.68,revised_cost_crore,2019-12,2025-10,,,2025-09,FlashReport_September_2025.pdf,Table 3: Completed Projects,,1.0,70.0,1.0,232.57978364671285
611938,NAN,Vijapur Ambliyasan Gauge Conversion Gujarat 05/2022,UNKNOWN,WR,UNKNOWN,Gujarat,415.38,415.38,701.04,revised_cost_crore,2026-05,2025-10,,,2025-10,FlashReport_October_2025.pdf,Table 3: Completed Projects,,0.0,-7.0,0.0,0.0
612063,NAN,"Construction of New Terminal Building, Second Link Taxi Track, Apron Expansion, and associated works at Prayagraj Airport- On Design & Build Basis. Ministry of Coal Coal Total (1) 219.18 215.51",UNKNOWN,Airport Authority of India [AAI],UNKNOWN,Uttar Pradesh,219.18,274.38,215.51,revised_cost_crore,2024-11,2025-10,,,2025-12,FlashReport_December_2025.pdf,Table 3: Completed Projects,,1.0,11.0,1.0,25.184779633178206
618285,N24001368,Widening/Improvement to 4 -Lane with Paved Shoulder from Ch. 88.000km to Ch.99.930 km Design Ch.84.100km to Ch.96.000 km of Sagunbashi forest near Nichinta to starting of Krishnai Bypass Section of Bilasipura Guwahati road NH 17 on EPC Package-7,UNKNOWN,NHIDCL,UNKNOWN,Assam (10/2023),286.72,,220.81,cumulative_expenditure_crore,2025-08,2025-10,,,2026-06,FlashReport_June_2026.pdf,Table 3: Completed Projects,,1.0,2.0,,
709858,NAN,OPTICAL TRANSPORT NETWORK [OTN] PH-4 IN BSNL PAN India 02/2024 Ministry of Civil Aviation Aviation & Aviation Infrastructure Total (1) 810.99 786.86,UNKNOWN,BSNL,UNKNOWN,PAN India,810.99,,786.86,cumulative_expenditure_crore,2025-08,2025-10,,,2025-12,FlashReport_December_2025.pdf,Table 3: Completed Projects,,1.0,2.0,,
606781,NAN,"Transmission System for Strengthening of Srinagar-Leh Tr. System Total (7) 5152.48 5703.93 Multi-States (Jammu and Kashmir, Ladakh)",UNKNOWN,Power Grid Corporation of India Limited [POWERGRID],UNKNOWN,(03/2022),288.71,,288.71,cumulative_expenditure_crore,2024-12,2025-11,,,2025-11,FlashReport_November_2025.pdf,Table 3: Completed Projects,,1.0,11.0,,
608301,NAN,Transmission system strengthening scheme for evacuation of power from solar energy zones in Rajasthan 8.1 GW under Phase II- Part- G1,UNKNOWN,Power Grid Corporation of India Limited [POWERGRID],UNKNOWN,Delhi (02/2022),359.47,,359.47,cumulative_expenditure_crore,2023-09,2025-11,,,2025-11,FlashReport_November_2025.pdf,Table 3: Completed Projects,,1.0,26.0,,
608302,NAN,Transmission system for evacuation of Power from Pakaldul HEP in Chenab Valley HEPs - LTA System Jammu and Kashmir 02/2022,UNKNOWN,Power Grid Corporation of India Limited [POWERGRID],UNKNOWN,Jammu and Kashmir,318.12,,318.12,cumulative_expenditure_crore,2025-04,2025-11,,,2025-11,FlashReport_November_2025.pdf,Table 3: Completed Projects,,1.0,7.0,,
617990,N24002025,Construction of bypass road to Adoni town connecting NH-167 Hagari - Jadcharla road from km.62/700 to 71/400 in Kurnool District in the State of Andhra Pradesh. Andhra Pradesh 03/2023,UNKNOWN,MoRTH,UNKNOWN,Andhra Pradesh (02/2024),242.0,,99.13,cumulative_expenditure_crore,2025-11,2025-11,,,2026-06,FlashReport_June_2026.pdf,Table 3: Completed Projects,,0.0,0.0,,
618919,N24001984,4L PS from Mandlem Existing Km. 38.000/Design Km.30.600 to Atmakur Existing Km.73.000/Design Km 66.115 of NH340C Package2 Andhra Pradesh 03/2023,UNKNOWN,NHAI,UNKNOWN,Andhra Pradesh (11/2023),887.28,913.03,550.42,revised_cost_crore,2025-11,2025-11,,,2026-06,FlashReport_June_2026.pdf,Table 3: Completed Projects,,0.0,0.0,1.0,2.902127851411054
709761,NAN,HP Trijet Unit in Visakh Refinery Andhra Pradesh 07/2024,UNKNOWN,Hindustan Petroleum Corporation Limited,UNKNOWN,Andhra Pradesh,193.0,193.0,0.43,revised_cost_crore,2027-07,2025-11,,,2025-10,FlashReport_October_2025.pdf,Table 3: Completed Projects,,0.0,-20.0,0.0,0.0
400145,NAN,CHHAL OC SEAM III [6 MTY] Chhattisgarh 12/2013 Ministry of Housing & Urban Affairs Waste & Water Total (1) 610.63 583.26,UNKNOWN,South Eastern Coalfields Limited [SECL],UNKNOWN,Chhattisgarh,610.63,,583.26,cumulative_expenditure_crore,2022-03,2025-12,,,2025-12,FlashReport_December_2025.pdf,Table 3: Completed Projects,,1.0,45.0,,
400158,NAN,Debottlenecking and Augmentation of Cryogenic facilities at Uran LPG Import Terminal,UNKNOWN,"Department of Water Resources, River Development & GR",UNKNOWN,Maharashtra (04/2021),1164.69,1629.86,1048.74,revised_cost_crore,2024-02,2025-12,,,2025-12,FlashReport_December_2025.pdf,Table 3: Completed Projects,,1.0,22.0,1.0,39.93938301178853
56400,N24001416,Widening and Reconstruction of existing road to four lane from Km.56400 to Km 120300 i.e. from B.Kothapalli Junction to Gorantla excluding Kadiri Bypass from Km 70200 to Km 77105 of NH 716G in the State of Andhra Pradesh on EPC mode Job no. 742 Andhra Pradesh 03/2022,UNKNOWN,MoRTH,UNKNOWN,Andhra Pradesh (09/2023),839.98,,415.11,cumulative_expenditure_crore,2026-03,2025-12,,,2026-06,FlashReport_June_2026.pdf,Table 3: Completed Projects,,0.0,-3.0,,
610940,NAN,"Additional Infrastructure at IISc Bangalore-RCC Monolithic for Men Hostel S14, Women Hostel S11 , Postdoctoral Hostel S12 2 Block , International Hostel S 12 , D&E Block S 12 2 Block FR.",UNKNOWN,IISC Bangalore,UNKNOWN,Karnataka (08/2021),420.41,420.41,367.92,revised_cost_crore,2024-03,2025-12,,,2025-12,FlashReport_December_2025.pdf,Table 3: Completed Projects,,1.0,21.0,0.0,0.0
610985,NAN,Construction of lube oil blending plant at Rasayani Maharashtra 05/2022 Ministry of Power Electricity Generation Total (2) 1588.08 1382.22,UNKNOWN,Ministry of Petroleum & Natural Gas,UNKNOWN,Maharashtra,423.39,526.26,333.48,revised_cost_crore,2023-12,2025-12,,,2025-12,FlashReport_December_2025.pdf,Table 3: Completed Projects,,1.0,24.0,1.0,24.296747679444486
611656,NAN,Transmission scheme for evacuation of 4.5GW RE injection at Khavda PS under Phase II- Part B,UNKNOWN,Power Grid Corporation of India Limited [POWERGRID],UNKNOWN,Gujarat (03/2023),1167.55,1167.0,1167.0,revised_cost_crore,2025-03,2025-12,,,2025-11,FlashReport_November_2025.pdf,Table 3: Completed Projects,,1.0,9.0,0.0,-0.04710719027022008
611660,NAN,Establishment of Khavda Pooling Station-2 KPS2 in Khavda RE Park KPS2 TRANSMISSION SYSTEM LIMITED,UNKNOWN,Power Grid Corporation of India Limited [POWERGRID],UNKNOWN,Gujarat (03/2023),966.79,,966.79,cumulative_expenditure_crore,2024-12,2025-12,,,2025-11,FlashReport_November_2025.pdf,Table 3: Completed Projects,,1.0,12.0,,
611937,NAN,Adraj Moti Vijapur 40 Kms Gujarat 05/2022,UNKNOWN,WR,UNKNOWN,Gujarat,417.53,417.53,513.61,revised_cost_crore,2026-05,2025-12,,,2025-12,FlashReport_December_2025.pdf,Table 3: Completed Projects,,0.0,-5.0,0.0,0.0
612135,NAN,Hostel 4 -Earlier Known as Hostel 20 Maharashtra 09/2022 Department of Telecommunications Total (2) 602.74 546.09,UNKNOWN,"Indian Institute of Technology, Bombay",UNKNOWN,Maharashtra,182.33,,178.17,cumulative_expenditure_crore,2025-09,2025-12,,,2025-12,FlashReport_December_2025.pdf,Table 3: Completed Projects,,1.0,3.0,,
612239,NAN,Construction of 100 bedded ESIC Hospital & 32 nos. of Staff qtrs at OMPURA J&K. Ministry of Petroleum & Natural Gas Total (1) 131.05 162.05 Jammu and Kashmir 09/2019,UNKNOWN,Employee's State Insurance Company [ESIC],UNKNOWN,Jammu and Kashmir,131.05,164.93,162.05,revised_cost_crore,2024-09,2025-12,,,2025-12,FlashReport_December_2025.pdf,Table 3: Completed Projects,,1.0,15.0,1.0,25.85272796642502
702682,NAN,Dibrugarh Water Supply Infrastructure Project Assam 02/2016 Ministry of Labour and Employment Healthcare Total (1) 186.8 186.8,UNKNOWN,Ministry of Housing & Urban Affairs,UNKNOWN,Assam,186.8,,186.8,cumulative_expenditure_crore,2023-03,2025-12,,,2025-11,FlashReport_November_2025.pdf,Table 3: Completed Projects,,1.0,33.0,,
705779,NAN,"Project Assessment, Infrastructure Monitoring and Analytics for Nation-building Phephna-Indara, Mau-Shahganj doubling excluding Indara-Mau Uttar Pradesh 05/2017",UNKNOWN,PAIMANA,UNKNOWN,Uttar Pradesh,1178.0,2215.0,2217.85,revised_cost_crore,2024-12,2025-12,,,2025-12,FlashReport_December_2025.pdf,Table 3: Completed Projects,,1.0,12.0,1.0,88.03056027164686
709748,NAN,BIKANER SOLAR POWER PROJECT Rajasthan 10/2021,UNKNOWN,Satluj Jal Vidyut Nigam [SJVN] Thermal Limited,UNKNOWN,Rajasthan,5491.89,,5523.11,cumulative_expenditure_crore,2024-04,2025-12,,,2025-12,FlashReport_December_2025.pdf,Table 3: Completed Projects,,1.0,20.0,,
400235,NAN,"Setting up a common user Petroleum Terminal at Jammu, J&K for resitement of existing PSU OMC's Depots from Jammu City Ministry of Power Transmission & Distribution Total (1) 676.89 587.36 Jammu and Kashmir 04/2023",UNKNOWN,Bharat Petroleum Corporation Limited [BPCL],UNKNOWN,Jammu and Kashmir,676.89,715.89,587.36,revised_cost_crore,2025-03,2026-01,,,2026-01,FlashReport_January_2026.pdf,Table 3: Completed Projects,,1.0,10.0,1.0,5.761645171298143
611657,NAN,Transmission scheme for evacuation of 4.5GW RE injection at Khavda PS under Phase II- Part C Ministry of Railways Railways Total (1) 2820.99 2820.99,UNKNOWN,Power Grid Corporation of India Limited [POWERGRID],UNKNOWN,Gujarat (03/2023),2820.99,,2820.99,cumulative_expenditure_crore,2025-03,2026-01,,,2026-01,FlashReport_January_2026.pdf,Table 3: Completed Projects,,1.0,10.0,,
611659,NAN,Transmission system strengthening scheme for evacuation of power from solar energy zones in Rajasthan[8.1 GW] under phase-II- Part E Ministry of Railways Railways Total (1) 1433.28,UNKNOWN,Power Grid Corporation of India Limited [POWERGRID],UNKNOWN,Rajasthan (03/2023),1433.28,1433.0,1433.0,revised_cost_crore,2024-09,2026-01,,,2025-12,FlashReport_December_2025.pdf,Table 3: Completed Projects,,1.0,16.0,0.0,-0.019535610627370276
612819,N06000269,300 MW SPP part of 510 MW CPSU scheme Rajasthan 07/2022,UNKNOWN,NLC India Limited [NLCIL],UNKNOWN,Rajasthan,1813.0,1813.0,1753.07,revised_cost_crore,2024-09,2026-01,,,2026-05,FlashReport_May2026.pdf,Table 3: Completed Projects,,1.0,16.0,0.0,0.0
615327,N06000279,50 MW Solar PP Minedout Area Tamil Nadu 08/2023,UNKNOWN,NLC India Limited [NLCIL],UNKNOWN,Tamil Nadu,218.03,,170.13,cumulative_expenditure_crore,2025-03,2026-01,,,2026-05,FlashReport_May2026.pdf,Table 3: Completed Projects,,1.0,10.0,,
618912,NAN,"Construction of Rudrapur Bypass Section from Km. 0.000 to 20.640 in the state of Uttar Pradesh & Uttarakhand Multi-States (Uttar Pradesh, Uttarakhand)",UNKNOWN,NHAI,UNKNOWN,(01/2024),1051.73,1117.17,670.74,revised_cost_crore,2026-03,2026-01,,,2026-06,FlashReport_June_2026.pdf,Table 3: Completed Projects,,0.0,-2.0,1.0,6.222129253705804
701576,NAN,Berth No. 2 [previously Berth 3] of HDC Mechanization Project West Bengal 11/2022 Ministry of Power Electricity Generation Total (2) 398.26 666.47,UNKNOWN,"Haldia Dock Complex, Syama Prasad Mookerjee Port Authority",UNKNOWN,West Bengal,298.26,298.26,480.0,revised_cost_crore,2025-09,2026-01,,,2026-03,FlashReport_March_2026.pdf,Table 3: Completed Projects,,1.0,4.0,0.0,0.0
702842,NAN,Nagpur Water Supply Infrastructure Project Maharashtra 12/2015 Ministry of Labour and Employment Healthcare Total (1) 273.78 267.57,UNKNOWN,Ministry of Housing & Urban Affairs,UNKNOWN,Maharashtra,273.78,271.86,267.57,revised_cost_crore,2023-03,2026-01,,,2025-12,FlashReport_December_2025.pdf,Table 3: Completed Projects,,1.0,34.0,0.0,-0.7012930089853018
705300,NAN,Western Region Video Surveillance Project PAN India 06/2020,UNKNOWN,RCIL,UNKNOWN,Maharashtra,227.59,,0.0,cumulative_expenditure_crore,2023-12,2026-01,,,2025-12,FlashReport_December_2025.pdf,Table 3: Completed Projects,,1.0,25.0,,
708655,NAN,Operationalization of Coastal Berth & Shallow Water Berth through PPP Maharashtra Total (1) 366.8 376.86,UNKNOWN,Jawaharlal Nehru Port Authority [JNPA],UNKNOWN,Maharashtra,366.8,,376.86,cumulative_expenditure_crore,,2026-01,,,2025-09,FlashReport_September_2025.pdf,Table 3: Completed Projects,,,,,
400161,NAN,"PP Project, Pata Uttar Pradesh 03/2019 Ministry of Power Transmission & Distribution Total (3) 1937.43 1556.56",UNKNOWN,Gas Authority of India Limited [GAIL],UNKNOWN,Uttar Pradesh,910.56,1299.02,1082.0,revised_cost_crore,2024-01,2026-02,,,2026-02,FlashReport_February_2026.pdf,Table 3: Completed Projects,,1.0,25.0,1.0,42.66165875944474
400234,NAN,"Third Railway Line between Patratu-Sonnagar [291 kms] Total (1) 5690.22 Multi-States (Bihar,",UNKNOWN,RVNL - II,UNKNOWN,Jharkhand) (08/2018),8975.0,8975.0,5690.22,revised_cost_crore,2026-03,2026-02,,,2026-01,FlashReport_January_2026.pdf,Table 3: Completed Projects,,0.0,-1.0,0.0,0.0
611944,NAN,Quadrupling between Gandhidham Adipur with Y connection at Adipur for providing direct entry towards Mundra Port and Bhuj and high level platform at Gopalpur 11Kms,UNKNOWN,Western Railway [WR] - II,UNKNOWN,Gujarat (02/2023),152.44,152.44,120.36,revised_cost_crore,2026-03,2026-02,,,2026-02,FlashReport_February_2026.pdf,Table 3: Completed Projects,,0.0,-1.0,0.0,0.0
702633,N28000134,"Delhi-Ghaziabad-Meerut Regional Rapid Transit System [RRTS] corridor Ministry of Labour and Employment Healthcare Total (2) 35658.17 33308.54 Multi-States (Delhi, Uttar",UNKNOWN,National Capital Region Transport Corporation [NCRTC],UNKNOWN,Pradesh) (03/2019),30274.0,30274.0,27950.13,revised_cost_crore,2025-06,2026-02,,,2026-03,FlashReport_March_2026.pdf,Table 3: Completed Projects,,1.0,8.0,0.0,0.0
705789,NAN,Penukonda - Dharmavaram Doubling Project [41.5 Km] Andhra Pradesh 06/2018,UNKNOWN,South Western Railway [SWR] - II,UNKNOWN,Andhra Pradesh,307.66,307.66,311.28,revised_cost_crore,2026-03,2026-02,,,2026-02,FlashReport_February_2026.pdf,Table 3: Completed Projects,,0.0,-1.0,0.0,0.0
709789,NAN,Installation of Independent De- Aromatized Solvents [DAS] production facilities at MR,UNKNOWN,Bharat Petroleum Corporation Limited [BPCL],UNKNOWN,Maharashtra (03/2023),405.0,343.0,254.56,revised_cost_crore,2025-07,2026-02,,,2026-02,FlashReport_February_2026.pdf,Table 3: Completed Projects,,1.0,7.0,0.0,-15.308641975308642
709790,NAN,Replacement and Extension of Jetty Pipelines [REJP] at KR Kerala 03/2023,UNKNOWN,Bharat Petroleum Corporation Limited [BPCL],UNKNOWN,Kerala,621.87,372.0,220.0,revised_cost_crore,2026-03,2026-02,,,2026-02,FlashReport_February_2026.pdf,Table 3: Completed Projects,,0.0,-1.0,0.0,-40.18042356119446
400077,N16000438,"Grass root POL Terminal at Vallur, Chennai Tamil Nadu 01/2022 Total (2) 814.01",UNKNOWN,Indian Oil Corporation Limited [IOCL],UNKNOWN,Tamil Nadu,827.0,887.71,661.1,revised_cost_crore,2024-12,2026-03,,,2026-03,FlashReport_March_2026.pdf,Table 3: Completed Projects,,1.0,15.0,1.0,7.340991535671105
611950,NAN,Transmission system for evacuation of power from REZ in Rajasthan 20 GW under Phase-III part B1 Ministry of Railways Railways Total (1) 2190.54 2190.54,UNKNOWN,Power Grid Corporation of India Limited [POWERGRID],UNKNOWN,Rajasthan (09/2023),2190.54,,2190.54,cumulative_expenditure_crore,2025-04,2026-03,,,2026-02,FlashReport_February_2026.pdf,Table 3: Completed Projects,,1.0,11.0,,
612856,N18000395,Augmentation of 1x1500 MVA 3rd 765/400 kV transformation capacity at Kurnool New Substation Ministry of Railways Railways Total (1) 163.61 163.61 Andhra Pradesh 05/2023,UNKNOWN,Power Grid Corporation of India Limited [POWERGRID],UNKNOWN,Andhra Pradesh (12/2023),163.61,,163.61,cumulative_expenditure_crore,2025-09,2026-03,,,2026-03,FlashReport_March_2026.pdf,Table 3: Completed Projects,,1.0,6.0,,
616235,N16000538,Construction of Aviation Fuel farm Facilities at Bhogapuram Airport Andhra Pradesh 08/2024,UNKNOWN,Ministry of Petroleum & Natural Gas,UNKNOWN,Andhra Pradesh,240.0,240.0,152.91,revised_cost_crore,2026-03,2026-03,,,2026-03,FlashReport_March_2026.pdf,Table 3: Completed Projects,,0.0,0.0,0.0,0.0
618755,NAN,"4L of left out existing road section from Lalgopalganj Km 161.450 to Nawabganj Km 180.200 in Prayagraj Multi-States (Rajasthan,",UNKNOWN,NHAI,UNKNOWN,Uttar Pradesh) (04/2025),159.53,100.74,93.24,revised_cost_crore,2026-04,2026-03,,,2026-06,FlashReport_June_2026.pdf,Table 3: Completed Projects,,0.0,-1.0,0.0,-36.852002758101925
701350,N16000449,"Upgradation of Facilities of Numaligarh-Siliguri Product Pipeline [NSPL] for transportation of additional products from existing 1.72 MMTPA to 5.5 MMTPA Ministry of Ports, Shipping and Waterways Total (3) 3499.48 1644.19 Multi-States (Assam,",UNKNOWN,Ministry of Petroleum & Natural Gas,UNKNOWN,West Bengal) (06/2021),860.0,750.0,639.43,revised_cost_crore,2024-12,2026-03,,,2026-03,FlashReport_March_2026.pdf,Table 3: Completed Projects,,1.0,15.0,0.0,-12.790697674418606
702948,NAN,Jaunpur Sewerage Management Infrastructure Project Uttar Pradesh 03/2017 Ministry of Petroleum & Natural Gas Total (1) 235.73 231.62,UNKNOWN,Ministry of Housing & Urban Affairs,UNKNOWN,Uttar Pradesh,235.73,231.62,231.62,revised_cost_crore,2023-06,2026-03,,,2026-02,FlashReport_February_2026.pdf,Table 3: Completed Projects,,1.0,33.0,0.0,-1.7435201289610933
705635,N22000399,"Trivandrum- Kanyakumari Ministry of Road Transport & Highways Roads & Highways Total (3) 1892.1 3314.19 Multi-States (Kerala,",UNKNOWN,Southern Railway [SR] - I,UNKNOWN,Tamil Nadu) (03/2016),1432.0,3785.45,2882.55,revised_cost_crore,2025-03,2026-03,,,2026-02,FlashReport_February_2026.pdf,Table 3: Completed Projects,,1.0,12.0,1.0,164.34706703910612
705651,NAN,Katni - Bina Third Railway Line [279 km] Madhya Pradesh 06/2016,UNKNOWN,West Central Railway WCR I,UNKNOWN,Madhya Pradesh,2478.23,4127.23,3368.11,revised_cost_crore,2022-03,2026-03,,,2026-03,FlashReport_March_2026.pdf,Table 3: Completed Projects,,1.0,48.0,1.0,66.53942531564864
705662,N22000333,"Hotgi-Kudgi-Gadag Doubling Project Ministry of Road Transport & Highways Roads & Highways Total (2) 4356.23 6139.4 Multi-States (Karnataka,",UNKNOWN,South Western Railway [SWR] - II,UNKNOWN,Maharashtra) (01/2016),1878.0,2459.0,2771.29,revised_cost_crore,2024-12,2026-03,,,2026-03,FlashReport_March_2026.pdf,Table 3: Completed Projects,,1.0,15.0,1.0,30.93716719914803
707267,NAN,Upgradation of Sewerage system in Gandhinagar City Gujarat 07/2020,UNKNOWN,ministry of housing and urban affairs,UNKNOWN,Gujarat,200.0,,100.0,cumulative_expenditure_crore,2023-06,2026-03,,,2026-04,FlashReport_April2026.pdf,Table 3: Completed Projects,,1.0,33.0,,
709766,N16000485,"City Gas Distribution Project at Kurnool, Guntur & Prakasam Districts Andhra Pradesh 03/2022",UNKNOWN,MinistryofPetroleumNaturalGas,UNKNOWN,Andhra Pradesh,1420.0,1420.0,171.55,revised_cost_crore,2030-03,2026-03,,,2026-03,FlashReport_March_2026.pdf,Table 3: Completed Projects,,0.0,-48.0,0.0,0.0
709827,N12000130,CONSTRUCTION OF RESIDENTIAL TOWERS AT BIOM KIRANDUL COMPLEX Chhattisgarh 07/2021 Total (1) 349.75 326.85,UNKNOWN,National Mineral Development Corporation Limited [NMDC],UNKNOWN,Chhattisgarh,349.75,,326.85,cumulative_expenditure_crore,2025-12,2026-03,,,2026-03,FlashReport_March_2026.pdf,Table 3: Completed Projects,,1.0,3.0,,
709846,N16000515,Part Replacement Pipeline Project [PRPP] Maharashtra 11/2022,UNKNOWN,Oil and Natural Gas Corporation Limited [ONGC],UNKNOWN,Maharashtra,1219.48,1145.1,833.21,revised_cost_crore,2024-05,2026-03,,,2026-03,FlashReport_March_2026.pdf,Table 3: Completed Projects,,1.0,22.0,0.0,-6.099321022074991
N22000625,N22000625,KARAIKAL PERALAM(23KM)-NEW LINE PROJECT ROAD TRANSPORT AND HIGHWAYS,UNKNOWN,23KM,UNKNOWN,SR,304.22,,292.65,cumulative_expenditure_crore,2026-03,2026-03,,,2025-06,FR_JUNE_2025.pdf,Table 3: Completed Projects,,0.0,0.0,,
602193,N18000010,Tehri Pumped Storage Plant Project [4x250 MW] Uttarakhand 07/2006 Transmission & Distribution Total (1) 4825.6 8267.03,UNKNOWN,THDC India Limited,UNKNOWN,Uttarakhand,4825.6,8339.0,8267.03,revised_cost_crore,2022-06,2026-04,,,2026-03,FlashReport_March_2026.pdf,Table 3: Completed Projects,,1.0,46.0,1.0,72.80752652519892
611951,N18000373,Transmission system for evacuation of power from REZ in Rajasthan 20GW under Phase-III Part E1 Ministry of Railways Railways Total (2) 1022.74 1022.74,UNKNOWN,Power Grid Corporation of India Limited [POWERGRID],UNKNOWN,Rajasthan (08/2023),688.74,,688.74,cumulative_expenditure_crore,2025-02,2026-04,,,2026-04,FlashReport_April2026.pdf,Table 3: Completed Projects,,1.0,14.0,,
612151,N18000383,Transmission System for Evacuation of Power from potential Renewable Energy zone in Khavda Area of Gujarat under Phase IV [7 GW] Part E3,UNKNOWN,Power Grid Corporation of India Limited [POWERGRID],UNKNOWN,Gujarat (07/2023),334.0,,334.0,cumulative_expenditure_crore,2025-07,2026-04,,,2026-04,FlashReport_April2026.pdf,Table 3: Completed Projects,,1.0,9.0,,
618099,NAN,"Rehabilitation & up-gradation for Talere Gaganbawada - kolhapur Road NH 166G stretch start from km. 0/00 to Km. 06/00 and km. 13/00 to km 19/440 of NH-166G, length 12.440 km in the State of Maharashtra.",UNKNOWN,MoRTH,UNKNOWN,Maharashtra (10/2024),164.13,,115.51,cumulative_expenditure_crore,2025-10,2026-04,,,2026-06,FlashReport_June_2026.pdf,Table 3: Completed Projects,,1.0,6.0,,
702735,NAN,Sewerage Management Scheme Part-3 Implementation Haryana 03/2017,UNKNOWN,Ministry of Housing & Urban Affairs,UNKNOWN,Haryana,213.19,,180.32,cumulative_expenditure_crore,2023-03,2026-04,,,2026-04,FlashReport_April2026.pdf,Table 3: Completed Projects,,1.0,37.0,,
702798,NAN,Jabalpur Sewerage Management and Treatment Infrastructure Project Madhya Pradesh 10/2018 Ministry of Labour and Employment Healthcare Total (4) 950.46 783.97,UNKNOWN,Ministry of Housing & Urban Affairs,UNKNOWN,Madhya Pradesh,362.31,,332.05,cumulative_expenditure_crore,2023-03,2026-04,,,2026-04,FlashReport_April2026.pdf,Table 3: Completed Projects,,1.0,37.0,,
709760,N16000534,HP TDAE Unit in Mumbai Refinery Maharashtra 06/2024,UNKNOWN,Hindustan Petroleum Corporation Limited,UNKNOWN,Maharashtra,240.0,240.0,160.8,revised_cost_crore,2026-06,2026-04,,,2026-06,FlashReport_June_2026.pdf,Table 3: Completed Projects,,0.0,-2.0,0.0,0.0
400005,N18000337,"Transmission Network Expansion in Gujarat to increase its ATC from ISTS Part B Nagar Haveli and Daman & Diu, Gujarat,",UNKNOWN,Power Grid Corporation of India Limited [POWERGRID],UNKNOWN,Maharashtra) (07/2022),4546.26,,4546.26,cumulative_expenditure_crore,2023-06,2026-05,,,2026-05,FlashReport_May2026.pdf,Table 3: Completed Projects,,1.0,35.0,,
607701,N16000414,"Guwahati Refinery Expansion [1.0 to 1.2 MMTPA] along with installation of CRU, Guwahati Refinery",UNKNOWN,Ministry of Petroleum & Natural Gas,UNKNOWN,Assam (05/2021),412.3,577.0,487.31,revised_cost_crore,2023-10,2026-05,,,2026-05,FlashReport_May2026.pdf,Table 3: Completed Projects,,1.0,31.0,1.0,39.94664079553723
611947,N18000379,Transmission System for Evacuation of Power from REZ in Rajasthan 20GW under Phase III- Part E2 Ministry of Road Transport & Highways Roads & Highways Total (2) 4974.56 4974.56,UNKNOWN,Power Grid Corporation of India Limited [POWERGRID],UNKNOWN,Rajasthan (11/2023),428.3,,428.3,cumulative_expenditure_crore,2025-06,2026-05,,,2026-05,FlashReport_May2026.pdf,Table 3: Completed Projects,,1.0,11.0,,
612178,NAN,"Construction of 100 Bedded ESIC Hospital building and 32 Nos Residential Quarters at Vallam Vadangal, SIPCOT, Sriperumbudur Ministry of Power Transmission & Distribution Total (1) 152.95 130.22",UNKNOWN,Employee's State Insurance Company [ESIC],UNKNOWN,Tamil Nadu (03/2023),152.95,177.01,130.22,revised_cost_crore,2025-06,2026-05,,,2026-04,FlashReport_April2026.pdf,Table 3: Completed Projects,,1.0,11.0,1.0,15.730630925138936
612201,NAN,"Construction of 200 bedded ESIC Hospital with 62 Nos Staff quarters , Beltola Assam 12/2017",UNKNOWN,Employee's State Insurance Company [ESIC],UNKNOWN,Assam,143.23,154.75,130.08,revised_cost_crore,2025-04,2026-05,,,2026-05,FlashReport_May2026.pdf,Table 3: Completed Projects,,1.0,13.0,1.0,8.0430077497731
701354,N16000398,"Mumbai Nagpur Jharsuguda Pipeline Project Multi-States Pradesh, Maharashtra,",UNKNOWN,Ministry of Petroleum & Natural Gas,UNKNOWN,Odisha) (06/2020),7844.25,8255.0,7109.3,revised_cost_crore,2023-05,2026-05,,,2026-05,FlashReport_May2026.pdf,Table 3: Completed Projects,,1.0,36.0,1.0,5.236319597157153
702639,N28000122,Ahmedabad Metro Rail Project [Phase-I] Gujarat 11/2014 Waste & Water Total (1) 12521.43,UNKNOWN,Gujarat Metro Rail Corporation Limited [GMRCL],UNKNOWN,Gujarat,10773.0,12924.5,12521.43,revised_cost_crore,2018-03,2026-05,,,2026-05,FlashReport_May2026.pdf,Table 3: Completed Projects,,1.0,98.0,1.0,19.971224357189268
702764,NAN,24/7 water supply under AMRUT for Davanagere Karnataka 11/2016,UNKNOWN,Ministry of Housing & Urban Affairs,UNKNOWN,Karnataka,174.96,,171.6,cumulative_expenditure_crore,2023-03,2026-05,,,2026-04,FlashReport_April2026.pdf,Table 3: Completed Projects,,1.0,38.0,,
709757,N16000497,"CGD Project in Banka, Dumka, Godda, Jamtara, Pakur, Sahibganj GA ID 11A.02 Multi-States (Bihar,",UNKNOWN,Hindustan Petroleum Corporation Limited,UNKNOWN,Jharkhand) (06/2022),1377.0,1377.0,377.51,revised_cost_crore,2030-06,2026-05,,,2026-05,FlashReport_May2026.pdf,Table 3: Completed Projects,,0.0,-49.0,0.0,0.0
709758,N16000498,"CGD Project in Malda, Birbhum, Murshidabad, Dakshin Dinajpur GA ID 11A.03 West Bengal 06/2022 Ministry of Power Transmission & Distribution Total (4) 12261.55 8365.03",UNKNOWN,Hindustan Petroleum Corporation Limited,UNKNOWN,West Bengal,2628.0,2628.0,390.91,revised_cost_crore,2030-06,2026-05,,,2026-05,FlashReport_May2026.pdf,Table 3: Completed Projects,,0.0,-49.0,0.0,0.0
400259,N06000152,Ghatampur Thermal Power Plant 3 X 660 MW Uttar Pradesh 07/2016 Ministry of Housing & Urban Affairs Total (3) 19268.83 23210.44,UNKNOWN,NLC India Limited [NLCIL],UNKNOWN,Uttar Pradesh,17237.8,21780.9,21287.24,revised_cost_crore,2020-11,2026-06,,,2026-05,FlashReport_May2026.pdf,Table 3: Completed Projects,,1.0,67.0,1.0,26.355451391708932
702840,NAN,Mira-Bhayandar Water Supply Infrastructure Project Maharashtra 11/2016,UNKNOWN,Ministry of Housing & Urban Affairs,UNKNOWN,Maharashtra,204.55,,193.2,cumulative_expenditure_crore,2023-03,2026-06,,,2026-05,FlashReport_May2026.pdf,Table 3: Completed Projects,,1.0,39.0,,
702854,NAN,Solapur Sewerage Management Infrastructure Project Maharashtra 03/2017 Ministry of Labour and Employment Healthcare Total (2) 384.79 365.42,UNKNOWN,Ministry of Housing & Urban Affairs,UNKNOWN,Maharashtra,180.24,,172.22,cumulative_expenditure_crore,2023-03,2026-06,,,2026-05,FlashReport_May2026.pdf,Table 3: Completed Projects,,1.0,39.0,,
N06000189,N06000189,TALABIRA II AND III OCP HEALTH AND FAMILY WELFARE,UNKNOWN,NLC,UNKNOWN,N06000189,2401.07,,1626.71,cumulative_expenditure_crore,2027-01,2027-01,,,2025-05,FR_May2025.pdf,Table 3: Completed Projects,,0.0,0.0,,
N16000426,N16000426,CGD PROJECT AT NAWADA AND KODERMA DISTRICTS,UNKNOWN,IOCL,UNKNOWN,N16000426,169.0,,71.0,cumulative_expenditure_crore,2029-12,2029-12,,,2025-06,FR_JUNE_2025.pdf,Table 3: Completed Projects,,0.0,0.0,,
N16000496,N16000496,"CGD PROJECT IN TONK, SAWAI MADHOPUR, DAUSA, KARAULI POWER",UNKNOWN,HPCL,UNKNOWN,N16000496,1751.0,,301.39,cumulative_expenditure_crore,2030-03,2030-03,,,2025-06,FR_JUNE_2025.pdf,Table 3: Completed Projects,,0.0,0.0,,
N16000392,N16000392,CITY GAS DISTRIBUTION IN WEST BENGAL,UNKNOWN,HPCL,UNKNOWN,N16000392,5830.2,,875.27,cumulative_expenditure_crore,2031-03,2031-03,,,2025-06,FR_JUNE_2025.pdf,Table 3: Completed Projects,,0.0,0.0,,
701600,NAN,"354 Uncovered Villages Scheme Gujarat, Himachal Pradesh, Jammu and Multi-States (Bihar,",UNKNOWN,Department of Telecommunications [DoT],UNKNOWN,"Multi-States (Bihar, Gujarat, Himachal Pradesh,",,,,none,,,,,2026-03,FlashReport_March_2026.pdf,Table 3: Completed Projects,,,,,
N24000332,N24000332,REHABILITATION AND UPGRADATION OF END OF AHMEDNAGAR BYPASS TO KHARWANDI KASAR SECTION OF NH-222 FROM,UNKNOWN,MoRTH,UNKNOWN,N24000332,225.81,,118.84,cumulative_expenditure_crore,,,,,2025-06,FR_JUNE_2025.pdf,Table 3: Completed Projects,,,,,
N24001039,N24001039,JINTUR TO PARBHANI,UNKNOWN,MoRTH,UNKNOWN,N24001039,356.66,,209.48,cumulative_expenditure_crore,,,,,2025-04,FRApril2025.pdf,Table 3: Completed Projects,,,,,
N24001095,N24001095,SATARA MURVAD PILLOV PANDHARPUR,UNKNOWN,MoRTH,UNKNOWN,N24001095,388.44,,240.05,cumulative_expenditure_crore,,,,,2025-04,FRApril2025.pdf,Table 3: Completed Projects,,,,,
