project_id,report_month,project_name,source_file,flag_category,severity,flag_reason
102000,2026-01,Reconstruction and widening to 2 lane with paved shoulder from existing chainage km of Naushera Tunnel Total length of tunnel 0.700 km under 31 TF on Akhnoor-Poonch road NH-144A in the UT of Jammu & Kashmir under Project Sampark BRO on EPC mode Package-V Job no NH-144A-J&K-2020-21-104,FlashReport_January_2026.pdf,EXPENDITURE_DROP,MEDIUM,Cumulative expenditure dropped from 345.14 Cr (2025-06) to 0.0 Cr (2026-01)
109700,2026-06,"Project Assessment, Infrastructure Monitoring and Analytics for Nation-building 930 Construction of 6-lane Greenfield corridor from Ramnagar to Kacchi Dargah NH-119D",FlashReport_June_2026.pdf,LARGE_COST_SHIFT,MEDIUM,Original cost changed significantly from 1113.46 Cr (2026-05) to 104.0 Cr (2026-06)
113300,2026-03,"Project Assessment, Infrastructure Monitoring and Analytics for Nation-building 876 Assam on EPC Package-6",FlashReport_March_2026.pdf,LARGE_COST_SHIFT,MEDIUM,Original cost changed significantly from 625.64 Cr (2026-02) to 95.0 Cr (2026-03)
113300,2026-04,Assam on EPC Package-6,FlashReport_April2026.pdf,LARGE_COST_SHIFT,MEDIUM,Original cost changed significantly from 95.0 Cr (2026-03) to 625.64 Cr (2026-04)
113300,2026-04,Assam on EPC Package-6,FlashReport_April2026.pdf,EXPENDITURE_DROP,MEDIUM,Cumulative expenditure dropped from 625.64 Cr (2026-03) to 0.0 Cr (2026-04)
113300,2026-05,"Project Assessment, Infrastructure Monitoring and Analytics for Nation-building 905 Assam on EPC Package-6",FlashReport_May2026.pdf,LARGE_COST_SHIFT,MEDIUM,Original cost changed significantly from 625.64 Cr (2026-04) to 97.0 Cr (2026-05)
118850,2026-04,Balance work of Widening to 2 Two lane with hard shoulder of Churachandpur to 4A in the State of Manipur on EPC Mode,FlashReport_April2026.pdf,EXPENDITURE_DROP,MEDIUM,Cumulative expenditure dropped from 204.12 Cr (2026-03) to 0.0 Cr (2026-04)
120250,2026-04,"Project Assessment, Infrastructure Monitoring and Analytics for Nation-building 1502 Delhi-Amritsar-Katra Expressway Phase-I Pkg-V from Junction with Ambala-Kaithal- Hissar road NH-152 near Kharak Pandwa village to Junction with Patiala-Samana- Multi-States",FlashReport_April2026.pdf,LARGE_COST_SHIFT,MEDIUM,Original cost changed significantly from 1741.86 Cr (2026-03) to 133.0 Cr (2026-04)
120250,2026-05,Delhi-Amritsar-Katra Expressway Phase-I Pkg-V from Junction with Ambala-Kaithal- Hissar road NH-152 near Kharak Pandwa village to Junction with Patiala-Samana- Multi-States,FlashReport_May2026.pdf,LARGE_COST_SHIFT,MEDIUM,Original cost changed significantly from 133.0 Cr (2026-04) to 1741.86 Cr (2026-05)
124470,2026-05,"Project Assessment, Infrastructure Monitoring and Analytics for Nation-building 1302 134.549",FlashReport_May2026.pdf,LARGE_COST_SHIFT,MEDIUM,Original cost changed significantly from 618.33 Cr (2026-04) to 120.0 Cr (2026-05)
124470,2026-06,134.549,FlashReport_June_2026.pdf,LARGE_COST_SHIFT,MEDIUM,Original cost changed significantly from 120.0 Cr (2026-05) to 618.33 Cr (2026-06)
124470,2026-06,134.549,FlashReport_June_2026.pdf,EXPENDITURE_DROP,MEDIUM,Cumulative expenditure dropped from 618.33 Cr (2026-05) to 53.13 Cr (2026-06)
12509,2026-06,"Project Assessment, Infrastructure Monitoring and Analytics for Nation-building 1745 Treatment of landslide zone from location no. 01 to 28 km 62.860 to 152.750 on NH-",FlashReport_June_2026.pdf,PROGRESS_REGRESSION,MEDIUM,Physical progress dropped by 98.5% (from 98.5% in 2026-05 to 0.0% in 2026-06)
12800,2025-12,"Project Assessment, Infrastructure Monitoring and Analytics for Nation-building 1083 Construction of 2 lane with paved shoulder of Shillong Western Bypass starting from NH-06 near Ladumsaw existing km 60.900 of old NH-40 to NH-106 old NH-44E, Meghalaya on EPC Mode",FlashReport_December_2025.pdf,PROGRESS_REGRESSION,MEDIUM,Physical progress dropped by 30.0% (from 30.0% in 2025-06 to 0.0% in 2025-12)
12800,2025-12,"Project Assessment, Infrastructure Monitoring and Analytics for Nation-building 1083 Construction of 2 lane with paved shoulder of Shillong Western Bypass starting from NH-06 near Ladumsaw existing km 60.900 of old NH-40 to NH-106 old NH-44E, Meghalaya on EPC Mode",FlashReport_December_2025.pdf,LARGE_COST_SHIFT,MEDIUM,Original cost changed significantly from 620.3 Cr (2025-06) to 91.0 Cr (2025-12)
12800,2026-01,"Construction of 2 lane with paved shoulder of Shillong Western Bypass starting from NH-06 near Ladumsaw existing km 60.900 of old NH-40 to NH-106 old NH-44E, Meghalaya on EPC Mode",FlashReport_January_2026.pdf,LARGE_COST_SHIFT,MEDIUM,Original cost changed significantly from 91.0 Cr (2025-12) to 686.03 Cr (2026-01)
12800,2026-01,"Construction of 2 lane with paved shoulder of Shillong Western Bypass starting from NH-06 near Ladumsaw existing km 60.900 of old NH-40 to NH-106 old NH-44E, Meghalaya on EPC Mode",FlashReport_January_2026.pdf,EXPENDITURE_DROP,MEDIUM,Cumulative expenditure dropped from 686.03 Cr (2025-12) to 202.27 Cr (2026-01)
12920,2026-01,"Project Assessment, Infrastructure Monitoring and Analytics for Nation-building 871 Vairengte Sairang road in the State of Assam under Bharatmala Pariyojna on EPC mode. Project Length 29.360 km under NHO-NE Package-2",FlashReport_January_2026.pdf,LARGE_COST_SHIFT,MEDIUM,Original cost changed significantly from 1716.21 Cr (2025-12) to 93.0 Cr (2026-01)
12920,2026-02,Vairengte Sairang road in the State of Assam under Bharatmala Pariyojna on EPC mode. Project Length 29.360 km under NHO-NE Package-2,FlashReport_February_2026.pdf,LARGE_COST_SHIFT,MEDIUM,Original cost changed significantly from 93.0 Cr (2026-01) to 1716.21 Cr (2026-02)
131600,2026-03,"Project Assessment, Infrastructure Monitoring and Analytics for Nation-building 1569 Development to 4-lane with paved shoulder for the road section Talwandi Sabo- Raman road to refinery Road junction with Bathinda Dabwali Road of NH-254 from Punjab. Job No NH-254-PB-2022-23-565",FlashReport_March_2026.pdf,PROGRESS_REGRESSION,MEDIUM,Physical progress dropped by 30.0% (from 30.0% in 2026-02 to 0.0% in 2026-03)
131600,2026-04,Development to 4-lane with paved shoulder for the road section Talwandi Sabo- Raman road to refinery Road junction with Bathinda Dabwali Road of NH-254 from Punjab. Job No NH-254-PB-2022-23-565,FlashReport_April2026.pdf,EXPENDITURE_DROP,MEDIUM,Cumulative expenditure dropped from 546.67 Cr (2026-03) to 0.0 Cr (2026-04)
134950,2026-03,Rehabilitation and up-gradation to 2 lane with paved shoulder from existing chainage Akhnoor-Poonch road NH-144A in the UT of Jammu & Kashmir under Project Sampark BRO on EPC mode Package-VI Job no NH-144A-J&K-2021-22-106,FlashReport_March_2026.pdf,EXPENDITURE_DROP,MEDIUM,Cumulative expenditure dropped from 395.25 Cr (2026-02) to 139.45 Cr (2026-03)
134950,2026-06,Rehabilitation and up-gradation to 2 lane with paved shoulder from existing chainage Akhnoor-Poonch road NH-144A in the UT of Jammu & Kashmir under Project Sampark BRO on EPC mode Package-VI Job no NH-144A-J&K-2021-22-106,FlashReport_June_2026.pdf,EXPENDITURE_DROP,MEDIUM,Cumulative expenditure dropped from 395.25 Cr (2026-05) to 156.58 Cr (2026-06)
142000,2026-05,"Project Assessment, Infrastructure Monitoring and Analytics for Nation-building 1464 Construction of 4-Laning of West Serawlg-Sairang section of NH-6 from Existing Silchar - Vairengte - Sairang road in the State of Mizoram under Bharatmala Pariyojna on EPC mode under NHO-NE Package-8",FlashReport_May2026.pdf,LARGE_COST_SHIFT,MEDIUM,Original cost changed significantly from 875.79 Cr (2026-04) to 130.0 Cr (2026-05)
142000,2026-06,Construction of 4-Laning of West Serawlg-Sairang section of NH-6 from Existing Silchar - Vairengte - Sairang road in the State of Mizoram under Bharatmala Pariyojna on EPC mode under NHO-NE Package-8,FlashReport_June_2026.pdf,LARGE_COST_SHIFT,MEDIUM,Original cost changed significantly from 130.0 Cr (2026-05) to 875.79 Cr (2026-06)
142000,2026-06,Construction of 4-Laning of West Serawlg-Sairang section of NH-6 from Existing Silchar - Vairengte - Sairang road in the State of Mizoram under Bharatmala Pariyojna on EPC mode under NHO-NE Package-8,FlashReport_June_2026.pdf,EXPENDITURE_DROP,MEDIUM,Cumulative expenditure dropped from 875.79 Cr (2026-05) to 0.0 Cr (2026-06)
14380,2026-06,"Project Assessment, Infrastructure Monitoring and Analytics for Nation-building 867 Widening/lmprovement to 4-L of Karimgani - sutarkandi section of NH 37 from design Ch 0020 Start of proposed Karimganj Bypass from NH -8 to design Chainage Km Churaibari in the State of Assam on HAM Mode Package-7",FlashReport_June_2026.pdf,PROGRESS_REGRESSION,MEDIUM,Physical progress dropped by 40.3% (from 40.4% in 2026-05 to 0.06% in 2026-06)
14380,2026-06,"Project Assessment, Infrastructure Monitoring and Analytics for Nation-building 867 Widening/lmprovement to 4-L of Karimgani - sutarkandi section of NH 37 from design Ch 0020 Start of proposed Karimganj Bypass from NH -8 to design Chainage Km Churaibari in the State of Assam on HAM Mode Package-7",FlashReport_June_2026.pdf,LARGE_COST_SHIFT,MEDIUM,Original cost changed significantly from 791.79 Cr (2026-05) to 100.0 Cr (2026-06)
149476,2026-04,"Project Assessment, Infrastructure Monitoring and Analytics for Nation-building 1337 Rehabilitation/Upgradation of existing Highway to 2LPS/4 lane of Dhawali to Rajoli the",FlashReport_April2026.pdf,PROGRESS_REGRESSION,MEDIUM,Physical progress dropped by 31.7% (from 31.71% in 2026-03 to 0.0% in 2026-04)
149476,2026-05,Rehabilitation/Upgradation of existing Highway to 2LPS/4 lane of Dhawali to Rajoli the,FlashReport_May2026.pdf,EXPENDITURE_DROP,MEDIUM,Cumulative expenditure dropped from 316.44 Cr (2026-04) to 0.0 Cr (2026-05)
151330,2025-12,Improvement/Widening to 2-L with Paved Shoulder/ 4-Laning of NH-40 section from length 368 m between Shillong-Dawki under JICA ODA Loan assistance Phase-II Pkg- 5 -Balance work,FlashReport_December_2025.pdf,EXPENDITURE_DROP,MEDIUM,Cumulative expenditure dropped from 107.86 Cr (2025-06) to 0.0 Cr (2025-12)
15500,2025-12,NH-6 Old NH-44 Near Siddeswar Pt.-I Village on Silchar - Churaibari stretch in the State of Assam on EPC Mode under Bharatmala Pariyojana in Economic Corridors Silchar- Churaibari Package-2,FlashReport_December_2025.pdf,EXPENDITURE_DROP,MEDIUM,Cumulative expenditure dropped from 290.9 Cr (2025-06) to 0.0 Cr (2025-12)
160000,2026-04,"Project Assessment, Infrastructure Monitoring and Analytics for Nation-building 841 Mallapalle Ch. 176000Package-07",FlashReport_April2026.pdf,LARGE_COST_SHIFT,MEDIUM,Original cost changed significantly from 987.1 Cr (2026-03) to 94.0 Cr (2026-04)
160000,2026-05,Mallapalle Ch. 176000Package-07,FlashReport_May2026.pdf,LARGE_COST_SHIFT,MEDIUM,Original cost changed significantly from 94.0 Cr (2026-04) to 987.1 Cr (2026-05)
160000,2026-05,Mallapalle Ch. 176000Package-07,FlashReport_May2026.pdf,EXPENDITURE_DROP,MEDIUM,Cumulative expenditure dropped from 987.1 Cr (2026-04) to 319.74 Cr (2026-05)
16439,2026-05,"Project Assessment, Infrastructure Monitoring and Analytics for Nation-building 1321 Six laning with both sides Service Road of Ayodhya Bypass from Design Km 0000",FlashReport_May2026.pdf,LARGE_COST_SHIFT,MEDIUM,Original cost changed significantly from 1123.17 Cr (2026-04) to 121.0 Cr (2026-05)
16439,2026-06,Six laning with both sides Service Road of Ayodhya Bypass from Design Km 0000,FlashReport_June_2026.pdf,LARGE_COST_SHIFT,MEDIUM,Original cost changed significantly from 121.0 Cr (2026-05) to 1123.17 Cr (2026-06)
16439,2026-06,Six laning with both sides Service Road of Ayodhya Bypass from Design Km 0000,FlashReport_June_2026.pdf,EXPENDITURE_DROP,MEDIUM,Cumulative expenditure dropped from 1123.17 Cr (2026-05) to 141.71 Cr (2026-06)
16900,2026-03,Bypass Green Field and Brownfield 2-LanePS of NH-315 OLD NH-38 in Tinsukia District under NHO- NE Package-4,FlashReport_March_2026.pdf,EXPENDITURE_DROP,MEDIUM,Cumulative expenditure dropped from 356.65 Cr (2026-02) to 0.0 Cr (2026-03)
170700,2026-02,on NH-30 to Two lane with Paved Shoulder in the State of Andra Pradesh on EPC mode.,FlashReport_February_2026.pdf,EXPENDITURE_DROP,MEDIUM,Cumulative expenditure dropped from 207.05 Cr (2026-01) to 54.38 Cr (2026-02)
188830,2026-02,"Project Assessment, Infrastructure Monitoring and Analytics for Nation-building 1583 Delhi-Amritsar-Katra Expressway Phase-I Pkg-VII from Junction with Patiala-Bathinda road NH-7 near Bhawanigarh to Junction with Ludhiana-Malerhkotla SH-11 near",FlashReport_February_2026.pdf,LARGE_COST_SHIFT,MEDIUM,Original cost changed significantly from 1759.82 Cr (2026-01) to 145.0 Cr (2026-02)
188830,2026-03,Delhi-Amritsar-Katra Expressway Phase-I Pkg-VII from Junction with Patiala-Bathinda road NH-7 near Bhawanigarh to Junction with Ludhiana-Malerhkotla SH-11 near,FlashReport_March_2026.pdf,LARGE_COST_SHIFT,MEDIUM,Original cost changed significantly from 145.0 Cr (2026-02) to 1759.82 Cr (2026-03)
188830,2026-05,"Project Assessment, Infrastructure Monitoring and Analytics for Nation-building 1620 Delhi-Amritsar-Katra Expressway Phase-I Pkg-VII from Junction with Patiala-Bathinda road NH-7 near Bhawanigarh to Junction with Ludhiana-Malerhkotla SH-11 near",FlashReport_May2026.pdf,LARGE_COST_SHIFT,MEDIUM,Original cost changed significantly from 1759.82 Cr (2026-04) to 139.0 Cr (2026-05)
22700,2026-04,"Project Assessment, Infrastructure Monitoring and Analytics for Nation-building 1368 Balance work of Rehabilitation and Up-gradation to 2-lane road with paved shoulders configuration for NH- 965DD from Pacharal-Mandangad-Mhapral-Rajewadi Upto Babasaheb Ambedkar Ch-0000 to 7325 Km length Km 59.725 in the state of Maharashtra on EPC mode. Balance Work",FlashReport_April2026.pdf,PROGRESS_REGRESSION,MEDIUM,Physical progress dropped by 93.0% (from 93.0% in 2026-03 to 0.0% in 2026-04)
22700,2026-05,Balance work of Rehabilitation and Up-gradation to 2-lane road with paved shoulders configuration for NH- 965DD from Pacharal-Mandangad-Mhapral-Rajewadi Upto Babasaheb Ambedkar Ch-0000 to 7325 Km length Km 59.725 in the state of Maharashtra on EPC mode. Balance Work,FlashReport_May2026.pdf,EXPENDITURE_DROP,MEDIUM,Cumulative expenditure dropped from 388.93 Cr (2026-04) to 0.0 Cr (2026-05)
228000,2025-12,"Project Assessment, Infrastructure Monitoring and Analytics for Nation-building 783 Polavaram Ch. 260000of [NH-544G] Package-11",FlashReport_December_2025.pdf,LARGE_COST_SHIFT,MEDIUM,Original cost changed significantly from 1292.65 Cr (2025-06) to 77.0 Cr (2025-12)
228000,2026-01,Polavaram Ch. 260000of [NH-544G] Package-11,FlashReport_January_2026.pdf,LARGE_COST_SHIFT,MEDIUM,Original cost changed significantly from 77.0 Cr (2025-12) to 1292.65 Cr (2026-01)
228000,2026-01,Polavaram Ch. 260000of [NH-544G] Package-11,FlashReport_January_2026.pdf,EXPENDITURE_DROP,MEDIUM,Cumulative expenditure dropped from 1292.65 Cr (2025-12) to 255.86 Cr (2026-01)
242500,2026-01,Improvement & widening of existing NH-08 to 4-lane with Paved Shoulder from Tripura on EPC basis under NHO-NE,FlashReport_January_2026.pdf,EXPENDITURE_DROP,MEDIUM,Cumulative expenditure dropped from 81.54 Cr (2025-06) to 0.0 Cr (2026-01)
24320,2026-01,"Construction of 4 lane with paved shoulder Pattan bypass Greenfield bypass from total length 10.900 km on road SrinagarBaramulla Uri NH-01 in the UT of Jammu & Kashmir under Project BEACON, Border Roads Organization BRO on EPC mode. Package-II",FlashReport_January_2026.pdf,EXPENDITURE_DROP,MEDIUM,Cumulative expenditure dropped from 300.02 Cr (2025-06) to 0.0 Cr (2026-01)
244000,2025-12,NH-765 Package-2,FlashReport_December_2025.pdf,EXPENDITURE_DROP,MEDIUM,Cumulative expenditure dropped from 111.65 Cr (2025-06) to 0.0 Cr (2025-12)
244000,2026-02,"Project Assessment, Infrastructure Monitoring and Analytics for Nation-building 794 NH-765 Package-2",FlashReport_February_2026.pdf,PROGRESS_REGRESSION,MEDIUM,Physical progress dropped by 84.0% (from 84.0% in 2026-01 to 0.0% in 2026-02)
244000,2026-03,NH-765 Package-2,FlashReport_March_2026.pdf,EXPENDITURE_DROP,MEDIUM,Cumulative expenditure dropped from 244.83 Cr (2026-02) to 0.0 Cr (2026-03)
24700,2025-12,Construction of 2-Lane with paved shoulders of Shillong Western Bypass starting from NH-06 near Ladumsaw existing Km 60.900 of old NH40 to NH106 old NH 44E Meghalaya on EPC Mode Greenfield alignment,FlashReport_December_2025.pdf,EXPENDITURE_DROP,MEDIUM,Cumulative expenditure dropped from 297.91 Cr (2025-06) to 0.0 Cr (2025-12)
249000,2026-03,"Project Assessment, Infrastructure Monitoring and Analytics for Nation-building 1550",FlashReport_March_2026.pdf,LARGE_COST_SHIFT,MEDIUM,Original cost changed significantly from 1539.75 Cr (2026-02) to 133.0 Cr (2026-03)
249000,2026-04,"Project Assessment, Infrastructure Monitoring and Analytics for Nation-building 1550",FlashReport_April2026.pdf,LARGE_COST_SHIFT,MEDIUM,Original cost changed significantly from 133.0 Cr (2026-03) to 1539.75 Cr (2026-04)
262175,2025-12,Improvement/Up-gradation of existing 2-Lane Road to 4-Lane Divided Highway from Taphukuki to Daili section of Imphal-Kohima road NH-02 Design Chainage from Km,FlashReport_December_2025.pdf,EXPENDITURE_DROP,MEDIUM,Cumulative expenditure dropped from 218.03 Cr (2025-06) to 0.0 Cr (2025-12)
263800,2025-12,- Sairang road in the State of Assam under Bharatmala Pariyojna on EPC mode Package-1,FlashReport_December_2025.pdf,PROGRESS_REGRESSION,MEDIUM,Physical progress dropped by 40.4% (from 40.36% in 2025-06 to 0.0% in 2025-12)
263800,2025-12,- Sairang road in the State of Assam under Bharatmala Pariyojna on EPC mode Package-1,FlashReport_December_2025.pdf,EXPENDITURE_DROP,MEDIUM,Cumulative expenditure dropped from 539.19 Cr (2025-06) to 0.0 Cr (2025-12)
26400,2026-01,"Project Assessment, Infrastructure Monitoring and Analytics for Nation-building 854 15/AS/2021-22/234",FlashReport_January_2026.pdf,LARGE_COST_SHIFT,MEDIUM,Original cost changed significantly from 535.03 Cr (2025-12) to 92.0 Cr (2026-01)
26400,2026-02,15/AS/2021-22/234,FlashReport_February_2026.pdf,LARGE_COST_SHIFT,MEDIUM,Original cost changed significantly from 92.0 Cr (2026-01) to 535.03 Cr (2026-02)
26400,2026-02,15/AS/2021-22/234,FlashReport_February_2026.pdf,EXPENDITURE_DROP,MEDIUM,Cumulative expenditure dropped from 535.03 Cr (2026-01) to 161.56 Cr (2026-02)
26400,2026-06,"Project Assessment, Infrastructure Monitoring and Analytics for Nation-building 853 15/AS/2021-22/234",FlashReport_June_2026.pdf,LARGE_COST_SHIFT,MEDIUM,Original cost changed significantly from 535.03 Cr (2026-05) to 99.0 Cr (2026-06)
30050,2026-03,Rehabilitation and Up gradation to 2-lane with paved shoulder of Keifang Section under Bharatmala Pariyojna on EPC Mode Seling-Dulte - III,FlashReport_March_2026.pdf,EXPENDITURE_DROP,MEDIUM,Cumulative expenditure dropped from 292.23 Cr (2026-02) to 0.0 Cr (2026-03)
34795,2025-12,Widening to 2 Lane with Hard shoulder of Akegwo-Avangkhu section of NH-202K for mode under NH O-NE,FlashReport_December_2025.pdf,EXPENDITURE_DROP,MEDIUM,Cumulative expenditure dropped from 100.51 Cr (2025-06) to 0.0 Cr (2025-12)
34795,2026-05,"Project Assessment, Infrastructure Monitoring and Analytics for Nation-building 1569 Widening to 2 Lane with Hard shoulder of Akegwo-Avangkhu section of NH-202K for mode under NH O-NE",FlashReport_May2026.pdf,PROGRESS_REGRESSION,MEDIUM,Physical progress dropped by 87.0% (from 87.0% in 2026-04 to 0.0% in 2026-05)
34795,2026-06,Widening to 2 Lane with Hard shoulder of Akegwo-Avangkhu section of NH-202K for mode under NH O-NE,FlashReport_June_2026.pdf,EXPENDITURE_DROP,MEDIUM,Cumulative expenditure dropped from 430.24 Cr (2026-05) to 0.0 Cr (2026-06)
36300,2026-03,Bara in the State of Rajasthan on EPC Mode.,FlashReport_March_2026.pdf,EXPENDITURE_DROP,MEDIUM,Cumulative expenditure dropped from 154.89 Cr (2026-02) to 11.56 Cr (2026-03)
37000,2026-04,Balance Works for six laning of Sriperumbudur to karaipettai section of NH-4 New NH- EPC mode underNHDP Phase-V,FlashReport_April2026.pdf,PROGRESS_REGRESSION,MEDIUM,Physical progress dropped by 44.6% (from 75.77% in 2026-03 to 31.16% in 2026-04)
37000,2026-04,Balance Works for six laning of Sriperumbudur to karaipettai section of NH-4 New NH- EPC mode underNHDP Phase-V,FlashReport_April2026.pdf,EXPENDITURE_DROP,MEDIUM,Cumulative expenditure dropped from 411.16 Cr (2026-03) to 81.11 Cr (2026-04)
37000,2026-06,Construction of Four Lane Nagpur-Katol section of NH-353J including Mitigation EPC Mode,FlashReport_June_2026.pdf,PROGRESS_REGRESSION,MEDIUM,Physical progress dropped by 35.0% (from 35.05% in 2026-05 to 0.0% in 2026-06)
37000,2026-06,Construction of Four Lane Nagpur-Katol section of NH-353J including Mitigation EPC Mode,FlashReport_June_2026.pdf,EXPENDITURE_DROP,MEDIUM,Cumulative expenditure dropped from 120.44 Cr (2026-05) to 0.0 Cr (2026-06)
38760,2025-11,"nos. upgrading of feeder mains, pumping station etc. - Phase II",FlashReport_November_2025.pdf,EXPENDITURE_DROP,MEDIUM,Cumulative expenditure dropped from 799.74 Cr (2025-10) to 88.86 Cr (2025-11)
39500,2026-02,"Project Assessment, Infrastructure Monitoring and Analytics for Nation-building 944 Improvement and Up gradation to four lane with Paved shoulder configuration from 227A near Mehrauna GhatUP Bihar Border to Siwan on the state of Bihar on Hybrid Annuity Model HAM basis",FlashReport_February_2026.pdf,LARGE_COST_SHIFT,MEDIUM,Original cost changed significantly from 1661.25 Cr (2026-01) to 109.0 Cr (2026-02)
39500,2026-03,Improvement and Up gradation to four lane with Paved shoulder configuration from 227A near Mehrauna GhatUP Bihar Border to Siwan on the state of Bihar on Hybrid Annuity Model HAM basis,FlashReport_March_2026.pdf,LARGE_COST_SHIFT,MEDIUM,Original cost changed significantly from 109.0 Cr (2026-02) to 1661.25 Cr (2026-03)
39500,2026-03,Improvement and Up gradation to four lane with Paved shoulder configuration from 227A near Mehrauna GhatUP Bihar Border to Siwan on the state of Bihar on Hybrid Annuity Model HAM basis,FlashReport_March_2026.pdf,EXPENDITURE_DROP,MEDIUM,Cumulative expenditure dropped from 1661.25 Cr (2026-02) to 0.0 Cr (2026-03)
400006,2026-01,Jharsuguda-Barpali-Sardega Ph II Works- Rail Connectivity for Coal Loading Bulb at Barpali.,FlashReport_January_2026.pdf,LARGE_COST_SHIFT,MEDIUM,Original cost changed significantly from 73.0 Cr (2025-12) to 808.99 Cr (2026-01)
400012,2025-08,Kandla Gorakhpur LPG Pipeline,FlashReport_August_2025.pdf,LARGE_COST_SHIFT,MEDIUM,Original cost changed significantly from 12.0 Cr (2025-07) to 10088.0 Cr (2025-08)
400012,2025-12,"Project Assessment, Infrastructure Monitoring and Analytics for Nation-building 342 Kandla Gorakhpur LPG Pipeline",FlashReport_December_2025.pdf,LARGE_COST_SHIFT,MEDIUM,Original cost changed significantly from 10088.0 Cr (2025-11) to 61.0 Cr (2025-12)
400012,2026-01,Kandla Gorakhpur LPG Pipeline,FlashReport_January_2026.pdf,LARGE_COST_SHIFT,MEDIUM,Original cost changed significantly from 61.0 Cr (2025-12) to 10088.0 Cr (2026-01)
400012,2026-02,"Project Assessment, Infrastructure Monitoring and Analytics for Nation-building 357 Kandla Gorakhpur LPG Pipeline",FlashReport_February_2026.pdf,LARGE_COST_SHIFT,MEDIUM,Original cost changed significantly from 10088.0 Cr (2026-01) to 80.0 Cr (2026-02)
400012,2026-03,Kandla Gorakhpur LPG Pipeline,FlashReport_March_2026.pdf,LARGE_COST_SHIFT,MEDIUM,Original cost changed significantly from 80.0 Cr (2026-02) to 10088.0 Cr (2026-03)
400012,2026-06,"Project Assessment, Infrastructure Monitoring and Analytics for Nation-building 341 Kandla Gorakhpur LPG Pipeline",FlashReport_June_2026.pdf,LARGE_COST_SHIFT,MEDIUM,Original cost changed significantly from 10088.0 Cr (2026-05) to 74.0 Cr (2026-06)
400013,2026-02,"Project Assessment, Infrastructure Monitoring and Analytics for Nation-building 1895 Saturation 4G mobile coverage of Uncovered Villages through USOF",FlashReport_February_2026.pdf,LARGE_COST_SHIFT,MEDIUM,Original cost changed significantly from 26316.0 Cr (2026-01) to 163.0 Cr (2026-02)
400013,2026-03,Saturation 4G mobile coverage of Uncovered Villages through USOF,FlashReport_March_2026.pdf,LARGE_COST_SHIFT,MEDIUM,Original cost changed significantly from 163.0 Cr (2026-02) to 26316.0 Cr (2026-03)
400013,2026-03,Saturation 4G mobile coverage of Uncovered Villages through USOF,FlashReport_March_2026.pdf,EXPENDITURE_DROP,MEDIUM,Cumulative expenditure dropped from 26316.0 Cr (2026-02) to 9791.8 Cr (2026-03)
400022,2025-07,Taranga Hill-Abu Road via Ambaji,FlashReport_July_2025.pdf,LARGE_COST_SHIFT,MEDIUM,Original cost changed significantly from 2798.16 Cr (2025-06) to 7.0 Cr (2025-07)
400022,2025-07,Taranga Hill-Abu Road via Ambaji,FlashReport_July_2025.pdf,EXPENDITURE_DROP,MEDIUM,Cumulative expenditure dropped from 1103.16 Cr (2025-06) to 7.0 Cr (2025-07)
400022,2025-08,Taranga Hill-Abu Road via Ambaji,FlashReport_August_2025.pdf,LARGE_COST_SHIFT,MEDIUM,Original cost changed significantly from 7.0 Cr (2025-07) to 2798.0 Cr (2025-08)
400033,2025-07,BHATADI EXPANSION OC,FlashReport_July_2025.pdf,EXPENDITURE_DROP,MEDIUM,Cumulative expenditure dropped from 61.33 Cr (2025-06) to 20.52 Cr (2025-07)
400045,2026-03,Proposed 6 nos Road Over Bridge [ROB] at different locations under MCL Talcher Under Deposit Scheme.,FlashReport_March_2026.pdf,EXPENDITURE_DROP,MEDIUM,Cumulative expenditure dropped from 168.32 Cr (2026-02) to 69.85 Cr (2026-03)
400073,2026-06,KONAR EXPANSION OCP,FlashReport_June_2026.pdf,EXPENDITURE_DROP,MEDIUM,Cumulative expenditure dropped from 433.64 Cr (2026-05) to 172.3 Cr (2026-06)
400078,2025-07,"New Mundra Panipat Crude Oil Pipeline Multi-States (Gujarat, Haryana,",FlashReport_July_2025.pdf,LARGE_COST_SHIFT,MEDIUM,Original cost changed significantly from 9028.0 Cr (2025-06) to 12.0 Cr (2025-07)
400078,2025-07,"New Mundra Panipat Crude Oil Pipeline Multi-States (Gujarat, Haryana,",FlashReport_July_2025.pdf,EXPENDITURE_DROP,MEDIUM,Cumulative expenditure dropped from 6734.76 Cr (2025-06) to 12.0 Cr (2025-07)
400078,2025-09,"New Mundra Panipat Crude Oil Pipeline Multi-States (Gujarat, Haryana,",FlashReport_September_2025.pdf,LARGE_COST_SHIFT,MEDIUM,Original cost changed significantly from 48.0 Cr (2025-08) to 9028.0 Cr (2025-09)
400081,2025-11,"National Sports University [NSU], Imphal [Manipur] Ministry of Petroleum & Natural Gas Total (1) 906.47 559.27",FlashReport_November_2025.pdf,LARGE_COST_SHIFT,MEDIUM,Original cost changed significantly from 53.0 Cr (2025-10) to 906.47 Cr (2025-11)
400081,2026-04,"Project Assessment, Infrastructure Monitoring and Analytics for Nation-building 344 National Sports University [NSU], Imphal [Manipur] Total (1) 906.47 574.12",FlashReport_April2026.pdf,LARGE_COST_SHIFT,MEDIUM,Original cost changed significantly from 906.47 Cr (2026-03) to 70.0 Cr (2026-04)
400081,2026-05,"National Sports University [NSU], Imphal [Manipur] Ministry of Petroleum & Natural Gas Total (1) 906.47 575.68",FlashReport_May2026.pdf,LARGE_COST_SHIFT,MEDIUM,Original cost changed significantly from 70.0 Cr (2026-04) to 906.47 Cr (2026-05)
400097,2026-02,"Project Assessment, Infrastructure Monitoring and Analytics for Nation-building 1915 Sardar Sarovar CADWM Project",FlashReport_February_2026.pdf,LARGE_COST_SHIFT,MEDIUM,Original cost changed significantly from 5021.76 Cr (2026-01) to 164.0 Cr (2026-02)
400097,2026-03,Sardar Sarovar CADWM Project,FlashReport_March_2026.pdf,LARGE_COST_SHIFT,MEDIUM,Original cost changed significantly from 164.0 Cr (2026-02) to 5021.76 Cr (2026-03)
400100,2025-12,"Project Assessment, Infrastructure Monitoring and Analytics for Nation-building 1354 Sardar Gouthu Latchanna Thotapalli Barrage Project",FlashReport_December_2025.pdf,EXPENDITURE_DROP,MEDIUM,Cumulative expenditure dropped from 869.11 Cr (2025-11) to 353.05 Cr (2025-12)
400102,2025-12,"Project Assessment, Infrastructure Monitoring and Analytics for Nation-building 1385 Sri Ram Sagar Project Stage - II",FlashReport_December_2025.pdf,LARGE_COST_SHIFT,MEDIUM,Original cost changed significantly from 736.13 Cr (2025-11) to 105.0 Cr (2025-12)
400102,2026-01,Sri Ram Sagar Project Stage - II,FlashReport_January_2026.pdf,LARGE_COST_SHIFT,MEDIUM,Original cost changed significantly from 105.0 Cr (2025-12) to 736.13 Cr (2026-01)
400117,2025-08,Arjun Sahayak Project,FlashReport_August_2025.pdf,LARGE_COST_SHIFT,MEDIUM,Original cost changed significantly from 64.0 Cr (2025-07) to 741.38 Cr (2025-08)
400119,2025-09,"Project Assessment, Infrastructure Monitoring and Analytics for Nation-building 425 Life Extension of 48 well platforms of Mumbai High & Heera Fields",FlashReport_September_2025.pdf,LARGE_COST_SHIFT,MEDIUM,Original cost changed significantly from 3190.69 Cr (2025-08) to 56.0 Cr (2025-09)
400119,2025-10,Life Extension of 48 well platforms of Mumbai High & Heera Fields,FlashReport_October_2025.pdf,LARGE_COST_SHIFT,MEDIUM,Original cost changed significantly from 56.0 Cr (2025-09) to 3190.69 Cr (2025-10)
400121,2026-02,"Project Assessment, Infrastructure Monitoring and Analytics for Nation-building 526 Construction of Screening Plant-II for Donimalai and Kumaraswamy Iron Ore Mining Complex of NMDC Limited at Ballari Dt, Karnataka.",FlashReport_February_2026.pdf,LARGE_COST_SHIFT,MEDIUM,Original cost changed significantly from 1043.63 Cr (2026-01) to 88.0 Cr (2026-02)
400121,2026-03,"Construction of Screening Plant-II for Donimalai and Kumaraswamy Iron Ore Mining Complex of NMDC Limited at Ballari Dt, Karnataka.",FlashReport_March_2026.pdf,LARGE_COST_SHIFT,MEDIUM,Original cost changed significantly from 88.0 Cr (2026-02) to 1043.63 Cr (2026-03)
400142,2025-07,"Project Assessment, Infrastructure Monitoring and Analytics for Nation-building 52 Pachwara South Coal Block",FlashReport_July_2025.pdf,LARGE_COST_SHIFT,MEDIUM,Original cost changed significantly from 2242.92 Cr (2025-06) to 37.0 Cr (2025-07)
400142,2025-08,Pachwara South Coal Block,FlashReport_August_2025.pdf,LARGE_COST_SHIFT,MEDIUM,Original cost changed significantly from 37.0 Cr (2025-07) to 2242.9 Cr (2025-08)
400153,2025-08,"Project Assessment, Infrastructure Monitoring and Analytics for Nation-building 54 EPR ROHINI - KARKETTA OCP",FlashReport_August_2025.pdf,LARGE_COST_SHIFT,MEDIUM,Original cost changed significantly from 1020.42 Cr (2025-07) to 37.0 Cr (2025-08)
400153,2025-10,EPR ROHINI - KARKETTA OCP,FlashReport_October_2025.pdf,PROGRESS_REGRESSION,MEDIUM,Physical progress dropped by 63.0% (from 83.95% in 2025-09 to 21.0% in 2025-10)
400153,2025-10,EPR ROHINI - KARKETTA OCP,FlashReport_October_2025.pdf,LARGE_COST_SHIFT,MEDIUM,Original cost changed significantly from 42.0 Cr (2025-09) to 1020.42 Cr (2025-10)
400153,2025-10,EPR ROHINI - KARKETTA OCP,FlashReport_October_2025.pdf,EXPENDITURE_DROP,MEDIUM,Cumulative expenditure dropped from 1020.42 Cr (2025-09) to 84.74 Cr (2025-10)
400155,2025-10,"Project Assessment, Infrastructure Monitoring and Analytics for Nation-building 54 EPR ASHOK OC",FlashReport_October_2025.pdf,LARGE_COST_SHIFT,MEDIUM,Original cost changed significantly from 2898.28 Cr (2025-09) to 42.0 Cr (2025-10)
400155,2025-11,EPR ASHOK OC,FlashReport_November_2025.pdf,LARGE_COST_SHIFT,MEDIUM,Original cost changed significantly from 42.0 Cr (2025-10) to 2898.28 Cr (2025-11)
400155,2025-11,EPR ASHOK OC,FlashReport_November_2025.pdf,EXPENDITURE_DROP,MEDIUM,Cumulative expenditure dropped from 2898.28 Cr (2025-10) to 185.06 Cr (2025-11)
400160,2025-11,"Project Assessment, Infrastructure Monitoring and Analytics for Nation-building 54 RAJRAPPA RCE OCP",FlashReport_November_2025.pdf,LARGE_COST_SHIFT,MEDIUM,Original cost changed significantly from 510.85 Cr (2025-10) to 42.0 Cr (2025-11)
400160,2025-12,RAJRAPPA RCE OCP,FlashReport_December_2025.pdf,LARGE_COST_SHIFT,MEDIUM,Original cost changed significantly from 42.0 Cr (2025-11) to 510.85 Cr (2025-12)
400160,2026-01,"Project Assessment, Infrastructure Monitoring and Analytics for Nation-building 54 RAJRAPPA RCE OCP",FlashReport_January_2026.pdf,LARGE_COST_SHIFT,MEDIUM,Original cost changed significantly from 510.85 Cr (2025-12) to 62.0 Cr (2026-01)
400160,2026-02,RAJRAPPA RCE OCP,FlashReport_February_2026.pdf,LARGE_COST_SHIFT,MEDIUM,Original cost changed significantly from 62.0 Cr (2026-01) to 510.85 Cr (2026-02)
400165,2026-03,"Project Assessment, Infrastructure Monitoring and Analytics for Nation-building 112 SUBHADRA OCP",FlashReport_March_2026.pdf,LARGE_COST_SHIFT,MEDIUM,Original cost changed significantly from 1693.81 Cr (2026-02) to 58.0 Cr (2026-03)
400165,2026-04,SUBHADRA OCP,FlashReport_April2026.pdf,LARGE_COST_SHIFT,MEDIUM,Original cost changed significantly from 58.0 Cr (2026-03) to 1693.81 Cr (2026-04)
400167,2026-03,"Project Assessment, Infrastructure Monitoring and Analytics for Nation-building 377 Redevelopment of Santhal Field [Onshore-Mehsana Asset]",FlashReport_March_2026.pdf,LARGE_COST_SHIFT,MEDIUM,Original cost changed significantly from 1162.56 Cr (2026-02) to 71.0 Cr (2026-03)
400167,2026-04,Redevelopment of Santhal Field [Onshore-Mehsana Asset],FlashReport_April2026.pdf,LARGE_COST_SHIFT,MEDIUM,Original cost changed significantly from 71.0 Cr (2026-03) to 1162.56 Cr (2026-04)
400171,2025-08,"Project Assessment, Infrastructure Monitoring and Analytics for Nation-building 427 2G Ethanol Biorefinery at Bathinda",FlashReport_August_2025.pdf,LARGE_COST_SHIFT,MEDIUM,Original cost changed significantly from 1421.46 Cr (2025-07) to 51.0 Cr (2025-08)
400171,2025-09,2G Ethanol Biorefinery at Bathinda,FlashReport_September_2025.pdf,LARGE_COST_SHIFT,MEDIUM,Original cost changed significantly from 51.0 Cr (2025-08) to 1421.46 Cr (2025-09)
400172,2025-12,"Project Assessment, Infrastructure Monitoring and Analytics for Nation-building 54 CHITRA EAST OC",FlashReport_December_2025.pdf,LARGE_COST_SHIFT,MEDIUM,Original cost changed significantly from 513.99 Cr (2025-11) to 50.0 Cr (2025-12)
400172,2026-01,CHITRA EAST OC,FlashReport_January_2026.pdf,LARGE_COST_SHIFT,MEDIUM,Original cost changed significantly from 50.0 Cr (2025-12) to 513.99 Cr (2026-01)
400172,2026-01,CHITRA EAST OC,FlashReport_January_2026.pdf,EXPENDITURE_DROP,MEDIUM,Cumulative expenditure dropped from 513.99 Cr (2025-12) to 230.98 Cr (2026-01)
400173,2026-04,"Project Assessment, Infrastructure Monitoring and Analytics for Nation-building 132 MOHANPUR EXPANSION OC -PHASE I",FlashReport_April2026.pdf,LARGE_COST_SHIFT,MEDIUM,Original cost changed significantly from 888.99 Cr (2026-03) to 59.0 Cr (2026-04)
400173,2026-05,MOHANPUR EXPANSION OC -PHASE I,FlashReport_May2026.pdf,LARGE_COST_SHIFT,MEDIUM,Original cost changed significantly from 59.0 Cr (2026-04) to 888.99 Cr (2026-05)
400173,2026-05,MOHANPUR EXPANSION OC -PHASE I,FlashReport_May2026.pdf,EXPENDITURE_DROP,MEDIUM,Cumulative expenditure dropped from 888.99 Cr (2026-04) to 142.98 Cr (2026-05)
400177,2025-09,"Project Assessment, Infrastructure Monitoring and Analytics for Nation-building 85 AMALGAMATED YEKONA I & YEKONA",FlashReport_September_2025.pdf,LARGE_COST_SHIFT,MEDIUM,Original cost changed significantly from 727.28 Cr (2025-08) to 43.0 Cr (2025-09)
400177,2025-10,AMALGAMATED YEKONA I & YEKONA,FlashReport_October_2025.pdf,LARGE_COST_SHIFT,MEDIUM,Original cost changed significantly from 43.0 Cr (2025-09) to 727.28 Cr (2025-10)
400178,2025-08,"Project Assessment, Infrastructure Monitoring and Analytics for Nation-building 85 DINESH[MAKARDHOKRA-III] OC",FlashReport_August_2025.pdf,LARGE_COST_SHIFT,MEDIUM,Original cost changed significantly from 822.88 Cr (2025-07) to 38.0 Cr (2025-08)
400178,2025-09,DINESH[MAKARDHOKRA-III] OC,FlashReport_September_2025.pdf,LARGE_COST_SHIFT,MEDIUM,Original cost changed significantly from 38.0 Cr (2025-08) to 822.88 Cr (2025-09)
400178,2026-04,"Project Assessment, Infrastructure Monitoring and Analytics for Nation-building 86 DINESH[MAKARDHOKRA-III] OC",FlashReport_April2026.pdf,LARGE_COST_SHIFT,MEDIUM,Original cost changed significantly from 822.88 Cr (2026-03) to 57.0 Cr (2026-04)
400178,2026-05,DINESH[MAKARDHOKRA-III] OC,FlashReport_May2026.pdf,LARGE_COST_SHIFT,MEDIUM,Original cost changed significantly from 57.0 Cr (2026-04) to 822.88 Cr (2026-05)
400181,2026-05,"Project Assessment, Infrastructure Monitoring and Analytics for Nation-building 132 NAKRAKONDA KUMARDIH- B OCP",FlashReport_May2026.pdf,LARGE_COST_SHIFT,MEDIUM,Original cost changed significantly from 502.68 Cr (2026-04) to 58.0 Cr (2026-05)
400182,2026-02,"Project Assessment, Infrastructure Monitoring and Analytics for Nation-building 136 SIDULI [OC & UG]",FlashReport_February_2026.pdf,LARGE_COST_SHIFT,MEDIUM,Original cost changed significantly from 535.18 Cr (2026-01) to 69.0 Cr (2026-02)
400182,2026-03,SIDULI [OC & UG],FlashReport_March_2026.pdf,LARGE_COST_SHIFT,MEDIUM,Original cost changed significantly from 69.0 Cr (2026-02) to 535.18 Cr (2026-03)
400182,2026-03,SIDULI [OC & UG],FlashReport_March_2026.pdf,EXPENDITURE_DROP,MEDIUM,Cumulative expenditure dropped from 535.18 Cr (2026-02) to 5.71 Cr (2026-03)
400186,2026-03,"Project Assessment, Infrastructure Monitoring and Analytics for Nation-building 136 TILABONI UG",FlashReport_March_2026.pdf,LARGE_COST_SHIFT,MEDIUM,Original cost changed significantly from 749.08 Cr (2026-02) to 59.0 Cr (2026-03)
400186,2026-04,TILABONI UG,FlashReport_April2026.pdf,PROGRESS_REGRESSION,MEDIUM,Physical progress dropped by 41.3% (from 53.17% in 2026-03 to 11.9% in 2026-04)
400186,2026-04,TILABONI UG,FlashReport_April2026.pdf,LARGE_COST_SHIFT,MEDIUM,Original cost changed significantly from 59.0 Cr (2026-03) to 749.08 Cr (2026-04)
400186,2026-04,TILABONI UG,FlashReport_April2026.pdf,EXPENDITURE_DROP,MEDIUM,Cumulative expenditure dropped from 749.08 Cr (2026-03) to 53.88 Cr (2026-04)
400187,2025-09,"Project Assessment, Infrastructure Monitoring and Analytics for Nation-building 116 INTEGRATED LAKHANPUR-BELPAHAR-",FlashReport_September_2025.pdf,LARGE_COST_SHIFT,MEDIUM,Original cost changed significantly from 2434.75 Cr (2025-08) to 44.0 Cr (2025-09)
400187,2025-10,INTEGRATED LAKHANPUR-BELPAHAR-,FlashReport_October_2025.pdf,LARGE_COST_SHIFT,MEDIUM,Original cost changed significantly from 44.0 Cr (2025-09) to 2434.75 Cr (2025-10)
400203,2026-04,"Project Assessment, Infrastructure Monitoring and Analytics for Nation-building 153 Dharamjaigarh-Korba",FlashReport_April2026.pdf,LARGE_COST_SHIFT,MEDIUM,Original cost changed significantly from 1686.22 Cr (2026-03) to 60.0 Cr (2026-04)
400203,2026-05,Dharamjaigarh-Korba,FlashReport_May2026.pdf,LARGE_COST_SHIFT,MEDIUM,Original cost changed significantly from 60.0 Cr (2026-04) to 1686.22 Cr (2026-05)
400203,2026-05,Dharamjaigarh-Korba,FlashReport_May2026.pdf,EXPENDITURE_DROP,MEDIUM,Cumulative expenditure dropped from 1686.22 Cr (2026-04) to 625.77 Cr (2026-05)
400205,2026-06,"Project Assessment, Infrastructure Monitoring and Analytics for Nation-building 746 Sahjanwa-Dohrighat",FlashReport_June_2026.pdf,LARGE_COST_SHIFT,MEDIUM,Original cost changed significantly from 1319.75 Cr (2026-05) to 93.0 Cr (2026-06)
400220,2026-03,"Project Assessment, Infrastructure Monitoring and Analytics for Nation-building 547 Kharsia-Dharamjaygarh with Spur line [East Corridor-Phase 1]",FlashReport_March_2026.pdf,LARGE_COST_SHIFT,MEDIUM,Original cost changed significantly from 3055.0 Cr (2026-02) to 79.0 Cr (2026-03)
400220,2026-04,Kharsia-Dharamjaygarh with Spur line [East Corridor-Phase 1],FlashReport_April2026.pdf,LARGE_COST_SHIFT,MEDIUM,Original cost changed significantly from 79.0 Cr (2026-03) to 3055.0 Cr (2026-04)
400223,2025-07,"Nagapattinam-Tiruturaipundi and Karaikal-Peralam New Line Multi-States (Puducherry, Tamil",FlashReport_July_2025.pdf,LARGE_COST_SHIFT,MEDIUM,Original cost changed significantly from 677.12 Cr (2025-06) to 1.0 Cr (2025-07)
400223,2025-07,"Nagapattinam-Tiruturaipundi and Karaikal-Peralam New Line Multi-States (Puducherry, Tamil",FlashReport_July_2025.pdf,EXPENDITURE_DROP,MEDIUM,Cumulative expenditure dropped from 146.95 Cr (2025-06) to 3.0 Cr (2025-07)
400223,2025-08,"Nagapattinam-Tiruturaipundi and Karaikal-Peralam New Line Multi-States (Puducherry, Tamil",FlashReport_August_2025.pdf,LARGE_COST_SHIFT,MEDIUM,Original cost changed significantly from 1.0 Cr (2025-07) to 713.0 Cr (2025-08)
400231,2025-09,"Project Assessment, Infrastructure Monitoring and Analytics for Nation-building 146 NLC Talabira Thermal Power Project",FlashReport_September_2025.pdf,LARGE_COST_SHIFT,MEDIUM,Original cost changed significantly from 27212.96 Cr (2025-08) to 45.0 Cr (2025-09)
400231,2025-10,NLC Talabira Thermal Power Project,FlashReport_October_2025.pdf,LARGE_COST_SHIFT,MEDIUM,Original cost changed significantly from 45.0 Cr (2025-09) to 27212.96 Cr (2025-10)
400231,2025-10,NLC Talabira Thermal Power Project,FlashReport_October_2025.pdf,EXPENDITURE_DROP,MEDIUM,Cumulative expenditure dropped from 27212.96 Cr (2025-09) to 2549.31 Cr (2025-10)
400234,2025-09,"Project Assessment, Infrastructure Monitoring and Analytics for Nation-building 622 Third Railway Line between Patratu-Sonnagar [281 kms] Multi-States",FlashReport_September_2025.pdf,LARGE_COST_SHIFT,MEDIUM,Original cost changed significantly from 8975.0 Cr (2025-08) to 63.0 Cr (2025-09)
400234,2025-10,Third Railway Line between Patratu-Sonnagar [281 kms] Multi-States,FlashReport_October_2025.pdf,LARGE_COST_SHIFT,MEDIUM,Original cost changed significantly from 63.0 Cr (2025-09) to 8975.0 Cr (2025-10)
400247,2025-12,"Project Assessment, Infrastructure Monitoring and Analytics for Nation-building 738 Kalinarayanpur-Krishnanagar Doubling Alongwith Krishnanagar - Chapra New Line And Naihati-Ranaghat 3rd Line.",FlashReport_December_2025.pdf,LARGE_COST_SHIFT,MEDIUM,Original cost changed significantly from 1000.0 Cr (2025-11) to 75.0 Cr (2025-12)
400247,2026-01,Kalinarayanpur-Krishnanagar Doubling Alongwith Krishnanagar - Chapra New Line And Naihati-Ranaghat 3rd Line.,FlashReport_January_2026.pdf,LARGE_COST_SHIFT,MEDIUM,Original cost changed significantly from 75.0 Cr (2025-12) to 1000.0 Cr (2026-01)
400253,2025-07,"Vizianagaram - Titlagarh 3rd line [272 Km including By - pass line of 7.68 KM] Multi-States (Andhra Pradesh,",FlashReport_July_2025.pdf,LARGE_COST_SHIFT,MEDIUM,Original cost changed significantly from 4803.16 Cr (2025-06) to 11.0 Cr (2025-07)
400253,2025-07,"Vizianagaram - Titlagarh 3rd line [272 Km including By - pass line of 7.68 KM] Multi-States (Andhra Pradesh,",FlashReport_July_2025.pdf,EXPENDITURE_DROP,MEDIUM,Cumulative expenditure dropped from 4691.52 Cr (2025-06) to 12.0 Cr (2025-07)
400253,2025-08,"Vizianagaram - Titlagarh 3rd line [272 Km including By - pass line of 7.68 KM] Multi-States (Andhra Pradesh,",FlashReport_August_2025.pdf,LARGE_COST_SHIFT,MEDIUM,Original cost changed significantly from 11.0 Cr (2025-07) to 4803.0 Cr (2025-08)
400259,2025-11,"Project Assessment, Infrastructure Monitoring and Analytics for Nation-building 146 Ghatampur Thermal Power Plant 3 X 660 MW",FlashReport_November_2025.pdf,LARGE_COST_SHIFT,MEDIUM,Original cost changed significantly from 17237.8 Cr (2025-10) to 45.0 Cr (2025-11)
400259,2026-01,Ghatampur Thermal Power Plant 3 X 660 MW Railways Total (8),FlashReport_January_2026.pdf,LARGE_COST_SHIFT,MEDIUM,Original cost changed significantly from 53.0 Cr (2025-12) to 17237.8 Cr (2026-01)
400271,2025-12,"Project Assessment, Infrastructure Monitoring and Analytics for Nation-building 591 Wardha-Nanded Via Yavatmal New BG Line",FlashReport_December_2025.pdf,LARGE_COST_SHIFT,MEDIUM,Original cost changed significantly from 3445.0 Cr (2025-11) to 70.0 Cr (2025-12)
400271,2026-01,Wardha-Nanded Via Yavatmal New BG Line,FlashReport_January_2026.pdf,LARGE_COST_SHIFT,MEDIUM,Original cost changed significantly from 70.0 Cr (2025-12) to 3445.0 Cr (2026-01)
400273,2026-03,"Project Assessment, Infrastructure Monitoring and Analytics for Nation-building 754 Tarakeshwar-Bishnupur New Line [82.47 km]",FlashReport_March_2026.pdf,LARGE_COST_SHIFT,MEDIUM,Original cost changed significantly from 1189.0 Cr (2026-02) to 88.0 Cr (2026-03)
400273,2026-04,Tarakeshwar-Bishnupur New Line [82.47 km],FlashReport_April2026.pdf,LARGE_COST_SHIFT,MEDIUM,Original cost changed significantly from 88.0 Cr (2026-03) to 1189.0 Cr (2026-04)
400275,2025-07,"Tindivanam-Nagari New Line Project [184.5 km] Multi-States (Andhra Pradesh,",FlashReport_July_2025.pdf,LARGE_COST_SHIFT,MEDIUM,Original cost changed significantly from 3631.34 Cr (2025-06) to 10.0 Cr (2025-07)
400275,2025-07,"Tindivanam-Nagari New Line Project [184.5 km] Multi-States (Andhra Pradesh,",FlashReport_July_2025.pdf,EXPENDITURE_DROP,MEDIUM,Cumulative expenditure dropped from 873.31 Cr (2025-06) to 9.0 Cr (2025-07)
400275,2025-08,"Tindivanam-Nagari New Line Project [184.5 km] Multi-States (Andhra Pradesh,",FlashReport_August_2025.pdf,LARGE_COST_SHIFT,MEDIUM,Original cost changed significantly from 10.0 Cr (2025-07) to 3631.0 Cr (2025-08)
400291,2025-07,"Project Assessment, Infrastructure Monitoring and Analytics for Nation-building 478 Doubling of Kirandul-Jagdalpur Line [150 km]",FlashReport_July_2025.pdf,LARGE_COST_SHIFT,MEDIUM,Original cost changed significantly from 1588.7 Cr (2025-06) to 53.0 Cr (2025-07)
400291,2025-08,Doubling of Kirandul-Jagdalpur Line [150 km],FlashReport_August_2025.pdf,LARGE_COST_SHIFT,MEDIUM,Original cost changed significantly from 53.0 Cr (2025-07) to 1589.0 Cr (2025-08)
400291,2026-06,"Project Assessment, Infrastructure Monitoring and Analytics for Nation-building 548 Doubling of Kirandul-Jagdalpur Line [150 km]",FlashReport_June_2026.pdf,LARGE_COST_SHIFT,MEDIUM,Original cost changed significantly from 1589.0 Cr (2026-05) to 84.0 Cr (2026-06)
400298,2025-10,"Project Assessment, Infrastructure Monitoring and Analytics for Nation-building 500 Nadikudi - Srikalahasti New Line",FlashReport_October_2025.pdf,LARGE_COST_SHIFT,MEDIUM,Original cost changed significantly from 2312.0 Cr (2025-09) to 59.0 Cr (2025-10)
400298,2025-11,Nadikudi - Srikalahasti New Line,FlashReport_November_2025.pdf,LARGE_COST_SHIFT,MEDIUM,Original cost changed significantly from 59.0 Cr (2025-10) to 2312.0 Cr (2025-11)
400298,2026-05,"Project Assessment, Infrastructure Monitoring and Analytics for Nation-building 526 Nadikudi - Srikalahasti New Line",FlashReport_May2026.pdf,LARGE_COST_SHIFT,MEDIUM,Original cost changed significantly from 2312.0 Cr (2026-04) to 78.0 Cr (2026-05)
400298,2026-06,Nadikudi - Srikalahasti New Line,FlashReport_June_2026.pdf,LARGE_COST_SHIFT,MEDIUM,Original cost changed significantly from 78.0 Cr (2026-05) to 2312.0 Cr (2026-06)
400301,2025-07,"Multi Product Pipeline from Irugur to Devangonthi Multi-States (Karnataka, Tamil",FlashReport_July_2025.pdf,LARGE_COST_SHIFT,MEDIUM,Original cost changed significantly from 678.0 Cr (2025-06) to 11.0 Cr (2025-07)
400301,2025-07,"Multi Product Pipeline from Irugur to Devangonthi Multi-States (Karnataka, Tamil",FlashReport_July_2025.pdf,EXPENDITURE_DROP,MEDIUM,Cumulative expenditure dropped from 642.76 Cr (2025-06) to 2.0 Cr (2025-07)
400301,2025-08,"Multi Product Pipeline from Irugur to Devangonthi Multi-States (Karnataka, Tamil",FlashReport_August_2025.pdf,LARGE_COST_SHIFT,MEDIUM,Original cost changed significantly from 11.0 Cr (2025-07) to 678.0 Cr (2025-08)
400313,2025-07,"Master Plan for Jharia and Raniganj Coalfields Multi-States (Jharkhand, West",FlashReport_July_2025.pdf,LARGE_COST_SHIFT,MEDIUM,Original cost changed significantly from 2661.73 Cr (2025-06) to 8.0 Cr (2025-07)
400313,2025-07,"Master Plan for Jharia and Raniganj Coalfields Multi-States (Jharkhand, West",FlashReport_July_2025.pdf,EXPENDITURE_DROP,MEDIUM,Cumulative expenditure dropped from 787.6 Cr (2025-06) to 8.0 Cr (2025-07)
400313,2025-08,"Master Plan for Jharia and Raniganj Coalfields Multi-States (Jharkhand, West",FlashReport_August_2025.pdf,LARGE_COST_SHIFT,MEDIUM,Original cost changed significantly from 8.0 Cr (2025-07) to 2661.73 Cr (2025-08)
400352,2026-06,JHARKHAND-LAIYO OCP,FlashReport_June_2026.pdf,EXPENDITURE_DROP,MEDIUM,Cumulative expenditure dropped from 145.81 Cr (2026-05) to 0.43 Cr (2026-06)
400353,2025-10,"Project Assessment, Infrastructure Monitoring and Analytics for Nation-building 85 DHUPTALA OC [SASTI UG TO OC ]",FlashReport_October_2025.pdf,LARGE_COST_SHIFT,MEDIUM,Original cost changed significantly from 711.01 Cr (2025-09) to 43.0 Cr (2025-10)
400353,2025-11,DHUPTALA OC [SASTI UG TO OC ],FlashReport_November_2025.pdf,LARGE_COST_SHIFT,MEDIUM,Original cost changed significantly from 43.0 Cr (2025-10) to 711.01 Cr (2025-11)
400353,2025-11,DHUPTALA OC [SASTI UG TO OC ],FlashReport_November_2025.pdf,EXPENDITURE_DROP,MEDIUM,Cumulative expenditure dropped from 711.01 Cr (2025-10) to 169.24 Cr (2025-11)
400353,2026-01,"Project Assessment, Infrastructure Monitoring and Analytics for Nation-building 85 DHUPTALA OC [SASTI UG TO OC ]",FlashReport_January_2026.pdf,LARGE_COST_SHIFT,MEDIUM,Original cost changed significantly from 711.01 Cr (2025-12) to 63.0 Cr (2026-01)
400353,2026-02,DHUPTALA OC [SASTI UG TO OC ],FlashReport_February_2026.pdf,LARGE_COST_SHIFT,MEDIUM,Original cost changed significantly from 63.0 Cr (2026-01) to 711.01 Cr (2026-02)
400353,2026-02,DHUPTALA OC [SASTI UG TO OC ],FlashReport_February_2026.pdf,EXPENDITURE_DROP,MEDIUM,Cumulative expenditure dropped from 711.01 Cr (2026-01) to 172.84 Cr (2026-02)
400353,2026-05,"Project Assessment, Infrastructure Monitoring and Analytics for Nation-building 86 DHUPTALA OC [SASTI UG TO OC ]",FlashReport_May2026.pdf,LARGE_COST_SHIFT,MEDIUM,Original cost changed significantly from 711.01 Cr (2026-04) to 56.0 Cr (2026-05)
400369,2025-07,"BINA KAKRI AMALGAMATION EXPANSION OPENCAST MINING PROJECT [14 MTPA] Multi-States (Madhya Pradesh,",FlashReport_July_2025.pdf,LARGE_COST_SHIFT,MEDIUM,Original cost changed significantly from 836.42 Cr (2025-06) to 8.0 Cr (2025-07)
400369,2025-07,"BINA KAKRI AMALGAMATION EXPANSION OPENCAST MINING PROJECT [14 MTPA] Multi-States (Madhya Pradesh,",FlashReport_July_2025.pdf,EXPENDITURE_DROP,MEDIUM,Cumulative expenditure dropped from 778.71 Cr (2025-06) to 3.0 Cr (2025-07)
400369,2025-08,"BINA KAKRI AMALGAMATION EXPANS Multi-States (Madhya Pradesh,",FlashReport_August_2025.pdf,LARGE_COST_SHIFT,MEDIUM,Original cost changed significantly from 8.0 Cr (2025-07) to 836.42 Cr (2025-08)
400369,2026-05,"Project Assessment, Infrastructure Monitoring and Analytics for Nation-building 109 BINA KAKRI AMALGAMATION EXPANS Multi-States (Madhya Pradesh,",FlashReport_May2026.pdf,LARGE_COST_SHIFT,MEDIUM,Original cost changed significantly from 836.42 Cr (2026-04) to 57.0 Cr (2026-05)
400392,2025-08,"Project Assessment, Infrastructure Monitoring and Analytics for Nation-building 116 BHARATPUR RE-ORGANIZATION OCP",FlashReport_August_2025.pdf,LARGE_COST_SHIFT,MEDIUM,Original cost changed significantly from 2838.86 Cr (2025-07) to 39.0 Cr (2025-08)
400392,2025-09,BHARATPUR RE-ORGANIZATION OCP,FlashReport_September_2025.pdf,LARGE_COST_SHIFT,MEDIUM,Original cost changed significantly from 39.0 Cr (2025-08) to 2838.86 Cr (2025-09)
400392,2026-01,"Project Assessment, Infrastructure Monitoring and Analytics for Nation-building 116 BHARATPUR RE-ORGANIZATION OCP",FlashReport_January_2026.pdf,LARGE_COST_SHIFT,MEDIUM,Original cost changed significantly from 2838.86 Cr (2025-12) to 64.0 Cr (2026-01)
400392,2026-02,BHARATPUR RE-ORGANIZATION OCP,FlashReport_February_2026.pdf,LARGE_COST_SHIFT,MEDIUM,Original cost changed significantly from 64.0 Cr (2026-01) to 2838.86 Cr (2026-02)
400426,2026-05,Expansion of Malanjkhand Copper Project,FlashReport_May2026.pdf,PROGRESS_REGRESSION,MEDIUM,Physical progress dropped by 61.4% (from 84.87% in 2026-04 to 23.5% in 2026-05)
40380,2025-12,lane with paved shoulders in the State of Chhattisgarh on EPC mode.,FlashReport_December_2025.pdf,PROGRESS_REGRESSION,MEDIUM,Physical progress dropped by 81.0% (from 81.0% in 2025-06 to 0.0% in 2025-12)
40390,2025-12,"MaharajganjNichloulThuthibari to two lane with paved shoulders in the State of U.P. on Engineering, Procurement & Construction EPC Basis.",FlashReport_December_2025.pdf,EXPENDITURE_DROP,MEDIUM,Cumulative expenditure dropped from 802.93 Cr (2025-06) to 0.0 Cr (2025-12)
40840,2026-05,"Project Assessment, Infrastructure Monitoring and Analytics for Nation-building 1450 Improvement/Widening of New NH-217 Dainadubi-Darugiri section to Two lane with",FlashReport_May2026.pdf,PROGRESS_REGRESSION,MEDIUM,Physical progress dropped by 38.8% (from 38.75% in 2026-04 to 0.0% in 2026-05)
40840,2026-05,"Project Assessment, Infrastructure Monitoring and Analytics for Nation-building 1450 Improvement/Widening of New NH-217 Dainadubi-Darugiri section to Two lane with",FlashReport_May2026.pdf,LARGE_COST_SHIFT,MEDIUM,Original cost changed significantly from 705.83 Cr (2026-04) to 129.0 Cr (2026-05)
40840,2026-06,Improvement/Widening of New NH-217 Dainadubi-Darugiri section to Two lane with,FlashReport_June_2026.pdf,LARGE_COST_SHIFT,MEDIUM,Original cost changed significantly from 129.0 Cr (2026-05) to 705.83 Cr (2026-06)
40840,2026-06,Improvement/Widening of New NH-217 Dainadubi-Darugiri section to Two lane with,FlashReport_June_2026.pdf,EXPENDITURE_DROP,MEDIUM,Cumulative expenditure dropped from 705.83 Cr (2026-05) to 0.0 Cr (2026-06)
426230,2026-06,Construction of Six lane elevated flyover including reconstruction/rehabilitation of Barwa Adda Panagarh section of NH-19 from Km.398.240 to Km.521.120 including Panagarh Bypass in the State of Jharkhand on EPC Mode.,FlashReport_June_2026.pdf,EXPENDITURE_DROP,MEDIUM,Cumulative expenditure dropped from 470.75 Cr (2026-05) to 0.04 Cr (2026-06)
42700,2026-05,"Construction of Additional Structures, Improvement of Service Road & Maintenance of in the State of Haryana",FlashReport_May2026.pdf,PROGRESS_REGRESSION,MEDIUM,Physical progress dropped by 43.2% (from 93.89% in 2026-04 to 50.65% in 2026-05)
42700,2026-05,"Construction of Additional Structures, Improvement of Service Road & Maintenance of in the State of Haryana",FlashReport_May2026.pdf,EXPENDITURE_DROP,MEDIUM,Cumulative expenditure dropped from 401.74 Cr (2026-04) to 105.22 Cr (2026-05)
47020,2026-01,Construction of 2 lane with paved shoulders Baramulla Bypass Greenfield bypass length 14.100 km on road Srinagar Baramulla Uri NH-01 in the UT of Jammu & Kashmir under Project.Package-III,FlashReport_January_2026.pdf,EXPENDITURE_DROP,MEDIUM,Cumulative expenditure dropped from 338.33 Cr (2025-06) to 0.0 Cr (2026-01)
47020,2026-04,"Project Assessment, Infrastructure Monitoring and Analytics for Nation-building 1115 Construction of 2 lane with paved shoulders Baramulla Bypass Greenfield bypass length 14.100 km on road Srinagar Baramulla Uri NH-01 in the UT of Jammu & Kashmir under Project.Package-III",FlashReport_April2026.pdf,LARGE_COST_SHIFT,MEDIUM,Original cost changed significantly from 992.43 Cr (2026-03) to 110.0 Cr (2026-04)
47020,2026-05,Construction of 2 lane with paved shoulders Baramulla Bypass Greenfield bypass length 14.100 km on road Srinagar Baramulla Uri NH-01 in the UT of Jammu & Kashmir under Project.Package-III,FlashReport_May2026.pdf,LARGE_COST_SHIFT,MEDIUM,Original cost changed significantly from 110.0 Cr (2026-04) to 992.43 Cr (2026-05)
47020,2026-05,Construction of 2 lane with paved shoulders Baramulla Bypass Greenfield bypass length 14.100 km on road Srinagar Baramulla Uri NH-01 in the UT of Jammu & Kashmir under Project.Package-III,FlashReport_May2026.pdf,EXPENDITURE_DROP,MEDIUM,Cumulative expenditure dropped from 992.43 Cr (2026-04) to 34.26 Cr (2026-05)
485240,2026-05,"Project Assessment, Infrastructure Monitoring and Analytics for Nation-building 1194 Widening to Two Lane with Paved Shoulders from KB Cross to Chunchanahalli ie., Plan 2022-23 NH-150A-KNT-2022-23-977 dated 08.03.2023",FlashReport_May2026.pdf,PROGRESS_REGRESSION,MEDIUM,Physical progress dropped by 35.3% (from 40.0% in 2026-04 to 4.72% in 2026-05)
485240,2026-05,"Project Assessment, Infrastructure Monitoring and Analytics for Nation-building 1194 Widening to Two Lane with Paved Shoulders from KB Cross to Chunchanahalli ie., Plan 2022-23 NH-150A-KNT-2022-23-977 dated 08.03.2023",FlashReport_May2026.pdf,LARGE_COST_SHIFT,MEDIUM,Original cost changed significantly from 617.28 Cr (2026-04) to 114.0 Cr (2026-05)
485240,2026-06,"Widening to Two Lane with Paved Shoulders from KB Cross to Chunchanahalli ie., Plan 2022-23 NH-150A-KNT-2022-23-977 dated 08.03.2023",FlashReport_June_2026.pdf,LARGE_COST_SHIFT,MEDIUM,Original cost changed significantly from 114.0 Cr (2026-05) to 617.28 Cr (2026-06)
485240,2026-06,"Widening to Two Lane with Paved Shoulders from KB Cross to Chunchanahalli ie., Plan 2022-23 NH-150A-KNT-2022-23-977 dated 08.03.2023",FlashReport_June_2026.pdf,EXPENDITURE_DROP,MEDIUM,Cumulative expenditure dropped from 617.28 Cr (2026-05) to 7.59 Cr (2026-06)
490800,2026-02,"Project Assessment, Infrastructure Monitoring and Analytics for Nation-building 910 Construction of Balance Work of the 4-Laning of the Section from Jorhat to Jhanji of EPC Mode in the state of Assam Pkg-III Road Works",FlashReport_February_2026.pdf,PROGRESS_REGRESSION,MEDIUM,Physical progress dropped by 97.9% (from 98.0% in 2026-01 to 0.07% in 2026-02)
490800,2026-03,Construction of Balance Work of the 4-Laning of the Section from Jorhat to Jhanji of EPC Mode in the state of Assam Pkg-III Road Works,FlashReport_March_2026.pdf,EXPENDITURE_DROP,MEDIUM,Cumulative expenditure dropped from 358.72 Cr (2026-02) to 0.07 Cr (2026-03)
49150,2026-02,Rehabilitation and up-gradation to 2 lane with paved shoulder from existing chainage construction of Sungal Tunnel Total length of Tunnel 2.79 km under 13 TF on Akhnoor-Poonch road NH-144A under Project Sampark BRO in the UT of Jammu & Kashmir on EPC mode Package-II Job no NH-144A-J&K-2019-20-78,FlashReport_February_2026.pdf,LARGE_COST_SHIFT,MEDIUM,Original cost changed significantly from 101.0 Cr (2026-01) to 796.97 Cr (2026-02)
49150,2026-03,"Project Assessment, Infrastructure Monitoring and Analytics for Nation-building 1091 Rehabilitation and up-gradation to 2 lane with paved shoulder from existing chainage construction of Sungal Tunnel Total length of Tunnel 2.79 km under 13 TF on Akhnoor-Poonch road NH-144A under Project Sampark BRO in the UT of Jammu & Kashmir on EPC mode Package-II Job no NH-144A-J&K-2019-20-78",FlashReport_March_2026.pdf,LARGE_COST_SHIFT,MEDIUM,Original cost changed significantly from 796.97 Cr (2026-02) to 107.0 Cr (2026-03)
49150,2026-04,Rehabilitation and up-gradation to 2 lane with paved shoulder from existing chainage construction of Sungal Tunnel Total length of Tunnel 2.79 km under 13 TF on Akhnoor-Poonch road NH-144A under Project Sampark BRO in the UT of Jammu & Kashmir on EPC mode Package-II Job no NH-144A-J&K-2019-20-78,FlashReport_April2026.pdf,LARGE_COST_SHIFT,MEDIUM,Original cost changed significantly from 107.0 Cr (2026-03) to 796.97 Cr (2026-04)
49917,2026-06,"Project Assessment, Infrastructure Monitoring and Analytics for Nation-building 785 to 4LPS",FlashReport_June_2026.pdf,PROGRESS_REGRESSION,MEDIUM,Physical progress dropped by 38.0% (from 37.95% in 2026-05 to 0.0% in 2026-06)
49917,2026-06,"Project Assessment, Infrastructure Monitoring and Analytics for Nation-building 785 to 4LPS",FlashReport_June_2026.pdf,LARGE_COST_SHIFT,MEDIUM,Original cost changed significantly from 881.61 Cr (2026-05) to 95.0 Cr (2026-06)
50500,2025-12,Upgradation of Nasrullagani-Rehti-Budhni Scction to 2-lane with paved shoulder from,FlashReport_December_2025.pdf,PROGRESS_REGRESSION,MEDIUM,Physical progress dropped by 34.5% (from 34.46% in 2025-06 to 0.0% in 2025-12)
50500,2025-12,Upgradation of Nasrullagani-Rehti-Budhni Scction to 2-lane with paved shoulder from,FlashReport_December_2025.pdf,EXPENDITURE_DROP,MEDIUM,Cumulative expenditure dropped from 71.47 Cr (2025-06) to 0.0 Cr (2025-12)
51700,2025-12,Kishtwar-Vailoo Donipawa-Ashajipora section of NH-244 in the UT of J&K on EPC Mode under NHO-Gen Pkg - 2,FlashReport_December_2025.pdf,PROGRESS_REGRESSION,MEDIUM,Physical progress dropped by 51.8% (from 51.75% in 2025-06 to 0.0% in 2025-12)
51700,2025-12,Kishtwar-Vailoo Donipawa-Ashajipora section of NH-244 in the UT of J&K on EPC Mode under NHO-Gen Pkg - 2,FlashReport_December_2025.pdf,EXPENDITURE_DROP,MEDIUM,Cumulative expenditure dropped from 71.65 Cr (2025-06) to 0.0 Cr (2025-12)
51700,2026-05,Kishtwar-Vailoo Donipawa-Ashajipora section of NH-244 in the UT of J&K on EPC Mode under NHO-Gen Pkg - 2,FlashReport_May2026.pdf,EXPENDITURE_DROP,MEDIUM,Cumulative expenditure dropped from 512.43 Cr (2026-04) to 155.69 Cr (2026-05)
52000,2025-12,Construction of 2-Laning with Paved Shoulder of New Greenfield Alignment From Spur NH-717B Package-IIIA on EPC Basis under SARDP-NE Phase 'A' in the State of Sikkim.,FlashReport_December_2025.pdf,PROGRESS_REGRESSION,MEDIUM,Physical progress dropped by 45.9% (from 45.9% in 2025-06 to 0.0% in 2025-12)
52000,2025-12,Construction of 2-Laning with Paved Shoulder of New Greenfield Alignment From Spur NH-717B Package-IIIA on EPC Basis under SARDP-NE Phase 'A' in the State of Sikkim.,FlashReport_December_2025.pdf,EXPENDITURE_DROP,MEDIUM,Cumulative expenditure dropped from 332.24 Cr (2025-06) to 0.0 Cr (2025-12)
55000,2025-12,mode under Bharatmala Pariyojna of Length 27.514 Km Package-3,FlashReport_December_2025.pdf,EXPENDITURE_DROP,MEDIUM,Cumulative expenditure dropped from 213.67 Cr (2025-06) to 0.0 Cr (2025-12)
55000,2026-04,"Project Assessment, Infrastructure Monitoring and Analytics for Nation-building 1483 mode under Bharatmala Pariyojna of Length 27.514 Km Package-3",FlashReport_April2026.pdf,LARGE_COST_SHIFT,MEDIUM,Original cost changed significantly from 665.47 Cr (2026-03) to 132.0 Cr (2026-04)
55000,2026-05,mode under Bharatmala Pariyojna of Length 27.514 Km Package-3,FlashReport_May2026.pdf,LARGE_COST_SHIFT,MEDIUM,Original cost changed significantly from 132.0 Cr (2026-04) to 665.47 Cr (2026-05)
55000,2026-05,mode under Bharatmala Pariyojna of Length 27.514 Km Package-3,FlashReport_May2026.pdf,EXPENDITURE_DROP,MEDIUM,Cumulative expenditure dropped from 665.47 Cr (2026-04) to 305.63 Cr (2026-05)
55937,2025-12,"Project Assessment, Infrastructure Monitoring and Analytics for Nation-building 1335",FlashReport_December_2025.pdf,EXPENDITURE_DROP,MEDIUM,Cumulative expenditure dropped from 199.48 Cr (2025-06) to 0.0 Cr (2025-12)
55937,2026-02,"Project Assessment, Infrastructure Monitoring and Analytics for Nation-building 1335",FlashReport_February_2026.pdf,PROGRESS_REGRESSION,MEDIUM,Physical progress dropped by 83.0% (from 83.0% in 2026-01 to 0.0% in 2026-02)
55937,2026-04,"Project Assessment, Infrastructure Monitoring and Analytics for Nation-building 1335",FlashReport_April2026.pdf,EXPENDITURE_DROP,MEDIUM,Cumulative expenditure dropped from 381.77 Cr (2026-03) to 0.0 Cr (2026-04)
55937,2026-05,"Project Assessment, Infrastructure Monitoring and Analytics for Nation-building 1367",FlashReport_May2026.pdf,PROGRESS_REGRESSION,MEDIUM,Physical progress dropped by 83.9% (from 83.93% in 2026-04 to 0.0% in 2026-05)
55937,2026-06,"Project Assessment, Infrastructure Monitoring and Analytics for Nation-building 1335",FlashReport_June_2026.pdf,EXPENDITURE_DROP,MEDIUM,Cumulative expenditure dropped from 381.77 Cr (2026-05) to 0.0 Cr (2026-06)
56400,2026-04,"Project Assessment, Infrastructure Monitoring and Analytics for Nation-building 806 no. 742",FlashReport_April2026.pdf,LARGE_COST_SHIFT,MEDIUM,Original cost changed significantly from 839.98 Cr (2026-03) to 92.0 Cr (2026-04)
56400,2026-05,no. 742,FlashReport_May2026.pdf,LARGE_COST_SHIFT,MEDIUM,Original cost changed significantly from 92.0 Cr (2026-04) to 839.98 Cr (2026-05)
56400,2026-05,no. 742,FlashReport_May2026.pdf,EXPENDITURE_DROP,MEDIUM,Cumulative expenditure dropped from 839.98 Cr (2026-04) to 355.56 Cr (2026-05)
59000,2025-12,Construction of 2-lane with hard shoulders of Merangkong-Tamlu-Mon road Wakching Balance work,FlashReport_December_2025.pdf,PROGRESS_REGRESSION,MEDIUM,Physical progress dropped by 73.3% (from 73.34% in 2025-06 to 0.0% in 2025-12)
59000,2025-12,Construction of 2-lane with hard shoulders of Merangkong-Tamlu-Mon road Wakching Balance work,FlashReport_December_2025.pdf,EXPENDITURE_DROP,MEDIUM,Cumulative expenditure dropped from 65.19 Cr (2025-06) to 0.0 Cr (2025-12)
59475,2026-05,"Project Assessment, Infrastructure Monitoring and Analytics for Nation-building 1287",FlashReport_May2026.pdf,LARGE_COST_SHIFT,MEDIUM,Original cost changed significantly from 120.0 Cr (2026-04) to 980.2 Cr (2026-05)
59475,2026-05,"Project Assessment, Infrastructure Monitoring and Analytics for Nation-building 1287",FlashReport_May2026.pdf,EXPENDITURE_DROP,MEDIUM,Cumulative expenditure dropped from 980.2 Cr (2026-04) to 1.56 Cr (2026-05)
59700,2026-05,4-Laning of chhimluang-Kolasib from section pkg-4 of NH-306 & NH-6 existing vairengte-sairang road in the state of Mizoram under Bharatmala Pariyojna on EPC mode Vairengte - Sairang Pkg-4,FlashReport_May2026.pdf,EXPENDITURE_DROP,MEDIUM,Cumulative expenditure dropped from 561.91 Cr (2026-04) to 0.0 Cr (2026-05)
602096,2025-08,Subansiri Lower HE Project [2000 MW],FlashReport_August_2025.pdf,LARGE_COST_SHIFT,MEDIUM,Original cost changed significantly from 9.0 Cr (2025-07) to 6285.33 Cr (2025-08)
602098,2026-04,"Project Assessment, Infrastructure Monitoring and Analytics for Nation-building 325 Construction of Permanent Campus for IIM Jammu Phase-1 at Jagti, Nagrota, Jammu, J&K",FlashReport_April2026.pdf,LARGE_COST_SHIFT,MEDIUM,Original cost changed significantly from 424.93 Cr (2026-03) to 69.0 Cr (2026-04)
602098,2026-05,"Construction of Permanent Campus for IIM Jammu Phase-1 at Jagti, Nagrota, Jammu, J&K",FlashReport_May2026.pdf,LARGE_COST_SHIFT,MEDIUM,Original cost changed significantly from 69.0 Cr (2026-04) to 424.93 Cr (2026-05)
602181,2025-08,"Project Assessment, Infrastructure Monitoring and Analytics for Nation-building 173 TEESTA-VI HE PROJECT, SIKKIM [500 MW], executed by LANCO TEESTA HYDRO POWER LIMITED [A wholly owned Subsidiary of NHPC LTD. acquired through NCLT]",FlashReport_August_2025.pdf,LARGE_COST_SHIFT,MEDIUM,Original cost changed significantly from 5748.04 Cr (2025-07) to 41.0 Cr (2025-08)
602181,2025-09,"TEESTA-VI HE PROJECT, SIKKIM [500 MW], executed by LANCO TEESTA HYDRO POWER LIMITED [A wholly owned Subsidiary of NHPC LTD. acquired through NCLT]",FlashReport_September_2025.pdf,LARGE_COST_SHIFT,MEDIUM,Original cost changed significantly from 41.0 Cr (2025-08) to 5748.04 Cr (2025-09)
602181,2025-10,"Project Assessment, Infrastructure Monitoring and Analytics for Nation-building 173 TEESTA-VI HE PROJECT, SIKKIM [500 MW], executed by LANCO TEESTA HYDRO POWER LIMITED [A wholly owned Subsidiary of NHPC LTD. acquired through NCLT]",FlashReport_October_2025.pdf,LARGE_COST_SHIFT,MEDIUM,Original cost changed significantly from 5748.04 Cr (2025-09) to 46.0 Cr (2025-10)
602181,2025-11,"TEESTA-VI HE PROJECT, SIKKIM [500 MW], executed by LANCO TEESTA HYDRO POWER LIMITED [A wholly owned Subsidiary of NHPC LTD. acquired through NCLT]",FlashReport_November_2025.pdf,LARGE_COST_SHIFT,MEDIUM,Original cost changed significantly from 46.0 Cr (2025-10) to 5748.04 Cr (2025-11)
602181,2026-05,"Project Assessment, Infrastructure Monitoring and Analytics for Nation-building 173 TEESTA-VI HE PROJECT, SIKKIM [500 MW], executed by LANCO TEESTA HYDRO POWER LIMITED [A wholly owned Subsidiary of NHPC LTD. acquired through NCLT]",FlashReport_May2026.pdf,LARGE_COST_SHIFT,MEDIUM,Original cost changed significantly from 5748.04 Cr (2026-04) to 60.0 Cr (2026-05)
602182,2026-03,"Project Assessment, Infrastructure Monitoring and Analytics for Nation-building 156 Dibang Multipurpose Project Arunachal Pradesh 02/2023",FlashReport_March_2026.pdf,LARGE_COST_SHIFT,MEDIUM,Original cost changed significantly from 31876.39 Cr (2026-02) to 60.0 Cr (2026-03)
602182,2026-04,Dibang Multipurpose Project Arunachal Pradesh 02/2023,FlashReport_April2026.pdf,LARGE_COST_SHIFT,MEDIUM,Original cost changed significantly from 60.0 Cr (2026-03) to 31876.39 Cr (2026-04)
602182,2026-04,Dibang Multipurpose Project Arunachal Pradesh 02/2023,FlashReport_April2026.pdf,EXPENDITURE_DROP,MEDIUM,Cumulative expenditure dropped from 31876.39 Cr (2026-03) to 4593.04 Cr (2026-04)
602185,2026-03,"Project Assessment, Infrastructure Monitoring and Analytics for Nation-building 179 Tapovan-Vishnugad HEP [4x130 MW]",FlashReport_March_2026.pdf,LARGE_COST_SHIFT,MEDIUM,Original cost changed significantly from 2978.0 Cr (2026-02) to 61.0 Cr (2026-03)
602185,2026-03,"Project Assessment, Infrastructure Monitoring and Analytics for Nation-building 179 Tapovan-Vishnugad HEP [4x130 MW]",FlashReport_March_2026.pdf,EXPENDITURE_DROP,MEDIUM,Cumulative expenditure dropped from 7490.08 Cr (2026-02) to 2978.0 Cr (2026-03)
602185,2026-04,Tapovan-Vishnugad HEP [4x130 MW],FlashReport_April2026.pdf,LARGE_COST_SHIFT,MEDIUM,Original cost changed significantly from 61.0 Cr (2026-03) to 2978.0 Cr (2026-04)
602194,2025-11,"Project Assessment, Infrastructure Monitoring and Analytics for Nation-building 173 Khurja super Thermal Power Plant [2X660 MW]",FlashReport_November_2025.pdf,LARGE_COST_SHIFT,MEDIUM,Original cost changed significantly from 11089.42 Cr (2025-10) to 46.0 Cr (2025-11)
602223,2025-07,Comprehensive Scheme for Strengthening of Transmission and Distribution [T&D] Systems [CSST&DS] in Arunachal Pradesh and Sikkim,FlashReport_July_2025.pdf,LARGE_COST_SHIFT,MEDIUM,Original cost changed significantly from 4754.42 Cr (2025-06) to 1.0 Cr (2025-07)
602223,2025-07,Comprehensive Scheme for Strengthening of Transmission and Distribution [T&D] Systems [CSST&DS] in Arunachal Pradesh and Sikkim,FlashReport_July_2025.pdf,EXPENDITURE_DROP,MEDIUM,Cumulative expenditure dropped from 7602.44 Cr (2025-06) to 12.0 Cr (2025-07)
602223,2025-08,Comprehensive Scheme for Strengthening of Transmission and Distribution [T&D] Systems [CSST&DS] in Arunachal Pradesh and Sikkim,FlashReport_August_2025.pdf,LARGE_COST_SHIFT,MEDIUM,Original cost changed significantly from 1.0 Cr (2025-07) to 4754.42 Cr (2025-08)
602792,2025-08,"Project Assessment, Infrastructure Monitoring and Analytics for Nation-building 505 Gauge Conversion of Kendri-Dhamtari including Abhanpur - Rajim Branch line 67.20 Kms - 2nd Material Modification to Raipur Titlagarh doubling.",FlashReport_August_2025.pdf,LARGE_COST_SHIFT,MEDIUM,Original cost changed significantly from 1171.0 Cr (2025-07) to 54.0 Cr (2025-08)
602792,2025-09,Gauge Conversion of Kendri-Dhamtari including Abhanpur - Rajim Branch line 67.20 Kms - 2nd Material Modification to Raipur Titlagarh doubling.,FlashReport_September_2025.pdf,LARGE_COST_SHIFT,MEDIUM,Original cost changed significantly from 54.0 Cr (2025-08) to 1171.0 Cr (2025-09)
602792,2025-10,Gauge Conversion of Kendri-Dhamtari including Abhanpur - Rajim Branch line 67.20 Kms - 2nd Material Modification to Raipur Titlagarh doubling.,FlashReport_October_2025.pdf,EXPENDITURE_DROP,MEDIUM,Cumulative expenditure dropped from 848.0 Cr (2025-09) to 376.0 Cr (2025-10)
602792,2025-12,"Project Assessment, Infrastructure Monitoring and Analytics for Nation-building 530 Gauge Conversion of Kendri-Dhamtari including Abhanpur - Rajim Branch line 67.20 Kms - 2nd Material Modification to Raipur Titlagarh doubling.",FlashReport_December_2025.pdf,LARGE_COST_SHIFT,MEDIUM,Original cost changed significantly from 1171.0 Cr (2025-11) to 68.0 Cr (2025-12)
602792,2026-01,Gauge Conversion of Kendri-Dhamtari including Abhanpur - Rajim Branch line 67.20 Kms - 2nd Material Modification to Raipur Titlagarh doubling.,FlashReport_January_2026.pdf,LARGE_COST_SHIFT,MEDIUM,Original cost changed significantly from 68.0 Cr (2025-12) to 1171.0 Cr (2026-01)
602792,2026-01,Gauge Conversion of Kendri-Dhamtari including Abhanpur - Rajim Branch line 67.20 Kms - 2nd Material Modification to Raipur Titlagarh doubling.,FlashReport_January_2026.pdf,EXPENDITURE_DROP,MEDIUM,Cumulative expenditure dropped from 1171.0 Cr (2025-12) to 381.99 Cr (2026-01)
602797,2025-07,"Sainthia, Sitarampur, Mughalsarai, Allahabad & Etawah - Bypass Line Project Multi-States (Uttar",FlashReport_July_2025.pdf,LARGE_COST_SHIFT,MEDIUM,Original cost changed significantly from 461.64 Cr (2025-06) to 12.0 Cr (2025-07)
602797,2025-08,"Sainthia, Sitarampur, Mughalsarai, Allahabad & Etawah - Bypass Line Project Multi-States (Uttar",FlashReport_August_2025.pdf,LARGE_COST_SHIFT,MEDIUM,Original cost changed significantly from 12.0 Cr (2025-07) to 461.64 Cr (2025-08)
603293,2026-02,"Project Assessment, Infrastructure Monitoring and Analytics for Nation-building 156 Badam Coal Mining project of NTPC Total (2) 2083 1007.16",FlashReport_February_2026.pdf,LARGE_COST_SHIFT,MEDIUM,Original cost changed significantly from 502.0 Cr (2026-01) to 70.0 Cr (2026-02)
603293,2026-03,Badam Coal Mining project of NTPC Electricity Generation Total (2) 2083 1007.33,FlashReport_March_2026.pdf,LARGE_COST_SHIFT,MEDIUM,Original cost changed significantly from 70.0 Cr (2026-02) to 502.0 Cr (2026-03)
604791,2026-04,"Project Assessment, Infrastructure Monitoring and Analytics for Nation-building 364 Numaligarh Refinery Expansion Project",FlashReport_April2026.pdf,LARGE_COST_SHIFT,MEDIUM,Original cost changed significantly from 12366.0 Cr (2026-03) to 71.0 Cr (2026-04)
604791,2026-05,Numaligarh Refinery Expansion Project,FlashReport_May2026.pdf,LARGE_COST_SHIFT,MEDIUM,Original cost changed significantly from 71.0 Cr (2026-04) to 12366.0 Cr (2026-05)
604795,2026-02,"Project Assessment, Infrastructure Monitoring and Analytics for Nation-building 446 CBR 9 MMTPA Project",FlashReport_February_2026.pdf,LARGE_COST_SHIFT,MEDIUM,Original cost changed significantly from 31580.0 Cr (2026-01) to 84.0 Cr (2026-02)
604795,2026-03,CBR 9 MMTPA Project,FlashReport_March_2026.pdf,LARGE_COST_SHIFT,MEDIUM,Original cost changed significantly from 84.0 Cr (2026-02) to 31580.0 Cr (2026-03)
604795,2026-03,CBR 9 MMTPA Project,FlashReport_March_2026.pdf,EXPENDITURE_DROP,MEDIUM,Cumulative expenditure dropped from 31580.0 Cr (2026-02) to 1544.96 Cr (2026-03)
604852,2026-03,"Project Assessment, Infrastructure Monitoring and Analytics for Nation-building 355 Grass-root Terminal at Mirzapur, Uttar Pradesh Total (15)",FlashReport_March_2026.pdf,LARGE_COST_SHIFT,MEDIUM,Original cost changed significantly from 980.45 Cr (2026-02) to 70.0 Cr (2026-03)
604852,2026-04,"Grass-root Terminal at Mirzapur, Uttar Pradesh Total (16)",FlashReport_April2026.pdf,LARGE_COST_SHIFT,MEDIUM,Original cost changed significantly from 70.0 Cr (2026-03) to 980.45 Cr (2026-04)
604852,2026-04,"Grass-root Terminal at Mirzapur, Uttar Pradesh Total (16)",FlashReport_April2026.pdf,EXPENDITURE_DROP,MEDIUM,Cumulative expenditure dropped from 980.45 Cr (2026-03) to 293.88 Cr (2026-04)
604859,2025-10,"Project Assessment, Infrastructure Monitoring and Analytics for Nation-building 425 Integrated Para Xylene [PX] and Purified Terephthalic Acid [PTA] Project at Paradip Refinery",FlashReport_October_2025.pdf,LARGE_COST_SHIFT,MEDIUM,Original cost changed significantly from 13805.0 Cr (2025-09) to 56.0 Cr (2025-10)
604859,2025-11,Integrated Para Xylene [PX] and Purified Terephthalic Acid [PTA] Project at Paradip Refinery,FlashReport_November_2025.pdf,LARGE_COST_SHIFT,MEDIUM,Original cost changed significantly from 56.0 Cr (2025-10) to 13805.0 Cr (2025-11)
604863,2026-01,"Project Assessment, Infrastructure Monitoring and Analytics for Nation-building 369 Development of Surface Facilities for production and evacuation of Crude Oil and Natural Gas from Nadua and East Khagorija",FlashReport_January_2026.pdf,LARGE_COST_SHIFT,MEDIUM,Original cost changed significantly from 682.9 Cr (2025-12) to 74.0 Cr (2026-01)
604863,2026-02,Development of Surface Facilities for production and evacuation of Crude Oil and Natural Gas from Nadua and East Khagorija,FlashReport_February_2026.pdf,LARGE_COST_SHIFT,MEDIUM,Original cost changed significantly from 74.0 Cr (2026-01) to 682.9 Cr (2026-02)
605155,2026-04,"Project Assessment, Infrastructure Monitoring and Analytics for Nation-building 173 Kwar HE Project",FlashReport_April2026.pdf,LARGE_COST_SHIFT,MEDIUM,Original cost changed significantly from 4526.12 Cr (2026-03) to 61.0 Cr (2026-04)
605155,2026-05,Kwar HE Project,FlashReport_May2026.pdf,LARGE_COST_SHIFT,MEDIUM,Original cost changed significantly from 61.0 Cr (2026-04) to 4526.12 Cr (2026-05)
605155,2026-05,Kwar HE Project,FlashReport_May2026.pdf,EXPENDITURE_DROP,MEDIUM,Cumulative expenditure dropped from 4526.12 Cr (2026-04) to 1616.87 Cr (2026-05)
605156,2026-02,"Project Assessment, Infrastructure Monitoring and Analytics for Nation-building 179 Rangit-IV HE Project [120 MW] executed by Jal Power Corporation Ltd. [JPCL] - A wholly owned subsidiary of NHPC Ltd. acquired through NCLT",FlashReport_February_2026.pdf,LARGE_COST_SHIFT,MEDIUM,Original cost changed significantly from 938.29 Cr (2026-01) to 71.0 Cr (2026-02)
605156,2026-03,Rangit-IV HE Project [120 MW] executed by Jal Power Corporation Ltd. [JPCL] - A wholly owned subsidiary of NHPC Ltd. acquired through NCLT,FlashReport_March_2026.pdf,LARGE_COST_SHIFT,MEDIUM,Original cost changed significantly from 71.0 Cr (2026-02) to 938.29 Cr (2026-03)
606112,2025-08,Tezpur University Projects,FlashReport_August_2025.pdf,EXPENDITURE_DROP,MEDIUM,Cumulative expenditure dropped from 288.87 Cr (2025-07) to 54.05 Cr (2025-08)
606431,2025-08,"Project Assessment, Infrastructure Monitoring and Analytics for Nation-building 318 CONSTRUCTION OF PERMANENT CAMPUS FOR IIT PALAKKAD UNDER PHASE 1A",FlashReport_August_2025.pdf,LARGE_COST_SHIFT,MEDIUM,Original cost changed significantly from 1006.45 Cr (2025-07) to 47.0 Cr (2025-08)
606431,2025-09,CONSTRUCTION OF PERMANENT CAMPUS FOR IIT PALAKKAD UNDER PHASE 1A,FlashReport_September_2025.pdf,LARGE_COST_SHIFT,MEDIUM,Original cost changed significantly from 47.0 Cr (2025-08) to 1006.45 Cr (2025-09)
606431,2025-11,"Project Assessment, Infrastructure Monitoring and Analytics for Nation-building 318 CONSTRUCTION OF PERMANENT CAMPUS FOR IIT PALAKKAD UNDER PHASE 1A",FlashReport_November_2025.pdf,LARGE_COST_SHIFT,MEDIUM,Original cost changed significantly from 1006.45 Cr (2025-10) to 52.0 Cr (2025-11)
606431,2025-12,CONSTRUCTION OF PERMANENT CAMPUS FOR IIT PALAKKAD UNDER PHASE 1A,FlashReport_December_2025.pdf,LARGE_COST_SHIFT,MEDIUM,Original cost changed significantly from 52.0 Cr (2025-11) to 1006.45 Cr (2025-12)
606781,2025-08,Transmission System for Strengthening of Srinagar-Leh Tr. System,FlashReport_August_2025.pdf,LARGE_COST_SHIFT,MEDIUM,Original cost changed significantly from 3.0 Cr (2025-07) to 288.71 Cr (2025-08)
60679,2026-01,"Project Assessment, Infrastructure Monitoring and Analytics for Nation-building 1217 Rehabilitation / Upgradation to 4 Lane with Paved shoulder of Existing Section in 753F Aurangabad-Jalgaon road on EPC Mode in the State of Maharashtra",FlashReport_January_2026.pdf,PROGRESS_REGRESSION,MEDIUM,Physical progress dropped by 93.0% (from 93.0% in 2025-12 to 0.0% in 2026-01)
60679,2026-02,Rehabilitation / Upgradation to 4 Lane with Paved shoulder of Existing Section in 753F Aurangabad-Jalgaon road on EPC Mode in the State of Maharashtra,FlashReport_February_2026.pdf,EXPENDITURE_DROP,MEDIUM,Cumulative expenditure dropped from 153.79 Cr (2026-01) to 0.0 Cr (2026-02)
607709,2025-07,"NORTH EASTERN REGION POWER SYSTEM IMPROVEMENT PROJECT Mizoram, Nagaland, Tripura)",FlashReport_July_2025.pdf,LARGE_COST_SHIFT,MEDIUM,Original cost changed significantly from 5111.33 Cr (2025-06) to 3.0 Cr (2025-07)
607709,2025-07,"NORTH EASTERN REGION POWER SYSTEM IMPROVEMENT PROJECT Mizoram, Nagaland, Tripura)",FlashReport_July_2025.pdf,EXPENDITURE_DROP,MEDIUM,Cumulative expenditure dropped from 5230.02 Cr (2025-06) to 12.0 Cr (2025-07)
607709,2025-08,"NORTH EASTERN REGION POWER SYSTEM IMPROVEMENT PROJECT Mizoram, Nagaland, Tripura)",FlashReport_August_2025.pdf,LARGE_COST_SHIFT,MEDIUM,Original cost changed significantly from 3.0 Cr (2025-07) to 5111.33 Cr (2025-08)
608922,2025-08,Transmission System Strengthening Scheme for evacuation of power from SEZ in Rajasthan 8.1 GW under Phase II Part G,FlashReport_August_2025.pdf,LARGE_COST_SHIFT,MEDIUM,Original cost changed significantly from 43.0 Cr (2025-07) to 1666.0 Cr (2025-08)
609424,2025-09,"Development of Container Terminal at Tuna-Tekra, Deendayal Port on BOT Basis Under PPP Mode",FlashReport_September_2025.pdf,EXPENDITURE_DROP,MEDIUM,Cumulative expenditure dropped from 366.2 Cr (2025-08) to 70.0 Cr (2025-09)
610315,2026-05,"Project Assessment, Infrastructure Monitoring and Analytics for Nation-building 323 IISER BERHAMPUR",FlashReport_May2026.pdf,LARGE_COST_SHIFT,MEDIUM,Original cost changed significantly from 1229.32 Cr (2026-04) to 68.0 Cr (2026-05)
610315,2026-06,IISER BERHAMPUR,FlashReport_June_2026.pdf,LARGE_COST_SHIFT,MEDIUM,Original cost changed significantly from 68.0 Cr (2026-05) to 1229.32 Cr (2026-06)
611452,2025-07,MUMBAI CENTRAL VIRAR VADODARA AHMEDABAAD TRAIN PROTECTION SYSTEM 500 RKM,FlashReport_July_2025.pdf,LARGE_COST_SHIFT,MEDIUM,Original cost changed significantly from 311.0 Cr (2025-06) to 3.0 Cr (2025-07)
611452,2025-08,MUMBAI CENTRAL VIRAR VADODARA AHMEDABAAD TRAIN PROTECTION SYSTEM 500 RKM,FlashReport_August_2025.pdf,LARGE_COST_SHIFT,MEDIUM,Original cost changed significantly from 3.0 Cr (2025-07) to 311.0 Cr (2025-08)
611495,2025-08,"Project Assessment, Infrastructure Monitoring and Analytics for Nation-building 25 Development of New Civil Enclave at Bagdogra Airport",FlashReport_August_2025.pdf,LARGE_COST_SHIFT,MEDIUM,Original cost changed significantly from 1549.0 Cr (2025-07) to 36.0 Cr (2025-08)
611495,2025-11,Development of New Civil Enclave at Bagdogra Airport,FlashReport_November_2025.pdf,LARGE_COST_SHIFT,MEDIUM,Original cost changed significantly from 41.0 Cr (2025-10) to 1549.0 Cr (2025-11)
611495,2025-11,Development of New Civil Enclave at Bagdogra Airport,FlashReport_November_2025.pdf,EXPENDITURE_DROP,MEDIUM,Cumulative expenditure dropped from 1549.0 Cr (2025-10) to 340.78 Cr (2025-11)
611495,2026-01,"Project Assessment, Infrastructure Monitoring and Analytics for Nation-building 25 Development of New Civil Enclave at Bagdogra Airport",FlashReport_January_2026.pdf,LARGE_COST_SHIFT,MEDIUM,Original cost changed significantly from 1549.0 Cr (2025-12) to 61.0 Cr (2026-01)
611495,2026-02,Development of New Civil Enclave at Bagdogra Airport,FlashReport_February_2026.pdf,LARGE_COST_SHIFT,MEDIUM,Original cost changed significantly from 61.0 Cr (2026-01) to 1549.0 Cr (2026-02)
611495,2026-02,Development of New Civil Enclave at Bagdogra Airport,FlashReport_February_2026.pdf,EXPENDITURE_DROP,MEDIUM,Cumulative expenditure dropped from 1549.0 Cr (2026-01) to 403.76 Cr (2026-02)
611509,2025-08,"Koderma Thermal Power Station Phase II [2X800 MW] At Koderma, Jharkhand",FlashReport_August_2025.pdf,LARGE_COST_SHIFT,MEDIUM,Original cost changed significantly from 41.0 Cr (2025-07) to 14358.0 Cr (2025-08)
611509,2025-08,"Koderma Thermal Power Station Phase II [2X800 MW] At Koderma, Jharkhand",FlashReport_August_2025.pdf,EXPENDITURE_DROP,MEDIUM,Cumulative expenditure dropped from 14358.0 Cr (2025-07) to 1131.57 Cr (2025-08)
611602,2025-08,"Modernization of Chennai Airport, Phase II, Part 2",FlashReport_August_2025.pdf,EXPENDITURE_DROP,MEDIUM,Cumulative expenditure dropped from 376.47 Cr (2025-07) to 149.21 Cr (2025-08)
611615,2025-10,Malugur- Palasamudram New Line Project [17.975 Km],FlashReport_October_2025.pdf,LARGE_COST_SHIFT,MEDIUM,Original cost changed significantly from 53.0 Cr (2025-08) to 342.0 Cr (2025-10)
611615,2025-10,Malugur- Palasamudram New Line Project [17.975 Km],FlashReport_October_2025.pdf,EXPENDITURE_DROP,MEDIUM,Cumulative expenditure dropped from 342.0 Cr (2025-08) to 0.0 Cr (2025-10)
611669,2025-10,"Project Assessment, Infrastructure Monitoring and Analytics for Nation-building 649 NER Provision of Automatic Block Signalling on Gorakhpur Cantt[Excl] Chhapra Gramin & Burhwal Jn [Excl] Sitapur Jn section of high density routes",FlashReport_October_2025.pdf,LARGE_COST_SHIFT,MEDIUM,Original cost changed significantly from 380.47 Cr (2025-09) to 64.0 Cr (2025-10)
611669,2025-11,NER Provision of Automatic Block Signalling on Gorakhpur Cantt[Excl] Chhapra Gramin & Burhwal Jn [Excl] Sitapur Jn section of high density routes,FlashReport_November_2025.pdf,LARGE_COST_SHIFT,MEDIUM,Original cost changed significantly from 64.0 Cr (2025-10) to 380.47 Cr (2025-11)
611669,2025-11,NER Provision of Automatic Block Signalling on Gorakhpur Cantt[Excl] Chhapra Gramin & Burhwal Jn [Excl] Sitapur Jn section of high density routes,FlashReport_November_2025.pdf,EXPENDITURE_DROP,MEDIUM,Cumulative expenditure dropped from 380.47 Cr (2025-10) to 24.53 Cr (2025-11)
611698,2026-05,"Project Assessment, Infrastructure Monitoring and Analytics for Nation-building 151 240MW Heo HE Project Arunachal Pradesh 12/2024",FlashReport_May2026.pdf,LARGE_COST_SHIFT,MEDIUM,Original cost changed significantly from 1938.85 Cr (2026-04) to 59.0 Cr (2026-05)
611849,2025-08,Devgarh Madariya - Nathdwara Gauge Conversion [82.54 Km] part of Marwar - Mavli Gauge Conversion [152 Km],FlashReport_August_2025.pdf,EXPENDITURE_DROP,MEDIUM,Cumulative expenditure dropped from 411.0 Cr (2025-07) to 98.62 Cr (2025-08)
611849,2026-02,"Project Assessment, Infrastructure Monitoring and Analytics for Nation-building 732 Devgarh Madariya - Nathdwara Gauge Conversion [82.54 Km] part of Marwar - Mavli Gauge Conversion [152 Km]",FlashReport_February_2026.pdf,LARGE_COST_SHIFT,MEDIUM,Original cost changed significantly from 968.92 Cr (2026-01) to 97.0 Cr (2026-02)
611849,2026-03,Devgarh Madariya - Nathdwara Gauge Conversion [82.54 Km] part of Marwar - Mavli Gauge Conversion [152 Km],FlashReport_March_2026.pdf,LARGE_COST_SHIFT,MEDIUM,Original cost changed significantly from 97.0 Cr (2026-02) to 968.92 Cr (2026-03)
611849,2026-03,Devgarh Madariya - Nathdwara Gauge Conversion [82.54 Km] part of Marwar - Mavli Gauge Conversion [152 Km],FlashReport_March_2026.pdf,EXPENDITURE_DROP,MEDIUM,Cumulative expenditure dropped from 968.92 Cr (2026-02) to 275.74 Cr (2026-03)
611855,2026-02,Devgarh Madariya - Nathdwara Gauge Conversion [82.54 Km] part of Marwar - Mavli Gauge Conversion [152 Km],FlashReport_February_2026.pdf,LARGE_COST_SHIFT,MEDIUM,Original cost changed significantly from 87.0 Cr (2026-01) to 968.92 Cr (2026-02)
611861,2025-07,Rewari - Kathuwas Doubling Project [27.72 Km],FlashReport_July_2025.pdf,LARGE_COST_SHIFT,MEDIUM,Original cost changed significantly from 352.41 Cr (2025-06) to 12.0 Cr (2025-07)
611861,2025-07,Rewari - Kathuwas Doubling Project [27.72 Km],FlashReport_July_2025.pdf,EXPENDITURE_DROP,MEDIUM,Cumulative expenditure dropped from 179.38 Cr (2025-06) to 6.0 Cr (2025-07)
611861,2025-08,Rewari - Kathuwas Doubling Project [27.72 Km],FlashReport_August_2025.pdf,LARGE_COST_SHIFT,MEDIUM,Original cost changed significantly from 12.0 Cr (2025-07) to 352.0 Cr (2025-08)
611884,2026-04,"Project Assessment, Infrastructure Monitoring and Analytics for Nation-building 593 Bhiwani - Dobh Bahali Doubling Project [42.30 Km]",FlashReport_April2026.pdf,LARGE_COST_SHIFT,MEDIUM,Original cost changed significantly from 471.0 Cr (2026-03) to 82.0 Cr (2026-04)
611884,2026-05,Bhiwani - Dobh Bahali Doubling Project [42.30 Km],FlashReport_May2026.pdf,LARGE_COST_SHIFT,MEDIUM,Original cost changed significantly from 82.0 Cr (2026-04) to 471.0 Cr (2026-05)
611917,2025-07,"Project Assessment, Infrastructure Monitoring and Analytics for Nation-building 371 Poly Butadiene Rubber plant at Panipat",FlashReport_July_2025.pdf,LARGE_COST_SHIFT,MEDIUM,Original cost changed significantly from 1459.0 Cr (2025-06) to 49.0 Cr (2025-07)
611917,2025-08,Poly Butadiene Rubber plant at Panipat,FlashReport_August_2025.pdf,LARGE_COST_SHIFT,MEDIUM,Original cost changed significantly from 49.0 Cr (2025-07) to 1459.0 Cr (2025-08)
611918,2025-10,"Project Assessment, Infrastructure Monitoring and Analytics for Nation-building 560 Kosamba Umarpada 70 Km",FlashReport_October_2025.pdf,LARGE_COST_SHIFT,MEDIUM,Original cost changed significantly from 468.0 Cr (2025-09) to 61.0 Cr (2025-10)
611918,2025-11,Kosamba Umarpada 70 Km,FlashReport_November_2025.pdf,LARGE_COST_SHIFT,MEDIUM,Original cost changed significantly from 61.0 Cr (2025-10) to 468.0 Cr (2025-11)
611918,2025-11,Kosamba Umarpada 70 Km,FlashReport_November_2025.pdf,EXPENDITURE_DROP,MEDIUM,Cumulative expenditure dropped from 468.0 Cr (2025-10) to 20.28 Cr (2025-11)
611927,2025-12,"Project Assessment, Infrastructure Monitoring and Analytics for Nation-building 500 Kurnool - Setting up facilities for coach midlife rehabilitation workshop",FlashReport_December_2025.pdf,LARGE_COST_SHIFT,MEDIUM,Original cost changed significantly from 560.72 Cr (2025-11) to 67.0 Cr (2025-12)
611927,2026-01,Kurnool - Setting up facilities for coach midlife rehabilitation workshop,FlashReport_January_2026.pdf,LARGE_COST_SHIFT,MEDIUM,Original cost changed significantly from 67.0 Cr (2025-12) to 560.72 Cr (2026-01)
611927,2026-01,Kurnool - Setting up facilities for coach midlife rehabilitation workshop,FlashReport_January_2026.pdf,EXPENDITURE_DROP,MEDIUM,Cumulative expenditure dropped from 560.72 Cr (2025-12) to 276.66 Cr (2026-01)
611943,2025-07,"Project Assessment, Infrastructure Monitoring and Analytics for Nation-building 508 New broad gauge line between Naliya Jakhau Port 25 Kms",FlashReport_July_2025.pdf,LARGE_COST_SHIFT,MEDIUM,Original cost changed significantly from 410.46 Cr (2025-06) to 54.0 Cr (2025-07)
611943,2025-09,New broad gauge line between Naliya Jakhau Port 25 Kms,FlashReport_September_2025.pdf,LARGE_COST_SHIFT,MEDIUM,Original cost changed significantly from 55.0 Cr (2025-08) to 410.26 Cr (2025-09)
611943,2025-09,New broad gauge line between Naliya Jakhau Port 25 Kms,FlashReport_September_2025.pdf,EXPENDITURE_DROP,MEDIUM,Cumulative expenditure dropped from 410.26 Cr (2025-08) to 6.0 Cr (2025-09)
611945,2025-10,Petlad Bhadran 23 Kms,FlashReport_October_2025.pdf,EXPENDITURE_DROP,MEDIUM,Cumulative expenditure dropped from 82.0 Cr (2025-09) to 13.58 Cr (2025-10)
611949,2026-01,"Project Assessment, Infrastructure Monitoring and Analytics for Nation-building 244 Transmission system for evacuation of power from REZ in Rajasthan 20 GW under Phase-III part C1",FlashReport_January_2026.pdf,LARGE_COST_SHIFT,MEDIUM,Original cost changed significantly from 1796.02 Cr (2025-12) to 69.0 Cr (2026-01)
611949,2026-02,Transmission system for evacuation of power from REZ in Rajasthan 20 GW under Phase-III part C1,FlashReport_February_2026.pdf,LARGE_COST_SHIFT,MEDIUM,Original cost changed significantly from 69.0 Cr (2026-01) to 1796.02 Cr (2026-02)
611957,2025-09,"Phase III A works at IIT Indore [03 Hostels, 01 Studio Apartment, 01 Housing, Heavy & Sophisticated lab complex, Academic POD and Infrastructure for center of excellence]",FlashReport_September_2025.pdf,EXPENDITURE_DROP,MEDIUM,Cumulative expenditure dropped from 143.95 Cr (2025-08) to 38.62 Cr (2025-09)
611957,2025-12,"Project Assessment, Infrastructure Monitoring and Analytics for Nation-building 317 Phase III A works at IIT Indore [03 Hostels, 01 Studio Apartment, 01 Housing, Heavy & Sophisticated lab complex, Academic POD and Infrastructure for center of excellence]",FlashReport_December_2025.pdf,LARGE_COST_SHIFT,MEDIUM,Original cost changed significantly from 496.28 Cr (2025-11) to 60.0 Cr (2025-12)
611957,2026-01,"Phase III A works at IIT Indore [03 Hostels, 01 Studio Apartment, 01 Housing, Heavy & Sophisticated lab complex, Academic POD and Infrastructure for center of excellence]",FlashReport_January_2026.pdf,LARGE_COST_SHIFT,MEDIUM,Original cost changed significantly from 60.0 Cr (2025-12) to 496.28 Cr (2026-01)
611957,2026-01,"Phase III A works at IIT Indore [03 Hostels, 01 Studio Apartment, 01 Housing, Heavy & Sophisticated lab complex, Academic POD and Infrastructure for center of excellence]",FlashReport_January_2026.pdf,EXPENDITURE_DROP,MEDIUM,Cumulative expenditure dropped from 496.28 Cr (2025-12) to 56.35 Cr (2026-01)
611963,2026-01,"Project Assessment, Infrastructure Monitoring and Analytics for Nation-building 345 Construction & Development of Infrastructural Facilities in the main campus of NIT Uttarakhand at Sumari, Pauri Garhwal",FlashReport_January_2026.pdf,LARGE_COST_SHIFT,MEDIUM,Original cost changed significantly from 650.85 Cr (2025-12) to 73.0 Cr (2026-01)
611963,2026-02,"Construction & Development of Infrastructural Facilities in the main campus of NIT Uttarakhand at Sumari, Pauri Garhwal",FlashReport_February_2026.pdf,LARGE_COST_SHIFT,MEDIUM,Original cost changed significantly from 73.0 Cr (2026-01) to 650.85 Cr (2026-02)
611970,2025-10,Samlaya Timba Road 54 km,FlashReport_October_2025.pdf,EXPENDITURE_DROP,MEDIUM,Cumulative expenditure dropped from 102.0 Cr (2025-09) to 44.8 Cr (2025-10)
611977,2026-03,"Project Assessment, Infrastructure Monitoring and Analytics for Nation-building 570 Dahod Creation of Infrastructure facilities for 9000 HP Electric locomotives Manufacturing at",FlashReport_March_2026.pdf,LARGE_COST_SHIFT,MEDIUM,Original cost changed significantly from 487.0 Cr (2026-02) to 80.0 Cr (2026-03)
611977,2026-04,Dahod Creation of Infrastructure facilities for 9000 HP Electric locomotives Manufacturing at,FlashReport_April2026.pdf,LARGE_COST_SHIFT,MEDIUM,Original cost changed significantly from 80.0 Cr (2026-03) to 487.0 Cr (2026-04)
611977,2026-04,Dahod Creation of Infrastructure facilities for 9000 HP Electric locomotives Manufacturing at,FlashReport_April2026.pdf,EXPENDITURE_DROP,MEDIUM,Cumulative expenditure dropped from 487.0 Cr (2026-03) to 222.88 Cr (2026-04)
611977,2026-06,"Project Assessment, Infrastructure Monitoring and Analytics for Nation-building 570 Dahod Creation of Infrastructure facilities for 9000 HP Electric locomotives Manufacturing at",FlashReport_June_2026.pdf,LARGE_COST_SHIFT,MEDIUM,Original cost changed significantly from 487.0 Cr (2026-05) to 85.0 Cr (2026-06)
612072,2026-01,"Project Assessment, Infrastructure Monitoring and Analytics for Nation-building 588 4th LINE BETWEEN BAREJADI NANDEJ-SANAND-AHMEDABAD BYPASS",FlashReport_January_2026.pdf,LARGE_COST_SHIFT,MEDIUM,Original cost changed significantly from 961.67 Cr (2025-12) to 82.0 Cr (2026-01)
612072,2026-02,4th LINE BETWEEN BAREJADI NANDEJ-SANAND-AHMEDABAD BYPASS,FlashReport_February_2026.pdf,LARGE_COST_SHIFT,MEDIUM,Original cost changed significantly from 82.0 Cr (2026-01) to 961.67 Cr (2026-02)
612132,2025-09,"Transmission Scheme for Evacuation of power from REZ in Rajasthan [20 GW] under Phase-III Part D [Sikar Khetri Transmission Ltd] Multi-States (Delhi,",FlashReport_September_2025.pdf,LARGE_COST_SHIFT,MEDIUM,Original cost changed significantly from 43.0 Cr (2025-08) to 2000.0 Cr (2025-09)
612132,2025-11,"Project Assessment, Infrastructure Monitoring and Analytics for Nation-building 220 Transmission Scheme for Evacuation of power from REZ in Rajasthan [20 GW] under Phase-III Part D [Sikar Khetri Transmission Ltd] Multi-States (Delhi,",FlashReport_November_2025.pdf,LARGE_COST_SHIFT,MEDIUM,Original cost changed significantly from 2000.0 Cr (2025-10) to 48.0 Cr (2025-11)
612132,2026-01,"Transmission Scheme for Evacuation of power from REZ in Rajasthan [20 GW] under Phase-III Part D Phase I [Sikar Khetri Transmission Ltd] Multi-States (Delhi,",FlashReport_January_2026.pdf,LARGE_COST_SHIFT,MEDIUM,Original cost changed significantly from 56.0 Cr (2025-12) to 2000.0 Cr (2026-01)
612133,2025-07,Transmission System for Evacuation of power from Rajasthan REZ Ph-IV [Part-1],FlashReport_July_2025.pdf,LARGE_COST_SHIFT,MEDIUM,Original cost changed significantly from 2056.0 Cr (2025-06) to 12.0 Cr (2025-07)
612133,2025-07,Transmission System for Evacuation of power from Rajasthan REZ Ph-IV [Part-1],FlashReport_July_2025.pdf,EXPENDITURE_DROP,MEDIUM,Cumulative expenditure dropped from 1318.23 Cr (2025-06) to 12.0 Cr (2025-07)
612133,2025-08,Transmission System for Evacuation of power from Rajasthan REZ Ph-IV [Part-1],FlashReport_August_2025.pdf,LARGE_COST_SHIFT,MEDIUM,Original cost changed significantly from 12.0 Cr (2025-07) to 2056.0 Cr (2025-08)
612134,2026-04,"Project Assessment, Infrastructure Monitoring and Analytics for Nation-building 249 Transmission System for Evacuation of power from Rajasthan REZ Ph-IV [Part-1]",FlashReport_April2026.pdf,LARGE_COST_SHIFT,MEDIUM,Original cost changed significantly from 2998.34 Cr (2026-03) to 65.0 Cr (2026-04)
612134,2026-05,Transmission System for Evacuation of power from Rajasthan REZ Ph-IV [Part-1],FlashReport_May2026.pdf,LARGE_COST_SHIFT,MEDIUM,Original cost changed significantly from 65.0 Cr (2026-04) to 4741.0 Cr (2026-05)
612138,2026-02,"Project Assessment, Infrastructure Monitoring and Analytics for Nation-building 237 Transmission Scheme for Solar Energy Zone in Bidar [2500 MW], Karnataka [Bidar Transmission Ltd]",FlashReport_February_2026.pdf,LARGE_COST_SHIFT,MEDIUM,Original cost changed significantly from 2147.62 Cr (2026-01) to 74.0 Cr (2026-02)
612138,2026-03,"Transmission Scheme for Solar Energy Zone in Bidar [2500 MW], Karnataka [Bidar Transmission Ltd]",FlashReport_March_2026.pdf,LARGE_COST_SHIFT,MEDIUM,Original cost changed significantly from 74.0 Cr (2026-02) to 2147.62 Cr (2026-03)
612142,2025-12,"Project Assessment, Infrastructure Monitoring and Analytics for Nation-building 173 Singrauli Super Thermal Power Project, Stage-III [2x800 MW]",FlashReport_December_2025.pdf,LARGE_COST_SHIFT,MEDIUM,Original cost changed significantly from 17195.0 Cr (2025-11) to 54.0 Cr (2025-12)
612142,2026-01,"Singrauli Super Thermal Power Project, Stage-III [2x800 MW]",FlashReport_January_2026.pdf,LARGE_COST_SHIFT,MEDIUM,Original cost changed significantly from 54.0 Cr (2025-12) to 17195.0 Cr (2026-01)
612142,2026-01,"Singrauli Super Thermal Power Project, Stage-III [2x800 MW]",FlashReport_January_2026.pdf,EXPENDITURE_DROP,MEDIUM,Cumulative expenditure dropped from 17195.0 Cr (2025-12) to 2458.83 Cr (2026-01)
612167,2025-12,"Project Assessment, Infrastructure Monitoring and Analytics for Nation-building 451 Construction of 350 beds + 50 Super Specialty beds ESIC Hospital Sheelanagar, Visakhapatnam, Andhra Pradesh",FlashReport_December_2025.pdf,LARGE_COST_SHIFT,MEDIUM,Original cost changed significantly from 384.27 Cr (2025-11) to 65.0 Cr (2025-12)
612239,2025-11,Construction of 100 bedded ESIC Hospital & 32 nos. of Staff qtrs at OMPURA J&K.,FlashReport_November_2025.pdf,EXPENDITURE_DROP,MEDIUM,Cumulative expenditure dropped from 1747.76 Cr (2025-10) to 162.05 Cr (2025-11)
612259,2026-04,"Project Assessment, Infrastructure Monitoring and Analytics for Nation-building 490 CONSTRUCTION OF 300 BEDDED HOSPITAL AT HARIDWAR Total (11) 2871.72 1590",FlashReport_April2026.pdf,EXPENDITURE_DROP,MEDIUM,Cumulative expenditure dropped from 334.82 Cr (2026-03) to 102.4 Cr (2026-04)
612745,2026-03,"Construction of 200 bed ESI Hospital at Bommasandra, Karnataka",FlashReport_March_2026.pdf,PROGRESS_REGRESSION,MEDIUM,Physical progress dropped by 45.2% (from 68.23% in 2026-02 to 23.0% in 2026-03)
612745,2026-03,"Construction of 200 bed ESI Hospital at Bommasandra, Karnataka",FlashReport_March_2026.pdf,EXPENDITURE_DROP,MEDIUM,Cumulative expenditure dropped from 278.0 Cr (2026-02) to 68.23 Cr (2026-03)
612791,2025-11,"Project Assessment, Infrastructure Monitoring and Analytics for Nation-building 25 Re-Construction of Rigid portions of Secondary Runway, K and A Taxiway and Strengthening of C Taxiway at NSCBI Airport Kolkata.",FlashReport_November_2025.pdf,LARGE_COST_SHIFT,MEDIUM,Original cost changed significantly from 328.3 Cr (2025-10) to 41.0 Cr (2025-11)
612791,2026-01,"Re-Construction of Rigid portions of Secondary Runway, K and A Taxiway and Strengthening of C Taxiway at NSCBI Airport Kolkata. Ministry of Coal Coal Total (26) 9677.27",FlashReport_January_2026.pdf,LARGE_COST_SHIFT,MEDIUM,Original cost changed significantly from 49.0 Cr (2025-12) to 328.3 Cr (2026-01)
612791,2026-01,"Re-Construction of Rigid portions of Secondary Runway, K and A Taxiway and Strengthening of C Taxiway at NSCBI Airport Kolkata. Ministry of Coal Coal Total (26) 9677.27",FlashReport_January_2026.pdf,EXPENDITURE_DROP,MEDIUM,Cumulative expenditure dropped from 328.3 Cr (2025-12) to 111.43 Cr (2026-01)
612819,2025-08,"Project Assessment, Infrastructure Monitoring and Analytics for Nation-building 146 300 MW SPP part of 510 MW CPSU scheme",FlashReport_August_2025.pdf,LARGE_COST_SHIFT,MEDIUM,Original cost changed significantly from 1813.0 Cr (2025-07) to 40.0 Cr (2025-08)
612819,2025-09,300 MW SPP part of 510 MW CPSU scheme,FlashReport_September_2025.pdf,LARGE_COST_SHIFT,MEDIUM,Original cost changed significantly from 40.0 Cr (2025-08) to 1813.0 Cr (2025-09)
612819,2025-10,"Project Assessment, Infrastructure Monitoring and Analytics for Nation-building 146 300 MW SPP part of 510 MW CPSU scheme",FlashReport_October_2025.pdf,LARGE_COST_SHIFT,MEDIUM,Original cost changed significantly from 1813.0 Cr (2025-09) to 45.0 Cr (2025-10)
612819,2025-11,300 MW SPP part of 510 MW CPSU scheme,FlashReport_November_2025.pdf,LARGE_COST_SHIFT,MEDIUM,Original cost changed significantly from 45.0 Cr (2025-10) to 1813.0 Cr (2025-11)
612845,2026-06,"Project Assessment, Infrastructure Monitoring and Analytics for Nation-building 614 Gauge Conversion of Pachora-Jamner with Extension upto Malkapur [Bodwad] [84.34 Kms]",FlashReport_June_2026.pdf,LARGE_COST_SHIFT,MEDIUM,Original cost changed significantly from 955.39 Cr (2026-05) to 87.0 Cr (2026-06)
612853,2025-07,Gurdaspur Jammu Pipeline,FlashReport_July_2025.pdf,LARGE_COST_SHIFT,MEDIUM,Original cost changed significantly from 521.92 Cr (2025-06) to 7.0 Cr (2025-07)
612853,2025-07,Gurdaspur Jammu Pipeline,FlashReport_July_2025.pdf,EXPENDITURE_DROP,MEDIUM,Cumulative expenditure dropped from 153.2 Cr (2025-06) to 7.0 Cr (2025-07)
612853,2025-08,Gurdaspur Jammu Pipeline,FlashReport_August_2025.pdf,LARGE_COST_SHIFT,MEDIUM,Original cost changed significantly from 7.0 Cr (2025-07) to 521.9 Cr (2025-08)
612853,2026-06,"Project Assessment, Infrastructure Monitoring and Analytics for Nation-building 404 Gurdaspur Jammu Pipeline",FlashReport_June_2026.pdf,LARGE_COST_SHIFT,MEDIUM,Original cost changed significantly from 521.9 Cr (2026-05) to 77.0 Cr (2026-06)
612855,2026-04,"Project Assessment, Infrastructure Monitoring and Analytics for Nation-building 193 Transmission System for Evacuation of Power from Potential Energy Renewable Zone in Khavda Area of Gujarat under Ph-IV [7GW] Part E2",FlashReport_April2026.pdf,LARGE_COST_SHIFT,MEDIUM,Original cost changed significantly from 679.0 Cr (2026-03) to 62.0 Cr (2026-04)
612855,2026-05,Transmission System for Evacuation of Power from Potential Energy Renewable Zone in Khavda Area of Gujarat under Ph-IV [7GW] Part E2,FlashReport_May2026.pdf,LARGE_COST_SHIFT,MEDIUM,Original cost changed significantly from 62.0 Cr (2026-04) to 697.0 Cr (2026-05)
612877,2026-06,"Project Assessment, Infrastructure Monitoring and Analytics for Nation-building 322 Establishment of NIT Puducherry Permanent Campus [Phase-I and Phase-II]",FlashReport_June_2026.pdf,LARGE_COST_SHIFT,MEDIUM,Original cost changed significantly from 618.34 Cr (2026-05) to 73.0 Cr (2026-06)
612883,2025-08,Establishment of Permanent Campus of NIT SIkkim at Khamdong-Gangtok District,FlashReport_August_2025.pdf,LARGE_COST_SHIFT,MEDIUM,Original cost changed significantly from 47.0 Cr (2025-07) to 685.76 Cr (2025-08)
612898,2026-06,"Project Assessment, Infrastructure Monitoring and Analytics for Nation-building 302 Construction of Permanent Campus of National Institute of Technology Arunachal Pradesh Arunachal Pradesh 09/2009",FlashReport_June_2026.pdf,LARGE_COST_SHIFT,MEDIUM,Original cost changed significantly from 592.61 Cr (2026-05) to 72.0 Cr (2026-06)
613008,2025-10,Construction of Permanent Campus of Central Tribal University of Andhra Pradesh Phase-1,FlashReport_October_2025.pdf,EXPENDITURE_DROP,MEDIUM,Cumulative expenditure dropped from 84.96 Cr (2025-09) to 19.96 Cr (2025-10)
613008,2026-02,Construction of Permanent Campus of Central Tribal University of Andhra Pradesh Phase-1,FlashReport_February_2026.pdf,EXPENDITURE_DROP,MEDIUM,Cumulative expenditure dropped from 305.0 Cr (2026-01) to 62.71 Cr (2026-02)
613787,2025-11,Jamrani Dam Multipurpose Project Total (39),FlashReport_November_2025.pdf,LARGE_COST_SHIFT,MEDIUM,Original cost changed significantly from 71.0 Cr (2025-10) to 2584.1 Cr (2025-11)
613787,2025-11,Jamrani Dam Multipurpose Project Total (39),FlashReport_November_2025.pdf,EXPENDITURE_DROP,MEDIUM,Cumulative expenditure dropped from 2584.1 Cr (2025-10) to 968.52 Cr (2025-11)
613787,2025-12,"Project Assessment, Infrastructure Monitoring and Analytics for Nation-building 1392 Jamrani Dam Multipurpose Project Total (39)",FlashReport_December_2025.pdf,LARGE_COST_SHIFT,MEDIUM,Original cost changed significantly from 2584.1 Cr (2025-11) to 106.0 Cr (2025-12)
613787,2026-02,Jamrani Dam Multipurpose Project Total (41),FlashReport_February_2026.pdf,LARGE_COST_SHIFT,MEDIUM,Original cost changed significantly from 132.0 Cr (2026-01) to 2584.1 Cr (2026-02)
613787,2026-02,Jamrani Dam Multipurpose Project Total (41),FlashReport_February_2026.pdf,EXPENDITURE_DROP,MEDIUM,Cumulative expenditure dropped from 2584.1 Cr (2026-01) to 990.18 Cr (2026-02)
613787,2026-06,"Project Assessment, Infrastructure Monitoring and Analytics for Nation-building 1847 Jamrani Dam Multipurpose Project Total (32)",FlashReport_June_2026.pdf,LARGE_COST_SHIFT,MEDIUM,Original cost changed significantly from 2584.1 Cr (2026-05) to 158.0 Cr (2026-06)
615183,2025-07,"KHADIA EXPANSION [10 TO 16 MTPA] OPENCAST MINING PROJECT Multi-States (Madhya Pradesh,",FlashReport_July_2025.pdf,LARGE_COST_SHIFT,MEDIUM,Original cost changed significantly from 491.67 Cr (2025-06) to 6.0 Cr (2025-07)
615183,2025-07,"KHADIA EXPANSION [10 TO 16 MTPA] OPENCAST MINING PROJECT Multi-States (Madhya Pradesh,",FlashReport_July_2025.pdf,EXPENDITURE_DROP,MEDIUM,Cumulative expenditure dropped from 202.24 Cr (2025-06) to 3.0 Cr (2025-07)
615183,2025-08,"KHADIA EXPANSION [10 TO 16 MTP Multi-States (Madhya Pradesh,",FlashReport_August_2025.pdf,LARGE_COST_SHIFT,MEDIUM,Original cost changed significantly from 6.0 Cr (2025-07) to 491.67 Cr (2025-08)
615183,2026-02,"Project Assessment, Infrastructure Monitoring and Analytics for Nation-building 112 KHADIA EXPANSION [10 TO 16 MTP Multi-States (Madhya Pradesh,",FlashReport_February_2026.pdf,LARGE_COST_SHIFT,MEDIUM,Original cost changed significantly from 491.67 Cr (2026-01) to 68.0 Cr (2026-02)
615183,2026-03,"KHADIA EXPANSION [10 TO 16 MTP Multi-States (Madhya Pradesh,",FlashReport_March_2026.pdf,LARGE_COST_SHIFT,MEDIUM,Original cost changed significantly from 68.0 Cr (2026-02) to 491.67 Cr (2026-03)
615186,2025-11,"Project Assessment, Infrastructure Monitoring and Analytics for Nation-building 85 SASTI EXPANSION OPENCAST",FlashReport_November_2025.pdf,LARGE_COST_SHIFT,MEDIUM,Original cost changed significantly from 319.04 Cr (2025-10) to 43.0 Cr (2025-11)
615186,2025-12,SASTI EXPANSION OPENCAST,FlashReport_December_2025.pdf,PROGRESS_REGRESSION,MEDIUM,Physical progress dropped by 71.6% (from 91.6% in 2025-11 to 20.0% in 2025-12)
615186,2025-12,SASTI EXPANSION OPENCAST,FlashReport_December_2025.pdf,LARGE_COST_SHIFT,MEDIUM,Original cost changed significantly from 43.0 Cr (2025-11) to 319.04 Cr (2025-12)
615186,2025-12,SASTI EXPANSION OPENCAST,FlashReport_December_2025.pdf,EXPENDITURE_DROP,MEDIUM,Cumulative expenditure dropped from 319.04 Cr (2025-11) to 91.82 Cr (2025-12)
615186,2026-03,"Project Assessment, Infrastructure Monitoring and Analytics for Nation-building 88 SASTI EXPANSION OPENCAST",FlashReport_March_2026.pdf,LARGE_COST_SHIFT,MEDIUM,Original cost changed significantly from 319.04 Cr (2026-02) to 57.0 Cr (2026-03)
615186,2026-04,SASTI EXPANSION OPENCAST,FlashReport_April2026.pdf,PROGRESS_REGRESSION,MEDIUM,Physical progress dropped by 66.6% (from 98.84% in 2026-03 to 32.21% in 2026-04)
615186,2026-04,SASTI EXPANSION OPENCAST,FlashReport_April2026.pdf,LARGE_COST_SHIFT,MEDIUM,Original cost changed significantly from 57.0 Cr (2026-03) to 319.04 Cr (2026-04)
615186,2026-04,SASTI EXPANSION OPENCAST,FlashReport_April2026.pdf,EXPENDITURE_DROP,MEDIUM,Cumulative expenditure dropped from 319.04 Cr (2026-03) to 111.17 Cr (2026-04)
615188,2025-12,"Project Assessment, Infrastructure Monitoring and Analytics for Nation-building 85 NEW MAJRI UG TO OC 3 MTY COST",FlashReport_December_2025.pdf,LARGE_COST_SHIFT,MEDIUM,Original cost changed significantly from 402.27 Cr (2025-11) to 51.0 Cr (2025-12)
615188,2026-01,NEW MAJRI UG TO OC 3 MTY COST,FlashReport_January_2026.pdf,PROGRESS_REGRESSION,MEDIUM,Physical progress dropped by 36.2% (from 60.25% in 2025-12 to 24.0% in 2026-01)
615188,2026-01,NEW MAJRI UG TO OC 3 MTY COST,FlashReport_January_2026.pdf,LARGE_COST_SHIFT,MEDIUM,Original cost changed significantly from 51.0 Cr (2025-12) to 402.27 Cr (2026-01)
615188,2026-01,NEW MAJRI UG TO OC 3 MTY COST,FlashReport_January_2026.pdf,EXPENDITURE_DROP,MEDIUM,Cumulative expenditure dropped from 402.27 Cr (2025-12) to 63.1 Cr (2026-01)
615193,2025-10,"Project Assessment, Infrastructure Monitoring and Analytics for Nation-building 116 BASUNDHARA WEST EXTENSION OPEN",FlashReport_October_2025.pdf,LARGE_COST_SHIFT,MEDIUM,Original cost changed significantly from 479.15 Cr (2025-09) to 44.0 Cr (2025-10)
615193,2025-11,BASUNDHARA WEST EXTENSION OPEN,FlashReport_November_2025.pdf,LARGE_COST_SHIFT,MEDIUM,Original cost changed significantly from 44.0 Cr (2025-10) to 479.15 Cr (2025-11)
615202,2026-04,"Project Assessment, Infrastructure Monitoring and Analytics for Nation-building 506 Capacity expansion of Deposit-14 and 14 NMZ at Kirandul Total (1) 1700 258.41",FlashReport_April2026.pdf,LARGE_COST_SHIFT,MEDIUM,Original cost changed significantly from 1700.0 Cr (2026-03) to 78.0 Cr (2026-04)
615202,2026-05,Capacity expansion of Deposit-14 and 14 NMZ at Kirandul Steel Total (1) 1700 263.01,FlashReport_May2026.pdf,LARGE_COST_SHIFT,MEDIUM,Original cost changed significantly from 78.0 Cr (2026-04) to 1700.0 Cr (2026-05)
615202,2026-05,Capacity expansion of Deposit-14 and 14 NMZ at Kirandul Steel Total (1) 1700 263.01,FlashReport_May2026.pdf,EXPENDITURE_DROP,MEDIUM,Cumulative expenditure dropped from 1700.0 Cr (2026-04) to 263.01 Cr (2026-05)
615206,2025-07,"Project Assessment, Infrastructure Monitoring and Analytics for Nation-building 83 GANDHIGRAM UG MINE",FlashReport_July_2025.pdf,LARGE_COST_SHIFT,MEDIUM,Original cost changed significantly from 414.16 Cr (2025-06) to 38.0 Cr (2025-07)
615206,2025-08,GANDHIGRAM UG MINE,FlashReport_August_2025.pdf,LARGE_COST_SHIFT,MEDIUM,Original cost changed significantly from 38.0 Cr (2025-07) to 414.15 Cr (2025-08)
615206,2025-08,GANDHIGRAM UG MINE,FlashReport_August_2025.pdf,EXPENDITURE_DROP,MEDIUM,Cumulative expenditure dropped from 414.15 Cr (2025-07) to 13.38 Cr (2025-08)
615332,2025-09,"Project Assessment, Infrastructure Monitoring and Analytics for Nation-building 242 Transmission System for Evacuation of Power from Rajasthan REZ Ph-IV [Part-2 5.5 GW][Jaisalmer/Barmer Complex] Part B [SPV Name POWERGRID Sirohi Transmission Limited]",FlashReport_September_2025.pdf,LARGE_COST_SHIFT,MEDIUM,Original cost changed significantly from 3279.0 Cr (2025-08) to 49.0 Cr (2025-09)
615332,2025-11,Transmission System for Evacuation of Power from Rajasthan REZ Ph-IV [Part-2 5.5 GW][Jaisalmer/Barmer Complex] Part B [SPV Name POWERGRID Sirohi Transmission Limited],FlashReport_November_2025.pdf,LARGE_COST_SHIFT,MEDIUM,Original cost changed significantly from 49.0 Cr (2025-10) to 3279.0 Cr (2025-11)
615332,2025-11,Transmission System for Evacuation of Power from Rajasthan REZ Ph-IV [Part-2 5.5 GW][Jaisalmer/Barmer Complex] Part B [SPV Name POWERGRID Sirohi Transmission Limited],FlashReport_November_2025.pdf,EXPENDITURE_DROP,MEDIUM,Cumulative expenditure dropped from 3279.0 Cr (2025-10) to 1040.75 Cr (2025-11)
615335,2025-07,"Project Assessment, Infrastructure Monitoring and Analytics for Nation-building 241 Transmission System Strengthening for Interconnections of Bhadla-III & Bikaner III Complex [SPV Name POWERGRID BHADLA BIKANER TRANSMISSION LIMITED]",FlashReport_July_2025.pdf,LARGE_COST_SHIFT,MEDIUM,Original cost changed significantly from 1382.0 Cr (2025-06) to 44.0 Cr (2025-07)
615335,2025-08,Transmission System Strengthening for Interconnections of Bhadla-III & Bikaner III Complex [SPV Name POWERGRID BHADLA BIKANER TRANSMISSION LIMITED],FlashReport_August_2025.pdf,PROGRESS_REGRESSION,MEDIUM,Physical progress dropped by 37.5% (from 41.46% in 2025-07 to 4.0% in 2025-08)
615335,2025-08,Transmission System Strengthening for Interconnections of Bhadla-III & Bikaner III Complex [SPV Name POWERGRID BHADLA BIKANER TRANSMISSION LIMITED],FlashReport_August_2025.pdf,LARGE_COST_SHIFT,MEDIUM,Original cost changed significantly from 44.0 Cr (2025-07) to 1382.0 Cr (2025-08)
615335,2025-08,Transmission System Strengthening for Interconnections of Bhadla-III & Bikaner III Complex [SPV Name POWERGRID BHADLA BIKANER TRANSMISSION LIMITED],FlashReport_August_2025.pdf,EXPENDITURE_DROP,MEDIUM,Cumulative expenditure dropped from 1382.0 Cr (2025-07) to 41.46 Cr (2025-08)
615339,2026-05,"Project Assessment, Infrastructure Monitoring and Analytics for Nation-building 229 Transmission system for evacuation of power from Rajasthan REZ Ph-IV [Part- 3/6GW] [Bikaner complex] Part A [SPV Name POWERGRID Bikaner IV Transmission Limited] Multi-States (Haryana, Punjab,",FlashReport_May2026.pdf,LARGE_COST_SHIFT,MEDIUM,Original cost changed significantly from 5969.0 Cr (2026-04) to 63.0 Cr (2026-05)
615339,2026-06,"Transmission system for evacuation of power from Rajasthan REZ Ph-IV [Part- 3/6GW] [Bikaner complex] Part A [SPV Name POWERGRID Bikaner IV Transmission Limited] Multi-States (Haryana, Punjab,",FlashReport_June_2026.pdf,LARGE_COST_SHIFT,MEDIUM,Original cost changed significantly from 63.0 Cr (2026-05) to 5969.0 Cr (2026-06)
615339,2026-06,"Transmission system for evacuation of power from Rajasthan REZ Ph-IV [Part- 3/6GW] [Bikaner complex] Part A [SPV Name POWERGRID Bikaner IV Transmission Limited] Multi-States (Haryana, Punjab,",FlashReport_June_2026.pdf,EXPENDITURE_DROP,MEDIUM,Cumulative expenditure dropped from 5969.0 Cr (2026-05) to 1880.23 Cr (2026-06)
615343,2025-07,"Project Assessment, Infrastructure Monitoring and Analytics for Nation-building 197 Provision of Dynamic Reactive Compensation at Khavda pooling Station 1 [KPS1] and Khavda Pooling station 3 [KPS3]",FlashReport_July_2025.pdf,LARGE_COST_SHIFT,MEDIUM,Original cost changed significantly from 501.0 Cr (2025-06) to 42.0 Cr (2025-07)
615343,2025-08,Provision of Dynamic Reactive Compensation at Khavda pooling Station 1 [KPS1] and Khavda Pooling station 3 [KPS3],FlashReport_August_2025.pdf,LARGE_COST_SHIFT,MEDIUM,Original cost changed significantly from 42.0 Cr (2025-07) to 501.0 Cr (2025-08)
615343,2025-08,Provision of Dynamic Reactive Compensation at Khavda pooling Station 1 [KPS1] and Khavda Pooling station 3 [KPS3],FlashReport_August_2025.pdf,EXPENDITURE_DROP,MEDIUM,Cumulative expenditure dropped from 501.0 Cr (2025-07) to 6.01 Cr (2025-08)
615345,2025-09,"Project Assessment, Infrastructure Monitoring and Analytics for Nation-building 198 Transmission System for Evacuation of Power from Potential Renewable Energy Zone in Khavda area of Gujarat under Phase-IV [7GW] Part B [SPV Name POWERGRID South Olpad Transmission Limited]",FlashReport_September_2025.pdf,LARGE_COST_SHIFT,MEDIUM,Original cost changed significantly from 4766.0 Cr (2025-08) to 47.0 Cr (2025-09)
615345,2025-10,Transmission System for Evacuation of Power from Potential Renewable Energy Zone in Khavda area of Gujarat under Phase-IV [7GW] Part B [SPV Name POWERGRID South Olpad Transmission Limited],FlashReport_October_2025.pdf,LARGE_COST_SHIFT,MEDIUM,Original cost changed significantly from 47.0 Cr (2025-09) to 4766.0 Cr (2025-10)
615345,2025-10,Transmission System for Evacuation of Power from Potential Renewable Energy Zone in Khavda area of Gujarat under Phase-IV [7GW] Part B [SPV Name POWERGRID South Olpad Transmission Limited],FlashReport_October_2025.pdf,EXPENDITURE_DROP,MEDIUM,Cumulative expenditure dropped from 4766.0 Cr (2025-09) to 714.9 Cr (2025-10)
615843,2026-04,TETARIAKHAR OC,FlashReport_April2026.pdf,EXPENDITURE_DROP,MEDIUM,Cumulative expenditure dropped from 243.52 Cr (2026-03) to 50.82 Cr (2026-04)
616226,2025-07,INTEGRATED KULDA GARJANBAHAL OCP 40 MTY,FlashReport_July_2025.pdf,EXPENDITURE_DROP,MEDIUM,Cumulative expenditure dropped from 505.09 Cr (2025-06) to 150.7 Cr (2025-07)
616226,2025-11,"Project Assessment, Infrastructure Monitoring and Analytics for Nation-building 116 INTEGRATED KULDA GARJANBAHAL O",FlashReport_November_2025.pdf,LARGE_COST_SHIFT,MEDIUM,Original cost changed significantly from 3563.5 Cr (2025-10) to 44.0 Cr (2025-11)
616226,2025-12,INTEGRATED KULDA GARJANBAHAL O,FlashReport_December_2025.pdf,LARGE_COST_SHIFT,MEDIUM,Original cost changed significantly from 44.0 Cr (2025-11) to 3563.5 Cr (2025-12)
616226,2025-12,INTEGRATED KULDA GARJANBAHAL O,FlashReport_December_2025.pdf,EXPENDITURE_DROP,MEDIUM,Cumulative expenditure dropped from 3563.5 Cr (2025-11) to 604.11 Cr (2025-12)
616230,2025-07,"Project Assessment, Infrastructure Monitoring and Analytics for Nation-building 145 PARASCOLE JAMBAD OCP",FlashReport_July_2025.pdf,LARGE_COST_SHIFT,MEDIUM,Original cost changed significantly from 1193.55 Cr (2025-06) to 40.0 Cr (2025-07)
616230,2025-08,PARASCOLE JAMBAD OCP Electricity Generation Total (117),FlashReport_August_2025.pdf,LARGE_COST_SHIFT,MEDIUM,Original cost changed significantly from 40.0 Cr (2025-07) to 1193.55 Cr (2025-08)
616230,2025-08,PARASCOLE JAMBAD OCP Electricity Generation Total (117),FlashReport_August_2025.pdf,EXPENDITURE_DROP,MEDIUM,Cumulative expenditure dropped from 1193.55 Cr (2025-07) to 9.46 Cr (2025-08)
616231,2025-12,"Project Assessment, Infrastructure Monitoring and Analytics for Nation-building 116 BHUBANESWARI EXPN OCP 50 MTY",FlashReport_December_2025.pdf,LARGE_COST_SHIFT,MEDIUM,Original cost changed significantly from 5366.27 Cr (2025-11) to 52.0 Cr (2025-12)
616231,2026-01,BHUBANESWARI EXPN OCP 50 MTY,FlashReport_January_2026.pdf,LARGE_COST_SHIFT,MEDIUM,Original cost changed significantly from 52.0 Cr (2025-12) to 5366.27 Cr (2026-01)
616231,2026-01,BHUBANESWARI EXPN OCP 50 MTY,FlashReport_January_2026.pdf,EXPENDITURE_DROP,MEDIUM,Cumulative expenditure dropped from 5366.27 Cr (2025-12) to 472.93 Cr (2026-01)
616254,2025-07,Visakh Raipur Pipeline Project,FlashReport_July_2025.pdf,LARGE_COST_SHIFT,MEDIUM,Original cost changed significantly from 2212.0 Cr (2025-06) to 9.0 Cr (2025-07)
616254,2025-08,Visakh Raipur Pipeline Project,FlashReport_August_2025.pdf,LARGE_COST_SHIFT,MEDIUM,Original cost changed significantly from 9.0 Cr (2025-07) to 2212.0 Cr (2025-08)
616588,2025-11,"Project Assessment, Infrastructure Monitoring and Analytics for Nation-building 676 Buramara-Chakulia new line [59.96 km]",FlashReport_November_2025.pdf,LARGE_COST_SHIFT,MEDIUM,Original cost changed significantly from 1459.13 Cr (2025-10) to 65.0 Cr (2025-11)
616588,2025-12,Buramara-Chakulia new line [59.96 km],FlashReport_December_2025.pdf,LARGE_COST_SHIFT,MEDIUM,Original cost changed significantly from 65.0 Cr (2025-11) to 1459.13 Cr (2025-12)
616588,2025-12,Buramara-Chakulia new line [59.96 km],FlashReport_December_2025.pdf,EXPENDITURE_DROP,MEDIUM,Cumulative expenditure dropped from 1459.13 Cr (2025-11) to 4.68 Cr (2025-12)
616594,2025-09,"Project Assessment, Infrastructure Monitoring and Analytics for Nation-building 753 Interception & Diversion with Rehabilitation of sewerage scheme at Agra under Hybrid annuity based PPP model-Namami Gange Programme",FlashReport_September_2025.pdf,LARGE_COST_SHIFT,MEDIUM,Original cost changed significantly from 842.25 Cr (2025-08) to 68.0 Cr (2025-09)
616594,2025-10,Interception & Diversion with Rehabilitation of sewerage scheme at Agra under Hybrid annuity based PPP model-Namami Gange Programme,FlashReport_October_2025.pdf,LARGE_COST_SHIFT,MEDIUM,Original cost changed significantly from 68.0 Cr (2025-09) to 842.25 Cr (2025-10)
616594,2025-10,Interception & Diversion with Rehabilitation of sewerage scheme at Agra under Hybrid annuity based PPP model-Namami Gange Programme,FlashReport_October_2025.pdf,EXPENDITURE_DROP,MEDIUM,Cumulative expenditure dropped from 842.25 Cr (2025-09) to 208.64 Cr (2025-10)
616594,2025-11,"Project Assessment, Infrastructure Monitoring and Analytics for Nation-building 782 Interception & Diversion with Rehabilitation of sewerage scheme at Agra under Hybrid annuity based PPP model-Namami Gange Programme",FlashReport_November_2025.pdf,LARGE_COST_SHIFT,MEDIUM,Original cost changed significantly from 842.25 Cr (2025-10) to 69.0 Cr (2025-11)
616594,2025-12,Interception & Diversion with Rehabilitation of sewerage scheme at Agra under Hybrid annuity based PPP model-Namami Gange Programme,FlashReport_December_2025.pdf,LARGE_COST_SHIFT,MEDIUM,Original cost changed significantly from 69.0 Cr (2025-11) to 842.25 Cr (2025-12)
616594,2025-12,Interception & Diversion with Rehabilitation of sewerage scheme at Agra under Hybrid annuity based PPP model-Namami Gange Programme,FlashReport_December_2025.pdf,EXPENDITURE_DROP,MEDIUM,Cumulative expenditure dropped from 842.25 Cr (2025-11) to 208.64 Cr (2025-12)
616600,2025-07,Interception and Diversion and STP works in Bhagalpur under Hybrid annuity based PPP mode-Namami Gange Programme,FlashReport_July_2025.pdf,PROGRESS_REGRESSION,MEDIUM,Physical progress dropped by 90.0% (from 90.0% in 2025-06 to 0.0% in 2025-07)
616600,2026-02,Interception and Diversion and STP works in Bhagalpur under Hybrid annuity based PPP mode-Namami Gange Programme,FlashReport_February_2026.pdf,EXPENDITURE_DROP,MEDIUM,Cumulative expenditure dropped from 413.29 Cr (2026-01) to 126.67 Cr (2026-02)
616605,2026-04,Pollution Abatement Works for River Kali Meerut under Meerut Municipality Interception & Diversion with STP,FlashReport_April2026.pdf,EXPENDITURE_DROP,MEDIUM,Cumulative expenditure dropped from 690.71 Cr (2026-03) to 34.79 Cr (2026-04)
616671,2025-12,"Project Assessment, Infrastructure Monitoring and Analytics for Nation-building 241 Transmission System under ISTS for evacuation of Power from Kudankulam Unit-3&4",FlashReport_December_2025.pdf,LARGE_COST_SHIFT,MEDIUM,Original cost changed significantly from 548.0 Cr (2025-11) to 57.0 Cr (2025-12)
616671,2026-01,Transmission System under ISTS for evacuation of Power from Kudankulam Unit-3&4,FlashReport_January_2026.pdf,LARGE_COST_SHIFT,MEDIUM,Original cost changed significantly from 57.0 Cr (2025-12) to 548.0 Cr (2026-01)
616671,2026-01,Transmission System under ISTS for evacuation of Power from Kudankulam Unit-3&4,FlashReport_January_2026.pdf,EXPENDITURE_DROP,MEDIUM,Cumulative expenditure dropped from 548.0 Cr (2025-12) to 111.13 Cr (2026-01)
616671,2026-05,"Project Assessment, Infrastructure Monitoring and Analytics for Nation-building 247 Transmission System under ISTS for evacuation of Power from Kudankulam Unit-3&4",FlashReport_May2026.pdf,LARGE_COST_SHIFT,MEDIUM,Original cost changed significantly from 548.0 Cr (2026-04) to 64.0 Cr (2026-05)
616671,2026-06,Transmission System under ISTS for evacuation of Power from Kudankulam Unit-3&4,FlashReport_June_2026.pdf,LARGE_COST_SHIFT,MEDIUM,Original cost changed significantly from 64.0 Cr (2026-05) to 548.0 Cr (2026-06)
616671,2026-06,Transmission System under ISTS for evacuation of Power from Kudankulam Unit-3&4,FlashReport_June_2026.pdf,EXPENDITURE_DROP,MEDIUM,Cumulative expenditure dropped from 548.0 Cr (2026-05) to 208.24 Cr (2026-06)
616699,2026-02,"Project Assessment, Infrastructure Monitoring and Analytics for Nation-building 663 Multi tracking of Son Nagar-Andal 374.53 rkm & 814.38 tkm Multi-States",FlashReport_February_2026.pdf,LARGE_COST_SHIFT,MEDIUM,Original cost changed significantly from 12333.57 Cr (2026-01) to 94.0 Cr (2026-02)
616699,2026-03,Multi tracking of Son Nagar-Andal 374.53 rkm & 814.38 tkm Multi-States,FlashReport_March_2026.pdf,LARGE_COST_SHIFT,MEDIUM,Original cost changed significantly from 94.0 Cr (2026-02) to 12333.57 Cr (2026-03)
616699,2026-03,Multi tracking of Son Nagar-Andal 374.53 rkm & 814.38 tkm Multi-States,FlashReport_March_2026.pdf,EXPENDITURE_DROP,MEDIUM,Cumulative expenditure dropped from 12333.57 Cr (2026-02) to 759.62 Cr (2026-03)
616839,2026-05,"Project Assessment, Infrastructure Monitoring and Analytics for Nation-building 724 Naupada-Gunupur - New line upto Theruvali [73.62 km]",FlashReport_May2026.pdf,LARGE_COST_SHIFT,MEDIUM,Original cost changed significantly from 1165.89 Cr (2026-04) to 87.0 Cr (2026-05)
616839,2026-06,Naupada-Gunupur - New line upto Theruvali [73.62 km],FlashReport_June_2026.pdf,LARGE_COST_SHIFT,MEDIUM,Original cost changed significantly from 87.0 Cr (2026-05) to 1165.89 Cr (2026-06)
616839,2026-06,Naupada-Gunupur - New line upto Theruvali [73.62 km],FlashReport_June_2026.pdf,EXPENDITURE_DROP,MEDIUM,Cumulative expenditure dropped from 1165.89 Cr (2026-05) to 0.0 Cr (2026-06)
616856,2026-03,"Project Assessment, Infrastructure Monitoring and Analytics for Nation-building 731 Doubling between Bhadrachalam Road and Dornakal",FlashReport_March_2026.pdf,LARGE_COST_SHIFT,MEDIUM,Original cost changed significantly from 770.12 Cr (2026-02) to 87.0 Cr (2026-03)
616856,2026-04,Doubling between Bhadrachalam Road and Dornakal,FlashReport_April2026.pdf,PROGRESS_REGRESSION,MEDIUM,Physical progress dropped by 80.8% (from 80.85% in 2026-03 to 0.05% in 2026-04)
616856,2026-04,Doubling between Bhadrachalam Road and Dornakal,FlashReport_April2026.pdf,LARGE_COST_SHIFT,MEDIUM,Original cost changed significantly from 87.0 Cr (2026-03) to 770.12 Cr (2026-04)
616856,2026-04,Doubling between Bhadrachalam Road and Dornakal,FlashReport_April2026.pdf,EXPENDITURE_DROP,MEDIUM,Cumulative expenditure dropped from 770.12 Cr (2026-03) to 87.93 Cr (2026-04)
616857,2025-12,"Project Assessment, Infrastructure Monitoring and Analytics for Nation-building 621 Doubling between Motumari Vishnupuram - 88.81 Km and Rail over Rail - RoR at Motumari - 10.877 Km Multi-States (Andhra Pradesh,",FlashReport_December_2025.pdf,LARGE_COST_SHIFT,MEDIUM,Original cost changed significantly from 1595.55 Cr (2025-11) to 71.0 Cr (2025-12)
616857,2026-01,"Doubling between Motumari Vishnupuram - 88.81 Km and Rail over Rail - RoR at Motumari - 10.877 Km Multi-States (Andhra Pradesh,",FlashReport_January_2026.pdf,PROGRESS_REGRESSION,MEDIUM,Physical progress dropped by 44.0% (from 46.01% in 2025-12 to 2.0% in 2026-01)
616857,2026-01,"Doubling between Motumari Vishnupuram - 88.81 Km and Rail over Rail - RoR at Motumari - 10.877 Km Multi-States (Andhra Pradesh,",FlashReport_January_2026.pdf,LARGE_COST_SHIFT,MEDIUM,Original cost changed significantly from 71.0 Cr (2025-12) to 1595.55 Cr (2026-01)
616857,2026-01,"Doubling between Motumari Vishnupuram - 88.81 Km and Rail over Rail - RoR at Motumari - 10.877 Km Multi-States (Andhra Pradesh,",FlashReport_January_2026.pdf,EXPENDITURE_DROP,MEDIUM,Cumulative expenditure dropped from 1595.55 Cr (2025-12) to 46.1 Cr (2026-01)
616886,2025-09,"Project Assessment, Infrastructure Monitoring and Analytics for Nation-building 318 Delhi University Eastern Campus at Surajmal Vihar",FlashReport_September_2025.pdf,LARGE_COST_SHIFT,MEDIUM,Original cost changed significantly from 373.0 Cr (2025-08) to 52.0 Cr (2025-09)
616886,2025-11,Delhi University Eastern Campus at Surajmal Vihar,FlashReport_November_2025.pdf,LARGE_COST_SHIFT,MEDIUM,Original cost changed significantly from 52.0 Cr (2025-10) to 373.0 Cr (2025-11)
616886,2025-11,Delhi University Eastern Campus at Surajmal Vihar,FlashReport_November_2025.pdf,EXPENDITURE_DROP,MEDIUM,Cumulative expenditure dropped from 373.0 Cr (2025-10) to 28.63 Cr (2025-11)
617069,2025-08,"Project Assessment, Infrastructure Monitoring and Analytics for Nation-building 197 Augmentation of Transformation Capacity at KPS1 [GIS] and KPS2 [GIS] [Phase-V Part B1 and Part B2 Scheme] [SPV Name- POWERGRID KPS1 and 2 Augmentation Transmission Limited]",FlashReport_August_2025.pdf,LARGE_COST_SHIFT,MEDIUM,Original cost changed significantly from 466.0 Cr (2025-07) to 42.0 Cr (2025-08)
617069,2025-09,Augmentation of Transformation Capacity at KPS1 [GIS] and KPS2 [GIS] [Phase-V Part B1 and Part B2 Scheme] [SPV Name- POWERGRID KPS1 and 2 Augmentation Transmission Limited],FlashReport_September_2025.pdf,LARGE_COST_SHIFT,MEDIUM,Original cost changed significantly from 42.0 Cr (2025-08) to 466.0 Cr (2025-09)
617069,2025-09,Augmentation of Transformation Capacity at KPS1 [GIS] and KPS2 [GIS] [Phase-V Part B1 and Part B2 Scheme] [SPV Name- POWERGRID KPS1 and 2 Augmentation Transmission Limited],FlashReport_September_2025.pdf,EXPENDITURE_DROP,MEDIUM,Cumulative expenditure dropped from 466.0 Cr (2025-08) to 23.3 Cr (2025-09)
617069,2025-10,"Project Assessment, Infrastructure Monitoring and Analytics for Nation-building 198 Augmentation of Transformation Capacity at KPS1 [GIS] and KPS2 [GIS] [Phase-V Part B1 and Part B2 Scheme] [SPV Name- POWERGRID KPS1 and 2 Augmentation Transmission Limited]",FlashReport_October_2025.pdf,LARGE_COST_SHIFT,MEDIUM,Original cost changed significantly from 466.0 Cr (2025-09) to 47.0 Cr (2025-10)
617069,2025-11,Augmentation of Transformation Capacity at KPS1 [GIS] and KPS2 [GIS] [Phase-V Part B1 and Part B2 Scheme] [SPV Name- POWERGRID KPS1 and 2 Augmentation Transmission Limited],FlashReport_November_2025.pdf,LARGE_COST_SHIFT,MEDIUM,Original cost changed significantly from 47.0 Cr (2025-10) to 466.0 Cr (2025-11)
617069,2025-11,Augmentation of Transformation Capacity at KPS1 [GIS] and KPS2 [GIS] [Phase-V Part B1 and Part B2 Scheme] [SPV Name- POWERGRID KPS1 and 2 Augmentation Transmission Limited],FlashReport_November_2025.pdf,EXPENDITURE_DROP,MEDIUM,Cumulative expenditure dropped from 466.0 Cr (2025-10) to 23.99 Cr (2025-11)
617179,2026-01,Transmission Scheme for evacuation of Power from Ratle HEP [850 MW] & kiru [624 MW] Part B,FlashReport_January_2026.pdf,EXPENDITURE_DROP,MEDIUM,Cumulative expenditure dropped from 218.6 Cr (2025-12) to 2.71 Cr (2026-01)
617181,2025-08,"Project Assessment, Infrastructure Monitoring and Analytics for Nation-building 241 Augmentation at Fatehgarh-II PS, Fatehgarh-IV PS [Section-II] and Barmer-I PS",FlashReport_August_2025.pdf,LARGE_COST_SHIFT,MEDIUM,Original cost changed significantly from 404.0 Cr (2025-07) to 44.0 Cr (2025-08)
617181,2025-09,"Augmentation at Fatehgarh-II PS, Fatehgarh-IV PS [Section-II] and Barmer-I PS",FlashReport_September_2025.pdf,LARGE_COST_SHIFT,MEDIUM,Original cost changed significantly from 44.0 Cr (2025-08) to 404.0 Cr (2025-09)
617181,2025-09,"Augmentation at Fatehgarh-II PS, Fatehgarh-IV PS [Section-II] and Barmer-I PS",FlashReport_September_2025.pdf,EXPENDITURE_DROP,MEDIUM,Cumulative expenditure dropped from 404.0 Cr (2025-08) to 16.04 Cr (2025-09)
617181,2025-11,"Project Assessment, Infrastructure Monitoring and Analytics for Nation-building 242 Augmentation at Fatehgarh-II PS, Fatehgarh-IV PS [Section-II] and Barmer-I PS",FlashReport_November_2025.pdf,LARGE_COST_SHIFT,MEDIUM,Original cost changed significantly from 404.0 Cr (2025-10) to 49.0 Cr (2025-11)
617181,2025-12,"Augmentation at Fatehgarh-II PS, Fatehgarh-IV PS [Section-II] and Barmer-I PS",FlashReport_December_2025.pdf,LARGE_COST_SHIFT,MEDIUM,Original cost changed significantly from 49.0 Cr (2025-11) to 404.0 Cr (2025-12)
617181,2025-12,"Augmentation at Fatehgarh-II PS, Fatehgarh-IV PS [Section-II] and Barmer-I PS",FlashReport_December_2025.pdf,EXPENDITURE_DROP,MEDIUM,Cumulative expenditure dropped from 404.0 Cr (2025-11) to 20.2 Cr (2025-12)
617182,2026-06,Augmentation of Banaskantha [Raghanesda] PS [GIS] [POWERGRID Banaskantha Transco Limited],FlashReport_June_2026.pdf,EXPENDITURE_DROP,MEDIUM,Cumulative expenditure dropped from 172.0 Cr (2026-05) to 58.48 Cr (2026-06)
617185,2026-03,"Project Assessment, Infrastructure Monitoring and Analytics for Nation-building 217 Transmission System for Integration of Kurnool-IV REZ Phase-I [for 4.5 GW] Multi-States (Andhra Pradesh,",FlashReport_March_2026.pdf,LARGE_COST_SHIFT,MEDIUM,Original cost changed significantly from 5550.0 Cr (2026-02) to 63.0 Cr (2026-03)
617185,2026-04,"Transmission System for Integration of Kurnool-IV REZ Phase-I [for 4.5 GW] Multi-States (Andhra Pradesh,",FlashReport_April2026.pdf,LARGE_COST_SHIFT,MEDIUM,Original cost changed significantly from 63.0 Cr (2026-03) to 5550.0 Cr (2026-04)
617185,2026-04,"Transmission System for Integration of Kurnool-IV REZ Phase-I [for 4.5 GW] Multi-States (Andhra Pradesh,",FlashReport_April2026.pdf,EXPENDITURE_DROP,MEDIUM,Cumulative expenditure dropped from 5550.0 Cr (2026-03) to 943.5 Cr (2026-04)
617186,2026-03,"Project Assessment, Infrastructure Monitoring and Analytics for Nation-building 236 Rajasthan REZ Ph-V [Part-1- 4 GW] [Sirohi/Nagaur] Complex [Rajasthan V Power Transmission Limited] Multi-States (Madhya Pradesh,",FlashReport_March_2026.pdf,LARGE_COST_SHIFT,MEDIUM,Original cost changed significantly from 5028.0 Cr (2026-02) to 64.0 Cr (2026-03)
617186,2026-04,"Rajasthan REZ Ph-V [Part-1- 4 GW] [Sirohi/Nagaur] Complex [Rajasthan V Power Transmission Limited] Multi-States (Madhya Pradesh,",FlashReport_April2026.pdf,LARGE_COST_SHIFT,MEDIUM,Original cost changed significantly from 64.0 Cr (2026-03) to 5028.0 Cr (2026-04)
617186,2026-04,"Rajasthan REZ Ph-V [Part-1- 4 GW] [Sirohi/Nagaur] Complex [Rajasthan V Power Transmission Limited] Multi-States (Madhya Pradesh,",FlashReport_April2026.pdf,EXPENDITURE_DROP,MEDIUM,Cumulative expenditure dropped from 5028.0 Cr (2026-03) to 1054.2 Cr (2026-04)
617211,2026-05,"Project Assessment, Infrastructure Monitoring and Analytics for Nation-building 658 Doubling of Guntur Bibinagar 239 Km Multi-States (Andhra Pradesh,",FlashReport_May2026.pdf,LARGE_COST_SHIFT,MEDIUM,Original cost changed significantly from 2853.23 Cr (2026-04) to 84.0 Cr (2026-05)
617211,2026-06,"Doubling of Guntur Bibinagar 239 Km Multi-States (Andhra Pradesh,",FlashReport_June_2026.pdf,LARGE_COST_SHIFT,MEDIUM,Original cost changed significantly from 84.0 Cr (2026-05) to 2853.23 Cr (2026-06)
617211,2026-06,"Doubling of Guntur Bibinagar 239 Km Multi-States (Andhra Pradesh,",FlashReport_June_2026.pdf,EXPENDITURE_DROP,MEDIUM,Cumulative expenditure dropped from 2853.23 Cr (2026-05) to 357.74 Cr (2026-06)
617212,2026-05,Doubling between Mudkhed Medchal & Mahbubnagar Dhone section 417.88 Km,FlashReport_May2026.pdf,EXPENDITURE_DROP,MEDIUM,Cumulative expenditure dropped from 1938.02 Cr (2026-04) to 640.06 Cr (2026-05)
617214,2026-03,"Project Assessment, Infrastructure Monitoring and Analytics for Nation-building 639 Rail Connectivity to Errupalem Amravati Namburu 57 Km Multi-States (Andhra Pradesh,",FlashReport_March_2026.pdf,LARGE_COST_SHIFT,MEDIUM,Original cost changed significantly from 2047.4 Cr (2026-02) to 83.0 Cr (2026-03)
617214,2026-04,"Rail Connectivity to Errupalem Amravati Namburu 57 Km Multi-States (Andhra Pradesh,",FlashReport_April2026.pdf,PROGRESS_REGRESSION,MEDIUM,Physical progress dropped by 75.3% (from 75.45% in 2026-03 to 0.16% in 2026-04)
617214,2026-04,"Rail Connectivity to Errupalem Amravati Namburu 57 Km Multi-States (Andhra Pradesh,",FlashReport_April2026.pdf,LARGE_COST_SHIFT,MEDIUM,Original cost changed significantly from 83.0 Cr (2026-03) to 2047.4 Cr (2026-04)
617214,2026-04,"Rail Connectivity to Errupalem Amravati Namburu 57 Km Multi-States (Andhra Pradesh,",FlashReport_April2026.pdf,EXPENDITURE_DROP,MEDIUM,Cumulative expenditure dropped from 2047.4 Cr (2026-03) to 208.59 Cr (2026-04)
617216,2026-03,"Project Assessment, Infrastructure Monitoring and Analytics for Nation-building 524 3rd Line between Gudur Renigunta 83.17 Km",FlashReport_March_2026.pdf,LARGE_COST_SHIFT,MEDIUM,Original cost changed significantly from 877.34 Cr (2026-02) to 78.0 Cr (2026-03)
617216,2026-04,3rd Line between Gudur Renigunta 83.17 Km,FlashReport_April2026.pdf,LARGE_COST_SHIFT,MEDIUM,Original cost changed significantly from 78.0 Cr (2026-03) to 877.34 Cr (2026-04)
617216,2026-04,3rd Line between Gudur Renigunta 83.17 Km,FlashReport_April2026.pdf,EXPENDITURE_DROP,MEDIUM,Cumulative expenditure dropped from 877.34 Cr (2026-03) to 205.35 Cr (2026-04)
617224,2026-06,"Project Assessment, Infrastructure Monitoring and Analytics for Nation-building 658 Gorakhpur-Valmikinagar Doubling project",FlashReport_June_2026.pdf,LARGE_COST_SHIFT,MEDIUM,Original cost changed significantly from 1120.0 Cr (2026-05) to 89.0 Cr (2026-06)
617225,2026-02,"Project Assessment, Infrastructure Monitoring and Analytics for Nation-building 274 PCMC To Nigdi- Extension Of North South Corridor Of Phase-1",FlashReport_February_2026.pdf,LARGE_COST_SHIFT,MEDIUM,Original cost changed significantly from 910.18 Cr (2026-01) to 76.0 Cr (2026-02)
617225,2026-03,PCMC To Nigdi- Extension Of North South Corridor Of Phase-1,FlashReport_March_2026.pdf,LARGE_COST_SHIFT,MEDIUM,Original cost changed significantly from 76.0 Cr (2026-02) to 910.18 Cr (2026-03)
617225,2026-03,PCMC To Nigdi- Extension Of North South Corridor Of Phase-1,FlashReport_March_2026.pdf,EXPENDITURE_DROP,MEDIUM,Cumulative expenditure dropped from 910.18 Cr (2026-02) to 263.93 Cr (2026-03)
617225,2026-06,"Project Assessment, Infrastructure Monitoring and Analytics for Nation-building 262 PCMC To Nigdi- Extension Of North South Corridor Of Phase-1",FlashReport_June_2026.pdf,LARGE_COST_SHIFT,MEDIUM,Original cost changed significantly from 910.18 Cr (2026-05) to 70.0 Cr (2026-06)
617251,2025-12,Revamping of Air Pollution Control Systems of SP-1 at Durgapur Steel Plant,FlashReport_December_2025.pdf,EXPENDITURE_DROP,MEDIUM,Cumulative expenditure dropped from 196.4 Cr (2025-11) to 14.55 Cr (2025-12)
617252,2025-11,"Project Assessment, Infrastructure Monitoring and Analytics for Nation-building 736 Anandnagar - Ghugli via Maharajganj New line 52.7 km",FlashReport_November_2025.pdf,LARGE_COST_SHIFT,MEDIUM,Original cost changed significantly from 958.27 Cr (2025-10) to 67.0 Cr (2025-11)
617252,2025-12,Anandnagar - Ghugli via Maharajganj New line 52.7 km,FlashReport_December_2025.pdf,LARGE_COST_SHIFT,MEDIUM,Original cost changed significantly from 67.0 Cr (2025-11) to 958.27 Cr (2025-12)
617252,2025-12,Anandnagar - Ghugli via Maharajganj New line 52.7 km,FlashReport_December_2025.pdf,EXPENDITURE_DROP,MEDIUM,Cumulative expenditure dropped from 958.27 Cr (2025-11) to 455.29 Cr (2025-12)
617252,2026-02,"Project Assessment, Infrastructure Monitoring and Analytics for Nation-building 755 Anandnagar - Ghugli via Maharajganj New line 52.7 km",FlashReport_February_2026.pdf,LARGE_COST_SHIFT,MEDIUM,Original cost changed significantly from 958.27 Cr (2026-01) to 98.0 Cr (2026-02)
617252,2026-03,Anandnagar - Ghugli via Maharajganj New line 52.7 km,FlashReport_March_2026.pdf,LARGE_COST_SHIFT,MEDIUM,Original cost changed significantly from 98.0 Cr (2026-02) to 958.27 Cr (2026-03)
617253,2025-07,"Project Assessment, Infrastructure Monitoring and Analytics for Nation-building 711 Revamping of old sub-systems of Blast Furnace 3 at Bokaro Steel Plant",FlashReport_July_2025.pdf,LARGE_COST_SHIFT,MEDIUM,Original cost changed significantly from 513.82 Cr (2025-06) to 61.0 Cr (2025-07)
617253,2025-08,Revamping of old sub-systems of Blast Furnace 3 at Bokaro Steel Plant,FlashReport_August_2025.pdf,LARGE_COST_SHIFT,MEDIUM,Original cost changed significantly from 61.0 Cr (2025-07) to 513.82 Cr (2025-08)
617254,2025-07,Replacement of remaining 04 sets of Battery Cyclones with 04 Nos. of ESPs in Sinter Plant-1 at Bokaro Steel Plant,FlashReport_July_2025.pdf,PROGRESS_REGRESSION,MEDIUM,Physical progress dropped by 50.2% (from 72.24% in 2025-06 to 22.0% in 2025-07)
617254,2025-07,Replacement of remaining 04 sets of Battery Cyclones with 04 Nos. of ESPs in Sinter Plant-1 at Bokaro Steel Plant,FlashReport_July_2025.pdf,EXPENDITURE_DROP,MEDIUM,Cumulative expenditure dropped from 411.94 Cr (2025-06) to 44.22 Cr (2025-07)
617254,2025-10,Replacement of remaining 04 sets of Battery Cyclones with 04 Nos. of ESPs in Sinter Plant-1 at Bokaro Steel Plant,FlashReport_October_2025.pdf,PROGRESS_REGRESSION,MEDIUM,Physical progress dropped by 28.1% (from 51.12% in 2025-09 to 23.0% in 2025-10)
617254,2025-10,Replacement of remaining 04 sets of Battery Cyclones with 04 Nos. of ESPs in Sinter Plant-1 at Bokaro Steel Plant,FlashReport_October_2025.pdf,EXPENDITURE_DROP,MEDIUM,Cumulative expenditure dropped from 260.37 Cr (2025-09) to 54.89 Cr (2025-10)
617269,2026-03,Transmission System for Strengthening to facilitate evacuation of power from Bhadla/Bikaner Complex Ministry of Housing & Urban Affairs Total (68),FlashReport_March_2026.pdf,EXPENDITURE_DROP,MEDIUM,Cumulative expenditure dropped from 212.81 Cr (2026-02) to 5.32 Cr (2026-03)
617270,2025-09,"Project Assessment, Infrastructure Monitoring and Analytics for Nation-building 220 Eastern Region Expansion Scheme-44 [ERES-44]",FlashReport_September_2025.pdf,LARGE_COST_SHIFT,MEDIUM,Original cost changed significantly from 408.94 Cr (2025-08) to 48.0 Cr (2025-09)
617270,2025-10,Eastern Region Expansion Scheme-44 [ERES-44],FlashReport_October_2025.pdf,LARGE_COST_SHIFT,MEDIUM,Original cost changed significantly from 48.0 Cr (2025-09) to 408.94 Cr (2025-10)
617270,2025-10,Eastern Region Expansion Scheme-44 [ERES-44],FlashReport_October_2025.pdf,EXPENDITURE_DROP,MEDIUM,Cumulative expenditure dropped from 408.94 Cr (2025-09) to 0.32 Cr (2025-10)
617270,2026-04,"Project Assessment, Infrastructure Monitoring and Analytics for Nation-building 231 Eastern Region Expansion Scheme-44 [ERES-44]",FlashReport_April2026.pdf,LARGE_COST_SHIFT,MEDIUM,Original cost changed significantly from 408.94 Cr (2026-03) to 64.0 Cr (2026-04)
617270,2026-05,Eastern Region Expansion Scheme-44 [ERES-44],FlashReport_May2026.pdf,LARGE_COST_SHIFT,MEDIUM,Original cost changed significantly from 64.0 Cr (2026-04) to 408.94 Cr (2026-05)
617270,2026-05,Eastern Region Expansion Scheme-44 [ERES-44],FlashReport_May2026.pdf,EXPENDITURE_DROP,MEDIUM,Cumulative expenditure dropped from 408.94 Cr (2026-04) to 6.13 Cr (2026-05)
617271,2025-10,"Project Assessment, Infrastructure Monitoring and Analytics for Nation-building 221 Eastern Region Expansion Scheme-43 [ERES-43]",FlashReport_October_2025.pdf,LARGE_COST_SHIFT,MEDIUM,Original cost changed significantly from 342.69 Cr (2025-09) to 48.0 Cr (2025-10)
617271,2025-11,Eastern Region Expansion Scheme-43 [ERES-43],FlashReport_November_2025.pdf,LARGE_COST_SHIFT,MEDIUM,Original cost changed significantly from 48.0 Cr (2025-10) to 342.69 Cr (2025-11)
617271,2025-11,Eastern Region Expansion Scheme-43 [ERES-43],FlashReport_November_2025.pdf,EXPENDITURE_DROP,MEDIUM,Cumulative expenditure dropped from 342.69 Cr (2025-10) to 0.71 Cr (2025-11)
617272,2026-05,"Project Assessment, Infrastructure Monitoring and Analytics for Nation-building 210 Implementation of LILO of both circuits of 400KV vindhyachal PS-Sasan D/C Line at Hindalco Switchyard",FlashReport_May2026.pdf,LARGE_COST_SHIFT,MEDIUM,Original cost changed significantly from 370.0 Cr (2026-04) to 62.0 Cr (2026-05)
617272,2026-06,Implementation of LILO of both circuits of 400KV vindhyachal PS-Sasan D/C Line at Hindalco Switchyard,FlashReport_June_2026.pdf,LARGE_COST_SHIFT,MEDIUM,Original cost changed significantly from 62.0 Cr (2026-05) to 370.0 Cr (2026-06)
617272,2026-06,Implementation of LILO of both circuits of 400KV vindhyachal PS-Sasan D/C Line at Hindalco Switchyard,FlashReport_June_2026.pdf,EXPENDITURE_DROP,MEDIUM,Cumulative expenditure dropped from 370.0 Cr (2026-05) to 129.5 Cr (2026-06)
617279,2026-06,"Project Assessment, Infrastructure Monitoring and Analytics for Nation-building 209 Transmission System for evacuation of power from Mahan Energen Limited Generating Station in Madhya Pradesh [SPV Name - POWERGRID MEL Power Transmission Limited]",FlashReport_June_2026.pdf,LARGE_COST_SHIFT,MEDIUM,Original cost changed significantly from 558.0 Cr (2026-05) to 67.0 Cr (2026-06)
617280,2025-09,"Construction of Basement + Ground Floor+ 10 Storeyed building for State of the Art Director General, GSI Building at plot No.GN-40, Sector-V, Salt Lake, Kolkata Total (1) 255.37 83.03",FlashReport_September_2025.pdf,PROGRESS_REGRESSION,MEDIUM,Physical progress dropped by 39.0% (from 79.0% in 2025-08 to 40.0% in 2025-09)
617284,2025-08,"Project Assessment, Infrastructure Monitoring and Analytics for Nation-building 712 Chunar-Chopan doubling project",FlashReport_August_2025.pdf,LARGE_COST_SHIFT,MEDIUM,Original cost changed significantly from 1423.96 Cr (2025-07) to 61.0 Cr (2025-08)
617284,2025-09,Chunar-Chopan doubling project,FlashReport_September_2025.pdf,PROGRESS_REGRESSION,MEDIUM,Physical progress dropped by 47.6% (from 49.57% in 2025-08 to 2.0% in 2025-09)
617284,2025-09,Chunar-Chopan doubling project,FlashReport_September_2025.pdf,LARGE_COST_SHIFT,MEDIUM,Original cost changed significantly from 61.0 Cr (2025-08) to 1423.96 Cr (2025-09)
617284,2025-09,Chunar-Chopan doubling project,FlashReport_September_2025.pdf,EXPENDITURE_DROP,MEDIUM,Cumulative expenditure dropped from 1423.96 Cr (2025-08) to 49.57 Cr (2025-09)
617302,2025-07,"Project Assessment, Infrastructure Monitoring and Analytics for Nation-building 427 Durgapur - Haldia Pipeline [Section-3B of JHBDPL Project]",FlashReport_July_2025.pdf,LARGE_COST_SHIFT,MEDIUM,Original cost changed significantly from 1740.0 Cr (2025-06) to 51.0 Cr (2025-07)
617302,2025-08,Durgapur - Haldia Pipeline [Section-3B of JHBDPL Project],FlashReport_August_2025.pdf,LARGE_COST_SHIFT,MEDIUM,Original cost changed significantly from 51.0 Cr (2025-07) to 1740.0 Cr (2025-08)
617338,2026-01,"Project Assessment, Infrastructure Monitoring and Analytics for Nation-building 529 Stamp Charge Battery No.12 Battery Proper at IISCO Steel Plant",FlashReport_January_2026.pdf,LARGE_COST_SHIFT,MEDIUM,Original cost changed significantly from 2518.39 Cr (2025-12) to 80.0 Cr (2026-01)
617338,2026-02,Stamp Charge Battery No.12 Battery Proper at IISCO Steel Plant Ministry of Railways Railways Total (19) 9471.99,FlashReport_February_2026.pdf,LARGE_COST_SHIFT,MEDIUM,Original cost changed significantly from 80.0 Cr (2026-01) to 2518.39 Cr (2026-02)
617338,2026-02,Stamp Charge Battery No.12 Battery Proper at IISCO Steel Plant Ministry of Railways Railways Total (19) 9471.99,FlashReport_February_2026.pdf,EXPENDITURE_DROP,MEDIUM,Cumulative expenditure dropped from 2518.39 Cr (2026-01) to 280.04 Cr (2026-02)
617379,2026-04,"Project Assessment, Infrastructure Monitoring and Analytics for Nation-building 571 Development of New Bijwasan Railway Terminal",FlashReport_April2026.pdf,LARGE_COST_SHIFT,MEDIUM,Original cost changed significantly from 446.21 Cr (2026-03) to 81.0 Cr (2026-04)
617379,2026-05,Development of New Bijwasan Railway Terminal,FlashReport_May2026.pdf,LARGE_COST_SHIFT,MEDIUM,Original cost changed significantly from 81.0 Cr (2026-04) to 446.21 Cr (2026-05)
617391,2026-02,"Project Assessment, Infrastructure Monitoring and Analytics for Nation-building 199 Augmentation of Transformation Capacity at Bhuj-II PS [GIS]",FlashReport_February_2026.pdf,LARGE_COST_SHIFT,MEDIUM,Original cost changed significantly from 488.29 Cr (2026-01) to 72.0 Cr (2026-02)
617391,2026-03,Augmentation of Transformation Capacity at Bhuj-II PS [GIS],FlashReport_March_2026.pdf,LARGE_COST_SHIFT,MEDIUM,Original cost changed significantly from 72.0 Cr (2026-02) to 488.29 Cr (2026-03)
617391,2026-03,Augmentation of Transformation Capacity at Bhuj-II PS [GIS],FlashReport_March_2026.pdf,EXPENDITURE_DROP,MEDIUM,Cumulative expenditure dropped from 488.29 Cr (2026-02) to 4.88 Cr (2026-03)
617391,2026-06,"Project Assessment, Infrastructure Monitoring and Analytics for Nation-building 191 Augmentation of Transformation Capacity at Bhuj-II PS [GIS]",FlashReport_June_2026.pdf,LARGE_COST_SHIFT,MEDIUM,Original cost changed significantly from 488.29 Cr (2026-05) to 66.0 Cr (2026-06)
617405,2026-01,"Project Assessment, Infrastructure Monitoring and Analytics for Nation-building 198 Jamnagar Transmission Limited",FlashReport_January_2026.pdf,LARGE_COST_SHIFT,MEDIUM,Original cost changed significantly from 4000.0 Cr (2025-12) to 67.0 Cr (2026-01)
617405,2026-02,Jamnagar Transmission Limited,FlashReport_February_2026.pdf,LARGE_COST_SHIFT,MEDIUM,Original cost changed significantly from 67.0 Cr (2026-01) to 4000.0 Cr (2026-02)
617405,2026-02,Jamnagar Transmission Limited,FlashReport_February_2026.pdf,EXPENDITURE_DROP,MEDIUM,Cumulative expenditure dropped from 4000.0 Cr (2026-01) to 268.0 Cr (2026-02)
617408,2026-01,NATHDWARA- NATHDWARA TOWN NL,FlashReport_January_2026.pdf,PROGRESS_REGRESSION,MEDIUM,Physical progress dropped by 77.6% (from 89.62% in 2025-12 to 12.0% in 2026-01)
617412,2026-03,"Project Assessment, Infrastructure Monitoring and Analytics for Nation-building 252 Construction of One Tower of Office Complex and another Tower of Residential quarters consisting of 10Nos. Type-V, 10Nos. Type-VI & 1No.Type-VII Quarters i/c internal water supply, sanitary installation and all development and bulk services, Horticulture works on EPC Mode-I basis i/c comprehensive operation and maintenance of Civil, E&M services for 7 years after completion of original construction work for Ranga Reddy, Secunderabad, Medchal, AuditI, Audit-II Commissionerates of Central Tax at Khajaguda, Serilingampally, Hyderabad. Total (1) 644 161.57",FlashReport_March_2026.pdf,LARGE_COST_SHIFT,MEDIUM,Original cost changed significantly from 644.0 Cr (2026-02) to 65.0 Cr (2026-03)
617412,2026-04,"Construction of One Tower of Office Complex and another Tower of Residential quarters consisting of 10Nos. Type-V, 10Nos. Type-VI & 1No.Type-VII Quarters i/c internal water supply, sanitary installation and all development and bulk services, Horticulture works on EPC Mode-I basis i/c comprehensive operation and maintenance of Civil, E&M services for 7 years after completion of original construction work for Ranga Reddy, Secunderabad, Medchal, AuditI, Audit-II Commissionerates of Central Tax at Khajaguda, Serilingampally, Hyderabad. Real Estate Total (1) 644 161.57",FlashReport_April2026.pdf,LARGE_COST_SHIFT,MEDIUM,Original cost changed significantly from 65.0 Cr (2026-03) to 644.0 Cr (2026-04)
617412,2026-04,"Construction of One Tower of Office Complex and another Tower of Residential quarters consisting of 10Nos. Type-V, 10Nos. Type-VI & 1No.Type-VII Quarters i/c internal water supply, sanitary installation and all development and bulk services, Horticulture works on EPC Mode-I basis i/c comprehensive operation and maintenance of Civil, E&M services for 7 years after completion of original construction work for Ranga Reddy, Secunderabad, Medchal, AuditI, Audit-II Commissionerates of Central Tax at Khajaguda, Serilingampally, Hyderabad. Real Estate Total (1) 644 161.57",FlashReport_April2026.pdf,EXPENDITURE_DROP,MEDIUM,Cumulative expenditure dropped from 644.0 Cr (2026-03) to 161.57 Cr (2026-04)
617804,2025-12,Mechanization of Berth No.14 for handling Containers and other cargo on DBFOT basis - Phase II,FlashReport_December_2025.pdf,EXPENDITURE_DROP,MEDIUM,Cumulative expenditure dropped from 153.23 Cr (2025-11) to 24.0 Cr (2025-12)
617808,2026-06,"Project Assessment, Infrastructure Monitoring and Analytics for Nation-building 228 Inter-Regional Strengthening between SR Grid and WR Grid",FlashReport_June_2026.pdf,LARGE_COST_SHIFT,MEDIUM,Original cost changed significantly from 1007.0 Cr (2026-05) to 68.0 Cr (2026-06)
617818,2025-12,"City Gas Distribution [CGD] Project in Gajapati, Kandhamal, Boudh, & Sonepur GA",FlashReport_December_2025.pdf,LARGE_COST_SHIFT,MEDIUM,Original cost changed significantly from 56.0 Cr (2025-11) to 514.91 Cr (2025-12)
617818,2025-12,"City Gas Distribution [CGD] Project in Gajapati, Kandhamal, Boudh, & Sonepur GA",FlashReport_December_2025.pdf,EXPENDITURE_DROP,MEDIUM,Cumulative expenditure dropped from 514.91 Cr (2025-11) to 19.92 Cr (2025-12)
617819,2025-12,"Project Assessment, Infrastructure Monitoring and Analytics for Nation-building 369 City Gas Distribution [CGD] Project in Kondagaon, Bastar, Sukma, Narayanpur, Bijapur & Dantewada GA",FlashReport_December_2025.pdf,LARGE_COST_SHIFT,MEDIUM,Original cost changed significantly from 557.04 Cr (2025-11) to 62.0 Cr (2025-12)
617819,2026-01,"City Gas Distribution [CGD] Project in Kondagaon, Bastar, Sukma, Narayanpur, Bijapur & Dantewada GA",FlashReport_January_2026.pdf,LARGE_COST_SHIFT,MEDIUM,Original cost changed significantly from 62.0 Cr (2025-12) to 557.04 Cr (2026-01)
617819,2026-01,"City Gas Distribution [CGD] Project in Kondagaon, Bastar, Sukma, Narayanpur, Bijapur & Dantewada GA",FlashReport_January_2026.pdf,EXPENDITURE_DROP,MEDIUM,Cumulative expenditure dropped from 557.04 Cr (2025-12) to 8.87 Cr (2026-01)
617830,2025-12,C2/C3 Vijaipur Pata Pipeline,FlashReport_December_2025.pdf,LARGE_COST_SHIFT,MEDIUM,Original cost changed significantly from 55.0 Cr (2025-11) to 1792.0 Cr (2025-12)
617830,2025-12,C2/C3 Vijaipur Pata Pipeline,FlashReport_December_2025.pdf,EXPENDITURE_DROP,MEDIUM,Cumulative expenditure dropped from 1792.0 Cr (2025-11) to 390.2 Cr (2025-12)
617830,2026-03,"Project Assessment, Infrastructure Monitoring and Analytics for Nation-building 399 C2/C3 Vijaipur Pata Pipeline",FlashReport_March_2026.pdf,LARGE_COST_SHIFT,MEDIUM,Original cost changed significantly from 1792.0 Cr (2026-02) to 72.0 Cr (2026-03)
617830,2026-04,C2/C3 Vijaipur Pata Pipeline,FlashReport_April2026.pdf,LARGE_COST_SHIFT,MEDIUM,Original cost changed significantly from 72.0 Cr (2026-03) to 1792.0 Cr (2026-04)
617830,2026-04,C2/C3 Vijaipur Pata Pipeline,FlashReport_April2026.pdf,EXPENDITURE_DROP,MEDIUM,Cumulative expenditure dropped from 1792.0 Cr (2026-03) to 488.0 Cr (2026-04)
617837,2026-03,"Project Assessment, Infrastructure Monitoring and Analytics for Nation-building 444 Siliguri Marketing Terminal [SMT] Capacity Augmentation Project",FlashReport_March_2026.pdf,LARGE_COST_SHIFT,MEDIUM,Original cost changed significantly from 484.0 Cr (2026-02) to 74.0 Cr (2026-03)
617837,2026-04,Siliguri Marketing Terminal [SMT] Capacity Augmentation Project,FlashReport_April2026.pdf,LARGE_COST_SHIFT,MEDIUM,Original cost changed significantly from 74.0 Cr (2026-03) to 484.0 Cr (2026-04)
617877,2026-03,"Project Assessment, Infrastructure Monitoring and Analytics for Nation-building 315 Phase B Construction of Permanent Campus of IIT Bhilai",FlashReport_March_2026.pdf,LARGE_COST_SHIFT,MEDIUM,Original cost changed significantly from 1188.97 Cr (2026-02) to 68.0 Cr (2026-03)
617877,2026-04,Phase B Construction of Permanent Campus of IIT Bhilai,FlashReport_April2026.pdf,LARGE_COST_SHIFT,MEDIUM,Original cost changed significantly from 68.0 Cr (2026-03) to 1188.97 Cr (2026-04)
617877,2026-04,Phase B Construction of Permanent Campus of IIT Bhilai,FlashReport_April2026.pdf,EXPENDITURE_DROP,MEDIUM,Cumulative expenditure dropped from 1188.97 Cr (2026-03) to 0.0 Cr (2026-04)
617883,2026-02,"Project Assessment, Infrastructure Monitoring and Analytics for Nation-building 467 Redevelopment of Residential colonies at Ayur Vigyan Nagar and West Ansari Nagar campuses of AIIMS, New Delhi",FlashReport_February_2026.pdf,PROGRESS_REGRESSION,MEDIUM,Physical progress dropped by 36.3% (from 61.0% in 2026-01 to 24.68% in 2026-02)
617883,2026-02,"Project Assessment, Infrastructure Monitoring and Analytics for Nation-building 467 Redevelopment of Residential colonies at Ayur Vigyan Nagar and West Ansari Nagar campuses of AIIMS, New Delhi",FlashReport_February_2026.pdf,LARGE_COST_SHIFT,MEDIUM,Original cost changed significantly from 4441.0 Cr (2026-01) to 85.0 Cr (2026-02)
617883,2026-03,"Redevelopment of Residential colonies at Ayur Vigyan Nagar and West Ansari Nagar campuses of AIIMS, New Delhi",FlashReport_March_2026.pdf,LARGE_COST_SHIFT,MEDIUM,Original cost changed significantly from 85.0 Cr (2026-02) to 4441.0 Cr (2026-03)
617883,2026-03,"Redevelopment of Residential colonies at Ayur Vigyan Nagar and West Ansari Nagar campuses of AIIMS, New Delhi",FlashReport_March_2026.pdf,EXPENDITURE_DROP,MEDIUM,Cumulative expenditure dropped from 4441.0 Cr (2026-02) to 24.68 Cr (2026-03)
617887,2025-12,Beawer Gomti 4LPS from km 58.245 to km 108.600 Pkg-I,FlashReport_December_2025.pdf,PROGRESS_REGRESSION,MEDIUM,Physical progress dropped by 96.1% (from 96.1% in 2025-06 to 0.0% in 2025-12)
617891,2025-12,"Construction of Two lane with Paved Shoulder for Fatehpur Bypass Design Km 0.000 to Km 7.400 , Mandawa Bypass Design Km 20.925 to Km 27.300 & Jhunjhunu Bypass Design Km 41.625 to Km 54.689 of NH-11 on EPC Mode in the state of Rajasthan .",FlashReport_December_2025.pdf,EXPENDITURE_DROP,MEDIUM,Cumulative expenditure dropped from 142.69 Cr (2025-06) to 66.7 Cr (2025-12)
617897,2025-12,Construction of proposed 4Lane Revelgunj bypass NH-19 in the State of Bihar on EPC mode connecting NH 19 to 85 origin,FlashReport_December_2025.pdf,EXPENDITURE_DROP,MEDIUM,Cumulative expenditure dropped from 93.14 Cr (2025-06) to 33.07 Cr (2025-12)
617899,2025-12,Widening and Strengthening to 4LPS/2LPS from km 0.000 to 35.800 Kuakhia - Mangalpur section of NH 20 in the state of Odisha on Annual Plan 2021-22,FlashReport_December_2025.pdf,EXPENDITURE_DROP,MEDIUM,Cumulative expenditure dropped from 264.98 Cr (2025-06) to 47.79 Cr (2025-12)
617900,2025-12,Upgradation to Two Lane Paved Shoulder in km 33/0 to 126/520 of NH-23 Old NH- 11B Kothun-Lalsot-Karoli-Dholpur road in the state of Rajasthan under EPC mode Length-93.52 Km.,FlashReport_December_2025.pdf,EXPENDITURE_DROP,MEDIUM,Cumulative expenditure dropped from 82.83 Cr (2025-06) to 12.2 Cr (2025-12)
617901,2025-12,Widening of Pachpadra-Bagundi Section to 4 Lane from Km 73/60 to 95/70 of NH-25 on EPC mode in the state of Rajasthan.,FlashReport_December_2025.pdf,EXPENDITURE_DROP,MEDIUM,Cumulative expenditure dropped from 105.69 Cr (2025-06) to 48.47 Cr (2025-12)
617901,2026-06,"Project Assessment, Infrastructure Monitoring and Analytics for Nation-building 1541 Widening of Pachpadra-Bagundi Section to 4 Lane from Km 73/60 to 95/70 of NH-25 on EPC mode in the state of Rajasthan.",FlashReport_June_2026.pdf,PROGRESS_REGRESSION,MEDIUM,Physical progress dropped by 43.3% (from 98.58% in 2026-05 to 55.29% in 2026-06)
617904,2025-12,Construction of Bypass road to Balangir town from km 72/400 Desing km 0/0 to km 79/800 Design km 11/670 of NH-26 in the State of Odisha.,FlashReport_December_2025.pdf,PROGRESS_REGRESSION,MEDIUM,Physical progress dropped by 40.0% (from 40.0% in 2025-06 to 0.0% in 2025-12)
617904,2025-12,Construction of Bypass road to Balangir town from km 72/400 Desing km 0/0 to km 79/800 Design km 11/670 of NH-26 in the State of Odisha.,FlashReport_December_2025.pdf,EXPENDITURE_DROP,MEDIUM,Cumulative expenditure dropped from 50.64 Cr (2025-06) to 6.09 Cr (2025-12)
617904,2026-03,"Project Assessment, Infrastructure Monitoring and Analytics for Nation-building 1533 Construction of Bypass road to Balangir town from km 72/400 Desing km 0/0 to km 79/800 Design km 11/670 of NH-26 in the State of Odisha.",FlashReport_March_2026.pdf,PROGRESS_REGRESSION,MEDIUM,Physical progress dropped by 33.9% (from 40.0% in 2026-02 to 6.09% in 2026-03)
617904,2026-04,Construction of Bypass road to Balangir town from km 72/400 Desing km 0/0 to km 79/800 Design km 11/670 of NH-26 in the State of Odisha.,FlashReport_April2026.pdf,EXPENDITURE_DROP,MEDIUM,Cumulative expenditure dropped from 238.78 Cr (2026-03) to 6.09 Cr (2026-04)
617905,2026-01,Construction of 4 lane ROB with approaches in lieu of LC No. RV-172 at km 176.00 of NH-201 present NH-26 at Kesinga including land acquisition in the state of Odisha on EPC mode under Annual Plan 2021-22,FlashReport_January_2026.pdf,EXPENDITURE_DROP,MEDIUM,Cumulative expenditure dropped from 324.09 Cr (2025-12) to 65.83 Cr (2026-01)
617905,2026-03,Construction of 4 lane ROB with approaches in lieu of LC No. RV-172 at km 176.00 of NH-201 present NH-26 at Kesinga including land acquisition in the state of Odisha on EPC mode under Annual Plan 2021-22,FlashReport_March_2026.pdf,EXPENDITURE_DROP,MEDIUM,Cumulative expenditure dropped from 324.09 Cr (2026-02) to 84.57 Cr (2026-03)
617908,2026-03,Bemetara Bypass NH 30,FlashReport_March_2026.pdf,EXPENDITURE_DROP,MEDIUM,Cumulative expenditure dropped from 161.96 Cr (2026-02) to 0.0 Cr (2026-03)
617911,2025-12,Rehabilitation and upgradation Umaria to Shahdol section of NH-78 from Existing Km. 68/4 to Km. 142/2 to 2LPS including construction of Birshinghpur and Shahdol Bypass on EPC mode under NHDP-IVA,FlashReport_December_2025.pdf,PROGRESS_REGRESSION,MEDIUM,Physical progress dropped by 93.1% (from 93.06% in 2025-06 to 0.0% in 2025-12)
617911,2025-12,Rehabilitation and upgradation Umaria to Shahdol section of NH-78 from Existing Km. 68/4 to Km. 142/2 to 2LPS including construction of Birshinghpur and Shahdol Bypass on EPC mode under NHDP-IVA,FlashReport_December_2025.pdf,EXPENDITURE_DROP,MEDIUM,Cumulative expenditure dropped from 478.84 Cr (2025-06) to 0.0 Cr (2025-12)
617911,2026-05,"Project Assessment, Infrastructure Monitoring and Analytics for Nation-building 1268 Rehabilitation and upgradation Umaria to Shahdol section of NH-78 from Existing Km. 68/4 to Km. 142/2 to 2LPS including construction of Birshinghpur and Shahdol Bypass on EPC mode under NHDP-IVA",FlashReport_May2026.pdf,PROGRESS_REGRESSION,MEDIUM,Physical progress dropped by 94.5% (from 94.5% in 2026-04 to 0.0% in 2026-05)
617911,2026-06,Rehabilitation and upgradation Umaria to Shahdol section of NH-78 from Existing Km. 68/4 to Km. 142/2 to 2LPS including construction of Birshinghpur and Shahdol Bypass on EPC mode under NHDP-IVA,FlashReport_June_2026.pdf,EXPENDITURE_DROP,MEDIUM,Cumulative expenditure dropped from 511.83 Cr (2026-05) to 0.0 Cr (2026-06)
617915,2025-12,Upgradation of Dindori-Sagartola-kabichabutra MP-CG border section of NH -45 from km 000Design to km 77.00 Design to Two lane with paved shoulder configration along with one time improvement in 04 nos. of bypaased built-up areas in a total length of 9.1 km in the state of Madhya Pradesh on EPC mode.,FlashReport_December_2025.pdf,PROGRESS_REGRESSION,MEDIUM,Physical progress dropped by 50.1% (from 50.12% in 2025-06 to 0.0% in 2025-12)
617915,2025-12,Upgradation of Dindori-Sagartola-kabichabutra MP-CG border section of NH -45 from km 000Design to km 77.00 Design to Two lane with paved shoulder configration along with one time improvement in 04 nos. of bypaased built-up areas in a total length of 9.1 km in the state of Madhya Pradesh on EPC mode.,FlashReport_December_2025.pdf,EXPENDITURE_DROP,MEDIUM,Cumulative expenditure dropped from 52.7 Cr (2025-06) to 0.0 Cr (2025-12)
617917,2025-12,"Construction of 4 Lane Flyover at Nagpur RTO Chowk To Nagpur University Campus from Ch 2/250 to 5/100 and 4 lane flyover at wadi/midc junction from km 8/360 to km, 10/300 on NH 53 in state of Maharashtra.",FlashReport_December_2025.pdf,EXPENDITURE_DROP,MEDIUM,Cumulative expenditure dropped from 233.48 Cr (2025-06) to 0.0 Cr (2025-12)
617919,2025-12,Construction of 4 Nos Grade separtor between km. 281.000 to km. 307.600 km. 286.400 kumhari km. 299.000 Transport Nagar km. 302.000 Power House km. 304.000 Chandra Moura Chowk to km. 305.000 supeia of NH-53 old NH-06 Raipur - Durg 4 Lane on EPC mode in the state of chhattisgarh job NO. NH-53old NH-06 CG- 2017-18-56,FlashReport_December_2025.pdf,EXPENDITURE_DROP,MEDIUM,Cumulative expenditure dropped from 316.52 Cr (2025-06) to 0.0 Cr (2025-12)
617921,2025-12,Widening and strengthening to 2LPS including LA of Kandarpur-Balikuda from km 277/500 to 318/970 of NH-55 in the State of Odisha under Annual Plan 2021-22.,FlashReport_December_2025.pdf,EXPENDITURE_DROP,MEDIUM,Cumulative expenditure dropped from 285.58 Cr (2025-06) to 99.63 Cr (2025-12)
617921,2026-02,Widening and strengthening to 2LPS including LA of Kandarpur-Balikuda from km 277/500 to 318/970 of NH-55 in the State of Odisha under Annual Plan 2021-22.,FlashReport_February_2026.pdf,PROGRESS_REGRESSION,MEDIUM,Physical progress dropped by 39.6% (from 99.63% in 2026-01 to 60.0% in 2026-02)
617921,2026-02,Widening and strengthening to 2LPS including LA of Kandarpur-Balikuda from km 277/500 to 318/970 of NH-55 in the State of Odisha under Annual Plan 2021-22.,FlashReport_February_2026.pdf,EXPENDITURE_DROP,MEDIUM,Cumulative expenditure dropped from 499.79 Cr (2026-01) to 119.38 Cr (2026-02)
617922,2026-05,Construction of Jharsuguda Bypass including Land acqusition on NH-49 from km 258.636 to km 283.300 design chainage 258.636 to km 289.876 under NHO in Annual Plan 2022-23 for the state of Odisha Job No.NH-49-OD-2022-23-655,FlashReport_May2026.pdf,PROGRESS_REGRESSION,MEDIUM,Physical progress dropped by 29.4% (from 52.43% in 2026-04 to 23.0% in 2026-05)
617922,2026-05,Construction of Jharsuguda Bypass including Land acqusition on NH-49 from km 258.636 to km 283.300 design chainage 258.636 to km 289.876 under NHO in Annual Plan 2022-23 for the state of Odisha Job No.NH-49-OD-2022-23-655,FlashReport_May2026.pdf,EXPENDITURE_DROP,MEDIUM,Cumulative expenditure dropped from 587.1 Cr (2026-04) to 52.48 Cr (2026-05)
617923,2026-06,Construction of Daspalla Bypass from km 195.250 To 200.635 of NH-57 including land acquisition in the state of Odisha on EPC mode under Annual Plan 2022-23.,FlashReport_June_2026.pdf,EXPENDITURE_DROP,MEDIUM,Cumulative expenditure dropped from 155.97 Cr (2026-05) to 50.04 Cr (2026-06)
617924,2025-12,Construction of bypass to Nayagarh town from km 235.469 to 252.482 of NH-57 including land acquisition in the state of Odisha.,FlashReport_December_2025.pdf,EXPENDITURE_DROP,MEDIUM,Cumulative expenditure dropped from 203.81 Cr (2025-06) to 78.14 Cr (2025-12)
617925,2025-12,Construction of Bypass to Khordha town from Km 294/000 to 300/300 on NH-57 including LA in the State of Odisha on EPC mode.,FlashReport_December_2025.pdf,EXPENDITURE_DROP,MEDIUM,Cumulative expenditure dropped from 72.57 Cr (2025-06) to 33.61 Cr (2025-12)
617927,2026-03,Widening to 2LPS between Km 0/0 to 56/0 Khokhara Gujarat Border Vijayanagar Antrasuba Mathasur road of NH 58 in the State of Gujarat,FlashReport_March_2026.pdf,LARGE_COST_SHIFT,MEDIUM,Original cost changed significantly from 113.0 Cr (2026-02) to 699.19 Cr (2026-03)
617927,2026-03,Widening to 2LPS between Km 0/0 to 56/0 Khokhara Gujarat Border Vijayanagar Antrasuba Mathasur road of NH 58 in the State of Gujarat,FlashReport_March_2026.pdf,EXPENDITURE_DROP,MEDIUM,Cumulative expenditure dropped from 699.19 Cr (2026-02) to 0.0 Cr (2026-03)
617929,2025-12,Construction of 2 lane with paved shoulder of Kund Bypass from Design Km 35.130 to Km 47.700 existing Km 33.130 to Km 41.260 of NH-109 in the State of Uttarakhand,FlashReport_December_2025.pdf,EXPENDITURE_DROP,MEDIUM,Cumulative expenditure dropped from 120.5 Cr (2025-06) to 0.0 Cr (2025-12)
617930,2025-12,Construction of Bypass on NH-59 from Km 336/350 to 349/910 13.56 km near Berhampur town including 4-lane RoB in the state of Odisha.,FlashReport_December_2025.pdf,PROGRESS_REGRESSION,MEDIUM,Physical progress dropped by 58.0% (from 93.0% in 2025-06 to 35.0% in 2025-12)
617930,2025-12,Construction of Bypass on NH-59 from Km 336/350 to 349/910 13.56 km near Berhampur town including 4-lane RoB in the state of Odisha.,FlashReport_December_2025.pdf,EXPENDITURE_DROP,MEDIUM,Cumulative expenditure dropped from 71.55 Cr (2025-06) to 30.46 Cr (2025-12)
617934,2025-12,Nasratpur to Barasgaon section of NH-61 2L / 4L PS from Km.514/00 to 558/200,FlashReport_December_2025.pdf,EXPENDITURE_DROP,MEDIUM,Cumulative expenditure dropped from 274.3 Cr (2025-06) to 0.0 Cr (2025-12)
617936,2025-12,Widening to two/four lane with paved shoulder from Km.180.600 to Km.223.000 of NH-63 on Nizamabad-Jagadalpur road on EPC mode under NHO in the state of Telangana.,FlashReport_December_2025.pdf,EXPENDITURE_DROP,MEDIUM,Cumulative expenditure dropped from 173.79 Cr (2025-06) to 0.0 Cr (2025-12)
617942,2026-03,"Project Assessment, Infrastructure Monitoring and Analytics for Nation-building 1000 Construction of Six lane Elevated Corridor from Km. 508.000 to Km. 513.150 including approaches on NH-66",FlashReport_March_2026.pdf,PROGRESS_REGRESSION,MEDIUM,Physical progress dropped by 74.0% (from 74.0% in 2026-02 to 0.0% in 2026-03)
617942,2026-03,"Project Assessment, Infrastructure Monitoring and Analytics for Nation-building 1000 Construction of Six lane Elevated Corridor from Km. 508.000 to Km. 513.150 including approaches on NH-66",FlashReport_March_2026.pdf,LARGE_COST_SHIFT,MEDIUM,Original cost changed significantly from 641.46 Cr (2026-02) to 102.0 Cr (2026-03)
617942,2026-04,Construction of Six lane Elevated Corridor from Km. 508.000 to Km. 513.150 including approaches on NH-66,FlashReport_April2026.pdf,LARGE_COST_SHIFT,MEDIUM,Original cost changed significantly from 102.0 Cr (2026-03) to 641.46 Cr (2026-04)
617942,2026-04,Construction of Six lane Elevated Corridor from Km. 508.000 to Km. 513.150 including approaches on NH-66,FlashReport_April2026.pdf,EXPENDITURE_DROP,MEDIUM,Cumulative expenditure dropped from 641.46 Cr (2026-03) to 0.0 Cr (2026-04)
617944,2025-12,Kashedi ghat tunnel NH-66 [Bhogaon Khurd - Kashedi section] 4 lanes under NHDP on EPC mode,FlashReport_December_2025.pdf,EXPENDITURE_DROP,MEDIUM,Cumulative expenditure dropped from 911.64 Cr (2025-06) to 0.0 Cr (2025-12)
617944,2026-04,"Project Assessment, Infrastructure Monitoring and Analytics for Nation-building 1323 Kashedi ghat tunnel NH-66 [Bhogaon Khurd - Kashedi section] 4 lanes under NHDP on EPC mode",FlashReport_April2026.pdf,PROGRESS_REGRESSION,MEDIUM,Physical progress dropped by 98.4% (from 98.37% in 2026-03 to 0.0% in 2026-04)
617944,2026-04,"Project Assessment, Infrastructure Monitoring and Analytics for Nation-building 1323 Kashedi ghat tunnel NH-66 [Bhogaon Khurd - Kashedi section] 4 lanes under NHDP on EPC mode",FlashReport_April2026.pdf,LARGE_COST_SHIFT,MEDIUM,Original cost changed significantly from 680.43 Cr (2026-03) to 122.0 Cr (2026-04)
617944,2026-05,Kashedi ghat tunnel NH-66 [Bhogaon Khurd - Kashedi section] 4 lanes under NHDP on EPC mode,FlashReport_May2026.pdf,LARGE_COST_SHIFT,MEDIUM,Original cost changed significantly from 122.0 Cr (2026-04) to 680.43 Cr (2026-05)
617944,2026-05,Kashedi ghat tunnel NH-66 [Bhogaon Khurd - Kashedi section] 4 lanes under NHDP on EPC mode,FlashReport_May2026.pdf,EXPENDITURE_DROP,MEDIUM,Cumulative expenditure dropped from 680.43 Cr (2026-04) to 0.0 Cr (2026-05)
617946,2026-01,Kashedi to Parshuram Ghat section of NH-66 from Km 161/600 - Km 205/400 - 4L PS,FlashReport_January_2026.pdf,EXPENDITURE_DROP,MEDIUM,Cumulative expenditure dropped from 1056.08 Cr (2025-06) to 0.0 Cr (2026-01)
617947,2025-12,Arawali Kante section of NH-17New NH-66 4L PS from Km.241/300 to 281/300,FlashReport_December_2025.pdf,EXPENDITURE_DROP,MEDIUM,Cumulative expenditure dropped from 608.53 Cr (2025-06) to 0.0 Cr (2025-12)
617948,2025-12,Kante - Wakad section of NH-66 4L PS from Km.281/300 to 332/200,FlashReport_December_2025.pdf,EXPENDITURE_DROP,MEDIUM,Cumulative expenditure dropped from 791.8 Cr (2025-06) to 171.12 Cr (2025-12)
617957,2025-12,Construction of Jasra Bypass with four lane paved shoulder configurationfrom Km 379.670 on NH-76New NH-35 to Km 18.00 on NH-27New NH-30 on EPC in the State of Uttar Pradesh.,FlashReport_December_2025.pdf,EXPENDITURE_DROP,MEDIUM,Cumulative expenditure dropped from 135.53 Cr (2025-06) to 0.0 Cr (2025-12)
617958,2026-03,"Project Assessment, Infrastructure Monitoring and Analytics for Nation-building 908 Widening & Strenthening from km132.895 to km 190.15 NH-80",FlashReport_March_2026.pdf,LARGE_COST_SHIFT,MEDIUM,Original cost changed significantly from 566.1 Cr (2026-02) to 97.0 Cr (2026-03)
617958,2026-04,Widening & Strenthening from km132.895 to km 190.15 NH-80,FlashReport_April2026.pdf,LARGE_COST_SHIFT,MEDIUM,Original cost changed significantly from 97.0 Cr (2026-03) to 566.1 Cr (2026-04)
617958,2026-04,Widening & Strenthening from km132.895 to km 190.15 NH-80,FlashReport_April2026.pdf,EXPENDITURE_DROP,MEDIUM,Cumulative expenditure dropped from 566.1 Cr (2026-03) to 251.12 Cr (2026-04)
617959,2026-01,"Project Assessment, Infrastructure Monitoring and Analytics for Nation-building 909 Rehabilitation & Widening work for 2 Lane with Paved Shoulder of Existing NH-80 from km 70.15 to Km 121.025 of Munger-Suttanganj -BhagatpurMirzachowki section on EPC Mode in the State of Bihar.",FlashReport_January_2026.pdf,LARGE_COST_SHIFT,MEDIUM,Original cost changed significantly from 477.54 Cr (2025-12) to 95.0 Cr (2026-01)
617959,2026-02,Rehabilitation & Widening work for 2 Lane with Paved Shoulder of Existing NH-80 from km 70.15 to Km 121.025 of Munger-Suttanganj -BhagatpurMirzachowki section on EPC Mode in the State of Bihar.,FlashReport_February_2026.pdf,LARGE_COST_SHIFT,MEDIUM,Original cost changed significantly from 95.0 Cr (2026-01) to 477.54 Cr (2026-02)
617960,2025-12,Construction of new road at the missing link portion of NH-81 along approved alignment between Harishchandrapur and Eastern approach of Kalindri Bridge from Km 46.550 to Km 59.697 in the district of Malda.,FlashReport_December_2025.pdf,PROGRESS_REGRESSION,MEDIUM,Physical progress dropped by 82.6% (from 82.56% in 2025-06 to 0.0% in 2025-12)
617960,2025-12,Construction of new road at the missing link portion of NH-81 along approved alignment between Harishchandrapur and Eastern approach of Kalindri Bridge from Km 46.550 to Km 59.697 in the district of Malda.,FlashReport_December_2025.pdf,EXPENDITURE_DROP,MEDIUM,Cumulative expenditure dropped from 199.72 Cr (2025-06) to 7.4 Cr (2025-12)
617961,2025-12,Gaya-Hisua-Rajgir-Nalanda-Biharsharif section km0.00 to 92.935 NH-82,FlashReport_December_2025.pdf,PROGRESS_REGRESSION,MEDIUM,Physical progress dropped by 97.0% (from 97.0% in 2025-06 to 0.0% in 2025-12)
617961,2025-12,Gaya-Hisua-Rajgir-Nalanda-Biharsharif section km0.00 to 92.935 NH-82,FlashReport_December_2025.pdf,EXPENDITURE_DROP,MEDIUM,Cumulative expenditure dropped from 1739.19 Cr (2025-06) to 0.0 Cr (2025-12)
617961,2026-04,"Project Assessment, Infrastructure Monitoring and Analytics for Nation-building 937 Gaya-Hisua-Rajgir-Nalanda-Biharsharif section km0.00 to 92.935 NH-82",FlashReport_April2026.pdf,PROGRESS_REGRESSION,MEDIUM,Physical progress dropped by 97.0% (from 97.0% in 2026-03 to 0.0% in 2026-04)
617961,2026-04,"Project Assessment, Infrastructure Monitoring and Analytics for Nation-building 937 Gaya-Hisua-Rajgir-Nalanda-Biharsharif section km0.00 to 92.935 NH-82",FlashReport_April2026.pdf,LARGE_COST_SHIFT,MEDIUM,Original cost changed significantly from 1408.85 Cr (2026-03) to 100.0 Cr (2026-04)
617961,2026-05,Gaya-Hisua-Rajgir-Nalanda-Biharsharif section km0.00 to 92.935 NH-82,FlashReport_May2026.pdf,LARGE_COST_SHIFT,MEDIUM,Original cost changed significantly from 100.0 Cr (2026-04) to 1408.85 Cr (2026-05)
617961,2026-05,Gaya-Hisua-Rajgir-Nalanda-Biharsharif section km0.00 to 92.935 NH-82,FlashReport_May2026.pdf,EXPENDITURE_DROP,MEDIUM,Cumulative expenditure dropped from 1408.85 Cr (2026-04) to 0.0 Cr (2026-05)
617965,2026-02,"Project Assessment, Infrastructure Monitoring and Analytics for Nation-building 1305 Kopargaon to Savali Vihir section",FlashReport_February_2026.pdf,PROGRESS_REGRESSION,MEDIUM,Physical progress dropped by 77.0% (from 77.0% in 2026-01 to 0.0% in 2026-02)
617965,2026-04,Kopargaon to Savali Vihir section,FlashReport_April2026.pdf,EXPENDITURE_DROP,MEDIUM,Cumulative expenditure dropped from 195.38 Cr (2026-03) to 0.0 Cr (2026-04)
617965,2026-06,"Project Assessment, Infrastructure Monitoring and Analytics for Nation-building 1260 Kopargaon to Savali Vihir section",FlashReport_June_2026.pdf,PROGRESS_REGRESSION,MEDIUM,Physical progress dropped by 80.0% (from 80.0% in 2026-05 to 0.0% in 2026-06)
617966,2025-12,Rehabilitation and Upgrading to 2 lanes/2-lane with paved shoulders configuration and strengthening of of Birpur and Bihpur Section from km 0.0 to Km 106 of NH 106 under phase I of National Highways Interconnectivity Improvement Projects NHIIP ICB No. NHIIP-BR-106-7 [NHIIP-BR-106-7],FlashReport_December_2025.pdf,PROGRESS_REGRESSION,MEDIUM,Physical progress dropped by 97.5% (from 97.5% in 2025-06 to 0.0% in 2025-12)
617966,2025-12,Rehabilitation and Upgrading to 2 lanes/2-lane with paved shoulders configuration and strengthening of of Birpur and Bihpur Section from km 0.0 to Km 106 of NH 106 under phase I of National Highways Interconnectivity Improvement Projects NHIIP ICB No. NHIIP-BR-106-7 [NHIIP-BR-106-7],FlashReport_December_2025.pdf,EXPENDITURE_DROP,MEDIUM,Cumulative expenditure dropped from 764.76 Cr (2025-06) to 0.0 Cr (2025-12)
617966,2026-02,"Project Assessment, Infrastructure Monitoring and Analytics for Nation-building 927 Rehabilitation and Upgrading to 2 lanes/2-lane with paved shoulders configuration and strengthening of of Birpur and Bihpur Section from km 0.0 to Km 106 of NH 106 under phase I of National Highways Interconnectivity Improvement Projects NHIIP ICB No. NHIIP-BR-106-7 [NHIIP-BR-106-7]",FlashReport_February_2026.pdf,PROGRESS_REGRESSION,MEDIUM,Physical progress dropped by 99.0% (from 99.0% in 2026-01 to 0.0% in 2026-02)
617966,2026-02,"Project Assessment, Infrastructure Monitoring and Analytics for Nation-building 927 Rehabilitation and Upgrading to 2 lanes/2-lane with paved shoulders configuration and strengthening of of Birpur and Bihpur Section from km 0.0 to Km 106 of NH 106 under phase I of National Highways Interconnectivity Improvement Projects NHIIP ICB No. NHIIP-BR-106-7 [NHIIP-BR-106-7]",FlashReport_February_2026.pdf,LARGE_COST_SHIFT,MEDIUM,Original cost changed significantly from 780.77 Cr (2026-01) to 108.0 Cr (2026-02)
617966,2026-03,Rehabilitation and Upgrading to 2 lanes/2-lane with paved shoulders configuration and strengthening of of Birpur and Bihpur Section from km 0.0 to Km 106 of NH 106 under phase I of National Highways Interconnectivity Improvement Projects NHIIP ICB No. NHIIP-BR-106-7 [NHIIP-BR-106-7],FlashReport_March_2026.pdf,LARGE_COST_SHIFT,MEDIUM,Original cost changed significantly from 108.0 Cr (2026-02) to 780.77 Cr (2026-03)
617966,2026-03,Rehabilitation and Upgrading to 2 lanes/2-lane with paved shoulders configuration and strengthening of of Birpur and Bihpur Section from km 0.0 to Km 106 of NH 106 under phase I of National Highways Interconnectivity Improvement Projects NHIIP ICB No. NHIIP-BR-106-7 [NHIIP-BR-106-7],FlashReport_March_2026.pdf,EXPENDITURE_DROP,MEDIUM,Cumulative expenditure dropped from 780.77 Cr (2026-02) to 0.04 Cr (2026-03)
617968,2026-01,Construction & Widening Including Augustmuni Bypass Ch-16.545 to Ch - 19.890 to 2L/PS from Km 16.545-Km 33.130 & 45.980 -57.975 Augustmuni to Kund & Guptkashi to Sitapur on NH 109 in UK,FlashReport_January_2026.pdf,EXPENDITURE_DROP,MEDIUM,Cumulative expenditure dropped from 418.89 Cr (2025-12) to 178.35 Cr (2026-01)
617968,2026-06,Construction & Widening Including Augustmuni Bypass Ch-16.545 to Ch - 19.890 to 2L/PS from Km 16.545-Km 33.130 & 45.980 -57.975 Augustmuni to Kund & Guptkashi to Sitapur on NH 109 in UK,FlashReport_June_2026.pdf,EXPENDITURE_DROP,MEDIUM,Cumulative expenditure dropped from 422.72 Cr (2026-05) to 0.0 Cr (2026-06)
617972,2026-06,Upgradation to Two lane with Paved Shoulder Configuration of Narayanpur Kasturmeta pkg-II from design ch. 48.693 to 70.453 design length21.760 Km. on NH-130D under EPC mode in the state of Chhattisgarh.,FlashReport_June_2026.pdf,EXPENDITURE_DROP,MEDIUM,Cumulative expenditure dropped from 200.67 Cr (2026-05) to 0.0 Cr (2026-06)
617973,2025-12,Strengthening and widening of existing 2 lane road to two lane paved shoulder from km 7.750 to 26.542 & km. 32.093 to 45.786 of NH-130 on EPC mode in the state of chhattisgarh.job No. 130-CG-2017-18-348,FlashReport_December_2025.pdf,EXPENDITURE_DROP,MEDIUM,Cumulative expenditure dropped from 136.81 Cr (2025-06) to 1.06 Cr (2025-12)
617974,2026-04,Rehabilitation and upgradation of 2 lane with paved shoulder from existing km. 195.175 to km. 220.000 Design Chainage km71.300 to Km. 95.947 Excluding existing chainage Km 200.300 to Km 202.400 Design chainage Km 76.400 to Km 78.400 on Dharasu to Yamunotri Road of NH- 134 Old NH-94,FlashReport_April2026.pdf,EXPENDITURE_DROP,MEDIUM,Cumulative expenditure dropped from 344.73 Cr (2026-03) to 0.0 Cr (2026-04)
617975,2025-12,Rehabilitation and upgradation to 2 lane with paved shoulder configuration from km 122.00 Dharasu Bend to km 147.230 Silkyara Bend of NH-94 in the state of Uttarakhand,FlashReport_December_2025.pdf,EXPENDITURE_DROP,MEDIUM,Cumulative expenditure dropped from 222.13 Cr (2025-06) to 50.38 Cr (2025-12)
617975,2026-01,"Project Assessment, Infrastructure Monitoring and Analytics for Nation-building 1621 Rehabilitation and upgradation to 2 lane with paved shoulder configuration from km 122.00 Dharasu Bend to km 147.230 Silkyara Bend of NH-94 in the state of Uttarakhand",FlashReport_January_2026.pdf,PROGRESS_REGRESSION,MEDIUM,Physical progress dropped by 49.6% (from 100.0% in 2025-12 to 50.38% in 2026-01)
617975,2026-02,Rehabilitation and upgradation to 2 lane with paved shoulder configuration from km 122.00 Dharasu Bend to km 147.230 Silkyara Bend of NH-94 in the state of Uttarakhand,FlashReport_February_2026.pdf,EXPENDITURE_DROP,MEDIUM,Cumulative expenditure dropped from 237.79 Cr (2026-01) to 50.38 Cr (2026-02)
617976,2026-05,"Project Assessment, Infrastructure Monitoring and Analytics for Nation-building 1042 Work of development and construction of elevated corridorfrom km 38/660 to km 42/690 Iscon junction to start point of approach of sanand flyover of NH-147 in the sate of Gujarat",FlashReport_May2026.pdf,LARGE_COST_SHIFT,MEDIUM,Original cost changed significantly from 530.2 Cr (2026-04) to 105.0 Cr (2026-05)
617976,2026-06,Work of development and construction of elevated corridorfrom km 38/660 to km 42/690 Iscon junction to start point of approach of sanand flyover of NH-147 in the sate of Gujarat,FlashReport_June_2026.pdf,LARGE_COST_SHIFT,MEDIUM,Original cost changed significantly from 105.0 Cr (2026-05) to 530.2 Cr (2026-06)
617976,2026-06,Work of development and construction of elevated corridorfrom km 38/660 to km 42/690 Iscon junction to start point of approach of sanand flyover of NH-147 in the sate of Gujarat,FlashReport_June_2026.pdf,EXPENDITURE_DROP,MEDIUM,Cumulative expenditure dropped from 530.2 Cr (2026-05) to 58.29 Cr (2026-06)
617978,2026-05,"Project Assessment, Infrastructure Monitoring and Analytics for Nation-building 1338 Rehabilitation, upgradation & widening of existing highway to 2L/4LPS Rigid Pavement of NH 160 section- Phaltan to Mhaishal near Karnataka Border including Tasgaon Bypass, from existing chainage Km 301/430 to Km 458/415 in the State of Maharashtra- Package-II & Package III combined- starting from existing chainage Km 341/300 to Km 394/130 and design chainage Km 340/250 at Dahiwadi Village to Km 392/950 ending at Vita Village in the State of Maharashtra on EPC Mode.",FlashReport_May2026.pdf,LARGE_COST_SHIFT,MEDIUM,Original cost changed significantly from 631.76 Cr (2026-04) to 122.0 Cr (2026-05)
617978,2026-06,"Rehabilitation, upgradation & widening of existing highway to 2L/4LPS Rigid Pavement of NH 160 section- Phaltan to Mhaishal near Karnataka Border including Tasgaon Bypass, from existing chainage Km 301/430 to Km 458/415 in the State of Maharashtra- Package-II & Package III combined- starting from existing chainage Km 341/300 to Km 394/130 and design chainage Km 340/250 at Dahiwadi Village to Km 392/950 ending at Vita Village in the State of Maharashtra on EPC Mode.",FlashReport_June_2026.pdf,LARGE_COST_SHIFT,MEDIUM,Original cost changed significantly from 122.0 Cr (2026-05) to 631.76 Cr (2026-06)
617978,2026-06,"Rehabilitation, upgradation & widening of existing highway to 2L/4LPS Rigid Pavement of NH 160 section- Phaltan to Mhaishal near Karnataka Border including Tasgaon Bypass, from existing chainage Km 301/430 to Km 458/415 in the State of Maharashtra- Package-II & Package III combined- starting from existing chainage Km 341/300 to Km 394/130 and design chainage Km 340/250 at Dahiwadi Village to Km 392/950 ending at Vita Village in the State of Maharashtra on EPC Mode.",FlashReport_June_2026.pdf,EXPENDITURE_DROP,MEDIUM,Cumulative expenditure dropped from 631.76 Cr (2026-05) to 187.59 Cr (2026-06)
617980,2025-12,Construction of six lane elevated corridor from km 7.950 Uppal to km 14.200 of NH- 163 to De-Congest the urban limits of Hyderabad-Bhoopalapatnam section on EPC mode in the state of Telangana,FlashReport_December_2025.pdf,EXPENDITURE_DROP,MEDIUM,Cumulative expenditure dropped from 272.64 Cr (2025-06) to 13.91 Cr (2025-12)
617981,2026-05,"Project Assessment, Infrastructure Monitoring and Analytics for Nation-building 1726 Widening to Two with Paved shoulders from Km 59.500 to Km 132.033 of Manneguda- Ravunapally section of NH-163 Erstwhile SH-4 in the State of Telangana on EPC mode under NH O Annual Plan 2016-17",FlashReport_May2026.pdf,PROGRESS_REGRESSION,MEDIUM,Physical progress dropped by 99.9% (from 99.92% in 2026-04 to 0.0% in 2026-05)
617982,2025-12,Widening and strengthening of existing 2-lane to 2- lane with paved shoulders from km 159/0 to 165/4 and 186/0 to 215/0 of NH-163 on EPC mode int the state of Telangana,FlashReport_December_2025.pdf,PROGRESS_REGRESSION,MEDIUM,Physical progress dropped by 100.0% (from 100.0% in 2025-06 to 0.0% in 2025-12)
617982,2025-12,Widening and strengthening of existing 2-lane to 2- lane with paved shoulders from km 159/0 to 165/4 and 186/0 to 215/0 of NH-163 on EPC mode int the state of Telangana,FlashReport_December_2025.pdf,EXPENDITURE_DROP,MEDIUM,Cumulative expenditure dropped from 231.31 Cr (2025-06) to 0.0 Cr (2025-12)
617982,2026-05,Widening and strengthening of existing 2-lane to 2- lane with paved shoulders from km 159/0 to 165/4 and 186/0 to 215/0 of NH-163 on EPC mode int the state of Telangana,FlashReport_May2026.pdf,EXPENDITURE_DROP,MEDIUM,Cumulative expenditure dropped from 230.03 Cr (2026-04) to 0.0 Cr (2026-05)
617991,2026-04,"Rehabilitation and up-gradation of NH-167 from Km 14/900 to Km70/000 Design Ch. 14/900 to 69/700 Chintakunta to Adoni section to two lane with paved shoulders in the State of Andhra Pradesh under Corridor Approach through Engineering, Procurement",FlashReport_April2026.pdf,EXPENDITURE_DROP,MEDIUM,Cumulative expenditure dropped from 290.15 Cr (2026-03) to 140.23 Cr (2026-04)
617992,2025-12,Rehabilitation & upgradation of NH - 167 from design km 187.723 to 234.434 Miryalaguda to Kodad section to two lane with paved shoulder on EPC mode in the state of Telangana,FlashReport_December_2025.pdf,PROGRESS_REGRESSION,MEDIUM,Physical progress dropped by 94.4% (from 94.4% in 2025-06 to 0.0% in 2025-12)
617992,2025-12,Rehabilitation & upgradation of NH - 167 from design km 187.723 to 234.434 Miryalaguda to Kodad section to two lane with paved shoulder on EPC mode in the state of Telangana,FlashReport_December_2025.pdf,EXPENDITURE_DROP,MEDIUM,Cumulative expenditure dropped from 294.78 Cr (2025-06) to 43.78 Cr (2025-12)
617995,2025-12,Widening to Two Lane with Paved Shoulders from Km 67.000 to Km 114.425 of Kalwakurthy- Mallapally Section of NH 167 Erstwhile section of SH 18 in the State of Telangana on EPC mode under NH O Annual Plan 2016-17,FlashReport_December_2025.pdf,EXPENDITURE_DROP,MEDIUM,Cumulative expenditure dropped from 126.73 Cr (2025-06) to 2.08 Cr (2025-12)
618001,2025-12,"Construction of 4-lane flyover at Amberpet-X road, Hyderabad on NH-202 in the State of Telangana",FlashReport_December_2025.pdf,EXPENDITURE_DROP,MEDIUM,Cumulative expenditure dropped from 338.21 Cr (2025-06) to 154.05 Cr (2025-12)
618009,2025-12,Balance work of Construction of Ring Road for Raebareli City on eastern side of NH- 24B Phase-1 on EPC mode.,FlashReport_December_2025.pdf,PROGRESS_REGRESSION,MEDIUM,Physical progress dropped by 88.0% (from 88.0% in 2025-06 to 0.0% in 2025-12)
618009,2025-12,Balance work of Construction of Ring Road for Raebareli City on eastern side of NH- 24B Phase-1 on EPC mode.,FlashReport_December_2025.pdf,EXPENDITURE_DROP,MEDIUM,Cumulative expenditure dropped from 276.35 Cr (2025-06) to 0.0 Cr (2025-12)
618011,2026-01,Construction of 2 lane with paved shoulder for the work of Development of remaining sections of NH-325 Balotra to sanderao via Jalore to 2 lane with paved shoulder configuration by Construction of Byasses for town portions1 Asotra- Brahmdham bypass 2Siwana Bypass 3 Mokalsar Bypass 4 Major realignment at Kathadi 5 Major realignment at Bishangarh 6 Jalore Bypass 7 Ahore Town portion 8 Dujana Bypass in the state of Rajasthan on EPC Mode,FlashReport_January_2026.pdf,EXPENDITURE_DROP,MEDIUM,Cumulative expenditure dropped from 411.44 Cr (2025-12) to 66.63 Cr (2026-01)
618015,2026-05,"Upgradation of Keonchi - Ratanpur Road of NH 45 Package-I, from design chainage km 237.860 to km 273.200 of length 35.340 km to two lane with paved shoulders under Corridor scheme on EPC mode in the state of Chhattisgarh.",FlashReport_May2026.pdf,EXPENDITURE_DROP,MEDIUM,Cumulative expenditure dropped from 225.41 Cr (2026-04) to 70.96 Cr (2026-05)
618020,2025-12,"Rehabilitation & Upgradation of KurwaiMungaoliChanderi Road section of NH-346, from Design Chainge 0.000 to 81.300 Km Total length 83.1 km to Two lane with paved shoulder configuration along with One time improvement in 07 nos of bypassed built- up areas in a total length of 22.615 km in the state of Madhya Pradesh on EPC mode.",FlashReport_December_2025.pdf,PROGRESS_REGRESSION,MEDIUM,Physical progress dropped by 48.8% (from 48.77% in 2025-06 to 0.0% in 2025-12)
618023,2025-12,Work of Widening/upgradation of 2-Lane with paved shoulder of Sri Muktsar Sahib to Malout road from Km 279.400 to Km 307.060 section of NH-354 in the State of Punjab on EPC mode. Job No. NH-354-PB-2021-22-555,FlashReport_December_2025.pdf,EXPENDITURE_DROP,MEDIUM,Cumulative expenditure dropped from 97.0 Cr (2025-06) to 0.0 Cr (2025-12)
618023,2026-01,"Project Assessment, Infrastructure Monitoring and Analytics for Nation-building 1406 Work of Widening/upgradation of 2-Lane with paved shoulder of Sri Muktsar Sahib to Malout road from Km 279.400 to Km 307.060 section of NH-354 in the State of Punjab on EPC mode. Job No. NH-354-PB-2021-22-555",FlashReport_January_2026.pdf,PROGRESS_REGRESSION,MEDIUM,Physical progress dropped by 96.0% (from 96.0% in 2025-12 to 0.0% in 2026-01)
618023,2026-02,Work of Widening/upgradation of 2-Lane with paved shoulder of Sri Muktsar Sahib to Malout road from Km 279.400 to Km 307.060 section of NH-354 in the State of Punjab on EPC mode. Job No. NH-354-PB-2021-22-555,FlashReport_February_2026.pdf,EXPENDITURE_DROP,MEDIUM,Cumulative expenditure dropped from 152.58 Cr (2026-01) to 0.0 Cr (2026-02)
618024,2025-12,Up-gradation to two lane with paved shoulder configuration of NH-354 Section Arifkes- Ferozepur-Muktsar-Malaut from Km 201.500 to Km 212.500 & Km 229.690 to Km 269.960 and strengthening of existing pavement from Km 212.500 to Km 229.690 excluding Km 218.500 to 223.690 of NH-354 on EPC Mode in the State of Punjab. Job No. NH-354-PB-2020-21-532,FlashReport_December_2025.pdf,PROGRESS_REGRESSION,MEDIUM,Physical progress dropped by 61.0% (from 61.0% in 2025-06 to 0.0% in 2025-12)
618024,2025-12,Up-gradation to two lane with paved shoulder configuration of NH-354 Section Arifkes- Ferozepur-Muktsar-Malaut from Km 201.500 to Km 212.500 & Km 229.690 to Km 269.960 and strengthening of existing pavement from Km 212.500 to Km 229.690 excluding Km 218.500 to 223.690 of NH-354 on EPC Mode in the State of Punjab. Job No. NH-354-PB-2020-21-532,FlashReport_December_2025.pdf,EXPENDITURE_DROP,MEDIUM,Cumulative expenditure dropped from 119.5 Cr (2025-06) to 0.0 Cr (2025-12)
618024,2026-04,"Project Assessment, Infrastructure Monitoring and Analytics for Nation-building 1608 Up-gradation to two lane with paved shoulder configuration of NH-354 Section Arifkes- Ferozepur-Muktsar-Malaut from Km 201.500 to Km 212.500 & Km 229.690 to Km 269.960 and strengthening of existing pavement from Km 212.500 to Km 229.690 excluding Km 218.500 to 223.690 of NH-354 on EPC Mode in the State of Punjab. Job No. NH-354-PB-2020-21-532",FlashReport_April2026.pdf,PROGRESS_REGRESSION,MEDIUM,Physical progress dropped by 83.0% (from 83.0% in 2026-03 to 0.0% in 2026-04)
618024,2026-05,Up-gradation to two lane with paved shoulder configuration of NH-354 Section Arifkes- Ferozepur-Muktsar-Malaut from Km 201.500 to Km 212.500 & Km 229.690 to Km 269.960 and strengthening of existing pavement from Km 212.500 to Km 229.690 excluding Km 218.500 to 223.690 of NH-354 on EPC Mode in the State of Punjab. Job No. NH-354-PB-2020-21-532,FlashReport_May2026.pdf,EXPENDITURE_DROP,MEDIUM,Cumulative expenditure dropped from 263.19 Cr (2026-04) to 0.0 Cr (2026-05)
618025,2025-12,"Project Assessment, Infrastructure Monitoring and Analytics for Nation-building 1234 Rehabiitation and upgradation from km 121/000 to 154/000 Nakrekal to Mallampally section of NH-365 to 2 lane with paved shoulders in the state of Telangana in the EPC mode",FlashReport_December_2025.pdf,PROGRESS_REGRESSION,MEDIUM,Physical progress dropped by 96.0% (from 96.0% in 2025-06 to 0.0% in 2025-12)
618025,2026-01,Rehabiitation and upgradation from km 121/000 to 154/000 Nakrekal to Mallampally section of NH-365 to 2 lane with paved shoulders in the state of Telangana in the EPC mode,FlashReport_January_2026.pdf,EXPENDITURE_DROP,MEDIUM,Cumulative expenditure dropped from 192.67 Cr (2025-12) to 0.0 Cr (2026-01)
618026,2025-12,Rehabilitation and upgradation to two lane with paved shoulders from Km 0/000 to 72/6 of NH-365 Nakrekal to Tanamcherla section under NHDP IV in the state of Telangana under EPC mode,FlashReport_December_2025.pdf,PROGRESS_REGRESSION,MEDIUM,Physical progress dropped by 99.9% (from 99.9% in 2025-06 to 0.0% in 2025-12)
618026,2025-12,Rehabilitation and upgradation to two lane with paved shoulders from Km 0/000 to 72/6 of NH-365 Nakrekal to Tanamcherla section under NHDP IV in the state of Telangana under EPC mode,FlashReport_December_2025.pdf,EXPENDITURE_DROP,MEDIUM,Cumulative expenditure dropped from 413.37 Cr (2025-06) to 0.0 Cr (2025-12)
618031,2025-12,Balance work of Construction of Two/Four lane with paved shoulder from Km 422.000 to 523.600 Chitradurga to Shivamogga of NH-13 in the state of Kanataka on EPC mode.,FlashReport_December_2025.pdf,PROGRESS_REGRESSION,MEDIUM,Physical progress dropped by 75.0% (from 75.0% in 2025-06 to 0.0% in 2025-12)
618031,2026-02,Balance work of Construction of Two/Four lane with paved shoulder from Km 422.000 to 523.600 Chitradurga to Shivamogga of NH-13 in the state of Kanataka on EPC mode.,FlashReport_February_2026.pdf,EXPENDITURE_DROP,MEDIUM,Cumulative expenditure dropped from 333.48 Cr (2026-01) to 105.04 Cr (2026-02)
618035,2026-06,"Project Assessment, Infrastructure Monitoring and Analytics for Nation-building 1205 Rehabilitation & Upgradation of existing intermediate lane to two Lane with paved shoulder from km. 0.600 Gulganj bypass on NH-34 to km. 43.00 Barna River length 42.400 km. on Gulganj-Amanganj-Pawai-Katni NH43 Extn. in the state of Madhya Pradesh on EPCmode.",FlashReport_June_2026.pdf,PROGRESS_REGRESSION,MEDIUM,Physical progress dropped by 53.0% (from 53.0% in 2026-05 to 0.0% in 2026-06)
618045,2025-12,"Construction of Mihona bypass, Lahar bypass, Daboh bypass & Bhander Bypass total length 20.60 km to 2-lane with paved shoulder from on Mihona-Bhander-MP/UP border section of NH 552E in the State of Madhya Pradesh on EPC mode",FlashReport_December_2025.pdf,PROGRESS_REGRESSION,MEDIUM,Physical progress dropped by 29.0% (from 96.0% in 2025-06 to 67.0% in 2025-12)
618045,2026-05,"Construction of Mihona bypass, Lahar bypass, Daboh bypass & Bhander Bypass total length 20.60 km to 2-lane with paved shoulder from on Mihona-Bhander-MP/UP border section of NH 552E in the State of Madhya Pradesh on EPC mode",FlashReport_May2026.pdf,EXPENDITURE_DROP,MEDIUM,Cumulative expenditure dropped from 179.18 Cr (2026-04) to 71.77 Cr (2026-05)
618050,2025-12,Rehabilitation and Upgradation to 2-lane/Intermediate lane configuration of Ashyari- Shri Kyari Section km 50.000 to km 75.000 of NH-707 in the state of Himachal Pradesh under Green National Highways Corridor Project GNHCP with the loan assistance of World Bank on EPC mode. Himachal Pradesh 08/2020,FlashReport_December_2025.pdf,PROGRESS_REGRESSION,MEDIUM,Physical progress dropped by 95.1% (from 95.08% in 2025-06 to 0.0% in 2025-12)
618052,2026-02,Gorantla - Hindupur section from Km 120/300 to 165/000 of NH716G in the State of Andhra Pradesh,FlashReport_February_2026.pdf,LARGE_COST_SHIFT,MEDIUM,Original cost changed significantly from 89.0 Cr (2026-01) to 808.7 Cr (2026-02)
618052,2026-02,Gorantla - Hindupur section from Km 120/300 to 165/000 of NH716G in the State of Andhra Pradesh,FlashReport_February_2026.pdf,EXPENDITURE_DROP,MEDIUM,Cumulative expenditure dropped from 808.7 Cr (2026-01) to 0.0 Cr (2026-02)
618054,2025-12,Construction of Balrampur bypass with 2L flexible pavement configuration from km.223.000 of NH-330 to km.328.300 of NH-730 under EPC mode,FlashReport_December_2025.pdf,EXPENDITURE_DROP,MEDIUM,Cumulative expenditure dropped from 187.8 Cr (2025-06) to 80.95 Cr (2025-12)
618054,2026-03,Construction of Balrampur bypass with 2L flexible pavement configuration from km.223.000 of NH-330 to km.328.300 of NH-730 under EPC mode,FlashReport_March_2026.pdf,PROGRESS_REGRESSION,MEDIUM,Physical progress dropped by 52.5% (from 96.46% in 2026-02 to 44.0% in 2026-03)
618054,2026-03,Construction of Balrampur bypass with 2L flexible pavement configuration from km.223.000 of NH-330 to km.328.300 of NH-730 under EPC mode,FlashReport_March_2026.pdf,EXPENDITURE_DROP,MEDIUM,Cumulative expenditure dropped from 515.69 Cr (2026-02) to 104.56 Cr (2026-03)
618055,2025-12,Construction of Pratapgarh Bypass Extension connecting NH-31 to NH-330 on EPC mode in the State of Uttar Pradesh.,FlashReport_December_2025.pdf,EXPENDITURE_DROP,MEDIUM,Cumulative expenditure dropped from 96.56 Cr (2025-06) to 0.0 Cr (2025-12)
618056,2025-12,Improvement and Up-gradation to two Lane with Paved Shoulder Configuration from existing km. 420.00 Shohrathgarh to km. 454.00 Uska Bazar of NH-730 in the state of Uttar Pradesh EPC basis,FlashReport_December_2025.pdf,EXPENDITURE_DROP,MEDIUM,Cumulative expenditure dropped from 188.84 Cr (2025-06) to 84.14 Cr (2025-12)
618057,2025-12,Construction of Shohratgarh Bypass on NH-730 under EPC mode in the State of Uttar Pradesh,FlashReport_December_2025.pdf,EXPENDITURE_DROP,MEDIUM,Cumulative expenditure dropped from 59.91 Cr (2025-06) to 0.0 Cr (2025-12)
618059,2026-01,"Project Assessment, Infrastructure Monitoring and Analytics for Nation-building 1197 Construction of four-lane Concrete Road from Police Headquarter Gondia City to Rawanwadi Village Birsi Airport Junction from design km 0.000 to km 15.781 existing km 39/720 of NH-753 to existing Km 8/400 of NH 543 on sections from Kohmara- Goregaon- Police HeadquarterKaranja - Collector Office Square - Balaghat T Point- Rawanwadi- Rajegaon of NH-753 and NH-543 in Gondia District in the state of Maharashtra. Total Length of the project 15.781 Km.",FlashReport_January_2026.pdf,PROGRESS_REGRESSION,MEDIUM,Physical progress dropped by 34.0% (from 34.0% in 2025-12 to 0.0% in 2026-01)
618059,2026-02,Construction of four-lane Concrete Road from Police Headquarter Gondia City to Rawanwadi Village Birsi Airport Junction from design km 0.000 to km 15.781 existing km 39/720 of NH-753 to existing Km 8/400 of NH 543 on sections from Kohmara- Goregaon- Police HeadquarterKaranja - Collector Office Square - Balaghat T Point- Rawanwadi- Rajegaon of NH-753 and NH-543 in Gondia District in the state of Maharashtra. Total Length of the project 15.781 Km.,FlashReport_February_2026.pdf,EXPENDITURE_DROP,MEDIUM,Cumulative expenditure dropped from 328.11 Cr (2026-01) to 0.0 Cr (2026-02)
618063,2025-12,Widening & Strenghteningof section from Bharthana chowk to Kodarkoot km.0.00 to km.40.00 of NH-91-A on EPC mode,FlashReport_December_2025.pdf,EXPENDITURE_DROP,MEDIUM,Cumulative expenditure dropped from 278.92 Cr (2025-06) to 112.46 Cr (2025-12)
618066,2026-01,Construction of Amethi bypass Part-II at km.30.050 of NH-931 under EPC mode in the state of Uttar Pradesh,FlashReport_January_2026.pdf,EXPENDITURE_DROP,MEDIUM,Cumulative expenditure dropped from 58.92 Cr (2025-06) to 15.27 Cr (2026-01)
618068,2025-12,"Construction of Kaithi-Padaria Kala bypass, Patna-Tamoli bypass, Jaso bypass and Nagod bypass total length 15.44 Km to 2-lane with paved shoulders flexible pavement on NH-943 in the State of Madhya Pradesh on EPC Mode.",FlashReport_December_2025.pdf,PROGRESS_REGRESSION,MEDIUM,Physical progress dropped by 30.0% (from 30.0% in 2025-06 to 0.0% in 2025-12)
618069,2026-01,Upgradation to Two-lane with paved shoulder of Hanumangarh to Kenchiyan section from Km 0.000existing chainage-Km 23.200 to Km 49.605existing chainage-Km 74.645 of NH-54 in the State of Rajasthan on EPC mode.,FlashReport_January_2026.pdf,EXPENDITURE_DROP,MEDIUM,Cumulative expenditure dropped from 128.0 Cr (2025-06) to 0.0 Cr (2026-01)
618069,2026-03,"Project Assessment, Infrastructure Monitoring and Analytics for Nation-building 1603 Upgradation to Two-lane with paved shoulder of Hanumangarh to Kenchiyan section from Km 0.000existing chainage-Km 23.200 to Km 49.605existing chainage-Km 74.645 of NH-54 in the State of Rajasthan on EPC mode.",FlashReport_March_2026.pdf,PROGRESS_REGRESSION,MEDIUM,Physical progress dropped by 66.0% (from 66.0% in 2026-02 to 0.0% in 2026-03)
618069,2026-04,Upgradation to Two-lane with paved shoulder of Hanumangarh to Kenchiyan section from Km 0.000existing chainage-Km 23.200 to Km 49.605existing chainage-Km 74.645 of NH-54 in the State of Rajasthan on EPC mode.,FlashReport_April2026.pdf,EXPENDITURE_DROP,MEDIUM,Cumulative expenditure dropped from 334.64 Cr (2026-03) to 0.0 Cr (2026-04)
618070,2025-12,Widening to 2 Lanes with paved shoulders from Km.87/000 to 133/720 Nattukal to Thanau Jn. in Palakkad of NH-966 Old NH-213 on EPC mode Basis under NHO Annual Plan 2016-17 in the state of Kerala,FlashReport_December_2025.pdf,EXPENDITURE_DROP,MEDIUM,Cumulative expenditure dropped from 286.8 Cr (2025-06) to 0.0 Cr (2025-12)
618071,2025-12,Construction of two lane with paved shoulder Gangtok Bypass Road from Ranipool to Burtuk Ch 0.00 Km to 23.316 L23.316 Km in the State of Sikkim,FlashReport_December_2025.pdf,EXPENDITURE_DROP,MEDIUM,Cumulative expenditure dropped from 175.16 Cr (2025-06) to 0.0 Cr (2025-12)
618072,2026-01,Widening to Existing single lane /intermediate lane to 2 lane from Km185.00 to Km 220.00 of NH-61 New NH-02 in the state of Nagaland.,FlashReport_January_2026.pdf,EXPENDITURE_DROP,MEDIUM,Cumulative expenditure dropped from 297.25 Cr (2025-12) to 128.97 Cr (2026-01)
618074,2025-12,"Project Assessment, Infrastructure Monitoring and Analytics for Nation-building 843 Pre construction activity of NH 122B from km 0 to 72.348 and Improvement to two lane with paved shoulders of NH 122B from km 29.730 to km 72.348 in state of Bihar under EPC mode",FlashReport_December_2025.pdf,LARGE_COST_SHIFT,MEDIUM,Original cost changed significantly from 624.43 Cr (2025-06) to 80.0 Cr (2025-12)
618074,2026-01,Pre construction activity of NH 122B from km 0 to 72.348 and Improvement to two lane with paved shoulders of NH 122B from km 29.730 to km 72.348 in state of Bihar under EPC mode,FlashReport_January_2026.pdf,LARGE_COST_SHIFT,MEDIUM,Original cost changed significantly from 80.0 Cr (2025-12) to 624.43 Cr (2026-01)
618074,2026-01,Pre construction activity of NH 122B from km 0 to 72.348 and Improvement to two lane with paved shoulders of NH 122B from km 29.730 to km 72.348 in state of Bihar under EPC mode,FlashReport_January_2026.pdf,EXPENDITURE_DROP,MEDIUM,Cumulative expenditure dropped from 624.43 Cr (2025-12) to 153.21 Cr (2026-01)
618075,2025-12,Construction of two lane with paved shoulder from existing Km.0.000 to Km.55.610 design km. 0.000 to km. 54.048 of NH-124D,FlashReport_December_2025.pdf,EXPENDITURE_DROP,MEDIUM,Cumulative expenditure dropped from 524.04 Cr (2025-06) to 134.9 Cr (2025-12)
618075,2026-05,"Project Assessment, Infrastructure Monitoring and Analytics for Nation-building 1792 Construction of two lane with paved shoulder from existing Km.0.000 to Km.55.610 design km. 0.000 to km. 54.048 of NH-124D",FlashReport_May2026.pdf,LARGE_COST_SHIFT,MEDIUM,Original cost changed significantly from 840.93 Cr (2026-04) to 149.0 Cr (2026-05)
618075,2026-06,Construction of two lane with paved shoulder from existing Km.0.000 to Km.55.610 design km. 0.000 to km. 54.048 of NH-124D,FlashReport_June_2026.pdf,LARGE_COST_SHIFT,MEDIUM,Original cost changed significantly from 149.0 Cr (2026-05) to 840.93 Cr (2026-06)
618075,2026-06,Construction of two lane with paved shoulder from existing Km.0.000 to Km.55.610 design km. 0.000 to km. 54.048 of NH-124D,FlashReport_June_2026.pdf,EXPENDITURE_DROP,MEDIUM,Cumulative expenditure dropped from 840.93 Cr (2026-05) to 204.84 Cr (2026-06)
618081,2025-12,Construction of Mariahu Bypass with four lane paved shoulder configuration Km. 53.540 to Km.59.200 of NH-135A on EPC mode in the state of Uttar Pradesh,FlashReport_December_2025.pdf,EXPENDITURE_DROP,MEDIUM,Cumulative expenditure dropped from 211.72 Cr (2025-06) to 0.0 Cr (2025-12)
618081,2026-04,"Project Assessment, Infrastructure Monitoring and Analytics for Nation-building 1781 Construction of Mariahu Bypass with four lane paved shoulder configuration Km. 53.540 to Km.59.200 of NH-135A on EPC mode in the state of Uttar Pradesh",FlashReport_April2026.pdf,PROGRESS_REGRESSION,MEDIUM,Physical progress dropped by 50.4% (from 50.38% in 2026-03 to 0.0% in 2026-04)
618081,2026-05,Construction of Mariahu Bypass with four lane paved shoulder configuration Km. 53.540 to Km.59.200 of NH-135A on EPC mode in the state of Uttar Pradesh,FlashReport_May2026.pdf,EXPENDITURE_DROP,MEDIUM,Cumulative expenditure dropped from 438.24 Cr (2026-04) to 0.0 Cr (2026-05)
618082,2025-12,Widening & Upgradation to four lane configuration from Km.34.900 Bhadohi to km.73.134 Jaunpur of NH-135A on EPC mode,FlashReport_December_2025.pdf,EXPENDITURE_DROP,MEDIUM,Cumulative expenditure dropped from 281.93 Cr (2025-06) to 0.0 Cr (2025-12)
618084,2025-12,Widening to 2-lane with paved shoulder from km 0.00 to 44.00 Kuru-Ghaghra section of NH-143A including re-construction of culverts and bridges.,FlashReport_December_2025.pdf,PROGRESS_REGRESSION,MEDIUM,Physical progress dropped by 96.2% (from 96.23% in 2025-06 to 0.0% in 2025-12)
618090,2025-12,Sarsam - Kothari of NH-161A - 2L PS from Km.33/00 to 90/00,FlashReport_December_2025.pdf,EXPENDITURE_DROP,MEDIUM,Cumulative expenditure dropped from 232.64 Cr (2025-06) to 0.0 Cr (2025-12)
618092,2026-02,Up-gradation to 2 lane with paved shoulder from Neechli Oden Nathdwara at Design Km 88.800 existing km 55.95 to Bhatewar at Design Km 142.028 existing km 0.00 of NH-162E in the State of Rajasthan on EPC mode.,FlashReport_February_2026.pdf,EXPENDITURE_DROP,MEDIUM,Cumulative expenditure dropped from 437.05 Cr (2026-01) to 0.0 Cr (2026-02)
618092,2026-04,"Project Assessment, Infrastructure Monitoring and Analytics for Nation-building 1642 Up-gradation to 2 lane with paved shoulder from Neechli Oden Nathdwara at Design Km 88.800 existing km 55.95 to Bhatewar at Design Km 142.028 existing km 0.00 of NH-162E in the State of Rajasthan on EPC mode.",FlashReport_April2026.pdf,PROGRESS_REGRESSION,MEDIUM,Physical progress dropped by 48.8% (from 48.79% in 2026-03 to 0.0% in 2026-04)
618092,2026-06,Up-gradation to 2 lane with paved shoulder from Neechli Oden Nathdwara at Design Km 88.800 existing km 55.95 to Bhatewar at Design Km 142.028 existing km 0.00 of NH-162E in the State of Rajasthan on EPC mode.,FlashReport_June_2026.pdf,EXPENDITURE_DROP,MEDIUM,Cumulative expenditure dropped from 606.61 Cr (2026-05) to 0.0 Cr (2026-06)
618093,2025-12,Up-gradation to 2 lane with Paved shoulder from Charbhuja at Design km 0.00 existing km 150.00 to Neechli Oden Nathdwara at Design ch. Km 88.800 existing km 55.950 of NH-162E on EPC mode.,FlashReport_December_2025.pdf,PROGRESS_REGRESSION,MEDIUM,Physical progress dropped by 99.0% (from 99.0% in 2025-06 to 0.0% in 2025-12)
618093,2025-12,Up-gradation to 2 lane with Paved shoulder from Charbhuja at Design km 0.00 existing km 150.00 to Neechli Oden Nathdwara at Design ch. Km 88.800 existing km 55.950 of NH-162E on EPC mode.,FlashReport_December_2025.pdf,EXPENDITURE_DROP,MEDIUM,Cumulative expenditure dropped from 455.87 Cr (2025-06) to 55.04 Cr (2025-12)
618097,2026-01,Guhagar - Rampur - 2L-PS - km 0/00 Guhagar to 26/230 Rampur and 40/00 Mirjoli to 53/600 Sati on NH-166E,FlashReport_January_2026.pdf,EXPENDITURE_DROP,MEDIUM,Cumulative expenditure dropped from 407.2 Cr (2025-12) to 0.0 Cr (2026-01)
618097,2026-05,"Project Assessment, Infrastructure Monitoring and Analytics for Nation-building 1352 Guhagar - Rampur - 2L-PS - km 0/00 Guhagar to 26/230 Rampur and 40/00 Mirjoli to 53/600 Sati on NH-166E",FlashReport_May2026.pdf,PROGRESS_REGRESSION,MEDIUM,Physical progress dropped by 91.9% (from 91.89% in 2026-04 to 0.0% in 2026-05)
618105,2025-12,Widening and strengthening to 4 lane / 2-lane with paved shoulders of Mahabubnagar - Chincholi section from km 60/255 to Km 102/834 of NH-167N in the State of Telangana on EPC mode.,FlashReport_December_2025.pdf,PROGRESS_REGRESSION,MEDIUM,Physical progress dropped by 29.0% (from 28.98% in 2025-06 to 0.0% in 2025-12)
618110,2025-12,Improvement and upgradation to two lane with Paved Shoulder configuration from existing km 55.00 to km 90.00 Design length 34.76 of NH-227A near Chhapia Village to near Sikriganj in the State of UP on EPC Mode.,FlashReport_December_2025.pdf,PROGRESS_REGRESSION,MEDIUM,Physical progress dropped by 91.0% (from 91.0% in 2025-06 to 0.0% in 2025-12)
618111,2025-12,"Project Assessment, Infrastructure Monitoring and Analytics for Nation-building 1273 Improvement and upgradation to two lane with paved shoulder configuration from existing km 90.00 to 130.00 Design length 39.15 of NH-227A near Sikriganj to Barhalganj in the State of UP on EPC Mode.",FlashReport_December_2025.pdf,PROGRESS_REGRESSION,MEDIUM,Physical progress dropped by 73.0% (from 73.0% in 2025-06 to 0.0% in 2025-12)
618111,2026-01,Improvement and upgradation to two lane with paved shoulder configuration from existing km 90.00 to 130.00 Design length 39.15 of NH-227A near Sikriganj to Barhalganj in the State of UP on EPC Mode.,FlashReport_January_2026.pdf,EXPENDITURE_DROP,MEDIUM,Cumulative expenditure dropped from 403.36 Cr (2025-12) to 0.0 Cr (2026-01)
618112,2026-01,"Improvement and up-gradation of NH-227B 84 Kosi Parikrama Marg Package I, from km 228.920 Jagarnathpur to Km 235.960/0.000 MakhaudaDham to Km 29.000 Sarpur in the State of Uttar Pradesh on EPC basis",FlashReport_January_2026.pdf,EXPENDITURE_DROP,MEDIUM,Cumulative expenditure dropped from 388.5 Cr (2025-06) to 0.0 Cr (2026-01)
618112,2026-03,"Project Assessment, Infrastructure Monitoring and Analytics for Nation-building 1746 Improvement and up-gradation of NH-227B 84 Kosi Parikrama Marg Package I, from km 228.920 Jagarnathpur to Km 235.960/0.000 MakhaudaDham to Km 29.000 Sarpur in the State of Uttar Pradesh on EPC basis",FlashReport_March_2026.pdf,LARGE_COST_SHIFT,MEDIUM,Original cost changed significantly from 912.5 Cr (2026-02) to 144.0 Cr (2026-03)
618112,2026-04,"Improvement and up-gradation of NH-227B 84 Kosi Parikrama Marg Package I, from km 228.920 Jagarnathpur to Km 235.960/0.000 MakhaudaDham to Km 29.000 Sarpur in the State of Uttar Pradesh on EPC basis",FlashReport_April2026.pdf,LARGE_COST_SHIFT,MEDIUM,Original cost changed significantly from 144.0 Cr (2026-03) to 912.5 Cr (2026-04)
618112,2026-04,"Improvement and up-gradation of NH-227B 84 Kosi Parikrama Marg Package I, from km 228.920 Jagarnathpur to Km 235.960/0.000 MakhaudaDham to Km 29.000 Sarpur in the State of Uttar Pradesh on EPC basis",FlashReport_April2026.pdf,EXPENDITURE_DROP,MEDIUM,Cumulative expenditure dropped from 912.5 Cr (2026-03) to 0.0 Cr (2026-04)
618113,2026-01,"Improvement and up-gradation of NH-227B 84 Kosi Parikrama Marg Package III, from Km.47.800 Gosaiganj to Km.73.300 Bikapur in the State of Uttar Pradesh on EPC basis.",FlashReport_January_2026.pdf,EXPENDITURE_DROP,MEDIUM,Cumulative expenditure dropped from 107.68 Cr (2025-06) to 12.78 Cr (2026-01)
618119,2026-03,Rehabilitation and up-gradation to 2-lane configuration of Bageshwar to Kangarchina road from km 129.600 to Km 161.600 Existing Chainage 136.00 to Km 169.00 of NH- 309Ain the State of Uttarakhand Package-IV under NHO Annual Plan 2021-22,FlashReport_March_2026.pdf,EXPENDITURE_DROP,MEDIUM,Cumulative expenditure dropped from 472.23 Cr (2026-02) to 0.0 Cr (2026-03)
618119,2026-05,"Project Assessment, Infrastructure Monitoring and Analytics for Nation-building 1896 Rehabilitation and up-gradation to 2-lane configuration of Bageshwar to Kangarchina road from km 129.600 to Km 161.600 Existing Chainage 136.00 to Km 169.00 of NH- 309Ain the State of Uttarakhand Package-IV under NHO Annual Plan 2021-22",FlashReport_May2026.pdf,PROGRESS_REGRESSION,MEDIUM,Physical progress dropped by 60.0% (from 60.0% in 2026-04 to 0.0% in 2026-05)
618119,2026-06,Rehabilitation and up-gradation to 2-lane configuration of Bageshwar to Kangarchina road from km 129.600 to Km 161.600 Existing Chainage 136.00 to Km 169.00 of NH- 309Ain the State of Uttarakhand Package-IV under NHO Annual Plan 2021-22,FlashReport_June_2026.pdf,EXPENDITURE_DROP,MEDIUM,Cumulative expenditure dropped from 472.23 Cr (2026-05) to 0.0 Cr (2026-06)
618121,2025-12,Improvement to two lane with paved shoulders of NH-319A from km 0 to km 45 in state of Bihar under EPC mode,FlashReport_December_2025.pdf,PROGRESS_REGRESSION,MEDIUM,Physical progress dropped by 80.0% (from 80.0% in 2025-06 to 0.0% in 2025-12)
618125,2026-05,"Project Assessment, Infrastructure Monitoring and Analytics for Nation-building 806 Rehabilitation and upgradation of NH 326A from km 0/0 to 41/979 excluding km 2/255 to 3/372 and km 36/820 to 38/275 Odisha border to Narasamapeta to two lane with paved Shoulders in the State of Andhra Pradesh under NHO on EPC Mode",FlashReport_May2026.pdf,PROGRESS_REGRESSION,MEDIUM,Physical progress dropped by 55.5% (from 100.0% in 2026-04 to 44.45% in 2026-05)
618125,2026-06,Rehabilitation and upgradation of NH 326A from km 0/0 to 41/979 excluding km 2/255 to 3/372 and km 36/820 to 38/275 Odisha border to Narasamapeta to two lane with paved Shoulders in the State of Andhra Pradesh under NHO on EPC Mode,FlashReport_June_2026.pdf,EXPENDITURE_DROP,MEDIUM,Cumulative expenditure dropped from 228.32 Cr (2026-05) to 0.0 Cr (2026-06)
618136,2025-12,Upgradatiobn and Rehabilitation of Section of NH 361 F from Parli 00/000 to Gangakhed 30/400 to Two Lanes with paved shoulder / Four lane configurations on EPC mode in the State of Maharashtra.,FlashReport_December_2025.pdf,EXPENDITURE_DROP,MEDIUM,Cumulative expenditure dropped from 143.66 Cr (2025-06) to 0.0 Cr (2025-12)
618140,2026-05,Widening to two/four lane with paved shoulders from Km.34.250 to Km.71.830 of NH- 365A on Kodad-Khammam-Kurvi road.,FlashReport_May2026.pdf,EXPENDITURE_DROP,MEDIUM,Cumulative expenditure dropped from 445.76 Cr (2026-04) to 18.32 Cr (2026-05)
618141,2025-12,Widening and Improvement of existing carriage way to 2 lane with paved shoulders from Km. 86/160 to 131/730 of Jangaon-Duddeda section of NH-365B in the State of Telangana on EPC Mode,FlashReport_December_2025.pdf,PROGRESS_REGRESSION,MEDIUM,Physical progress dropped by 100.0% (from 100.0% in 2025-06 to 0.0% in 2025-12)
618141,2025-12,Widening and Improvement of existing carriage way to 2 lane with paved shoulders from Km. 86/160 to 131/730 of Jangaon-Duddeda section of NH-365B in the State of Telangana on EPC Mode,FlashReport_December_2025.pdf,EXPENDITURE_DROP,MEDIUM,Cumulative expenditure dropped from 556.44 Cr (2025-06) to 159.94 Cr (2025-12)
618141,2026-04,Widening and Improvement of existing carriage way to 2 lane with paved shoulders from Km. 86/160 to 131/730 of Jangaon-Duddeda section of NH-365B in the State of Telangana on EPC Mode,FlashReport_April2026.pdf,EXPENDITURE_DROP,MEDIUM,Cumulative expenditure dropped from 423.48 Cr (2026-03) to 160.07 Cr (2026-04)
618142,2025-12,Widening to Two lane with Paved shoulders from km.40/410 to 84/037 of Thirumanlagiri-- Suryapet Section of NH-365B earstwhile section of SH-16,FlashReport_December_2025.pdf,EXPENDITURE_DROP,MEDIUM,Cumulative expenditure dropped from 134.02 Cr (2025-06) to 0.0 Cr (2025-12)
618143,2025-12,widening to two lane with Paved shoulders from Km.0/970 to Km.40/410 of Jangaon - Thirumal giriof NH- 365B in the state of Telanganaon EPC mode under NHO Annual Plan 2016-17,FlashReport_December_2025.pdf,EXPENDITURE_DROP,MEDIUM,Cumulative expenditure dropped from 125.53 Cr (2025-06) to 0.0 Cr (2025-12)
618146,2026-05,"Project Assessment, Infrastructure Monitoring and Analytics for Nation-building 952 Estimate for Improvement to two lane with paved shoulder from Ramnagar to Roseda from km 3.500 to 43.000 of NH 527 E on EPC mode in State of Bihar",FlashReport_May2026.pdf,PROGRESS_REGRESSION,MEDIUM,Physical progress dropped by 33.0% (from 33.0% in 2026-04 to 0.0% in 2026-05)
618146,2026-06,Estimate for Improvement to two lane with paved shoulder from Ramnagar to Roseda from km 3.500 to 43.000 of NH 527 E on EPC mode in State of Bihar,FlashReport_June_2026.pdf,EXPENDITURE_DROP,MEDIUM,Cumulative expenditure dropped from 495.16 Cr (2026-05) to 0.0 Cr (2026-06)
618149,2026-04,Widening to two lane with paved shoulders from Km 0.00 to 102.310 Design Chainage of NH-548B Murrum-Maharashtra Border in the State of Karnataka,FlashReport_April2026.pdf,LARGE_COST_SHIFT,MEDIUM,Original cost changed significantly from 111.0 Cr (2026-03) to 957.09 Cr (2026-04)
618149,2026-04,Widening to two lane with paved shoulders from Km 0.00 to 102.310 Design Chainage of NH-548B Murrum-Maharashtra Border in the State of Karnataka,FlashReport_April2026.pdf,EXPENDITURE_DROP,MEDIUM,Cumulative expenditure dropped from 957.09 Cr (2026-03) to 248.13 Cr (2026-04)
618150,2026-04,"Project Assessment, Infrastructure Monitoring and Analytics for Nation-building 1352 Rehabilitation and Up-gradation of i. Deogaon phata to Digras phata Ch. 0/000 to 15/000 & Selu to Borgavhan Ch 20/900 to 35/800 [Length 29.9km] ii. Injegaon Dhamoni to Pohner Phata Ch.58/200 to Ch. 83/700 [Length25.5 km] and iii. Pohner phata to Pathri Design Ch. 42/700 to 58/200 [Length 15.5 km] sections of NH-548B to Two lane with paved shoulder configuartion in the state of Maharashtra on EPC mode Total project length 70.9 Km.",FlashReport_April2026.pdf,LARGE_COST_SHIFT,MEDIUM,Original cost changed significantly from 761.83 Cr (2026-03) to 124.0 Cr (2026-04)
618150,2026-05,Rehabilitation and Up-gradation of i. Deogaon phata to Digras phata Ch. 0/000 to 15/000 & Selu to Borgavhan Ch 20/900 to 35/800 [Length 29.9km] ii. Injegaon Dhamoni to Pohner Phata Ch.58/200 to Ch. 83/700 [Length25.5 km] and iii. Pohner phata to Pathri Design Ch. 42/700 to 58/200 [Length 15.5 km] sections of NH-548B to Two lane with paved shoulder configuartion in the state of Maharashtra on EPC mode Total project length 70.9 Km.,FlashReport_May2026.pdf,LARGE_COST_SHIFT,MEDIUM,Original cost changed significantly from 124.0 Cr (2026-04) to 761.83 Cr (2026-05)
618150,2026-05,Rehabilitation and Up-gradation of i. Deogaon phata to Digras phata Ch. 0/000 to 15/000 & Selu to Borgavhan Ch 20/900 to 35/800 [Length 29.9km] ii. Injegaon Dhamoni to Pohner Phata Ch.58/200 to Ch. 83/700 [Length25.5 km] and iii. Pohner phata to Pathri Design Ch. 42/700 to 58/200 [Length 15.5 km] sections of NH-548B to Two lane with paved shoulder configuartion in the state of Maharashtra on EPC mode Total project length 70.9 Km.,FlashReport_May2026.pdf,EXPENDITURE_DROP,MEDIUM,Cumulative expenditure dropped from 761.83 Cr (2026-04) to 0.0 Cr (2026-05)
618157,2026-05,"Project Assessment, Infrastructure Monitoring and Analytics for Nation-building 1283 Construction of Ater realignment & Bhind bypass Total length. 21.50 km Section of NH-552Extn. to Two lane with paved shoulder configuration in the State of Madhya Pradesh on EPC mode.",FlashReport_May2026.pdf,PROGRESS_REGRESSION,MEDIUM,Physical progress dropped by 68.4% (from 68.41% in 2026-04 to 0.0% in 2026-05)
618157,2026-06,Construction of Ater realignment & Bhind bypass Total length. 21.50 km Section of NH-552Extn. to Two lane with paved shoulder configuration in the State of Madhya Pradesh on EPC mode.,FlashReport_June_2026.pdf,EXPENDITURE_DROP,MEDIUM,Cumulative expenditure dropped from 348.06 Cr (2026-05) to 0.0 Cr (2026-06)
618164,2025-12,Construction of four lane highway with paved shoulder from Km.74.700 to Km.112.950 of NH-731A i/c Yamuna Bridge on HAM in the state of Uttar Pradesh.,FlashReport_December_2025.pdf,EXPENDITURE_DROP,MEDIUM,Cumulative expenditure dropped from 585.86 Cr (2025-06) to 0.0 Cr (2025-12)
618164,2026-02,"Project Assessment, Infrastructure Monitoring and Analytics for Nation-building 1761 Construction of four lane highway with paved shoulder from Km.74.700 to Km.112.950 of NH-731A i/c Yamuna Bridge on HAM in the state of Uttar Pradesh.",FlashReport_February_2026.pdf,PROGRESS_REGRESSION,MEDIUM,Physical progress dropped by 68.0% (from 68.0% in 2026-01 to 0.0% in 2026-02)
618164,2026-02,"Project Assessment, Infrastructure Monitoring and Analytics for Nation-building 1761 Construction of four lane highway with paved shoulder from Km.74.700 to Km.112.950 of NH-731A i/c Yamuna Bridge on HAM in the state of Uttar Pradesh.",FlashReport_February_2026.pdf,LARGE_COST_SHIFT,MEDIUM,Original cost changed significantly from 1141.67 Cr (2026-01) to 155.0 Cr (2026-02)
618164,2026-03,Construction of four lane highway with paved shoulder from Km.74.700 to Km.112.950 of NH-731A i/c Yamuna Bridge on HAM in the state of Uttar Pradesh.,FlashReport_March_2026.pdf,LARGE_COST_SHIFT,MEDIUM,Original cost changed significantly from 155.0 Cr (2026-02) to 1141.67 Cr (2026-03)
618164,2026-03,Construction of four lane highway with paved shoulder from Km.74.700 to Km.112.950 of NH-731A i/c Yamuna Bridge on HAM in the state of Uttar Pradesh.,FlashReport_March_2026.pdf,EXPENDITURE_DROP,MEDIUM,Cumulative expenditure dropped from 1141.67 Cr (2026-02) to 0.0 Cr (2026-03)
618165,2025-12,Construction of 4-lane highway with paved shoulders from Km 49.155 to Km 74.700 of NH-731A on Hybrid Annuity Mode in the state of Uttar Pradesh,FlashReport_December_2025.pdf,LARGE_COST_SHIFT,MEDIUM,Original cost changed significantly from 175.0 Cr (2025-06) to 1156.72 Cr (2025-12)
618165,2025-12,Construction of 4-lane highway with paved shoulders from Km 49.155 to Km 74.700 of NH-731A on Hybrid Annuity Mode in the state of Uttar Pradesh,FlashReport_December_2025.pdf,EXPENDITURE_DROP,MEDIUM,Cumulative expenditure dropped from 209.02 Cr (2025-06) to 0.0 Cr (2025-12)
618166,2025-12,Construction of 4-lane green field highway from Km. 35.000 to Km. 49.155 of NH- 731A with paved shoulders on Hybrid Annuity Mode in the state of Uttar Pradesh,FlashReport_December_2025.pdf,EXPENDITURE_DROP,MEDIUM,Cumulative expenditure dropped from 150.38 Cr (2025-06) to 0.04 Cr (2025-12)
618166,2026-01,"Project Assessment, Infrastructure Monitoring and Analytics for Nation-building 1555 Construction of 4-lane green field highway from Km. 35.000 to Km. 49.155 of NH- 731A with paved shoulders on Hybrid Annuity Mode in the state of Uttar Pradesh",FlashReport_January_2026.pdf,PROGRESS_REGRESSION,MEDIUM,Physical progress dropped by 98.0% (from 98.0% in 2025-12 to 0.04% in 2026-01)
618166,2026-01,"Project Assessment, Infrastructure Monitoring and Analytics for Nation-building 1555 Construction of 4-lane green field highway from Km. 35.000 to Km. 49.155 of NH- 731A with paved shoulders on Hybrid Annuity Mode in the state of Uttar Pradesh",FlashReport_January_2026.pdf,LARGE_COST_SHIFT,MEDIUM,Original cost changed significantly from 697.66 Cr (2025-12) to 125.0 Cr (2026-01)
618166,2026-02,Construction of 4-lane green field highway from Km. 35.000 to Km. 49.155 of NH- 731A with paved shoulders on Hybrid Annuity Mode in the state of Uttar Pradesh,FlashReport_February_2026.pdf,LARGE_COST_SHIFT,MEDIUM,Original cost changed significantly from 125.0 Cr (2026-01) to 697.66 Cr (2026-02)
618166,2026-02,Construction of 4-lane green field highway from Km. 35.000 to Km. 49.155 of NH- 731A with paved shoulders on Hybrid Annuity Mode in the state of Uttar Pradesh,FlashReport_February_2026.pdf,EXPENDITURE_DROP,MEDIUM,Cumulative expenditure dropped from 697.66 Cr (2026-01) to 0.04 Cr (2026-02)
618167,2025-12,Rehabilitation & Upgradation of NH-731A from Km.0.00 to Km.35.00 to 2-lane with paved shoulder under EPC mode,FlashReport_December_2025.pdf,PROGRESS_REGRESSION,MEDIUM,Physical progress dropped by 50.0% (from 100.0% in 2025-06 to 50.0% in 2025-12)
618167,2025-12,Rehabilitation & Upgradation of NH-731A from Km.0.00 to Km.35.00 to 2-lane with paved shoulder under EPC mode,FlashReport_December_2025.pdf,EXPENDITURE_DROP,MEDIUM,Cumulative expenditure dropped from 831.75 Cr (2025-06) to 0.0 Cr (2025-12)
618168,2025-12,Widening to four lane with paved shoulder from Design Km.49.200 to Km.89.285 of NH-731B on EPC mode in the state of Uttar Pradesh,FlashReport_December_2025.pdf,PROGRESS_REGRESSION,MEDIUM,Physical progress dropped by 50.0% (from 100.0% in 2025-06 to 50.0% in 2025-12)
618168,2025-12,Widening to four lane with paved shoulder from Design Km.49.200 to Km.89.285 of NH-731B on EPC mode in the state of Uttar Pradesh,FlashReport_December_2025.pdf,EXPENDITURE_DROP,MEDIUM,Cumulative expenditure dropped from 480.77 Cr (2025-06) to 116.91 Cr (2025-12)
618168,2026-06,"Project Assessment, Infrastructure Monitoring and Analytics for Nation-building 1677 Widening to four lane with paved shoulder from Design Km.49.200 to Km.89.285 of NH-731B on EPC mode in the state of Uttar Pradesh",FlashReport_June_2026.pdf,LARGE_COST_SHIFT,MEDIUM,Original cost changed significantly from 917.91 Cr (2026-05) to 148.0 Cr (2026-06)
618169,2026-06,Construction of Two Lane with paved shoulder highway from Design Ch.0.000 to Ch.49.2OO of NH-731B on EPC Mode,FlashReport_June_2026.pdf,EXPENDITURE_DROP,MEDIUM,Cumulative expenditure dropped from 640.18 Cr (2026-05) to 265.25 Cr (2026-06)
618172,2025-12,Paithan - Shirur section 2LPS Km 0.0 to 55.00,FlashReport_December_2025.pdf,EXPENDITURE_DROP,MEDIUM,Cumulative expenditure dropped from 226.19 Cr (2025-06) to 0.0 Cr (2025-12)
618175,2025-12,Rehabilitation and Upgradation of Satana to Mangrul Chandwad Section of NH752 G Design Ch Km 64.000 to Ch Km 101.140 two lane with paved shoulder/four lane configuration in the state of Maharashtra on EPC mode.,FlashReport_December_2025.pdf,EXPENDITURE_DROP,MEDIUM,Cumulative expenditure dropped from 54.11 Cr (2025-06) to 0.0 Cr (2025-12)
618175,2026-06,"Project Assessment, Infrastructure Monitoring and Analytics for Nation-building 1288 Rehabilitation and Upgradation of Satana to Mangrul Chandwad Section of NH752 G Design Ch Km 64.000 to Ch Km 101.140 two lane with paved shoulder/four lane configuration in the state of Maharashtra on EPC mode.",FlashReport_June_2026.pdf,PROGRESS_REGRESSION,MEDIUM,Physical progress dropped by 93.5% (from 93.46% in 2026-05 to 0.0% in 2026-06)
618177,2025-12,Pal Phata Phulambri - Khultabad 2LPS,FlashReport_December_2025.pdf,EXPENDITURE_DROP,MEDIUM,Cumulative expenditure dropped from 141.92 Cr (2025-06) to 0.0 Cr (2025-12)
618187,2026-04,"Project Assessment, Infrastructure Monitoring and Analytics for Nation-building 1798 Rehabilitation and upgradation of Salon - Jais - Jagdishpur Road section of NH-931A, from design Chainage km 0.000 to km 5.740 to four lane divided carriageway and from design Chainage km 5.740 to km 53.500 to two lane with paved Total length km 53.500 along with One time improvement in 04 no's of realigned/bypassed built-up areas in a total length of 9.732 km in the state of Uttar Pradesh on EPC mode",FlashReport_April2026.pdf,LARGE_COST_SHIFT,MEDIUM,Original cost changed significantly from 947.15 Cr (2026-03) to 150.0 Cr (2026-04)
618187,2026-05,"Rehabilitation and upgradation of Salon - Jais - Jagdishpur Road section of NH-931A, from design Chainage km 0.000 to km 5.740 to four lane divided carriageway and from design Chainage km 5.740 to km 53.500 to two lane with paved Total length km 53.500 along with One time improvement in 04 no's of realigned/bypassed built-up areas in a total length of 9.732 km in the state of Uttar Pradesh on EPC mode",FlashReport_May2026.pdf,LARGE_COST_SHIFT,MEDIUM,Original cost changed significantly from 150.0 Cr (2026-04) to 947.15 Cr (2026-05)
618187,2026-05,"Rehabilitation and upgradation of Salon - Jais - Jagdishpur Road section of NH-931A, from design Chainage km 0.000 to km 5.740 to four lane divided carriageway and from design Chainage km 5.740 to km 53.500 to two lane with paved Total length km 53.500 along with One time improvement in 04 no's of realigned/bypassed built-up areas in a total length of 9.732 km in the state of Uttar Pradesh on EPC mode",FlashReport_May2026.pdf,EXPENDITURE_DROP,MEDIUM,Cumulative expenditure dropped from 947.15 Cr (2026-04) to 0.0 Cr (2026-05)
618189,2026-04,"Project Assessment, Infrastructure Monitoring and Analytics for Nation-building 1195 Widening to Two Lane with Paved Shoulder of NH-73 New Spur Road Ujire - Dharmasthala - Periyashanthi in the State of Karnataka under on HAM under NHO Annual Plan 2023-24Job No NH-73Spur-KNT-2023-24-996",FlashReport_April2026.pdf,LARGE_COST_SHIFT,MEDIUM,Original cost changed significantly from 613.65 Cr (2026-03) to 115.0 Cr (2026-04)
618189,2026-05,Widening to Two Lane with Paved Shoulder of NH-73 New Spur Road Ujire - Dharmasthala - Periyashanthi in the State of Karnataka under on HAM under NHO Annual Plan 2023-24Job No NH-73Spur-KNT-2023-24-996,FlashReport_May2026.pdf,LARGE_COST_SHIFT,MEDIUM,Original cost changed significantly from 115.0 Cr (2026-04) to 613.65 Cr (2026-05)
618189,2026-05,Widening to Two Lane with Paved Shoulder of NH-73 New Spur Road Ujire - Dharmasthala - Periyashanthi in the State of Karnataka under on HAM under NHO Annual Plan 2023-24Job No NH-73Spur-KNT-2023-24-996,FlashReport_May2026.pdf,EXPENDITURE_DROP,MEDIUM,Cumulative expenditure dropped from 613.65 Cr (2026-04) to 0.0 Cr (2026-05)
618190,2025-12,Widening to two lane with paved shoulders of 'Bodhan Basar Bhainsa ' section from Km 38/900 to 95/300 of NH-161BB in the state of Telangana under Annual Plan 2021- 22 on EPC Mode under NH O.,FlashReport_December_2025.pdf,PROGRESS_REGRESSION,MEDIUM,Physical progress dropped by 93.6% (from 93.6% in 2025-06 to 0.0% in 2025-12)
618192,2025-12,"Project Assessment, Infrastructure Monitoring and Analytics for Nation-building 760 Duttalur at NH-565 Junction to Kavali Joining on NH-16 Chainage Km. 36/400 to Km. 107/224 excluding the stretch from Km 101.880 to 105.300 67.404 Km of NH-167BG from in the State of Andhra Pradesh on EPC mode",FlashReport_December_2025.pdf,PROGRESS_REGRESSION,MEDIUM,Physical progress dropped by 83.6% (from 83.59% in 2025-06 to 0.0% in 2025-12)
618192,2025-12,"Project Assessment, Infrastructure Monitoring and Analytics for Nation-building 760 Duttalur at NH-565 Junction to Kavali Joining on NH-16 Chainage Km. 36/400 to Km. 107/224 excluding the stretch from Km 101.880 to 105.300 67.404 Km of NH-167BG from in the State of Andhra Pradesh on EPC mode",FlashReport_December_2025.pdf,LARGE_COST_SHIFT,MEDIUM,Original cost changed significantly from 423.67 Cr (2025-06) to 76.0 Cr (2025-12)
618192,2026-01,Duttalur at NH-565 Junction to Kavali Joining on NH-16 Chainage Km. 36/400 to Km. 107/224 excluding the stretch from Km 101.880 to 105.300 67.404 Km of NH-167BG from in the State of Andhra Pradesh on EPC mode,FlashReport_January_2026.pdf,LARGE_COST_SHIFT,MEDIUM,Original cost changed significantly from 76.0 Cr (2025-12) to 423.67 Cr (2026-01)
618192,2026-01,Duttalur at NH-565 Junction to Kavali Joining on NH-16 Chainage Km. 36/400 to Km. 107/224 excluding the stretch from Km 101.880 to 105.300 67.404 Km of NH-167BG from in the State of Andhra Pradesh on EPC mode,FlashReport_January_2026.pdf,EXPENDITURE_DROP,MEDIUM,Cumulative expenditure dropped from 423.67 Cr (2025-12) to 0.0 Cr (2026-01)
618196,2025-12,Widening to 2 lane with Paved Shoulders of Siddipet-Elkathurthy section from Km 69/978 to km 133/619 of NH-765DG in the State of Telangana under Annual plan 2021-22 on EPC mode,FlashReport_December_2025.pdf,EXPENDITURE_DROP,MEDIUM,Cumulative expenditure dropped from 292.69 Cr (2025-06) to 0.0 Cr (2025-12)
618200,2025-12,Construction of 2 lane with Paved Shoulder for Northern Bypass Phase-II of Kota city in the State of Rajasthan.,FlashReport_December_2025.pdf,EXPENDITURE_DROP,MEDIUM,Cumulative expenditure dropped from 136.23 Cr (2025-06) to 5.97 Cr (2025-12)
618208,2026-04,"Project Assessment, Infrastructure Monitoring and Analytics for Nation-building 1884 Construction and upgradation of existing road to 2-lane with paved shoulder from existing chainage Km 509.725 to Km 528.000 design chainage Km 490.550 to Km 507.850 of NH-58 new NH-07 Benakuli bend to Mana Village in EPC mode under Chardham Programme in the State of Uttarakhand.",FlashReport_April2026.pdf,PROGRESS_REGRESSION,MEDIUM,Physical progress dropped by 95.0% (from 95.0% in 2026-03 to 0.0% in 2026-04)
618208,2026-05,Construction and upgradation of existing road to 2-lane with paved shoulder from existing chainage Km 509.725 to Km 528.000 design chainage Km 490.550 to Km 507.850 of NH-58 new NH-07 Benakuli bend to Mana Village in EPC mode under Chardham Programme in the State of Uttarakhand.,FlashReport_May2026.pdf,EXPENDITURE_DROP,MEDIUM,Cumulative expenditure dropped from 180.1 Cr (2026-04) to 0.0 Cr (2026-05)
618215,2026-04,"Improvement/construction of existing CL-5 Road to NH Intermediate lane specification with hard shoulder from Km 166.000 to 203.77 net Length 37.770 kms of NH-505 Sumdo-Kaza-Gramphoo road in the state of Himachal Pradesh on EPC mode under project Deepak, BRO Himachal Pradesh 06/2021",FlashReport_April2026.pdf,EXPENDITURE_DROP,MEDIUM,Cumulative expenditure dropped from 274.36 Cr (2026-03) to 0.0 Cr (2026-04)
618216,2025-12,"Improvement/construction of existing CL-5 Road to NH Intermediate lane specification with hard shoulder from Km 133.000 to 166.000 net Length 33.000 kms of NH-505 Sumdo-Kaza-Gramphoo road in the state of Himachal Pradesh on EPC mode under project Deepak, BRO Himachal Pradesh 03/2021",FlashReport_December_2025.pdf,PROGRESS_REGRESSION,MEDIUM,Physical progress dropped by 28.0% (from 28.0% in 2025-06 to 0.0% in 2025-12)
618217,2025-12,Improvement/construction of existing Class-5 Road to NH Intermediate lane specification with hard shoulder from existing Km 76/340 to 134/940 Design chainage from Km 76/300 to 133/000 net Length 56.700 kms of NH-505 Sumdo-Kaza- Gramphoo road in the state of Himachal Pradesh Package I Himachal Pradesh 03/2021,FlashReport_December_2025.pdf,PROGRESS_REGRESSION,MEDIUM,Physical progress dropped by 47.0% (from 47.0% in 2025-06 to 0.0% in 2025-12)
618217,2026-03,Improvement/construction of existing Class-5 Road to NH Intermediate lane specification with hard shoulder from existing Km 76/340 to 134/940 Design chainage from Km 76/300 to 133/000 net Length 56.700 kms of NH-505 Sumdo-Kaza- Gramphoo road in the state of Himachal Pradesh Package I Himachal Pradesh 03/2021,FlashReport_March_2026.pdf,EXPENDITURE_DROP,MEDIUM,Cumulative expenditure dropped from 314.67 Cr (2026-02) to 76.97 Cr (2026-03)
618218,2026-03,"Project Assessment, Infrastructure Monitoring and Analytics for Nation-building 1850 Rehabilitation & upgradation of existing road to 2-lane with hard shoulder from Joshimath km 0.00 to Saraithota km 29.725 road on NH-107B under Bharatmala Pariyojna on EPC mode in the state of Uttarakhand",FlashReport_March_2026.pdf,PROGRESS_REGRESSION,MEDIUM,Physical progress dropped by 76.0% (from 76.0% in 2026-02 to 0.0% in 2026-03)
618218,2026-04,Rehabilitation & upgradation of existing road to 2-lane with hard shoulder from Joshimath km 0.00 to Saraithota km 29.725 road on NH-107B under Bharatmala Pariyojna on EPC mode in the state of Uttarakhand,FlashReport_April2026.pdf,EXPENDITURE_DROP,MEDIUM,Cumulative expenditure dropped from 338.38 Cr (2026-03) to 0.0 Cr (2026-04)
618228,2025-12,construction of a new 4 lane Parallel to existing MG Setu with its approaces from km 0.00 to km 14.500 across river Ganga on NH-19 at Patna in the state of Bihar.,FlashReport_December_2025.pdf,EXPENDITURE_DROP,MEDIUM,Cumulative expenditure dropped from 1354.63 Cr (2025-06) to 0.0 Cr (2025-12)
618229,2025-12,Rehabilitation and upgradation to 2-lane with paved sholuders configuration of Near Karri village-Etawah section Km30.000 to Km 57.346 Pakage-II of NH-92 in state of Uttar Pradesh undergreen national Highway Corridor ProjectGNHCP with the loan assistance of world Bank on EPC mode.,FlashReport_December_2025.pdf,EXPENDITURE_DROP,MEDIUM,Cumulative expenditure dropped from 147.58 Cr (2025-06) to 0.0 Cr (2025-12)
618230,2025-12,Rehabilitation and Upgradation to 2-lane configuration of Kalwahn-Mandi Section km 208.950 to 250.592 of NH-70 in the State of Himachal Pradesh under Green National Highways Corridor Project GNHCP with the loan assistance of World Bank on EPC mode.Package-3 Himachal Pradesh 08/2020,FlashReport_December_2025.pdf,PROGRESS_REGRESSION,MEDIUM,Physical progress dropped by 51.0% (from 51.0% in 2025-06 to 0.0% in 2025-12)
618230,2026-05,"Project Assessment, Infrastructure Monitoring and Analytics for Nation-building 1098 Rehabilitation and Upgradation to 2-lane configuration of Kalwahn-Mandi Section km 208.950 to 250.592 of NH-70 in the State of Himachal Pradesh under Green National Highways Corridor Project GNHCP with the loan assistance of World Bank on EPC mode.Package-3 Himachal Pradesh 08/2020",FlashReport_May2026.pdf,PROGRESS_REGRESSION,MEDIUM,Physical progress dropped by 67.9% (from 67.92% in 2026-04 to 0.0% in 2026-05)
618230,2026-06,Rehabilitation and Upgradation to 2-lane configuration of Kalwahn-Mandi Section km 208.950 to 250.592 of NH-70 in the State of Himachal Pradesh under Green National Highways Corridor Project GNHCP with the loan assistance of World Bank on EPC mode.Package-3 Himachal Pradesh 08/2020,FlashReport_June_2026.pdf,EXPENDITURE_DROP,MEDIUM,Cumulative expenditure dropped from 314.32 Cr (2026-05) to 0.0 Cr (2026-06)
618231,2025-12,Rehabilitation and Upgradation to 2-lane configuration of Hamirpur-Karnohal Section km 141.00 to 181.00 of NH-70 in the State of Himachal Pradesh under Green National Highways Corridor Project GNHCP with the loan assistance of World Bank on EPC mode.Package-1 Himachal Pradesh 08/2020,FlashReport_December_2025.pdf,PROGRESS_REGRESSION,MEDIUM,Physical progress dropped by 81.0% (from 81.0% in 2025-06 to 0.0% in 2025-12)
618233,2025-12,Construction of 6-lane bridge on Ganga on NH-96 and its approaches in Phaphamau Allahabad on EPC mode,FlashReport_December_2025.pdf,EXPENDITURE_DROP,MEDIUM,Cumulative expenditure dropped from 1146.61 Cr (2025-06) to 0.0 Cr (2025-12)
618234,2026-03,"Project Assessment, Infrastructure Monitoring and Analytics for Nation-building 925 Construction of a new 4-lane major bridge across river Kosi at Phulaut including Rehabilitation and upgradation of existing Birpur and Bihpur section of NH-106 from km 106.000 to km 136.000 to 2-lane with paved shoulders in the State of Bihar on EPC mode",FlashReport_March_2026.pdf,LARGE_COST_SHIFT,MEDIUM,Original cost changed significantly from 1478.4 Cr (2026-02) to 98.0 Cr (2026-03)
618234,2026-04,Construction of a new 4-lane major bridge across river Kosi at Phulaut including Rehabilitation and upgradation of existing Birpur and Bihpur section of NH-106 from km 106.000 to km 136.000 to 2-lane with paved shoulders in the State of Bihar on EPC mode,FlashReport_April2026.pdf,LARGE_COST_SHIFT,MEDIUM,Original cost changed significantly from 98.0 Cr (2026-03) to 1478.4 Cr (2026-04)
618238,2025-12,Rehabilitation and Up-gradation of Thimmapuram to Gurajanapalli section from Km 26/150 to Km 41/161 of NH - 214 New NH - 216 to two lane with paved shoulder in the state of Andhra Pradesh under NHDP-IV,FlashReport_December_2025.pdf,PROGRESS_REGRESSION,MEDIUM,Physical progress dropped by 98.2% (from 98.2% in 2025-06 to 0.0% in 2025-12)
618238,2025-12,Rehabilitation and Up-gradation of Thimmapuram to Gurajanapalli section from Km 26/150 to Km 41/161 of NH - 214 New NH - 216 to two lane with paved shoulder in the state of Andhra Pradesh under NHDP-IV,FlashReport_December_2025.pdf,EXPENDITURE_DROP,MEDIUM,Cumulative expenditure dropped from 390.28 Cr (2025-06) to 0.0 Cr (2025-12)
618240,2025-12,Rehabilitation and upgradation to 2-lane with paved sholuders configuration of Bewar- naer Karri village section Km0.00 to Km30.00 Pakage-I of NH-92 in state of Uttar Pradesh undergreen national Highway Corridor ProjectGNHCP with the loan assistance of world Bank on EPC mode.,FlashReport_December_2025.pdf,EXPENDITURE_DROP,MEDIUM,Cumulative expenditure dropped from 145.95 Cr (2025-06) to 0.0 Cr (2025-12)
618243,2026-01,Construction of Basti Ring Road Phase-I with 4L configuration for Basti City in the state of Uttar Pradesh on HAM mode,FlashReport_January_2026.pdf,EXPENDITURE_DROP,MEDIUM,Cumulative expenditure dropped from 263.7 Cr (2025-06) to 0.0 Cr (2026-01)
618244,2026-01,Construction of Raebareli Ring Road Phase-2 with four Lane configuration for Raebareli City in the state of Uttar Pradesh on Hybrid Annuity Model HAM basis,FlashReport_January_2026.pdf,EXPENDITURE_DROP,MEDIUM,Cumulative expenditure dropped from 330.15 Cr (2025-06) to 0.0 Cr (2026-01)
618244,2026-03,"Project Assessment, Infrastructure Monitoring and Analytics for Nation-building 1763 Construction of Raebareli Ring Road Phase-2 with four Lane configuration for Raebareli City in the state of Uttar Pradesh on Hybrid Annuity Model HAM basis",FlashReport_March_2026.pdf,PROGRESS_REGRESSION,MEDIUM,Physical progress dropped by 35.0% (from 35.0% in 2026-02 to 0.0% in 2026-03)
618244,2026-03,"Project Assessment, Infrastructure Monitoring and Analytics for Nation-building 1763 Construction of Raebareli Ring Road Phase-2 with four Lane configuration for Raebareli City in the state of Uttar Pradesh on Hybrid Annuity Model HAM basis",FlashReport_March_2026.pdf,LARGE_COST_SHIFT,MEDIUM,Original cost changed significantly from 1273.72 Cr (2026-02) to 145.0 Cr (2026-03)
618244,2026-04,Construction of Raebareli Ring Road Phase-2 with four Lane configuration for Raebareli City in the state of Uttar Pradesh on Hybrid Annuity Model HAM basis,FlashReport_April2026.pdf,LARGE_COST_SHIFT,MEDIUM,Original cost changed significantly from 145.0 Cr (2026-03) to 1273.72 Cr (2026-04)
618244,2026-04,Construction of Raebareli Ring Road Phase-2 with four Lane configuration for Raebareli City in the state of Uttar Pradesh on Hybrid Annuity Model HAM basis,FlashReport_April2026.pdf,EXPENDITURE_DROP,MEDIUM,Cumulative expenditure dropped from 1273.72 Cr (2026-03) to 0.0 Cr (2026-04)
618246,2025-12,Construction of New 4-Lane Bridge Parallel to existing Vikramashila Setufrom km 8920 to Km 13375including approach road 35m Naugachhia side &53 m Bhagalpur sideacross River Ganga on newly declared NH-131B at Bhagalpur in the State of Bihar,FlashReport_December_2025.pdf,EXPENDITURE_DROP,MEDIUM,Cumulative expenditure dropped from 478.96 Cr (2025-06) to 0.0 Cr (2025-12)
618246,2026-04,"Project Assessment, Infrastructure Monitoring and Analytics for Nation-building 953 Construction of New 4-Lane Bridge Parallel to existing Vikramashila Setufrom km 8920 to Km 13375including approach road 35m Naugachhia side &53 m Bhagalpur sideacross River Ganga on newly declared NH-131B at Bhagalpur in the State of Bihar",FlashReport_April2026.pdf,PROGRESS_REGRESSION,MEDIUM,Physical progress dropped by 48.7% (from 48.74% in 2026-03 to 0.0% in 2026-04)
618246,2026-04,"Project Assessment, Infrastructure Monitoring and Analytics for Nation-building 953 Construction of New 4-Lane Bridge Parallel to existing Vikramashila Setufrom km 8920 to Km 13375including approach road 35m Naugachhia side &53 m Bhagalpur sideacross River Ganga on newly declared NH-131B at Bhagalpur in the State of Bihar",FlashReport_April2026.pdf,LARGE_COST_SHIFT,MEDIUM,Original cost changed significantly from 1110.23 Cr (2026-03) to 101.0 Cr (2026-04)
618246,2026-05,Construction of New 4-Lane Bridge Parallel to existing Vikramashila Setufrom km 8920 to Km 13375including approach road 35m Naugachhia side &53 m Bhagalpur sideacross River Ganga on newly declared NH-131B at Bhagalpur in the State of Bihar,FlashReport_May2026.pdf,LARGE_COST_SHIFT,MEDIUM,Original cost changed significantly from 101.0 Cr (2026-04) to 1110.23 Cr (2026-05)
618246,2026-05,Construction of New 4-Lane Bridge Parallel to existing Vikramashila Setufrom km 8920 to Km 13375including approach road 35m Naugachhia side &53 m Bhagalpur sideacross River Ganga on newly declared NH-131B at Bhagalpur in the State of Bihar,FlashReport_May2026.pdf,EXPENDITURE_DROP,MEDIUM,Cumulative expenditure dropped from 1110.23 Cr (2026-04) to 0.0 Cr (2026-05)
618249,2026-01,Widening to 4 lane from km. 108.50 to km 139.00 of NH-135A Pkg-II Jaunpur Akbarpur section on Hybrid Annuity Mode in the state of Uttar Pradesh,FlashReport_January_2026.pdf,EXPENDITURE_DROP,MEDIUM,Cumulative expenditure dropped from 154.69 Cr (2025-06) to 0.0 Cr (2026-01)
618250,2025-12,Construction of 6-Lane Elevated / Extra Dose Cable Bridge on River Ganga parallel to & Western side of Digha-Sonepur Rail cum-Road Bridge of NH 139W in the State of Bihar,FlashReport_December_2025.pdf,EXPENDITURE_DROP,MEDIUM,Cumulative expenditure dropped from 142.38 Cr (2025-06) to 0.0 Cr (2025-12)
618252,2026-01,"Improvement and Up-gradation to two Lane with Paved Shoulder/Four Lane configuration from existing Km 130.000 to Km 191.000 design km 131.500 to Km 188.735, Design length 57.235 Km of NH-227A near Barhalganj to Mehrauna Ghat in the state of Uttar Pradesh on Hybrid Annuity Model HAM basis",FlashReport_January_2026.pdf,EXPENDITURE_DROP,MEDIUM,Cumulative expenditure dropped from 616.12 Cr (2025-06) to 0.46 Cr (2026-01)
618262,2026-02,"Project Assessment, Infrastructure Monitoring and Analytics for Nation-building 1778 Construction of Deoria Bypass from existing Km. 27.140 to existing Km. 46.780 Design Km. 49.109 on NH727A Design length 21.969 Km. to four lane with paved shoulder configuration under Hybrid Annuity Mode HAM in the State of Uttar Pradesh",FlashReport_February_2026.pdf,LARGE_COST_SHIFT,MEDIUM,Original cost changed significantly from 1734.7 Cr (2026-01) to 156.0 Cr (2026-02)
618262,2026-03,Construction of Deoria Bypass from existing Km. 27.140 to existing Km. 46.780 Design Km. 49.109 on NH727A Design length 21.969 Km. to four lane with paved shoulder configuration under Hybrid Annuity Mode HAM in the State of Uttar Pradesh,FlashReport_March_2026.pdf,LARGE_COST_SHIFT,MEDIUM,Original cost changed significantly from 156.0 Cr (2026-02) to 1734.7 Cr (2026-03)
618262,2026-03,Construction of Deoria Bypass from existing Km. 27.140 to existing Km. 46.780 Design Km. 49.109 on NH727A Design length 21.969 Km. to four lane with paved shoulder configuration under Hybrid Annuity Mode HAM in the State of Uttar Pradesh,FlashReport_March_2026.pdf,EXPENDITURE_DROP,MEDIUM,Cumulative expenditure dropped from 1734.7 Cr (2026-02) to 0.0 Cr (2026-03)
618263,2026-01,"Rehabilitation and Up-gradation to 2LPS from Km. 0.000 to Km. 7.800 and Km. 35.400 to Km. 52.345 Design length 24.745 Km., except Bihar portion of NH-727B Tamkuhiraj to Bihar Border and Bihar Border to Majhauli on EPC mode in the State of Uttar Pradesh",FlashReport_January_2026.pdf,EXPENDITURE_DROP,MEDIUM,Cumulative expenditure dropped from 270.54 Cr (2025-06) to 0.0 Cr (2026-01)
618265,2025-12,Rehabilitation and upgradation to 2-lane with paved sholuders configuration of Miranpur Katra to radhaita section of NH-730CKm.114.000 to Km 137.250pakage-III in state of Uttar Pradesh undergreen national Highway Corridor ProjectGNHCP with the loan assistance of world Bank on EPC mode.,FlashReport_December_2025.pdf,EXPENDITURE_DROP,MEDIUM,Cumulative expenditure dropped from 106.06 Cr (2025-06) to 0.0 Cr (2025-12)
618265,2026-05,"Project Assessment, Infrastructure Monitoring and Analytics for Nation-building 1824 Rehabilitation and upgradation to 2-lane with paved sholuders configuration of Miranpur Katra to radhaita section of NH-730CKm.114.000 to Km 137.250pakage-III in state of Uttar Pradesh undergreen national Highway Corridor ProjectGNHCP with the loan assistance of world Bank on EPC mode.",FlashReport_May2026.pdf,PROGRESS_REGRESSION,MEDIUM,Physical progress dropped by 89.0% (from 89.0% in 2026-04 to 0.0% in 2026-05)
618266,2025-12,Rehabilitation and upgradation to 2-lane with paved sholuders configuration of Bewar- Allahaganj- section of NH-730CKm.0.000 to Km 52.770pakage-I in state of Uttar Pradesh undergreen national Highway Corridor ProjectGNHCP with the loan assistance of world Bank on EPC mode.,FlashReport_December_2025.pdf,EXPENDITURE_DROP,MEDIUM,Cumulative expenditure dropped from 284.35 Cr (2025-06) to 0.0 Cr (2025-12)
618266,2026-01,"Project Assessment, Infrastructure Monitoring and Analytics for Nation-building 1574 Rehabilitation and upgradation to 2-lane with paved sholuders configuration of Bewar- Allahaganj- section of NH-730CKm.0.000 to Km 52.770pakage-I in state of Uttar Pradesh undergreen national Highway Corridor ProjectGNHCP with the loan assistance of world Bank on EPC mode.",FlashReport_January_2026.pdf,PROGRESS_REGRESSION,MEDIUM,Physical progress dropped by 98.0% (from 98.0% in 2025-12 to 0.0% in 2026-01)
618266,2026-02,Rehabilitation and upgradation to 2-lane with paved sholuders configuration of Bewar- Allahaganj- section of NH-730CKm.0.000 to Km 52.770pakage-I in state of Uttar Pradesh undergreen national Highway Corridor ProjectGNHCP with the loan assistance of world Bank on EPC mode.,FlashReport_February_2026.pdf,EXPENDITURE_DROP,MEDIUM,Cumulative expenditure dropped from 325.24 Cr (2026-01) to 0.0 Cr (2026-02)
618266,2026-04,"Project Assessment, Infrastructure Monitoring and Analytics for Nation-building 1813 Rehabilitation and upgradation to 2-lane with paved sholuders configuration of Bewar- Allahaganj- section of NH-730C Km.0.000 to Km 52.770 pakage-I in state of Uttar Pradesh undergreen national Highway Corridor Project GNHCP with the loan assistance of world Bank on EPC mode.",FlashReport_April2026.pdf,PROGRESS_REGRESSION,MEDIUM,Physical progress dropped by 98.0% (from 98.0% in 2026-03 to 0.0% in 2026-04)
618266,2026-05,Rehabilitation and upgradation to 2-lane with paved sholuders configuration of Bewar- Allahaganj- section of NH-730C Km.0.000 to Km 52.770 pakage-I in state of Uttar Pradesh undergreen national Highway Corridor Project GNHCP with the loan assistance of world Bank on EPC mode.,FlashReport_May2026.pdf,EXPENDITURE_DROP,MEDIUM,Cumulative expenditure dropped from 325.24 Cr (2026-04) to 0.0 Cr (2026-05)
618282,2025-12,4-L Bilasipara-Guwahati Package-10,FlashReport_December_2025.pdf,EXPENDITURE_DROP,MEDIUM,Cumulative expenditure dropped from 425.17 Cr (2025-06) to 0.0 Cr (2025-12)
618283,2025-12,4-L Bilasipara-Guwahati Package-9,FlashReport_December_2025.pdf,EXPENDITURE_DROP,MEDIUM,Cumulative expenditure dropped from 308.11 Cr (2025-06) to 0.0 Cr (2025-12)
618285,2025-12,Widening/Improvement to 4 -Lane with Paved Shoulder from Ch. 88.000km to Ch.99.930 km Design Ch.84.100km to Ch.96.000 km of Sagunbashi forest near Nichinta to starting of Krishnai Bypass Section of Bilasipura Guwahati road NH 17 on EPC Package-7,FlashReport_December_2025.pdf,EXPENDITURE_DROP,MEDIUM,Cumulative expenditure dropped from 159.3 Cr (2025-06) to 0.0 Cr (2025-12)
618286,2025-12,"Project Assessment, Infrastructure Monitoring and Analytics for Nation-building 805 Construction of New 2-Lane Bridge with its approaches from km 0000 to Km 4385 across River Brahmaputra on NH-17 at Jogighopa in Assam on EPC mode",FlashReport_December_2025.pdf,PROGRESS_REGRESSION,MEDIUM,Physical progress dropped by 67.8% (from 67.85% in 2025-06 to 0.0% in 2025-12)
618286,2025-12,"Project Assessment, Infrastructure Monitoring and Analytics for Nation-building 805 Construction of New 2-Lane Bridge with its approaches from km 0000 to Km 4385 across River Brahmaputra on NH-17 at Jogighopa in Assam on EPC mode",FlashReport_December_2025.pdf,LARGE_COST_SHIFT,MEDIUM,Original cost changed significantly from 746.76 Cr (2025-06) to 78.0 Cr (2025-12)
618286,2026-01,Construction of New 2-Lane Bridge with its approaches from km 0000 to Km 4385 across River Brahmaputra on NH-17 at Jogighopa in Assam on EPC mode,FlashReport_January_2026.pdf,LARGE_COST_SHIFT,MEDIUM,Original cost changed significantly from 78.0 Cr (2025-12) to 746.76 Cr (2026-01)
618288,2026-04,"Project Assessment, Infrastructure Monitoring and Analytics for Nation-building 891 Widening/lmprovement to 4-Lane with Paved Shoulder from Ch.5.580 Km to Ch.25.633 Km Design Ch.0.000 Km to Ch.17.737km Km 901.100 to Km 921.145 of old NH-31 of Bilasipara- Guwahati road NH-17 Section Near Chirakuta to near Mowatari, before Chapar Bypass in the state ol Assam on HAM mode Package-1",FlashReport_April2026.pdf,PROGRESS_REGRESSION,MEDIUM,Physical progress dropped by 25.1% (from 25.08% in 2026-03 to 0.0% in 2026-04)
618288,2026-04,"Project Assessment, Infrastructure Monitoring and Analytics for Nation-building 891 Widening/lmprovement to 4-Lane with Paved Shoulder from Ch.5.580 Km to Ch.25.633 Km Design Ch.0.000 Km to Ch.17.737km Km 901.100 to Km 921.145 of old NH-31 of Bilasipara- Guwahati road NH-17 Section Near Chirakuta to near Mowatari, before Chapar Bypass in the state ol Assam on HAM mode Package-1",FlashReport_April2026.pdf,LARGE_COST_SHIFT,MEDIUM,Original cost changed significantly from 1081.15 Cr (2026-03) to 97.0 Cr (2026-04)
618288,2026-05,"Widening/lmprovement to 4-Lane with Paved Shoulder from Ch.5.580 Km to Ch.25.633 Km Design Ch.0.000 Km to Ch.17.737km Km 901.100 to Km 921.145 of old NH-31 of Bilasipara- Guwahati road NH-17 Section Near Chirakuta to near Mowatari, before Chapar Bypass in the state ol Assam on HAM mode Package-1",FlashReport_May2026.pdf,LARGE_COST_SHIFT,MEDIUM,Original cost changed significantly from 97.0 Cr (2026-04) to 1081.15 Cr (2026-05)
618288,2026-05,"Widening/lmprovement to 4-Lane with Paved Shoulder from Ch.5.580 Km to Ch.25.633 Km Design Ch.0.000 Km to Ch.17.737km Km 901.100 to Km 921.145 of old NH-31 of Bilasipara- Guwahati road NH-17 Section Near Chirakuta to near Mowatari, before Chapar Bypass in the state ol Assam on HAM mode Package-1",FlashReport_May2026.pdf,EXPENDITURE_DROP,MEDIUM,Cumulative expenditure dropped from 1081.15 Cr (2026-04) to 0.0 Cr (2026-05)
618289,2025-12,Construction and up gradation to 4-Lane of existing two lane with paved shoulder from Hapachara to Tulungia road of NH-117 of existing Km 0.00 to km 14.050 and Design Km 0.000 to km 14.660 under BMP on EPC mode,FlashReport_December_2025.pdf,PROGRESS_REGRESSION,MEDIUM,Physical progress dropped by 97.8% (from 97.76% in 2025-06 to 0.0% in 2025-12)
618290,2025-12,"Construction of 2-lane with Paved shoulder of Kohima- Bypass Road Connecting NH- 39New NH-02, NH-150New NH-02, NH-61New NH-29, NH-39New NH-02 from Design Km 32.00 to Design Km 43.454Design Length-11.454 Km in the State of Nagaland under SARDP-NE on EPC Mode Package-IV",FlashReport_December_2025.pdf,PROGRESS_REGRESSION,MEDIUM,Physical progress dropped by 32.7% (from 32.67% in 2025-06 to 0.0% in 2025-12)
618290,2025-12,"Construction of 2-lane with Paved shoulder of Kohima- Bypass Road Connecting NH- 39New NH-02, NH-150New NH-02, NH-61New NH-29, NH-39New NH-02 from Design Km 32.00 to Design Km 43.454Design Length-11.454 Km in the State of Nagaland under SARDP-NE on EPC Mode Package-IV",FlashReport_December_2025.pdf,EXPENDITURE_DROP,MEDIUM,Cumulative expenditure dropped from 75.39 Cr (2025-06) to 0.0 Cr (2025-12)
618291,2025-12,"Construction of 2-lane with Paved shoulder of Kohima-Bypass Road connecting NH- 39 New NH-02, NH150New NH-02, NH7-61 New NH-29 and NH-39 New NH-02 from Design km 21.000 to km 32.268 [Design length11.268 km] in the state of Nagaland Under SARDP-NE on EPC Mode Package- 3",FlashReport_December_2025.pdf,PROGRESS_REGRESSION,MEDIUM,Physical progress dropped by 33.5% (from 33.55% in 2025-06 to 0.0% in 2025-12)
618291,2025-12,"Construction of 2-lane with Paved shoulder of Kohima-Bypass Road connecting NH- 39 New NH-02, NH150New NH-02, NH7-61 New NH-29 and NH-39 New NH-02 from Design km 21.000 to km 32.268 [Design length11.268 km] in the state of Nagaland Under SARDP-NE on EPC Mode Package- 3",FlashReport_December_2025.pdf,EXPENDITURE_DROP,MEDIUM,Cumulative expenditure dropped from 108.15 Cr (2025-06) to 0.0 Cr (2025-12)
618291,2026-02,"Construction of 2-lane with Paved shoulder of Kohima-Bypass Road connecting NH- 39 New NH-02, NH150New NH-02, NH7-61 New NH-29 and NH-39 New NH-02 from Design km 21.000 to km 32.268 [Design length11.268 km] in the state of Nagaland Under SARDP-NE on EPC Mode Package- 3",FlashReport_February_2026.pdf,PROGRESS_REGRESSION,MEDIUM,Physical progress dropped by 39.4% (from 74.36% in 2026-01 to 35.0% in 2026-02)
618291,2026-02,"Construction of 2-lane with Paved shoulder of Kohima-Bypass Road connecting NH- 39 New NH-02, NH150New NH-02, NH7-61 New NH-29 and NH-39 New NH-02 from Design km 21.000 to km 32.268 [Design length11.268 km] in the state of Nagaland Under SARDP-NE on EPC Mode Package- 3",FlashReport_February_2026.pdf,EXPENDITURE_DROP,MEDIUM,Cumulative expenditure dropped from 159.85 Cr (2026-01) to 74.36 Cr (2026-02)
618292,2025-12,Construction of 2-Lane with paved shoulder of Kohima-Bypass Road connecting New NH-02 and New NH-29 from Design Km 10.500 to design Km 21.000 [Design Length- 10.500 km] including TUNNEL of 500m at Ch. 11.000 in the state of Nagaland Under SARDP-NE on EPC Mode Package-2,FlashReport_December_2025.pdf,PROGRESS_REGRESSION,MEDIUM,Physical progress dropped by 67.9% (from 67.91% in 2025-06 to 0.0% in 2025-12)
618292,2025-12,Construction of 2-Lane with paved shoulder of Kohima-Bypass Road connecting New NH-02 and New NH-29 from Design Km 10.500 to design Km 21.000 [Design Length- 10.500 km] including TUNNEL of 500m at Ch. 11.000 in the state of Nagaland Under SARDP-NE on EPC Mode Package-2,FlashReport_December_2025.pdf,EXPENDITURE_DROP,MEDIUM,Cumulative expenditure dropped from 169.46 Cr (2025-06) to 0.0 Cr (2025-12)
618293,2025-12,"Construction of 2-Lane with paved shoulder of Kohima-Bypass Road connecting NH- 39New NH-02, NH-150New NH-02, NH-61New NH-29 and NH-39New NH-02 from design Km 0.00 to Km 10.500 in the State of Nagaland under SARDP-NE on EPC Mode Package-1 -Balance work",FlashReport_December_2025.pdf,EXPENDITURE_DROP,MEDIUM,Cumulative expenditure dropped from 79.69 Cr (2025-06) to 0.0 Cr (2025-12)
618293,2026-04,"Construction of 2-Lane with paved shoulder of Kohima-Bypass Road connecting NH- 39New NH-02, NH-150New NH-02, NH-61New NH-29 and NH-39New NH-02 from design Km 0.00 to Km 10.500 in the State of Nagaland under SARDP-NE on EPC Mode Package-1 -Balance work",FlashReport_April2026.pdf,EXPENDITURE_DROP,MEDIUM,Cumulative expenditure dropped from 232.29 Cr (2026-03) to 12.48 Cr (2026-04)
618296,2025-12,Balance work of Construction of 2-lane with hard shoulder of Kohima - Jessami road on NH-29 old NH-150 from existing km 98.380 near Chizami vill. to km120.367 Nagaland/Manipur Border [Design km 95.700 to design km 117.200] [Design Length 21.500 km] in the state of Nagaland Under Bharatmala Pariyojna on EPC Mode Package-V under NHO,FlashReport_December_2025.pdf,EXPENDITURE_DROP,MEDIUM,Cumulative expenditure dropped from 171.89 Cr (2025-06) to 0.0 Cr (2025-12)
618296,2026-02,"Project Assessment, Infrastructure Monitoring and Analytics for Nation-building 1530 Balance work of Construction of 2-lane with hard shoulder of Kohima - Jessami road on NH-29 old NH-150 from existing km 98.380 near Chizami vill. to km120.367 Nagaland/Manipur Border [Design km 95.700 to design km 117.200] [Design Length 21.500 km] in the state of Nagaland Under Bharatmala Pariyojna on EPC Mode Package-V under NHO",FlashReport_February_2026.pdf,PROGRESS_REGRESSION,MEDIUM,Physical progress dropped by 91.0% (from 91.0% in 2026-01 to 0.0% in 2026-02)
618296,2026-03,Balance work of Construction of 2-lane with hard shoulder of Kohima - Jessami road on NH-29 old NH-150 from existing km 98.380 near Chizami vill. to km120.367 Nagaland/Manipur Border [Design km 95.700 to design km 117.200] [Design Length 21.500 km] in the state of Nagaland Under Bharatmala Pariyojna on EPC Mode Package-V under NHO,FlashReport_March_2026.pdf,EXPENDITURE_DROP,MEDIUM,Cumulative expenditure dropped from 330.8 Cr (2026-02) to 0.0 Cr (2026-03)
618297,2025-12,Construction of 2-lane with hard shoulder of Kohima - Jessami road on NH-29 Old NH- 150 from existing Km 30.474 Near Kidwema road Chakahabama to existing Km 53.220 Near Kikruma Village Design Km 29.60 to Km 51.50 Design length-21.90 Km in the state of Nagaland Under Bharatmala Pariyojna on EPC Mode under NHO Package-II -Balance work,FlashReport_December_2025.pdf,PROGRESS_REGRESSION,MEDIUM,Physical progress dropped by 36.1% (from 65.06% in 2025-06 to 29.0% in 2025-12)
618297,2025-12,Construction of 2-lane with hard shoulder of Kohima - Jessami road on NH-29 Old NH- 150 from existing Km 30.474 Near Kidwema road Chakahabama to existing Km 53.220 Near Kikruma Village Design Km 29.60 to Km 51.50 Design length-21.90 Km in the state of Nagaland Under Bharatmala Pariyojna on EPC Mode under NHO Package-II -Balance work,FlashReport_December_2025.pdf,EXPENDITURE_DROP,MEDIUM,Cumulative expenditure dropped from 119.2 Cr (2025-06) to 0.0 Cr (2025-12)
618302,2025-12,Widening/Improvement to 2-lane with earthen shoulder of Yaingangpokpi - Finch corner road section of NH-202 from Km 16.900 to Km 30.970 of NH-202 in the state of Manipur on EPC mode Package-2,FlashReport_December_2025.pdf,PROGRESS_REGRESSION,MEDIUM,Physical progress dropped by 33.0% (from 68.03% in 2025-06 to 35.0% in 2025-12)
618302,2025-12,Widening/Improvement to 2-lane with earthen shoulder of Yaingangpokpi - Finch corner road section of NH-202 from Km 16.900 to Km 30.970 of NH-202 in the state of Manipur on EPC mode Package-2,FlashReport_December_2025.pdf,EXPENDITURE_DROP,MEDIUM,Cumulative expenditure dropped from 89.21 Cr (2025-06) to 0.0 Cr (2025-12)
618302,2026-02,"Project Assessment, Infrastructure Monitoring and Analytics for Nation-building 1390 Widening/Improvement to 2-lane with earthen shoulder of Yaingangpokpi - Finch corner road section of NH-202 from Km 16.900 to Km 30.970 of NH-202 in the state of Manipur on EPC mode Package-2",FlashReport_February_2026.pdf,PROGRESS_REGRESSION,MEDIUM,Physical progress dropped by 88.0% (from 88.0% in 2026-01 to 0.0% in 2026-02)
618302,2026-04,Widening/Improvement to 2-lane with earthen shoulder of Yaingangpokpi - Finch corner road section of NH-202 from Km 16.900 to Km 30.970 of NH-202 in the state of Manipur on EPC mode Package-2,FlashReport_April2026.pdf,EXPENDITURE_DROP,MEDIUM,Cumulative expenditure dropped from 256.04 Cr (2026-03) to 0.0 Cr (2026-04)
618303,2025-12,Widening/Improvement to 2-lane with earthen shoulder of Yaingangpokpi - Finch corner road section of NH-202 from Km 0.000 to Km 16.900 of NH-202 in the state of Manipur on EPC mode Package-1,FlashReport_December_2025.pdf,EXPENDITURE_DROP,MEDIUM,Cumulative expenditure dropped from 70.08 Cr (2025-06) to 0.0 Cr (2025-12)
618303,2026-06,"Project Assessment, Infrastructure Monitoring and Analytics for Nation-building 1340 Widening/Improvement to 2-lane with earthen shoulder of Yaingangpokpi - Finch corner road section of NH-202 from Km 0.000 to Km 16.900 of NH-202 in the state of Manipur on EPC mode Package-1",FlashReport_June_2026.pdf,PROGRESS_REGRESSION,MEDIUM,Physical progress dropped by 88.8% (from 88.85% in 2026-05 to 0.0% in 2026-06)
618324,2026-06,"Project Assessment, Infrastructure Monitoring and Analytics for Nation-building 1384 Construction of 2-lane Aizawl Bypass from km 15.200 to km 34.500 Package-3 on Sairang - Phaibawk section of NH-6 in the State of Mizoram under Bharatmala Pariyojna on EPC Mode under NHO-NE",FlashReport_June_2026.pdf,LARGE_COST_SHIFT,MEDIUM,Original cost changed significantly from 720.72 Cr (2026-05) to 131.0 Cr (2026-06)
618328,2025-12,4-Laning of Balance work of Dimapur-Kohima Road from design km 152.490 to km 166.700 Existing km 156.000 to km 172.900 Excluding Dimapur & Kohima Bypass under SARDP-NE Package-III,FlashReport_December_2025.pdf,PROGRESS_REGRESSION,MEDIUM,Physical progress dropped by 100.0% (from 100.0% in 2025-06 to 0.0% in 2025-12)
618328,2025-12,4-Laning of Balance work of Dimapur-Kohima Road from design km 152.490 to km 166.700 Existing km 156.000 to km 172.900 Excluding Dimapur & Kohima Bypass under SARDP-NE Package-III,FlashReport_December_2025.pdf,EXPENDITURE_DROP,MEDIUM,Cumulative expenditure dropped from 265.38 Cr (2025-06) to 0.0 Cr (2025-12)
618329,2026-04,"Project Assessment, Infrastructure Monitoring and Analytics for Nation-building 1557 Construction of 4/6 Laning from Km 132.375 to Km 153.058 Total New Alignment length of 20.683 Km of Daboka-Dimapur Section Dimapur Bypass Nagaland Portion of NH-36 & 39 in the State of Nagaland on EPC basis under PhaseA of SARDP-NE",FlashReport_April2026.pdf,LARGE_COST_SHIFT,MEDIUM,Original cost changed significantly from 819.39 Cr (2026-03) to 136.0 Cr (2026-04)
618329,2026-05,Construction of 4/6 Laning from Km 132.375 to Km 153.058 Total New Alignment length of 20.683 Km of Daboka-Dimapur Section Dimapur Bypass Nagaland Portion of NH-36 & 39 in the State of Nagaland on EPC basis under PhaseA of SARDP-NE,FlashReport_May2026.pdf,LARGE_COST_SHIFT,MEDIUM,Original cost changed significantly from 136.0 Cr (2026-04) to 819.39 Cr (2026-05)
618329,2026-05,Construction of 4/6 Laning from Km 132.375 to Km 153.058 Total New Alignment length of 20.683 Km of Daboka-Dimapur Section Dimapur Bypass Nagaland Portion of NH-36 & 39 in the State of Nagaland on EPC basis under PhaseA of SARDP-NE,FlashReport_May2026.pdf,EXPENDITURE_DROP,MEDIUM,Cumulative expenditure dropped from 819.39 Cr (2026-04) to 0.0 Cr (2026-05)
618342,2026-04,Rehabilitation and upgradation to 2 Lane with Paved shoulder of Economic corridor of NH-6 from Design chaiange Km 0.000 to Km 13.510 Package-1 in the state of Mizoram under Bharatmala Pariyojana on EPC mode,FlashReport_April2026.pdf,EXPENDITURE_DROP,MEDIUM,Cumulative expenditure dropped from 206.9 Cr (2026-03) to 0.0 Cr (2026-04)
618347,2025-12,Widening to 2-lane with Hard shoulder of Churachandpur to Tuivai Section of NH- 102B from km 13.747 to km 32.835 in the State of Manipur on EPC mode under NHO Package-1B,FlashReport_December_2025.pdf,PROGRESS_REGRESSION,MEDIUM,Physical progress dropped by 42.0% (from 87.02% in 2025-06 to 45.0% in 2025-12)
618347,2025-12,Widening to 2-lane with Hard shoulder of Churachandpur to Tuivai Section of NH- 102B from km 13.747 to km 32.835 in the State of Manipur on EPC mode under NHO Package-1B,FlashReport_December_2025.pdf,EXPENDITURE_DROP,MEDIUM,Cumulative expenditure dropped from 114.38 Cr (2025-06) to 0.0 Cr (2025-12)
618351,2025-12,Widening & Upgradation to 2 lanes with paved shoulders road from Tamenglong to Mahur NH-137 in the State of Assam starting from km 156.489 near P. Leikul to km 176.410 near Borowapu on EPC mode under NHO-NE Assam portion Package-10,FlashReport_December_2025.pdf,PROGRESS_REGRESSION,MEDIUM,Physical progress dropped by 65.6% (from 65.56% in 2025-06 to 0.0% in 2025-12)
618351,2025-12,Widening & Upgradation to 2 lanes with paved shoulders road from Tamenglong to Mahur NH-137 in the State of Assam starting from km 156.489 near P. Leikul to km 176.410 near Borowapu on EPC mode under NHO-NE Assam portion Package-10,FlashReport_December_2025.pdf,EXPENDITURE_DROP,MEDIUM,Cumulative expenditure dropped from 467.83 Cr (2025-06) to 0.0 Cr (2025-12)
618352,2025-12,Widening & Upgradation to 2 lanes with paved shoulders road from Tamenglong to Mahur NH-137 in the State of Assam starting from km 136.500 near Hejaichak to km 156.489 near P. Leikul Package-9 on EPC mode under NHO-NE Package-9,FlashReport_December_2025.pdf,PROGRESS_REGRESSION,MEDIUM,Physical progress dropped by 68.6% (from 68.6% in 2025-06 to 0.0% in 2025-12)
618352,2025-12,Widening & Upgradation to 2 lanes with paved shoulders road from Tamenglong to Mahur NH-137 in the State of Assam starting from km 136.500 near Hejaichak to km 156.489 near P. Leikul Package-9 on EPC mode under NHO-NE Package-9,FlashReport_December_2025.pdf,EXPENDITURE_DROP,MEDIUM,Cumulative expenditure dropped from 417.17 Cr (2025-06) to 0.0 Cr (2025-12)
618353,2025-12,Widening & Upgradation to 2-lanes with paved shoulders road from Tamenglong to Mahur NH-137 in the State of Assam starting from km 116.480 near Hangrum to km 136.500 near Hejaichak Package-8 on EPC mode under NHO-NE Package 8,FlashReport_December_2025.pdf,PROGRESS_REGRESSION,MEDIUM,Physical progress dropped by 68.3% (from 68.26% in 2025-06 to 0.0% in 2025-12)
618353,2025-12,Widening & Upgradation to 2-lanes with paved shoulders road from Tamenglong to Mahur NH-137 in the State of Assam starting from km 116.480 near Hangrum to km 136.500 near Hejaichak Package-8 on EPC mode under NHO-NE Package 8,FlashReport_December_2025.pdf,EXPENDITURE_DROP,MEDIUM,Cumulative expenditure dropped from 409.15 Cr (2025-06) to 0.0 Cr (2025-12)
618354,2025-12,Wideinig & Upgradation to 2-lanes with paved shoulders road from Tamenglong to Mahur NH-137 in the State of Assam starting from km 96.870 near Jiri River to km 116.550 near Hangrum Package-7 on EPC mode Package7,FlashReport_December_2025.pdf,EXPENDITURE_DROP,MEDIUM,Cumulative expenditure dropped from 407.11 Cr (2025-06) to 0.0 Cr (2025-12)
618354,2026-06,"Project Assessment, Infrastructure Monitoring and Analytics for Nation-building 881 Wideinig & Upgradation to 2-lanes with paved shoulders road from Tamenglong to Mahur NH-137 in the State of Assam starting from km 96.870 near Jiri River to km 116.550 near Hangrum Package-7 on EPC mode Package7",FlashReport_June_2026.pdf,PROGRESS_REGRESSION,MEDIUM,Physical progress dropped by 85.3% (from 85.29% in 2026-05 to 0.0% in 2026-06)
618354,2026-06,"Project Assessment, Infrastructure Monitoring and Analytics for Nation-building 881 Wideinig & Upgradation to 2-lanes with paved shoulders road from Tamenglong to Mahur NH-137 in the State of Assam starting from km 96.870 near Jiri River to km 116.550 near Hangrum Package-7 on EPC mode Package7",FlashReport_June_2026.pdf,LARGE_COST_SHIFT,MEDIUM,Original cost changed significantly from 846.82 Cr (2026-05) to 101.0 Cr (2026-06)
618356,2025-12,Construction of 2 -Lane with paved shoulders road from Tamenglong to Mahur in the state of Manipur from km 31.430 at Old Tamenglong to km 43.480 ending near Phelong on EPC Mode Package-3,FlashReport_December_2025.pdf,EXPENDITURE_DROP,MEDIUM,Cumulative expenditure dropped from 139.45 Cr (2025-06) to 0.0 Cr (2025-12)
618362,2025-12,Construction of 2-laning with hard shoulder of Lunglei to Chhumkhum from Design Chainage Km 0.000 to Km 37.420 of NH-302 [Lunglei-Tlabung] Package-A,FlashReport_December_2025.pdf,PROGRESS_REGRESSION,MEDIUM,Physical progress dropped by 63.7% (from 63.7% in 2025-06 to 0.0% in 2025-12)
618362,2025-12,Construction of 2-laning with hard shoulder of Lunglei to Chhumkhum from Design Chainage Km 0.000 to Km 37.420 of NH-302 [Lunglei-Tlabung] Package-A,FlashReport_December_2025.pdf,EXPENDITURE_DROP,MEDIUM,Cumulative expenditure dropped from 502.24 Cr (2025-06) to 0.0 Cr (2025-12)
618362,2026-01,"Project Assessment, Infrastructure Monitoring and Analytics for Nation-building 1296 Construction of 2-laning with hard shoulder of Lunglei to Chhumkhum from Design Chainage Km 0.000 to Km 37.420 of NH-302 [Lunglei-Tlabung] Package-A",FlashReport_January_2026.pdf,LARGE_COST_SHIFT,MEDIUM,Original cost changed significantly from 698.45 Cr (2025-12) to 113.0 Cr (2026-01)
618362,2026-02,Construction of 2-laning with hard shoulder of Lunglei to Chhumkhum from Design Chainage Km 0.000 to Km 37.420 of NH-302 [Lunglei-Tlabung] Package-A,FlashReport_February_2026.pdf,LARGE_COST_SHIFT,MEDIUM,Original cost changed significantly from 113.0 Cr (2026-01) to 698.45 Cr (2026-02)
618363,2025-12,Construction of 2-laning with hard shoulder configuration of Chhumkhum to Tlabung from Design Chainage Km 37.420 to Km 74.950 of NH-302 in Mizoram under Bharatmala Pariyojana on EPC mode [Pkg-B],FlashReport_December_2025.pdf,PROGRESS_REGRESSION,MEDIUM,Physical progress dropped by 61.0% (from 61.0% in 2025-06 to 0.0% in 2025-12)
618363,2025-12,Construction of 2-laning with hard shoulder configuration of Chhumkhum to Tlabung from Design Chainage Km 37.420 to Km 74.950 of NH-302 in Mizoram under Bharatmala Pariyojana on EPC mode [Pkg-B],FlashReport_December_2025.pdf,EXPENDITURE_DROP,MEDIUM,Cumulative expenditure dropped from 373.89 Cr (2025-06) to 0.0 Cr (2025-12)
618368,2025-12,"Project Assessment, Infrastructure Monitoring and Analytics for Nation-building 1253 Improvement and Widening to 2-lane with paved shoulder of road from design Km 36.000 Rangamati to design Km 72.000 Pati Chhari Total length 36.000 Km on Teliamura to Harina section of NH 208 in the state of Tripura on EPC mode under JICA ODA Loan Phase VI Package-3",FlashReport_December_2025.pdf,LARGE_COST_SHIFT,MEDIUM,Original cost changed significantly from 670.9 Cr (2025-06) to 99.0 Cr (2025-12)
618368,2026-01,Improvement and Widening to 2-lane with paved shoulder of road from design Km 36.000 Rangamati to design Km 72.000 Pati Chhari Total length 36.000 Km on Teliamura to Harina section of NH 208 in the state of Tripura on EPC mode under JICA ODA Loan Phase VI Package-3,FlashReport_January_2026.pdf,LARGE_COST_SHIFT,MEDIUM,Original cost changed significantly from 99.0 Cr (2025-12) to 670.9 Cr (2026-01)
618368,2026-01,Improvement and Widening to 2-lane with paved shoulder of road from design Km 36.000 Rangamati to design Km 72.000 Pati Chhari Total length 36.000 Km on Teliamura to Harina section of NH 208 in the state of Tripura on EPC mode under JICA ODA Loan Phase VI Package-3,FlashReport_January_2026.pdf,EXPENDITURE_DROP,MEDIUM,Cumulative expenditure dropped from 670.9 Cr (2025-12) to 0.0 Cr (2026-01)
618369,2025-12,Improvement and Widening to 2-lane with paved shoulder of road from existing Km 438.170 Khowai Chowmuhani to existing Km 439.410 South Pulinpur of NH-08 and from design Km 0.000 South Pulinpur to design Km 36.00 near Rangamati of NH 208 on Khowai Teliamura- Harina section Total length 37.24 in the state of Tripura on EPC mode under JICA ODA Loan Phase VI Package-2,FlashReport_December_2025.pdf,EXPENDITURE_DROP,MEDIUM,Cumulative expenditure dropped from 95.71 Cr (2025-06) to 0.0 Cr (2025-12)
618370,2025-12,Improvement and Widening to 2-lane with paved shoulder of road from Km 101.300 to km 127.319 Total Length 26.019 Km i.e. the Khowai Teliamura-Amarpur-Harina- Sabroom section of NH 208 in the state of Tripura on EPC under JICA ODA Loan Phase VI Package-1,FlashReport_December_2025.pdf,PROGRESS_REGRESSION,MEDIUM,Physical progress dropped by 34.6% (from 34.61% in 2025-06 to 0.0% in 2025-12)
618370,2025-12,Improvement and Widening to 2-lane with paved shoulder of road from Km 101.300 to km 127.319 Total Length 26.019 Km i.e. the Khowai Teliamura-Amarpur-Harina- Sabroom section of NH 208 in the state of Tripura on EPC under JICA ODA Loan Phase VI Package-1,FlashReport_December_2025.pdf,EXPENDITURE_DROP,MEDIUM,Cumulative expenditure dropped from 52.82 Cr (2025-06) to 0.0 Cr (2025-12)
618370,2026-05,"Project Assessment, Infrastructure Monitoring and Analytics for Nation-building 1775 Improvement and Widening to 2-lane with paved shoulder of road from Km 101.300 to km 127.319 Total Length 26.019 Km i.e. the Khowai Teliamura-Amarpur-Harina- Sabroom section of NH 208 in the state of Tripura on EPC under JICA ODA Loan Phase VI Package-1",FlashReport_May2026.pdf,PROGRESS_REGRESSION,MEDIUM,Physical progress dropped by 58.1% (from 58.12% in 2026-04 to 0.0% in 2026-05)
618370,2026-06,Improvement and Widening to 2-lane with paved shoulder of road from Km 101.300 to km 127.319 Total Length 26.019 Km i.e. the Khowai Teliamura-Amarpur-Harina- Sabroom section of NH 208 in the state of Tripura on EPC under JICA ODA Loan Phase VI Package-1,FlashReport_June_2026.pdf,EXPENDITURE_DROP,MEDIUM,Cumulative expenditure dropped from 431.78 Cr (2026-05) to 0.0 Cr (2026-06)
618371,2025-12,"Widening/Improvement to 4-Lane with Paved Shoulder configuration of existing single lane road from Srirampur near Bhairiguri Village to Kachukhana Harichara Paglagaunj Package-I of Srirampur - Dhubri Section of NH-127B from existing Km 0.000 to Km 28.050 Design Km 0.000 to Km 27.650, Design Length27.650 Km under JICA ODA Loan assistance Phase-V -Balance work",FlashReport_December_2025.pdf,EXPENDITURE_DROP,MEDIUM,Cumulative expenditure dropped from 110.76 Cr (2025-06) to 0.0 Cr (2025-12)
618372,2025-12,"Project Assessment, Infrastructure Monitoring and Analytics for Nation-building 822 Widening / Improvement to 4-Lane with Paved Shoulder configuration of existing single lane road from Kachukhana Harichara Paglagaunj to Dhubri - Phulbari Bridge approach Package-II of Srirampur - Dhubri Section of NH-127B from existing Km 28.050 to Km 55.060 Design Km 27.650 to Km 54.154, Design Length26.504 Km under JICA ODA Loan assistance Phase-V [Srirampur - Dhubri Pkg-2]",FlashReport_December_2025.pdf,PROGRESS_REGRESSION,MEDIUM,Physical progress dropped by 100.0% (from 100.0% in 2025-06 to 0.0% in 2025-12)
618372,2025-12,"Project Assessment, Infrastructure Monitoring and Analytics for Nation-building 822 Widening / Improvement to 4-Lane with Paved Shoulder configuration of existing single lane road from Kachukhana Harichara Paglagaunj to Dhubri - Phulbari Bridge approach Package-II of Srirampur - Dhubri Section of NH-127B from existing Km 28.050 to Km 55.060 Design Km 27.650 to Km 54.154, Design Length26.504 Km under JICA ODA Loan assistance Phase-V [Srirampur - Dhubri Pkg-2]",FlashReport_December_2025.pdf,LARGE_COST_SHIFT,MEDIUM,Original cost changed significantly from 909.02 Cr (2025-06) to 79.0 Cr (2025-12)
618372,2026-01,"Widening / Improvement to 4-Lane with Paved Shoulder configuration of existing single lane road from Kachukhana Harichara Paglagaunj to Dhubri - Phulbari Bridge approach Package-II of Srirampur - Dhubri Section of NH-127B from existing Km 28.050 to Km 55.060 Design Km 27.650 to Km 54.154, Design Length26.504 Km under JICA ODA Loan assistance Phase-V [Srirampur - Dhubri Pkg-2]",FlashReport_January_2026.pdf,LARGE_COST_SHIFT,MEDIUM,Original cost changed significantly from 79.0 Cr (2025-12) to 909.02 Cr (2026-01)
618372,2026-01,"Widening / Improvement to 4-Lane with Paved Shoulder configuration of existing single lane road from Kachukhana Harichara Paglagaunj to Dhubri - Phulbari Bridge approach Package-II of Srirampur - Dhubri Section of NH-127B from existing Km 28.050 to Km 55.060 Design Km 27.650 to Km 54.154, Design Length26.504 Km under JICA ODA Loan assistance Phase-V [Srirampur - Dhubri Pkg-2]",FlashReport_January_2026.pdf,EXPENDITURE_DROP,MEDIUM,Cumulative expenditure dropped from 909.02 Cr (2025-12) to 0.0 Cr (2026-01)
618373,2025-12,"Construction of 4-Lane Bridge including approaches over River Brahmaputra between Dhubri on North Bank,Assam and Phulbari on south Bank,Meghalaya on NH-127B under JICA ODA Loan assistance Phase-III",FlashReport_December_2025.pdf,EXPENDITURE_DROP,MEDIUM,Cumulative expenditure dropped from 2464.49 Cr (2025-06) to 0.0 Cr (2025-12)
618375,2025-12,Improvement/Widening to 2-Lane with Paved Shoulder from design Km 45.760 to Km 63.530 between Shillong-Dawki under JICA ODA Loan assistance Phase-II -Balance work Pkg-4,FlashReport_December_2025.pdf,EXPENDITURE_DROP,MEDIUM,Cumulative expenditure dropped from 214.34 Cr (2025-06) to 0.0 Cr (2025-12)
618376,2025-12,Improvement/Widening to 2-Lane with Paved Shoulder between Shillong-Dawki road up to Bangladesh Border from design Km 10.670 to Km 37.550 under JICA ODA Loan assistance Phase-II -Balance Work-Pkg-2,FlashReport_December_2025.pdf,EXPENDITURE_DROP,MEDIUM,Cumulative expenditure dropped from 434.5 Cr (2025-06) to 0.0 Cr (2025-12)
618376,2026-01,"Project Assessment, Infrastructure Monitoring and Analytics for Nation-building 1279 Improvement/Widening to 2-Lane with Paved Shoulder between Shillong-Dawki road up to Bangladesh Border from design Km 10.670 to Km 37.550 under JICA ODA Loan assistance Phase-II -Balance Work-Pkg-2",FlashReport_January_2026.pdf,PROGRESS_REGRESSION,MEDIUM,Physical progress dropped by 41.0% (from 41.0% in 2025-12 to 0.0% in 2026-01)
618376,2026-02,Improvement/Widening to 2-Lane with Paved Shoulder between Shillong-Dawki road up to Bangladesh Border from design Km 10.670 to Km 37.550 under JICA ODA Loan assistance Phase-II -Balance Work-Pkg-2,FlashReport_February_2026.pdf,EXPENDITURE_DROP,MEDIUM,Cumulative expenditure dropped from 525.67 Cr (2026-01) to 0.0 Cr (2026-02)
618376,2026-03,"Project Assessment, Infrastructure Monitoring and Analytics for Nation-building 1408 Improvement/Widening to 2-Lane with Paved Shoulder between Shillong-Dawki road up to Bangladesh Border from design Km 10.670 to Km 37.550 under JICA ODA Loan assistance Phase-II -Balance Work-Pkg-2",FlashReport_March_2026.pdf,PROGRESS_REGRESSION,MEDIUM,Physical progress dropped by 46.0% (from 46.0% in 2026-02 to 0.0% in 2026-03)
618376,2026-04,Improvement/Widening to 2-Lane with Paved Shoulder between Shillong-Dawki road up to Bangladesh Border from design Km 10.670 to Km 37.550 under JICA ODA Loan assistance Phase-II -Balance Work-Pkg-2,FlashReport_April2026.pdf,EXPENDITURE_DROP,MEDIUM,Cumulative expenditure dropped from 525.67 Cr (2026-03) to 0.0 Cr (2026-04)
618379,2025-12,Widening and Up-gradation to 2- Lane with Paved Shoulder Configuration and geometric improvement from Km. 208. 000 to Km 250.000 Package-5 on Aizawl Tuipang Section of NH-54 in the State of Mizoram Package-5,FlashReport_December_2025.pdf,EXPENDITURE_DROP,MEDIUM,Cumulative expenditure dropped from 541.04 Cr (2025-06) to 125.62 Cr (2025-12)
618380,2025-12,Widening and Up-gradation to 2- Lane with Paved Shoulder Configuration and geometric improvement from Km. 125. 000 to Km 166 Package-3 on Aizawl Tuipang Section of NH-54 in the State of Mizoram Package-3,FlashReport_December_2025.pdf,PROGRESS_REGRESSION,MEDIUM,Physical progress dropped by 97.5% (from 97.51% in 2025-06 to 0.0% in 2025-12)
618380,2025-12,Widening and Up-gradation to 2- Lane with Paved Shoulder Configuration and geometric improvement from Km. 125. 000 to Km 166 Package-3 on Aizawl Tuipang Section of NH-54 in the State of Mizoram Package-3,FlashReport_December_2025.pdf,EXPENDITURE_DROP,MEDIUM,Cumulative expenditure dropped from 670.91 Cr (2025-06) to 0.0 Cr (2025-12)
618381,2025-12,Widening and up-gradation to 2-lane with paved shoulder configuration and geometric improvements from km 250.00 Lunglei to km 298.00 on Aizawl-Tuipang section under JICA ODA Loan assistance Phase-I Package-6,FlashReport_December_2025.pdf,EXPENDITURE_DROP,MEDIUM,Cumulative expenditure dropped from 849.68 Cr (2025-06) to 168.78 Cr (2025-12)
618382,2025-12,Widening and up-gradation to 2-lane with paved shoulder configuration and geometric improvements from km 298.00 to km 339.00 on Aizawl-Tuipang section under JICA ODA Loan assistance Phase-I Package-7,FlashReport_December_2025.pdf,EXPENDITURE_DROP,MEDIUM,Cumulative expenditure dropped from 666.58 Cr (2025-06) to 0.01 Cr (2025-12)
618382,2026-04,"Project Assessment, Infrastructure Monitoring and Analytics for Nation-building 1466 Widening and up-gradation to 2-lane with paved shoulder configuration and geometric improvements from km 298.00 to km 339.00 on Aizawl-Tuipang section under JICA ODA Loan assistance Phase-I Package-7",FlashReport_April2026.pdf,PROGRESS_REGRESSION,MEDIUM,Physical progress dropped by 100.0% (from 100.0% in 2026-03 to 0.01% in 2026-04)
618382,2026-05,Widening and up-gradation to 2-lane with paved shoulder configuration and geometric improvements from km 298.00 to km 339.00 on Aizawl-Tuipang section under JICA ODA Loan assistance Phase-I Package-7,FlashReport_May2026.pdf,EXPENDITURE_DROP,MEDIUM,Cumulative expenditure dropped from 605.76 Cr (2026-04) to 0.01 Cr (2026-05)
618383,2025-12,Widening and up-gradation to 2-lane with paved shoulder configuration and geometric improvements from km 339.00 to km 380.00 Siaha on Aizawl-Tuipang section under JICA ODA Loan assistance Phase-I Package-8,FlashReport_December_2025.pdf,EXPENDITURE_DROP,MEDIUM,Cumulative expenditure dropped from 613.69 Cr (2025-06) to 101.89 Cr (2025-12)
618384,2025-12,Widening and Up-gradation to 2- Lane with Paved Shoulder Configuration and geometric improvement from Km. 166. 000 to Km 208.000 Package-4 on Aizawl Tuipang Section of NH-54 in the State of Mizoram Package-4,FlashReport_December_2025.pdf,EXPENDITURE_DROP,MEDIUM,Cumulative expenditure dropped from 779.37 Cr (2025-06) to 191.59 Cr (2025-12)
618385,2026-04,"Project Assessment, Infrastructure Monitoring and Analytics for Nation-building 1764 Rehabilitation and up-gradation of road from design km 25.250 to km 36.460 Total lengh 11.210 km of Kailashahar-Kurti Bridge section on NH-208A to 2-lane with paved shoulder on EPC basis under NHO Package-III- Balance Work",FlashReport_April2026.pdf,PROGRESS_REGRESSION,MEDIUM,Physical progress dropped by 41.9% (from 41.9% in 2026-03 to 0.0% in 2026-04)
618385,2026-05,Rehabilitation and up-gradation of road from design km 25.250 to km 36.460 Total lengh 11.210 km of Kailashahar-Kurti Bridge section on NH-208A to 2-lane with paved shoulder on EPC basis under NHO Package-III- Balance Work,FlashReport_May2026.pdf,EXPENDITURE_DROP,MEDIUM,Cumulative expenditure dropped from 174.43 Cr (2026-04) to 0.0 Cr (2026-05)
618386,2025-12,Rehabilitation & Upgradation of Road from Km 0.00 to Km 18.600 Total length-18.600 km of Kumarghat-Kailashahar section on NH-208 to 2-lane with Paved shoulder on EPC bais under NHO,FlashReport_December_2025.pdf,PROGRESS_REGRESSION,MEDIUM,Physical progress dropped by 99.9% (from 99.94% in 2025-06 to 0.0% in 2025-12)
618386,2025-12,Rehabilitation & Upgradation of Road from Km 0.00 to Km 18.600 Total length-18.600 km of Kumarghat-Kailashahar section on NH-208 to 2-lane with Paved shoulder on EPC bais under NHO,FlashReport_December_2025.pdf,EXPENDITURE_DROP,MEDIUM,Cumulative expenditure dropped from 262.91 Cr (2025-06) to 0.0 Cr (2025-12)
618390,2025-12,"Construction, Operation & Maintenance of 2-L Bi-directional Silkyara Bend- Barkot Tunnel with escape passage including approaches Tunnel-4.531 & Approach road- 0.328 on Dharasu-Yamunotri section b/w Chainage 25.400km and 51.00km falling along NH-134 Old NH-94 on EPC mode",FlashReport_December_2025.pdf,EXPENDITURE_DROP,MEDIUM,Cumulative expenditure dropped from 714.33 Cr (2025-06) to 0.0 Cr (2025-12)
618393,2025-12,"Construction for Mitigation Measures of 10 Nos. Landslides, 01 No. Sinking Zones and 1 No. of Minor Bridge in between at Ch. Km 368.00 to Km 433.00 on NH-07 on EPC Mode in Uttarakhand Package-1",FlashReport_December_2025.pdf,EXPENDITURE_DROP,MEDIUM,Cumulative expenditure dropped from 82.19 Cr (2025-06) to 0.0 Cr (2025-12)
618393,2026-03,"Construction for Mitigation Measures of 10 Nos. Landslides, 01 No. Sinking Zones and 1 No. of Minor Bridge in between at Ch. Km 368.00 to Km 433.00 on NH-07 on EPC Mode in Uttarakhand Package-1",FlashReport_March_2026.pdf,EXPENDITURE_DROP,MEDIUM,Cumulative expenditure dropped from 216.68 Cr (2026-02) to 107.69 Cr (2026-03)
618399,2025-12,Construction of Kishtwar bypass with 2 lane with paved shoulder from Design Km. 80.675 Dulhasti to km 95.550 Bandarkoot of 14.88 km & a link road to Kishtwar town from 0000 to 1.871 of length1.871 Km on Khellani - Kishtwar - Chattroo section in UT of Jammu and Kashmir on EPC Mode Pkg-4,FlashReport_December_2025.pdf,PROGRESS_REGRESSION,MEDIUM,Physical progress dropped by 44.0% (from 44.02% in 2025-06 to 0.0% in 2025-12)
618399,2025-12,Construction of Kishtwar bypass with 2 lane with paved shoulder from Design Km. 80.675 Dulhasti to km 95.550 Bandarkoot of 14.88 km & a link road to Kishtwar town from 0000 to 1.871 of length1.871 Km on Khellani - Kishtwar - Chattroo section in UT of Jammu and Kashmir on EPC Mode Pkg-4,FlashReport_December_2025.pdf,EXPENDITURE_DROP,MEDIUM,Cumulative expenditure dropped from 196.0 Cr (2025-06) to 0.0 Cr (2025-12)
618402,2026-03,"Project Assessment, Infrastructure Monitoring and Analytics for Nation-building 845 Construction of Intermediate Lane with Hard Shoulder of Hunli to Hayuliang from Design Km 0.000 to Km 53.000 Design Length 53.000 km, Greenfield Section of Frontier Highway NH-913 in the State of Arunachal Pradesh on EPC Mode Package-I Arunachal Pradesh 02/2024",FlashReport_March_2026.pdf,LARGE_COST_SHIFT,MEDIUM,Original cost changed significantly from 1262.43 Cr (2026-02) to 93.0 Cr (2026-03)
618402,2026-04,"Construction of Intermediate Lane with Hard Shoulder of Hunli to Hayuliang from Design Km 0.000 to Km 53.000 Design Length 53.000 km, Greenfield Section of Frontier Highway NH-913 in the State of Arunachal Pradesh on EPC Mode Package-I Arunachal Pradesh 02/2024",FlashReport_April2026.pdf,LARGE_COST_SHIFT,MEDIUM,Original cost changed significantly from 93.0 Cr (2026-03) to 1262.43 Cr (2026-04)
618402,2026-04,"Construction of Intermediate Lane with Hard Shoulder of Hunli to Hayuliang from Design Km 0.000 to Km 53.000 Design Length 53.000 km, Greenfield Section of Frontier Highway NH-913 in the State of Arunachal Pradesh on EPC Mode Package-I Arunachal Pradesh 02/2024",FlashReport_April2026.pdf,EXPENDITURE_DROP,MEDIUM,Cumulative expenditure dropped from 1262.43 Cr (2026-03) to 233.81 Cr (2026-04)
618404,2026-05,"Project Assessment, Infrastructure Monitoring and Analytics for Nation-building 875 Construction of lntermediate Lane Road with hard shoulder from design chainage Km 0.000 to Km 53.040 Existing Length68.500 Km & Total Design length 53.04 km of Tato to Monigong section of NH-913 Frontier Highway on Nafra Bomdila to Vijaynagar along China border in state of Arunachal pradesh on EPC mode Arunachal Pradesh 12/2023",FlashReport_May2026.pdf,LARGE_COST_SHIFT,MEDIUM,Original cost changed significantly from 625.61 Cr (2026-04) to 95.0 Cr (2026-05)
618404,2026-06,Construction of lntermediate Lane Road with hard shoulder from design chainage Km 0.000 to Km 53.040 Existing Length68.500 Km & Total Design length 53.04 km of Tato to Monigong section of NH-913 Frontier Highway on Nafra Bomdila to Vijaynagar along China border in state of Arunachal pradesh on EPC mode Arunachal Pradesh 12/2023,FlashReport_June_2026.pdf,LARGE_COST_SHIFT,MEDIUM,Original cost changed significantly from 95.0 Cr (2026-05) to 625.61 Cr (2026-06)
618404,2026-06,Construction of lntermediate Lane Road with hard shoulder from design chainage Km 0.000 to Km 53.040 Existing Length68.500 Km & Total Design length 53.04 km of Tato to Monigong section of NH-913 Frontier Highway on Nafra Bomdila to Vijaynagar along China border in state of Arunachal pradesh on EPC mode Arunachal Pradesh 12/2023,FlashReport_June_2026.pdf,EXPENDITURE_DROP,MEDIUM,Cumulative expenditure dropped from 625.61 Cr (2026-05) to 0.0 Cr (2026-06)
618406,2025-12,Up-gradation to 4-lane with Paved Shoulder of Jammu-Akhnoor road section of NH- 144A from Ganesh Vihar Km 6.000 to Khati Chowk Km 26.350 in UT of Jammu and Kashmir on EPC basis Pkg-3A,FlashReport_December_2025.pdf,PROGRESS_REGRESSION,MEDIUM,Physical progress dropped by 83.2% (from 83.23% in 2025-06 to 0.0% in 2025-12)
618406,2025-12,Up-gradation to 4-lane with Paved Shoulder of Jammu-Akhnoor road section of NH- 144A from Ganesh Vihar Km 6.000 to Khati Chowk Km 26.350 in UT of Jammu and Kashmir on EPC basis Pkg-3A,FlashReport_December_2025.pdf,EXPENDITURE_DROP,MEDIUM,Cumulative expenditure dropped from 191.14 Cr (2025-06) to 0.0 Cr (2025-12)
618407,2025-12,Jammu-Akhnoor Road Pkg-I,FlashReport_December_2025.pdf,PROGRESS_REGRESSION,MEDIUM,Physical progress dropped by 41.0% (from 40.95% in 2025-06 to 0.0% in 2025-12)
618407,2025-12,Jammu-Akhnoor Road Pkg-I,FlashReport_December_2025.pdf,EXPENDITURE_DROP,MEDIUM,Cumulative expenditure dropped from 57.2 Cr (2025-06) to 0.0 Cr (2025-12)
618408,2025-12,Kargil Zanskar Road,FlashReport_December_2025.pdf,PROGRESS_REGRESSION,MEDIUM,Physical progress dropped by 84.0% (from 84.05% in 2025-06 to 0.0% in 2025-12)
618408,2025-12,Kargil Zanskar Road,FlashReport_December_2025.pdf,EXPENDITURE_DROP,MEDIUM,Cumulative expenditure dropped from 279.84 Cr (2025-06) to 0.0 Cr (2025-12)
618409,2025-12,Widening & Up-gradation to 2 lane with Paved shoulder of NH-301 Kargil- Zanskar Road from Design km 57.000 Ex. Km. 57.905 to Km 87.000 Ex. Km. 88.2491 of 30.000 Km length Pkg-lll,FlashReport_December_2025.pdf,PROGRESS_REGRESSION,MEDIUM,Physical progress dropped by 76.1% (from 76.11% in 2025-06 to 0.0% in 2025-12)
618409,2025-12,Widening & Up-gradation to 2 lane with Paved shoulder of NH-301 Kargil- Zanskar Road from Design km 57.000 Ex. Km. 57.905 to Km 87.000 Ex. Km. 88.2491 of 30.000 Km length Pkg-lll,FlashReport_December_2025.pdf,EXPENDITURE_DROP,MEDIUM,Cumulative expenditure dropped from 230.28 Cr (2025-06) to 0.0 Cr (2025-12)
618410,2025-12,Widening & Up-gradation to 2 lane with paved shoulder of NH-301 Kargil- Zanskar Road from Design Km .30.040 Ex. Km. 30.000 to Design Km 57.000 Ex. Km. 57.905 of 26.960 Km length Pkg-II,FlashReport_December_2025.pdf,PROGRESS_REGRESSION,MEDIUM,Physical progress dropped by 67.3% (from 67.27% in 2025-06 to 0.0% in 2025-12)
618410,2025-12,Widening & Up-gradation to 2 lane with paved shoulder of NH-301 Kargil- Zanskar Road from Design Km .30.040 Ex. Km. 30.000 to Design Km 57.000 Ex. Km. 57.905 of 26.960 Km length Pkg-II,FlashReport_December_2025.pdf,EXPENDITURE_DROP,MEDIUM,Cumulative expenditure dropped from 244.21 Cr (2025-06) to 0.0 Cr (2025-12)
618411,2025-12,Melaghar-Srimantapur section on NH-08 Spur from Km 23 to Km 34.500 11.5 Km and overlay from Km 20.30 to Km 22.00 1.7 Km Total Length 13.2 Km,FlashReport_December_2025.pdf,PROGRESS_REGRESSION,MEDIUM,Physical progress dropped by 45.4% (from 45.42% in 2025-06 to 0.0% in 2025-12)
618412,2025-12,Construction of i Connecting Road from Z-Morh Tunnel to Zojila Tunnel Road Length 18.475km and ii 14.150 Km long 2-L Bi-directional single tube Zoji-la Tunnel across Zojila Pass on Sonamarg - Kargil section from Km 82 to Km 118 of NH-01 under PMDP,FlashReport_December_2025.pdf,PROGRESS_REGRESSION,MEDIUM,Physical progress dropped by 49.9% (from 49.92% in 2025-06 to 0.0% in 2025-12)
618412,2025-12,Construction of i Connecting Road from Z-Morh Tunnel to Zojila Tunnel Road Length 18.475km and ii 14.150 Km long 2-L Bi-directional single tube Zoji-la Tunnel across Zojila Pass on Sonamarg - Kargil section from Km 82 to Km 118 of NH-01 under PMDP,FlashReport_December_2025.pdf,EXPENDITURE_DROP,MEDIUM,Cumulative expenditure dropped from 3013.84 Cr (2025-06) to 0.0 Cr (2025-12)
618414,2025-12,Construction of Balance work for 2-lane with hard shoulder of Peren- Dimapur section on NH-129A from Design Km 126.775 to Km 146.208 Length 19.433 Km in the state of Nagaland on EPC mode under NHO-TSP Package-II,FlashReport_December_2025.pdf,PROGRESS_REGRESSION,MEDIUM,Physical progress dropped by 81.4% (from 81.4% in 2025-06 to 0.0% in 2025-12)
618414,2025-12,Construction of Balance work for 2-lane with hard shoulder of Peren- Dimapur section on NH-129A from Design Km 126.775 to Km 146.208 Length 19.433 Km in the state of Nagaland on EPC mode under NHO-TSP Package-II,FlashReport_December_2025.pdf,EXPENDITURE_DROP,MEDIUM,Cumulative expenditure dropped from 89.46 Cr (2025-06) to 0.0 Cr (2025-12)
618415,2025-12,"Improvement of existing road to 2 laning with Hard Shoulders of Maram-Peren section Package-1B, length- 17.660 km from Design Chainage 22.340 km to 40.000 km on NH-129A in the State of Manipur on EPC mode",FlashReport_December_2025.pdf,EXPENDITURE_DROP,MEDIUM,Cumulative expenditure dropped from 126.71 Cr (2025-06) to 0.0 Cr (2025-12)
618416,2025-12,"Improvement of existing road to 2 laning with Hard Shoulders of Maram -Peren section Package-1A, length- 22.340Km from Design Chainage 0.000 km to 22.340 km on NH-129A in the State of Manipur on EPC mode",FlashReport_December_2025.pdf,PROGRESS_REGRESSION,MEDIUM,Physical progress dropped by 74.5% (from 74.48% in 2025-06 to 0.0% in 2025-12)
618416,2025-12,"Improvement of existing road to 2 laning with Hard Shoulders of Maram -Peren section Package-1A, length- 22.340Km from Design Chainage 0.000 km to 22.340 km on NH-129A in the State of Manipur on EPC mode",FlashReport_December_2025.pdf,EXPENDITURE_DROP,MEDIUM,Cumulative expenditure dropped from 105.78 Cr (2025-06) to 0.0 Cr (2025-12)
618417,2026-03,"Project Assessment, Infrastructure Monitoring and Analytics for Nation-building 1728 Construction of 4-Lane with paved shoulder Agartala bypass Western side, length 25.402 km connecting NH-8 near Amtali to NH-108B near Lembuchhera in the state of Tripura on EPC basis under NHO-NE",FlashReport_March_2026.pdf,LARGE_COST_SHIFT,MEDIUM,Original cost changed significantly from 2026.05 Cr (2026-02) to 143.0 Cr (2026-03)
618417,2026-04,"Construction of 4-Lane with paved shoulder Agartala bypass Western side, length 25.402 km connecting NH-8 near Amtali to NH-108B near Lembuchhera in the state of Tripura on EPC basis under NHO-NE",FlashReport_April2026.pdf,LARGE_COST_SHIFT,MEDIUM,Original cost changed significantly from 143.0 Cr (2026-03) to 2026.05 Cr (2026-04)
618417,2026-04,"Construction of 4-Lane with paved shoulder Agartala bypass Western side, length 25.402 km connecting NH-8 near Amtali to NH-108B near Lembuchhera in the state of Tripura on EPC basis under NHO-NE",FlashReport_April2026.pdf,EXPENDITURE_DROP,MEDIUM,Cumulative expenditure dropped from 2026.05 Cr (2026-03) to 292.55 Cr (2026-04)
618418,2025-06,REHABITITATION AND UP GRADATION OF NONGSTOIN-RAMBRAI-KYRSHAI ROAD UP TO MEGHALAYA-ASSAM BORDER FROM 9-2021 5/2024,FR_JUNE_2025.pdf,PROGRESS_REGRESSION,MEDIUM,Physical progress dropped by 26.2% (from 87.0% in 2025-05 to 60.81% in 2025-06)
618418,2025-12,Rehabilitation and up gradation of Nongstoin-Rambrai-Kyrshai road up to Meghalaya- Assam border from Km 0.335 to km 34.039 to 2-Lane under NHO - NE in the State of Meghalaya Package-1,FlashReport_December_2025.pdf,EXPENDITURE_DROP,MEDIUM,Cumulative expenditure dropped from 233.26 Cr (2025-06) to 0.0 Cr (2025-12)
618423,2025-12,Construction of 2-Lane with hard shoulders of Merangkong-Tamlu-Mon MTM Road from existing Km 20.456 to Km 41.065 Design Km. 20 to Km. 40.0 Design Length- 20.000 Km in the State of Nagaland under SARDP-NE Phase-A Pkg-2 Balance work,FlashReport_December_2025.pdf,PROGRESS_REGRESSION,MEDIUM,Physical progress dropped by 80.4% (from 80.38% in 2025-06 to 0.0% in 2025-12)
618423,2025-12,Construction of 2-Lane with hard shoulders of Merangkong-Tamlu-Mon MTM Road from existing Km 20.456 to Km 41.065 Design Km. 20 to Km. 40.0 Design Length- 20.000 Km in the State of Nagaland under SARDP-NE Phase-A Pkg-2 Balance work,FlashReport_December_2025.pdf,EXPENDITURE_DROP,MEDIUM,Cumulative expenditure dropped from 132.93 Cr (2025-06) to 0.0 Cr (2025-12)
618427,2025-12,Construction & upgradation of existing road to 2-lane with paved shoulder including geometric improvement of Kafer- Lava More section from km 40.00 to km 61.100 of NH717-A on EPC under SARDP-NE A in state of West Bengal Pkg-VA,FlashReport_December_2025.pdf,PROGRESS_REGRESSION,MEDIUM,Physical progress dropped by 95.1% (from 95.12% in 2025-06 to 0.0% in 2025-12)
618427,2025-12,Construction & upgradation of existing road to 2-lane with paved shoulder including geometric improvement of Kafer- Lava More section from km 40.00 to km 61.100 of NH717-A on EPC under SARDP-NE A in state of West Bengal Pkg-VA,FlashReport_December_2025.pdf,EXPENDITURE_DROP,MEDIUM,Cumulative expenditure dropped from 257.86 Cr (2025-06) to 6.11 Cr (2025-12)
618428,2026-03,Realignment of NH-717A from Design Ch.0.00 Km 77.800 of NH-10 to Design Ch.2.00 Km 3.100 of NH-717A with two lane paved shoulder including Major Bridge of 680 m in the State of Sikkim on EPC Mode-COS work,FlashReport_March_2026.pdf,EXPENDITURE_DROP,MEDIUM,Cumulative expenditure dropped from 264.84 Cr (2026-02) to 61.11 Cr (2026-03)
618429,2025-12,Construction & upgradation of existing road to 2-lane with paved shoulder including geometric improvement of sect. from Pedong bypass to Reshi Border km 79.700 to km 96.254 of NH-717A under SARDP-NE-A on EPC as part of Alternate connectivity to Gangtok Lava More-Reshi Border Pkg-VB,FlashReport_December_2025.pdf,PROGRESS_REGRESSION,MEDIUM,Physical progress dropped by 89.8% (from 89.81% in 2025-06 to 0.0% in 2025-12)
618429,2025-12,Construction & upgradation of existing road to 2-lane with paved shoulder including geometric improvement of sect. from Pedong bypass to Reshi Border km 79.700 to km 96.254 of NH-717A under SARDP-NE-A on EPC as part of Alternate connectivity to Gangtok Lava More-Reshi Border Pkg-VB,FlashReport_December_2025.pdf,EXPENDITURE_DROP,MEDIUM,Cumulative expenditure dropped from 362.61 Cr (2025-06) to 0.0 Cr (2025-12)
618430,2025-12,Construction of alternative highway to Gangtok in Sikkim via Bagrakot -Chuikhim- Nimbong -Kafer-Bakhim-Algarah-Rhenock in the State of West Bengal and from Rhenok-Rorathang-Pakyong along with spur from Aritar-Rolep-Menla in the State of Sikkim from Km 0.00 to Km 13.00 of Bagrakot -Kafer section of NH 717A on EPC Mode under Phase-A of SARDP-NE in the State of West Bengal PKG- IVA,FlashReport_December_2025.pdf,PROGRESS_REGRESSION,MEDIUM,Physical progress dropped by 76.5% (from 76.54% in 2025-06 to 0.0% in 2025-12)
618430,2025-12,Construction of alternative highway to Gangtok in Sikkim via Bagrakot -Chuikhim- Nimbong -Kafer-Bakhim-Algarah-Rhenock in the State of West Bengal and from Rhenok-Rorathang-Pakyong along with spur from Aritar-Rolep-Menla in the State of Sikkim from Km 0.00 to Km 13.00 of Bagrakot -Kafer section of NH 717A on EPC Mode under Phase-A of SARDP-NE in the State of West Bengal PKG- IVA,FlashReport_December_2025.pdf,EXPENDITURE_DROP,MEDIUM,Cumulative expenditure dropped from 247.12 Cr (2025-06) to 0.0 Cr (2025-12)
618430,2026-05,"Project Assessment, Infrastructure Monitoring and Analytics for Nation-building 1925 Construction of alternative highway to Gangtok in Sikkim via Bagrakot -Chuikhim- Nimbong -Kafer-Bakhim-Algarah-Rhenock in the State of West Bengal and from Rhenok-Rorathang-Pakyong along with spur from Aritar-Rolep-Menla in the State of Sikkim from Km 0.00 to Km 13.00 of Bagrakot -Kafer section of NH 717A on EPC Mode under Phase-A of SARDP-NE in the State of West Bengal PKG- IVA",FlashReport_May2026.pdf,PROGRESS_REGRESSION,MEDIUM,Physical progress dropped by 98.5% (from 98.54% in 2026-04 to 0.0% in 2026-05)
618430,2026-06,Construction of alternative highway to Gangtok in Sikkim via Bagrakot -Chuikhim- Nimbong -Kafer-Bakhim-Algarah-Rhenock in the State of West Bengal and from Rhenok-Rorathang-Pakyong along with spur from Aritar-Rolep-Menla in the State of Sikkim from Km 0.00 to Km 13.00 of Bagrakot -Kafer section of NH 717A on EPC Mode under Phase-A of SARDP-NE in the State of West Bengal PKG- IVA,FlashReport_June_2026.pdf,EXPENDITURE_DROP,MEDIUM,Cumulative expenditure dropped from 402.94 Cr (2026-05) to 0.39 Cr (2026-06)
618431,2025-12,Construction of alternative highway to Gangtok in Sikkim via Bagrakot -Chuikhim- Nimbong -Kafer-Bakhim-Algarah-Rhenock in the State of West Bengal and from Rhenok-Rorathang-Pakyong along with spur from Aritar-Rolep-Menla in the State of Sikkim from Km 13.00 to Km 25.60 of Bagrakot -Kafer section of NH 717A on EPC Mode under Phase-A of SARDP-NE in the State of West Bengal PKG- IVB,FlashReport_December_2025.pdf,PROGRESS_REGRESSION,MEDIUM,Physical progress dropped by 95.7% (from 95.71% in 2025-06 to 0.0% in 2025-12)
618431,2025-12,Construction of alternative highway to Gangtok in Sikkim via Bagrakot -Chuikhim- Nimbong -Kafer-Bakhim-Algarah-Rhenock in the State of West Bengal and from Rhenok-Rorathang-Pakyong along with spur from Aritar-Rolep-Menla in the State of Sikkim from Km 13.00 to Km 25.60 of Bagrakot -Kafer section of NH 717A on EPC Mode under Phase-A of SARDP-NE in the State of West Bengal PKG- IVB,FlashReport_December_2025.pdf,EXPENDITURE_DROP,MEDIUM,Cumulative expenditure dropped from 249.97 Cr (2025-06) to 0.39 Cr (2025-12)
618433,2025-12,Construction of Balance work of 2-Lane with PS of Joram Koloriang Road from existing Km122.600 to km138.00 [Design Km108.724 to Km123.714] in Arunachal Pradesh on EPC Mode under SARDP-NE Pkg-7 Arunachal Pradesh 02/2017,FlashReport_December_2025.pdf,EXPENDITURE_DROP,MEDIUM,Cumulative expenditure dropped from 99.32 Cr (2025-06) to 0.0 Cr (2025-12)
618433,2026-02,"Project Assessment, Infrastructure Monitoring and Analytics for Nation-building 866 Construction of Balance work of 2-Lane with PS of Joram Koloriang Road from existing Km122.600 to km138.00 [Design Km108.724 to Km123.714] in Arunachal Pradesh on EPC Mode under SARDP-NE Pkg-7 Arunachal Pradesh 02/2017",FlashReport_February_2026.pdf,PROGRESS_REGRESSION,MEDIUM,Physical progress dropped by 98.0% (from 98.0% in 2026-01 to 0.0% in 2026-02)
618433,2026-03,Construction of Balance work of 2-Lane with PS of Joram Koloriang Road from existing Km122.600 to km138.00 [Design Km108.724 to Km123.714] in Arunachal Pradesh on EPC Mode under SARDP-NE Pkg-7 Arunachal Pradesh 02/2017,FlashReport_March_2026.pdf,EXPENDITURE_DROP,MEDIUM,Cumulative expenditure dropped from 184.89 Cr (2026-02) to 0.0 Cr (2026-03)
618433,2026-04,"Project Assessment, Infrastructure Monitoring and Analytics for Nation-building 876 Construction of Balance work of 2-Lane with PS of Joram Koloriang Road from existing Km122.600 to km138.00 [Design Km108.724 to Km123.714] in Arunachal Pradesh on EPC Mode under SARDP-NE Pkg-7 Arunachal Pradesh 02/2017",FlashReport_April2026.pdf,PROGRESS_REGRESSION,MEDIUM,Physical progress dropped by 99.7% (from 99.69% in 2026-03 to 0.0% in 2026-04)
618433,2026-05,Construction of Balance work of 2-Lane with PS of Joram Koloriang Road from existing Km122.600 to km138.00 [Design Km108.724 to Km123.714] in Arunachal Pradesh on EPC Mode under SARDP-NE Pkg-7 Arunachal Pradesh 02/2017,FlashReport_May2026.pdf,EXPENDITURE_DROP,MEDIUM,Cumulative expenditure dropped from 184.89 Cr (2026-04) to 0.0 Cr (2026-05)
618434,2025-12,Roing-Hunli Road Greenfield Alignment Project Arunachal Pradesh 02/2017,FlashReport_December_2025.pdf,EXPENDITURE_DROP,MEDIUM,Cumulative expenditure dropped from 742.36 Cr (2025-06) to 0.0 Cr (2025-12)
618435,2025-12,4-Laning from Rangagara to Kaliabor Tiniali from km 297.00 to km 315.315 of NH-37 on EPC basis under SARDP-NE in state of Assam,FlashReport_December_2025.pdf,PROGRESS_REGRESSION,MEDIUM,Physical progress dropped by 88.0% (from 88.03% in 2025-06 to 0.0% in 2025-12)
618435,2025-12,4-Laning from Rangagara to Kaliabor Tiniali from km 297.00 to km 315.315 of NH-37 on EPC basis under SARDP-NE in state of Assam,FlashReport_December_2025.pdf,EXPENDITURE_DROP,MEDIUM,Cumulative expenditure dropped from 233.23 Cr (2025-06) to 0.0 Cr (2025-12)
618436,2025-12,4-Laning of Jamugurihat to end of Biswanath Chariali By-Pass from Km 182.000 to Km 208.000 of NH-52 on EPC mode in state of Assam under SARDP-NE,FlashReport_December_2025.pdf,PROGRESS_REGRESSION,MEDIUM,Physical progress dropped by 98.4% (from 98.42% in 2025-06 to 0.0% in 2025-12)
618436,2025-12,4-Laning of Jamugurihat to end of Biswanath Chariali By-Pass from Km 182.000 to Km 208.000 of NH-52 on EPC mode in state of Assam under SARDP-NE,FlashReport_December_2025.pdf,EXPENDITURE_DROP,MEDIUM,Cumulative expenditure dropped from 306.13 Cr (2025-06) to 0.0 Cr (2025-12)
618436,2026-01,"Project Assessment, Infrastructure Monitoring and Analytics for Nation-building 889 4-Laning of Jamugurihat to end of Biswanath Chariali By-Pass from Km 182.000 to Km 208.000 of NH-52 on EPC mode in state of Assam under SARDP-NE",FlashReport_January_2026.pdf,LARGE_COST_SHIFT,MEDIUM,Original cost changed significantly from 599.0 Cr (2025-12) to 94.0 Cr (2026-01)
618436,2026-02,4-Laning of Jamugurihat to end of Biswanath Chariali By-Pass from Km 182.000 to Km 208.000 of NH-52 on EPC mode in state of Assam under SARDP-NE,FlashReport_February_2026.pdf,LARGE_COST_SHIFT,MEDIUM,Original cost changed significantly from 94.0 Cr (2026-01) to 599.0 Cr (2026-02)
618437,2025-12,"Construction of Balance Work of 4-Laning of NH-37 Section between End of Moran Bypass to Bogibeel junction near Lapetketa Km. 561.700-Km. 580.875 under SARDP- NE, Phase 'A' in the State of Assam on EPC mode Pkg-I Road works & Toll Plaza",FlashReport_December_2025.pdf,EXPENDITURE_DROP,MEDIUM,Cumulative expenditure dropped from 242.97 Cr (2025-06) to 0.0 Cr (2025-12)
618437,2026-06,"Construction of Balance Work of 4-Laning of NH-37 Section between End of Moran Bypass to Bogibeel junction near Lapetketa Km. 561.700-Km. 580.875 under SARDP- NE, Phase 'A' in the State of Assam on EPC mode Pkg-I Road works & Toll Plaza",FlashReport_June_2026.pdf,EXPENDITURE_DROP,MEDIUM,Cumulative expenditure dropped from 274.34 Cr (2026-05) to 96.67 Cr (2026-06)
618438,2025-12,"4-Laning of NH-37 Section between Demow to End of Moran Bypass From Km. 534.800 to Km. 561.700 including Emergency Landing Facility ELF under SARDP-NE, Phase 'A' in the State of Assam on EPC mode",FlashReport_December_2025.pdf,PROGRESS_REGRESSION,MEDIUM,Physical progress dropped by 98.4% (from 98.4% in 2025-06 to 0.0% in 2025-12)
618438,2025-12,"4-Laning of NH-37 Section between Demow to End of Moran Bypass From Km. 534.800 to Km. 561.700 including Emergency Landing Facility ELF under SARDP-NE, Phase 'A' in the State of Assam on EPC mode",FlashReport_December_2025.pdf,EXPENDITURE_DROP,MEDIUM,Cumulative expenditure dropped from 396.49 Cr (2025-06) to 0.0 Cr (2025-12)
618438,2026-04,"4-Laning of NH-37 Section between Demow to End of Moran Bypass From Km. 534.800 to Km. 561.700 including Emergency Landing Facility ELF under SARDP-NE, Phase 'A' in the State of Assam on EPC mode",FlashReport_April2026.pdf,EXPENDITURE_DROP,MEDIUM,Cumulative expenditure dropped from 385.57 Cr (2026-03) to 145.89 Cr (2026-04)
618440,2026-05,"Construction of Balance Work of 4-Laning of the Section from Jhanji to Demow of NH- 37 Old from Km 490.800 to Km 534.800, under SARDP- NE on EPC Mode in the state of Assam Pkg- IV Structures & Toll Plaza",FlashReport_May2026.pdf,EXPENDITURE_DROP,MEDIUM,Cumulative expenditure dropped from 187.09 Cr (2026-04) to 0.0 Cr (2026-05)
618441,2026-06,"Construction of Balance Work of 4-Laning of the Section from Jhanji to Demow of NH- 37 Old from Km 490.800 to Km 501.800 11.000 Km, under SARDP- NE under EPC Mode in the state of Assam Pkg-I Road Works",FlashReport_June_2026.pdf,EXPENDITURE_DROP,MEDIUM,Cumulative expenditure dropped from 72.13 Cr (2026-05) to 0.0 Cr (2026-06)
618444,2026-01,"Construction of Balance Work of the 4-Laning of the Section from Jorhat to Jhanji of NH-37 Old from Km 453.000 to Km 490.800, under SARDP- NE , under EPC Mode in the state of Assam Pkg-IV Structures & Toll Plaza",FlashReport_January_2026.pdf,EXPENDITURE_DROP,MEDIUM,Cumulative expenditure dropped from 586.89 Cr (2025-06) to 0.0 Cr (2026-01)
618446,2025-12,Construction & Upgradation of existing road to 2-lane with paved shoulder from New Rolep Bridge at km 37.600 to Chochenpheri at km 52.00 in the section of Rongli to Chochenpheri of NH 717B Pkg-II C,FlashReport_December_2025.pdf,EXPENDITURE_DROP,MEDIUM,Cumulative expenditure dropped from 308.18 Cr (2025-06) to 0.0 Cr (2025-12)
618449,2025-12,Construction & Upgradation of existing road to 2-lane with paved shoulder from km27.200 End of Rongli bypass to km37.600New Rolep Bridge of Rhenok-Menla spur NH-717B on EPC Mode under SARDP-NE Phase-A in Sikkim Pkg-II B,FlashReport_December_2025.pdf,EXPENDITURE_DROP,MEDIUM,Cumulative expenditure dropped from 206.95 Cr (2025-06) to 0.0 Cr (2025-12)
618450,2025-12,Rehabilitation & Upgradation of existing road to 2-lane with paved shoulder including geometric improvement of section from start of Rabangla km33.600 to km58.840 under SARDP-NE Phase A Pkg- IV,FlashReport_December_2025.pdf,PROGRESS_REGRESSION,MEDIUM,Physical progress dropped by 43.4% (from 61.41% in 2025-06 to 18.0% in 2025-12)
618450,2025-12,Rehabilitation & Upgradation of existing road to 2-lane with paved shoulder including geometric improvement of section from start of Rabangla km33.600 to km58.840 under SARDP-NE Phase A Pkg- IV,FlashReport_December_2025.pdf,EXPENDITURE_DROP,MEDIUM,Cumulative expenditure dropped from 202.92 Cr (2025-06) to 1.91 Cr (2025-12)
618455,2025-12,Development of External Trunk Connectivity and Internal Infrastructure Works at Multi Model Logistics ParkMMLP at Jogighopa in the State of Assam on EPC Mode Package-I Road and Utility Works,FlashReport_December_2025.pdf,PROGRESS_REGRESSION,MEDIUM,Physical progress dropped by 100.0% (from 100.0% in 2025-06 to 0.0% in 2025-12)
618455,2025-12,Development of External Trunk Connectivity and Internal Infrastructure Works at Multi Model Logistics ParkMMLP at Jogighopa in the State of Assam on EPC Mode Package-I Road and Utility Works,FlashReport_December_2025.pdf,EXPENDITURE_DROP,MEDIUM,Cumulative expenditure dropped from 308.87 Cr (2025-06) to 0.0 Cr (2025-12)
618463,2026-06,"Project Assessment, Infrastructure Monitoring and Analytics for Nation-building 1000 Vadodara Mumbai Expressway Kim to Ankleshwar Phase IA - Pkg V",FlashReport_June_2026.pdf,LARGE_COST_SHIFT,MEDIUM,Original cost changed significantly from 1324.84 Cr (2026-05) to 108.0 Cr (2026-06)
618465,2025-12,Vadodara Mumbai Expressway Gandeva to Ena Phase IB - Pkg VII [Km 190.00 to Km 217.500],FlashReport_December_2025.pdf,PROGRESS_REGRESSION,MEDIUM,Physical progress dropped by 38.6% (from 90.56% in 2025-06 to 52.0% in 2025-12)
618467,2026-03,"Project Assessment, Infrastructure Monitoring and Analytics for Nation-building 1019 Vadodara Mumbai Expressway Karvad - Jujuwa from Km. 128.000 to Km. 154.600 Phase-I Package-IX",FlashReport_March_2026.pdf,LARGE_COST_SHIFT,MEDIUM,Original cost changed significantly from 2594.17 Cr (2026-02) to 103.0 Cr (2026-03)
618467,2026-04,Vadodara Mumbai Expressway Karvad - Jujuwa from Km. 128.000 to Km. 154.600 Phase-I Package-IX,FlashReport_April2026.pdf,LARGE_COST_SHIFT,MEDIUM,Original cost changed significantly from 103.0 Cr (2026-03) to 2594.17 Cr (2026-04)
618467,2026-04,Vadodara Mumbai Expressway Karvad - Jujuwa from Km. 128.000 to Km. 154.600 Phase-I Package-IX,FlashReport_April2026.pdf,EXPENDITURE_DROP,MEDIUM,Cumulative expenditure dropped from 2594.17 Cr (2026-03) to 212.76 Cr (2026-04)
618472,2026-05,"Project Assessment, Infrastructure Monitoring and Analytics for Nation-building 1383 Vadodara Mumbai Expressway Phase II - Pkg XVI [Km. 43.000 to Km. 69.800 of Spur] Amne - Bhoj",FlashReport_May2026.pdf,LARGE_COST_SHIFT,MEDIUM,Original cost changed significantly from 4051.8 Cr (2026-04) to 125.0 Cr (2026-05)
618472,2026-06,Vadodara Mumbai Expressway Phase II - Pkg XVI [Km. 43.000 to Km. 69.800 of Spur] Amne - Bhoj,FlashReport_June_2026.pdf,LARGE_COST_SHIFT,MEDIUM,Original cost changed significantly from 125.0 Cr (2026-05) to 4051.8 Cr (2026-06)
618472,2026-06,Vadodara Mumbai Expressway Phase II - Pkg XVI [Km. 43.000 to Km. 69.800 of Spur] Amne - Bhoj,FlashReport_June_2026.pdf,EXPENDITURE_DROP,MEDIUM,Cumulative expenditure dropped from 4051.8 Cr (2026-05) to 982.89 Cr (2026-06)
618473,2025-12,"Project Assessment, Infrastructure Monitoring and Analytics for Nation-building 1042 Vadodara Mumbai Expressway Phase II - Pkg XVII [Km. 69.800 to Km. 79.783 of Spur] Bhoj - Morbe",FlashReport_December_2025.pdf,LARGE_COST_SHIFT,MEDIUM,Original cost changed significantly from 2208.68 Cr (2025-06) to 89.0 Cr (2025-12)
618473,2026-01,Vadodara Mumbai Expressway Phase II - Pkg XVII [Km. 69.800 to Km. 79.783 of Spur] Bhoj - Morbe,FlashReport_January_2026.pdf,LARGE_COST_SHIFT,MEDIUM,Original cost changed significantly from 89.0 Cr (2025-12) to 2208.68 Cr (2026-01)
618473,2026-01,Vadodara Mumbai Expressway Phase II - Pkg XVII [Km. 69.800 to Km. 79.783 of Spur] Bhoj - Morbe,FlashReport_January_2026.pdf,EXPENDITURE_DROP,MEDIUM,Cumulative expenditure dropped from 2208.68 Cr (2025-12) to 807.09 Cr (2026-01)
618473,2026-02,"Project Assessment, Infrastructure Monitoring and Analytics for Nation-building 1352 Vadodara Mumbai Expressway Phase II - Pkg XVII [Km. 69.800 to Km. 79.783 of Spur] Bhoj - Morbe",FlashReport_February_2026.pdf,LARGE_COST_SHIFT,MEDIUM,Original cost changed significantly from 2208.68 Cr (2026-01) to 132.0 Cr (2026-02)
618473,2026-04,Vadodara Mumbai Expressway Phase II - Pkg XVII [Km. 69.800 to Km. 79.783 of Spur] Bhoj - Morbe,FlashReport_April2026.pdf,LARGE_COST_SHIFT,MEDIUM,Original cost changed significantly from 121.0 Cr (2026-03) to 2208.68 Cr (2026-04)
618473,2026-04,Vadodara Mumbai Expressway Phase II - Pkg XVII [Km. 69.800 to Km. 79.783 of Spur] Bhoj - Morbe,FlashReport_April2026.pdf,EXPENDITURE_DROP,MEDIUM,Cumulative expenditure dropped from 2208.68 Cr (2026-03) to 827.11 Cr (2026-04)
618475,2026-04,"Project Assessment, Infrastructure Monitoring and Analytics for Nation-building 822 Bangalore Chennai Expressway Phase-II Pkg-II from km.96.000 to Km 127.000 Baireddypalle to Bangarupalem section",FlashReport_April2026.pdf,LARGE_COST_SHIFT,MEDIUM,Original cost changed significantly from 2548.04 Cr (2026-03) to 93.0 Cr (2026-04)
618475,2026-05,Bangalore Chennai Expressway Phase-II Pkg-II from km.96.000 to Km 127.000 Baireddypalle to Bangarupalem section,FlashReport_May2026.pdf,LARGE_COST_SHIFT,MEDIUM,Original cost changed significantly from 93.0 Cr (2026-04) to 2548.04 Cr (2026-05)
618475,2026-05,Bangalore Chennai Expressway Phase-II Pkg-II from km.96.000 to Km 127.000 Baireddypalle to Bangarupalem section,FlashReport_May2026.pdf,EXPENDITURE_DROP,MEDIUM,Cumulative expenditure dropped from 2548.04 Cr (2026-04) to 1227.08 Cr (2026-05)
618497,2026-03,"Project Assessment, Infrastructure Monitoring and Analytics for Nation-building 1106 Delhi Amritsar Katra Expressway Phase-II Pkg XVIII Development and Upgradation of Four lane Access Control Expressway from Design Chainage KM 530.00 to KM 545.300 Sidhra to Domel Section of NH-44",FlashReport_March_2026.pdf,LARGE_COST_SHIFT,MEDIUM,Original cost changed significantly from 975.38 Cr (2026-02) to 108.0 Cr (2026-03)
618497,2026-04,Delhi Amritsar Katra Expressway Phase-II Pkg XVIII Development and Upgradation of Four lane Access Control Expressway from Design Chainage KM 530.00 to KM 545.300 Sidhra to Domel Section of NH-44,FlashReport_April2026.pdf,LARGE_COST_SHIFT,MEDIUM,Original cost changed significantly from 108.0 Cr (2026-03) to 975.38 Cr (2026-04)
618504,2026-02,"Project Assessment, Infrastructure Monitoring and Analytics for Nation-building 1036 Ahmedabad - Dholera Pkg IV from km. 71.06 to km. 109.019 [Start of DSIR zone - Adhelai Village]",FlashReport_February_2026.pdf,LARGE_COST_SHIFT,MEDIUM,Original cost changed significantly from 1181.76 Cr (2026-01) to 114.0 Cr (2026-02)
618504,2026-03,Ahmedabad - Dholera Pkg IV from km. 71.06 to km. 109.019 [Start of DSIR zone - Adhelai Village],FlashReport_March_2026.pdf,LARGE_COST_SHIFT,MEDIUM,Original cost changed significantly from 114.0 Cr (2026-02) to 1181.76 Cr (2026-03)
618514,2025-12,6L of Kagal-Satara section from Km 658.000 to Km 725.000 of NH-48 Pkg-II,FlashReport_December_2025.pdf,EXPENDITURE_DROP,MEDIUM,Cumulative expenditure dropped from 1858.98 Cr (2025-06) to 171.02 Cr (2025-12)
618514,2026-06,"Project Assessment, Infrastructure Monitoring and Analytics for Nation-building 1305 6L of Kagal-Satara section from Km 658.000 to Km 725.000 of NH-48 Pkg-II",FlashReport_June_2026.pdf,LARGE_COST_SHIFT,MEDIUM,Original cost changed significantly from 2330.71 Cr (2026-05) to 126.0 Cr (2026-06)
618519,2026-06,"Project Assessment, Infrastructure Monitoring and Analytics for Nation-building 1439 Bangalore Ring Road STRR-NH-948A- Package-I of Phase-III from Belagondapalli TN to TN/KNT border from km 144.480 to 179.969 Multi-States (Karnataka, Tamil",FlashReport_June_2026.pdf,LARGE_COST_SHIFT,MEDIUM,Original cost changed significantly from 1260.74 Cr (2026-05) to 134.0 Cr (2026-06)
618521,2026-06,"Project Assessment, Infrastructure Monitoring and Analytics for Nation-building 1575 Karaipettai to Walajapet from Km 71.015 to 107.091",FlashReport_June_2026.pdf,LARGE_COST_SHIFT,MEDIUM,Original cost changed significantly from 766.51 Cr (2026-05) to 142.0 Cr (2026-06)
618523,2025-12,Bhadrak KM 136.500 to Baleshwar KM 199.141,FlashReport_December_2025.pdf,EXPENDITURE_DROP,MEDIUM,Cumulative expenditure dropped from 540.1 Cr (2025-06) to 231.14 Cr (2025-12)
618523,2026-06,"Project Assessment, Infrastructure Monitoring and Analytics for Nation-building 1489 Bhadrak KM 136.500 to Baleshwar KM 199.141",FlashReport_June_2026.pdf,LARGE_COST_SHIFT,MEDIUM,Original cost changed significantly from 844.67 Cr (2026-05) to 137.0 Cr (2026-06)
618527,2025-12,Six Laning of Vijayawada Bypass from Gollapudi to Chinnakakani in Vijayawada - Gundugolanu Section from km. 30.00 to km. 47.881 Pkg-IV,FlashReport_December_2025.pdf,EXPENDITURE_DROP,MEDIUM,Cumulative expenditure dropped from 1445.67 Cr (2025-06) to 683.06 Cr (2025-12)
618527,2026-01,"Project Assessment, Infrastructure Monitoring and Analytics for Nation-building 810 Six Laning of Vijayawada Bypass from Gollapudi to Chinnakakani in Vijayawada - Gundugolanu Section from km. 30.00 to km. 47.881 Pkg-IV",FlashReport_January_2026.pdf,LARGE_COST_SHIFT,MEDIUM,Original cost changed significantly from 1194.57 Cr (2025-12) to 90.0 Cr (2026-01)
618527,2026-02,Six Laning of Vijayawada Bypass from Gollapudi to Chinnakakani in Vijayawada - Gundugolanu Section from km. 30.00 to km. 47.881 Pkg-IV,FlashReport_February_2026.pdf,LARGE_COST_SHIFT,MEDIUM,Original cost changed significantly from 90.0 Cr (2026-01) to 1194.57 Cr (2026-02)
618530,2025-12,Six Laning of Varanasi to Aurangabad from km. 786.00 to km. 978.40 of Old NH-2,FlashReport_December_2025.pdf,EXPENDITURE_DROP,MEDIUM,Cumulative expenditure dropped from 3901.66 Cr (2025-06) to 20.97 Cr (2025-12)
618533,2025-12,"Barwa Adda Km. 398.240 to Panagarh Km. 521.120 Multi-States (Jharkhand, West",FlashReport_December_2025.pdf,EXPENDITURE_DROP,MEDIUM,Cumulative expenditure dropped from 4980.13 Cr (2025-06) to 6.98 Cr (2025-12)
618538,2026-03,"Project Assessment, Infrastructure Monitoring and Analytics for Nation-building 1780 Construction of Ring Road around kanpur from Ch.51.200 to Ch. 68.650 Badarka to Harbanch-Uchti Pkg-III",FlashReport_March_2026.pdf,LARGE_COST_SHIFT,MEDIUM,Original cost changed significantly from 1792.68 Cr (2026-02) to 146.0 Cr (2026-03)
618538,2026-04,Construction of Ring Road around kanpur from Ch.51.200 to Ch. 68.650 Badarka to Harbanch-Uchti Pkg-III,FlashReport_April2026.pdf,LARGE_COST_SHIFT,MEDIUM,Original cost changed significantly from 146.0 Cr (2026-03) to 1792.68 Cr (2026-04)
618538,2026-04,Construction of Ring Road around kanpur from Ch.51.200 to Ch. 68.650 Badarka to Harbanch-Uchti Pkg-III,FlashReport_April2026.pdf,EXPENDITURE_DROP,MEDIUM,Cumulative expenditure dropped from 1792.68 Cr (2026-03) to 193.85 Cr (2026-04)
618541,2026-05,"Project Assessment, Infrastructure Monitoring and Analytics for Nation-building 1144 4L Ring road/bypass around Srinagar city from km 0.000 to km 42.100 Phase-I",FlashReport_May2026.pdf,LARGE_COST_SHIFT,MEDIUM,Original cost changed significantly from 2919.96 Cr (2026-04) to 111.0 Cr (2026-05)
618541,2026-06,4L Ring road/bypass around Srinagar city from km 0.000 to km 42.100 Phase-I,FlashReport_June_2026.pdf,LARGE_COST_SHIFT,MEDIUM,Original cost changed significantly from 111.0 Cr (2026-05) to 2919.96 Cr (2026-06)
618543,2025-12,"Project Assessment, Infrastructure Monitoring and Analytics for Nation-building 933 4L of twin tube tunnel configuration including approaches from Marog to Digdol from Km.154.210 to Km.158.650 North Bound and from Km.155.940 to Km.160.260 South Bound of Ramban to Banihal Pkg-I of Old NH-1A New NH-44",FlashReport_December_2025.pdf,LARGE_COST_SHIFT,MEDIUM,Original cost changed significantly from 1912.17 Cr (2025-06) to 84.0 Cr (2025-12)
618543,2026-01,4L of twin tube tunnel configuration including approaches from Marog to Digdol from Km.154.210 to Km.158.650 North Bound and from Km.155.940 to Km.160.260 South Bound of Ramban to Banihal Pkg-I of Old NH-1A New NH-44,FlashReport_January_2026.pdf,LARGE_COST_SHIFT,MEDIUM,Original cost changed significantly from 84.0 Cr (2025-12) to 1912.17 Cr (2026-01)
618543,2026-01,4L of twin tube tunnel configuration including approaches from Marog to Digdol from Km.154.210 to Km.158.650 North Bound and from Km.155.940 to Km.160.260 South Bound of Ramban to Banihal Pkg-I of Old NH-1A New NH-44,FlashReport_January_2026.pdf,EXPENDITURE_DROP,MEDIUM,Cumulative expenditure dropped from 1912.17 Cr (2025-12) to 289.56 Cr (2026-01)
618543,2026-02,"Project Assessment, Infrastructure Monitoring and Analytics for Nation-building 1120 4L of twin tube tunnel configuration including approaches from Marog to Digdol from Km.154.210 to Km.158.650 North Bound and from Km.155.940 to Km.160.260 South Bound of Ramban to Banihal Pkg-I of Old NH-1A New NH-44",FlashReport_February_2026.pdf,LARGE_COST_SHIFT,MEDIUM,Original cost changed significantly from 1912.17 Cr (2026-01) to 119.0 Cr (2026-02)
618543,2026-03,4L of twin tube tunnel configuration including approaches from Marog to Digdol from Km.154.210 to Km.158.650 North Bound and from Km.155.940 to Km.160.260 South Bound of Ramban to Banihal Pkg-I of Old NH-1A New NH-44,FlashReport_March_2026.pdf,LARGE_COST_SHIFT,MEDIUM,Original cost changed significantly from 119.0 Cr (2026-02) to 1912.17 Cr (2026-03)
618543,2026-03,4L of twin tube tunnel configuration including approaches from Marog to Digdol from Km.154.210 to Km.158.650 North Bound and from Km.155.940 to Km.160.260 South Bound of Ramban to Banihal Pkg-I of Old NH-1A New NH-44,FlashReport_March_2026.pdf,EXPENDITURE_DROP,MEDIUM,Cumulative expenditure dropped from 1912.17 Cr (2026-02) to 328.3 Cr (2026-03)
618544,2026-06,"Project Assessment, Infrastructure Monitoring and Analytics for Nation-building 1083 4L twin tube tunnel including approaches from Digdol to Khuni Nallah North Bound connecting with existing major bridge on NB and South Bound connecting with Tunnel T4 ,Single tube tunnel of Ramban to Banihal Pkg-II of Old NH-1A New NH-44",FlashReport_June_2026.pdf,LARGE_COST_SHIFT,MEDIUM,Original cost changed significantly from 1401.87 Cr (2026-05) to 113.0 Cr (2026-06)
618545,2026-01,"Project Assessment, Infrastructure Monitoring and Analytics for Nation-building 1062 4L of Km.165.092 to Km.171.855 North Bound and from Km.166.895 to Km.173.638 South Bound, excl. certain reaches of North Bound and South Bound of Ramban to Banihal Pkg-III of Old NH-1A New NH-44",FlashReport_January_2026.pdf,LARGE_COST_SHIFT,MEDIUM,Original cost changed significantly from 614.48 Cr (2025-12) to 102.0 Cr (2026-01)
618545,2026-02,"4L of Km.165.092 to Km.171.855 North Bound and from Km.166.895 to Km.173.638 South Bound, excl. certain reaches of North Bound and South Bound of Ramban to Banihal Pkg-III of Old NH-1A New NH-44",FlashReport_February_2026.pdf,LARGE_COST_SHIFT,MEDIUM,Original cost changed significantly from 102.0 Cr (2026-01) to 614.48 Cr (2026-02)
618545,2026-02,"4L of Km.165.092 to Km.171.855 North Bound and from Km.166.895 to Km.173.638 South Bound, excl. certain reaches of North Bound and South Bound of Ramban to Banihal Pkg-III of Old NH-1A New NH-44",FlashReport_February_2026.pdf,EXPENDITURE_DROP,MEDIUM,Cumulative expenditure dropped from 614.48 Cr (2026-01) to 240.81 Cr (2026-02)
618547,2026-04,"Project Assessment, Infrastructure Monitoring and Analytics for Nation-building 1144 2L NH-1 from km 8.660 to km 33.775 Sumbal to Wayul to 4L dual carriageway NH standard as part of Srinagar Ring Road PhaseII [Design Ch. 41.907 to Ch. 66.609]",FlashReport_April2026.pdf,LARGE_COST_SHIFT,MEDIUM,Original cost changed significantly from 961.0 Cr (2026-03) to 112.0 Cr (2026-04)
618547,2026-05,2L NH-1 from km 8.660 to km 33.775 Sumbal to Wayul to 4L dual carriageway NH standard as part of Srinagar Ring Road PhaseII [Design Ch. 41.907 to Ch. 66.609],FlashReport_May2026.pdf,LARGE_COST_SHIFT,MEDIUM,Original cost changed significantly from 112.0 Cr (2026-04) to 961.0 Cr (2026-05)
618547,2026-05,2L NH-1 from km 8.660 to km 33.775 Sumbal to Wayul to 4L dual carriageway NH standard as part of Srinagar Ring Road PhaseII [Design Ch. 41.907 to Ch. 66.609],FlashReport_May2026.pdf,EXPENDITURE_DROP,MEDIUM,Cumulative expenditure dropped from 961.0 Cr (2026-04) to 430.82 Cr (2026-05)
618548,2025-12,Stand-alone Ring road/bypass around Jammu City from Raya Morh km. -0.687 to Jagti km. 57.568,FlashReport_December_2025.pdf,EXPENDITURE_DROP,MEDIUM,Cumulative expenditure dropped from 1731.65 Cr (2025-06) to 54.24 Cr (2025-12)
618555,2025-12,"Flyover at Km.544.650 including ROB, Service Roads ,Footpath for RCC drains on urban link to Nagpur -Raipur road Pardi octroi Naka to Itwari",FlashReport_December_2025.pdf,PROGRESS_REGRESSION,MEDIUM,Physical progress dropped by 94.1% (from 94.1% in 2025-06 to 0.0% in 2025-12)
618555,2025-12,"Flyover at Km.544.650 including ROB, Service Roads ,Footpath for RCC drains on urban link to Nagpur -Raipur road Pardi octroi Naka to Itwari",FlashReport_December_2025.pdf,EXPENDITURE_DROP,MEDIUM,Cumulative expenditure dropped from 623.82 Cr (2025-06) to 25.94 Cr (2025-12)
618561,2026-04,"Project Assessment, Infrastructure Monitoring and Analytics for Nation-building 1677 Improving the Alignment of Thoppur Ghat Section from Km 158.500 to Km 165.100 in Dharmapuri - Salem Section of NH-44",FlashReport_April2026.pdf,LARGE_COST_SHIFT,MEDIUM,Original cost changed significantly from 904.99 Cr (2026-03) to 143.0 Cr (2026-04)
618561,2026-06,Improving the Alignment of Thoppur Ghat Section from Km 158.500 to Km 165.100 in Dharmapuri - Salem Section of NH-44,FlashReport_June_2026.pdf,LARGE_COST_SHIFT,MEDIUM,Original cost changed significantly from 143.0 Cr (2026-05) to 904.99 Cr (2026-06)
618561,2026-06,Improving the Alignment of Thoppur Ghat Section from Km 158.500 to Km 165.100 in Dharmapuri - Salem Section of NH-44,FlashReport_June_2026.pdf,EXPENDITURE_DROP,MEDIUM,Cumulative expenditure dropped from 904.99 Cr (2026-05) to 209.58 Cr (2026-06)
618563,2025-12,"Project Assessment, Infrastructure Monitoring and Analytics for Nation-building 1212 4L of Madurai Ring Road Phase 1 [Vadipatti-Thamrapatti] from km 0.00 - km 29.960",FlashReport_December_2025.pdf,LARGE_COST_SHIFT,MEDIUM,Original cost changed significantly from 854.94 Cr (2025-06) to 97.0 Cr (2025-12)
618563,2026-01,4L of Madurai Ring Road Phase 1 [Vadipatti-Thamrapatti] from km 0.00 - km 29.960,FlashReport_January_2026.pdf,LARGE_COST_SHIFT,MEDIUM,Original cost changed significantly from 97.0 Cr (2025-12) to 900.05 Cr (2026-01)
618564,2026-05,"Project Assessment, Infrastructure Monitoring and Analytics for Nation-building 1061 6L with PS of Samakhiyali to Santalpur section from km. 339.700 to Km. 430.100 of NH-27",FlashReport_May2026.pdf,PROGRESS_REGRESSION,MEDIUM,Physical progress dropped by 29.3% (from 57.59% in 2026-04 to 28.26% in 2026-05)
618564,2026-05,"Project Assessment, Infrastructure Monitoring and Analytics for Nation-building 1061 6L with PS of Samakhiyali to Santalpur section from km. 339.700 to Km. 430.100 of NH-27",FlashReport_May2026.pdf,LARGE_COST_SHIFT,MEDIUM,Original cost changed significantly from 1553.76 Cr (2026-04) to 106.0 Cr (2026-05)
618564,2026-06,6L with PS of Samakhiyali to Santalpur section from km. 339.700 to Km. 430.100 of NH-27,FlashReport_June_2026.pdf,LARGE_COST_SHIFT,MEDIUM,Original cost changed significantly from 106.0 Cr (2026-05) to 1553.76 Cr (2026-06)
618564,2026-06,6L with PS of Samakhiyali to Santalpur section from km. 339.700 to Km. 430.100 of NH-27,FlashReport_June_2026.pdf,EXPENDITURE_DROP,MEDIUM,Cumulative expenditure dropped from 1553.76 Cr (2026-05) to 28.59 Cr (2026-06)
618566,2025-12,"Project Assessment, Infrastructure Monitoring and Analytics for Nation-building 1295 4L Green Field Northern East side Gorakhpur Bypass 26.616 Kms starting from NH- 29E Chainage 83.308 and end at NH-28 Chainage 285.100",FlashReport_December_2025.pdf,LARGE_COST_SHIFT,MEDIUM,Original cost changed significantly from 1973.98 Cr (2025-06) to 101.0 Cr (2025-12)
618566,2026-01,4L Green Field Northern East side Gorakhpur Bypass 26.616 Kms starting from NH- 29E Chainage 83.308 and end at NH-28 Chainage 285.100,FlashReport_January_2026.pdf,LARGE_COST_SHIFT,MEDIUM,Original cost changed significantly from 101.0 Cr (2025-12) to 1973.98 Cr (2026-01)
618566,2026-01,4L Green Field Northern East side Gorakhpur Bypass 26.616 Kms starting from NH- 29E Chainage 83.308 and end at NH-28 Chainage 285.100,FlashReport_January_2026.pdf,EXPENDITURE_DROP,MEDIUM,Cumulative expenditure dropped from 1973.98 Cr (2025-12) to 862.22 Cr (2026-01)
618567,2026-02,"Project Assessment, Infrastructure Monitoring and Analytics for Nation-building 1796 4/6L of Northern Ayodhya Bypass starting Km. 112.540 and ending Km. 139.928 north of existing NH-27 part-1 and part-2 south of NH-27 from km 0.000 to km 5.000.",FlashReport_February_2026.pdf,LARGE_COST_SHIFT,MEDIUM,Original cost changed significantly from 2289.34 Cr (2026-01) to 157.0 Cr (2026-02)
618567,2026-03,4/6L of Northern Ayodhya Bypass starting Km. 112.540 and ending Km. 139.928 north of existing NH-27 part-1 and part-2 south of NH-27 from km 0.000 to km 5.000.,FlashReport_March_2026.pdf,LARGE_COST_SHIFT,MEDIUM,Original cost changed significantly from 157.0 Cr (2026-02) to 2289.34 Cr (2026-03)
618567,2026-03,4/6L of Northern Ayodhya Bypass starting Km. 112.540 and ending Km. 139.928 north of existing NH-27 part-1 and part-2 south of NH-27 from km 0.000 to km 5.000.,FlashReport_March_2026.pdf,EXPENDITURE_DROP,MEDIUM,Cumulative expenditure dropped from 2289.34 Cr (2026-02) to 132.07 Cr (2026-03)
618572,2026-05,Binnaguri Bypass-Descoped portion of Ghoshpukur-Dhupguri Section of NH-31Dpkg-1,FlashReport_May2026.pdf,EXPENDITURE_DROP,MEDIUM,Cumulative expenditure dropped from 309.99 Cr (2026-04) to 1.94 Cr (2026-05)
618580,2025-12,Gohana - Sonipat PKG-2,FlashReport_December_2025.pdf,EXPENDITURE_DROP,MEDIUM,Cumulative expenditure dropped from 1123.98 Cr (2025-06) to 457.89 Cr (2025-12)
618584,2026-03,"Project Assessment, Infrastructure Monitoring and Analytics for Nation-building 1459 4L of Kishanganj - Bahadurganj section from Km. 0.000 to Km. 23.649 & interchange at Start Point Length - 1.200 Km of NH-27",FlashReport_March_2026.pdf,LARGE_COST_SHIFT,MEDIUM,Original cost changed significantly from 962.84 Cr (2026-02) to 128.0 Cr (2026-03)
618584,2026-04,4L of Kishanganj - Bahadurganj section from Km. 0.000 to Km. 23.649 & interchange at Start Point Length - 1.200 Km of NH-27,FlashReport_April2026.pdf,LARGE_COST_SHIFT,MEDIUM,Original cost changed significantly from 128.0 Cr (2026-03) to 962.84 Cr (2026-04)
618584,2026-04,4L of Kishanganj - Bahadurganj section from Km. 0.000 to Km. 23.649 & interchange at Start Point Length - 1.200 Km of NH-27,FlashReport_April2026.pdf,EXPENDITURE_DROP,MEDIUM,Cumulative expenditure dropped from 962.84 Cr (2026-03) to 60.94 Cr (2026-04)
618588,2025-12,4L Mitigation Measure structures on CH/MH Border to Wainganga Bridge Section of NH-6 New NH-53,FlashReport_December_2025.pdf,PROGRESS_REGRESSION,MEDIUM,Physical progress dropped by 30.0% (from 100.0% in 2025-06 to 70.0% in 2025-12)
618594,2025-12,Balance work of 4L Panvel to Indapur section of NH-66 Old NH- 17 from km 0.000 Panvel to km 42.300 Kasu,FlashReport_December_2025.pdf,PROGRESS_REGRESSION,MEDIUM,Physical progress dropped by 46.8% (from 89.8% in 2025-06 to 43.0% in 2025-12)
618597,2025-12,6L of Azhiyur-Vengalam from km. 189.200 to km. 230.400 of NH-66,FlashReport_December_2025.pdf,EXPENDITURE_DROP,MEDIUM,Cumulative expenditure dropped from 2295.34 Cr (2025-06) to 771.21 Cr (2025-12)
618598,2025-12,6L Minor Bridge Paloli Palam at km. 203.160 & Major Bridge Morad at km. 204.895 and allied works,FlashReport_December_2025.pdf,EXPENDITURE_DROP,MEDIUM,Cumulative expenditure dropped from 198.1 Cr (2025-06) to 70.89 Cr (2025-12)
618599,2025-12,6L of Ramanatukkara Junction to start of Valanchery bypass section of NH-66,FlashReport_December_2025.pdf,EXPENDITURE_DROP,MEDIUM,Cumulative expenditure dropped from 3474.31 Cr (2025-06) to 1668.84 Cr (2025-12)
618601,2025-12,"Project Assessment, Infrastructure Monitoring and Analytics for Nation-building 977 6L of Kappirikkad to Thalikulam section from km 335.85 to km 369.015 of NH - 66 old NH-17",FlashReport_December_2025.pdf,LARGE_COST_SHIFT,MEDIUM,Original cost changed significantly from 3606.0 Cr (2025-06) to 86.0 Cr (2025-12)
618601,2026-01,6L of Kappirikkad to Thalikulam section from km 335.85 to km 369.015 of NH - 66 old NH-17,FlashReport_January_2026.pdf,LARGE_COST_SHIFT,MEDIUM,Original cost changed significantly from 86.0 Cr (2025-12) to 4225.59 Cr (2026-01)
618601,2026-01,6L of Kappirikkad to Thalikulam section from km 335.85 to km 369.015 of NH - 66 old NH-17,FlashReport_January_2026.pdf,EXPENDITURE_DROP,MEDIUM,Cumulative expenditure dropped from 4225.59 Cr (2025-12) to 646.67 Cr (2026-01)
618602,2025-12,6L of Thalikulam to Kodugallur section from km 369.015 to km 397.850 of NH - 66 old NH-17,FlashReport_December_2025.pdf,EXPENDITURE_DROP,MEDIUM,Cumulative expenditure dropped from 3071.01 Cr (2025-06) to 618.13 Cr (2025-12)
618603,2025-12,6L of Kodugallur to Edapppally section from km 397.750 to km 423.780 of NH - 66 old NH-17,FlashReport_December_2025.pdf,EXPENDITURE_DROP,MEDIUM,Cumulative expenditure dropped from 2082.0 Cr (2025-06) to 767.36 Cr (2025-12)
618606,2026-06,"Project Assessment, Infrastructure Monitoring and Analytics for Nation-building 1188 Paravoor-Kottankulangara",FlashReport_June_2026.pdf,LARGE_COST_SHIFT,MEDIUM,Original cost changed significantly from 3273.61 Cr (2026-05) to 119.0 Cr (2026-06)
618615,2025-12,Sanchore - Santalpur from km 99.000 - km 130.073 of NH-754K AJ-RGBS-Package-4,FlashReport_December_2025.pdf,PROGRESS_REGRESSION,MEDIUM,Physical progress dropped by 26.7% (from 99.7% in 2025-06 to 73.0% in 2025-12)
618618,2026-06,"Project Assessment, Infrastructure Monitoring and Analytics for Nation-building 1523 6L Amritsar-Bathinda Greenfield section from Jn. with Bhagta Bhai Ka-Bhadaur Road near Dyalpura Bhai Ka to Jn. with Mandi Dabwali Bathinda Road on NH-54 near Sangat Kalan from km 93.000 to km 154.866 of NH-754A Pkg-3",FlashReport_June_2026.pdf,LARGE_COST_SHIFT,MEDIUM,Original cost changed significantly from 2029.17 Cr (2026-05) to 139.0 Cr (2026-06)
618628,2026-05,Strengthening of Existing Alignment of Pandharpur Town Part Bypassed Section of NH 965 from KM 36.230 to KM 44.230 from Chh. Shivaji Maharaj Chowk to Wakhari,FlashReport_May2026.pdf,EXPENDITURE_DROP,MEDIUM,Cumulative expenditure dropped from 150.21 Cr (2026-04) to 65.16 Cr (2026-05)
618630,2026-01,"Project Assessment, Infrastructure Monitoring and Analytics for Nation-building 1103 6L of MH/KN Border Nimbal Village to KN/TS Border Singnodi Village from Km. 26.000 to Km. 97.000 in Gulbarga of NH-150C Pkg-II",FlashReport_January_2026.pdf,LARGE_COST_SHIFT,MEDIUM,Original cost changed significantly from 2355.56 Cr (2025-12) to 104.0 Cr (2026-01)
618630,2026-02,6L of MH/KN Border Nimbal Village to KN/TS Border Singnodi Village from Km. 26.000 to Km. 97.000 in Gulbarga of NH-150C Pkg-II,FlashReport_February_2026.pdf,LARGE_COST_SHIFT,MEDIUM,Original cost changed significantly from 104.0 Cr (2026-01) to 2355.56 Cr (2026-02)
618630,2026-02,6L of MH/KN Border Nimbal Village to KN/TS Border Singnodi Village from Km. 26.000 to Km. 97.000 in Gulbarga of NH-150C Pkg-II,FlashReport_February_2026.pdf,EXPENDITURE_DROP,MEDIUM,Cumulative expenditure dropped from 2355.56 Cr (2026-01) to 824.34 Cr (2026-02)
618636,2026-05,"Project Assessment, Infrastructure Monitoring and Analytics for Nation-building 1535 Akkalkot MH/KN border New Greenfield corridor from Km 512.000 to Km 548.400 of NH-150C part of Akkalkot KN/TS Border section Package XIV",FlashReport_May2026.pdf,LARGE_COST_SHIFT,MEDIUM,Original cost changed significantly from 1370.75 Cr (2026-04) to 134.0 Cr (2026-05)
618636,2026-06,Akkalkot MH/KN border New Greenfield corridor from Km 512.000 to Km 548.400 of NH-150C part of Akkalkot KN/TS Border section Package XIV,FlashReport_June_2026.pdf,LARGE_COST_SHIFT,MEDIUM,Original cost changed significantly from 134.0 Cr (2026-05) to 1370.75 Cr (2026-06)
618636,2026-06,Akkalkot MH/KN border New Greenfield corridor from Km 512.000 to Km 548.400 of NH-150C part of Akkalkot KN/TS Border section Package XIV,FlashReport_June_2026.pdf,EXPENDITURE_DROP,MEDIUM,Cumulative expenditure dropped from 1370.75 Cr (2026-05) to 300.25 Cr (2026-06)
618637,2026-06,"Project Assessment, Infrastructure Monitoring and Analytics for Nation-building 1420 Bal. Works of Fagne Km. 510.000 to Maharashtra/Gujarat Border Km. 650.794",FlashReport_June_2026.pdf,LARGE_COST_SHIFT,MEDIUM,Original cost changed significantly from 1654.07 Cr (2026-05) to 133.0 Cr (2026-06)
618641,2026-03,4 Lane of CG/JH Border-Gumla from km 0.000 to km 32.370 of NH-43 in the State of Jhrkhand,FlashReport_March_2026.pdf,LARGE_COST_SHIFT,MEDIUM,Original cost changed significantly from 120.0 Cr (2026-02) to 1325.8 Cr (2026-03)
618641,2026-03,4 Lane of CG/JH Border-Gumla from km 0.000 to km 32.370 of NH-43 in the State of Jhrkhand,FlashReport_March_2026.pdf,EXPENDITURE_DROP,MEDIUM,Cumulative expenditure dropped from 1325.8 Cr (2026-02) to 12.69 Cr (2026-03)
618642,2026-03,"Project Assessment, Infrastructure Monitoring and Analytics for Nation-building 1124 4L of Palma to Gumla from km. 26.00 to km. 89.170 of NH-23",FlashReport_March_2026.pdf,LARGE_COST_SHIFT,MEDIUM,Original cost changed significantly from 1882.93 Cr (2026-02) to 109.0 Cr (2026-03)
618642,2026-04,4L of Palma to Gumla from km. 26.00 to km. 89.170 of NH-23,FlashReport_April2026.pdf,LARGE_COST_SHIFT,MEDIUM,Original cost changed significantly from 109.0 Cr (2026-03) to 1882.93 Cr (2026-04)
618642,2026-04,4L of Palma to Gumla from km. 26.00 to km. 89.170 of NH-23,FlashReport_April2026.pdf,EXPENDITURE_DROP,MEDIUM,Cumulative expenditure dropped from 1882.93 Cr (2026-03) to 891.94 Cr (2026-04)
618645,2026-06,"Project Assessment, Infrastructure Monitoring and Analytics for Nation-building 1100 4L of Gola-BokaroJaina More section from Km 53.600 to Km 21.110 of NH-320PKG-1",FlashReport_June_2026.pdf,LARGE_COST_SHIFT,MEDIUM,Original cost changed significantly from 1007.97 Cr (2026-05) to 114.0 Cr (2026-06)
618649,2026-05,"Project Assessment, Infrastructure Monitoring and Analytics for Nation-building 1210 4 Lane with PS from Des. Ch 228.500 to Des. Ch. 273.400 of Belgaum-Hungund- Raichur Section of NH 748 A Package-6",FlashReport_May2026.pdf,LARGE_COST_SHIFT,MEDIUM,Original cost changed significantly from 1246.15 Cr (2026-04) to 115.0 Cr (2026-05)
618649,2026-06,4 Lane with PS from Des. Ch 228.500 to Des. Ch. 273.400 of Belgaum-Hungund- Raichur Section of NH 748 A Package-6,FlashReport_June_2026.pdf,LARGE_COST_SHIFT,MEDIUM,Original cost changed significantly from 115.0 Cr (2026-05) to 1246.15 Cr (2026-06)
618649,2026-06,4 Lane with PS from Des. Ch 228.500 to Des. Ch. 273.400 of Belgaum-Hungund- Raichur Section of NH 748 A Package-6,FlashReport_June_2026.pdf,EXPENDITURE_DROP,MEDIUM,Cumulative expenditure dropped from 1246.15 Cr (2026-05) to 381.27 Cr (2026-06)
618664,2025-12,Berkhedi to Godpehra on NH-44 Sagar link road,FlashReport_December_2025.pdf,PROGRESS_REGRESSION,MEDIUM,Physical progress dropped by 60.0% (from 60.0% in 2025-06 to 0.0% in 2025-12)
618664,2025-12,Berkhedi to Godpehra on NH-44 Sagar link road,FlashReport_December_2025.pdf,EXPENDITURE_DROP,MEDIUM,Cumulative expenditure dropped from 2455.45 Cr (2025-06) to 292.9 Cr (2025-12)
618665,2025-12,"Project Assessment, Infrastructure Monitoring and Analytics for Nation-building 1000 4L of Sagar - Mohari from Km.8 to Km.50 Pkg-I",FlashReport_December_2025.pdf,LARGE_COST_SHIFT,MEDIUM,Original cost changed significantly from 790.78 Cr (2025-06) to 87.0 Cr (2025-12)
618665,2025-12,"Project Assessment, Infrastructure Monitoring and Analytics for Nation-building 1000 4L of Sagar - Mohari from Km.8 to Km.50 Pkg-I",FlashReport_December_2025.pdf,EXPENDITURE_DROP,MEDIUM,Cumulative expenditure dropped from 2141.21 Cr (2025-06) to 790.78 Cr (2025-12)
618665,2026-01,4L of Sagar - Mohari from Km.8 to Km.50 Pkg-I,FlashReport_January_2026.pdf,LARGE_COST_SHIFT,MEDIUM,Original cost changed significantly from 87.0 Cr (2025-12) to 790.78 Cr (2026-01)
618669,2026-05,"Project Assessment, Infrastructure Monitoring and Analytics for Nation-building 1842 4 -Laning of MP/UP Border to Kabarai section of NH-34&35 from km 197.000 to km 242.991 Length 45.991 Km Sagar-Kabrai Package-5 under Bharat Mala Pariyojana EC in MP & UP on HAM",FlashReport_May2026.pdf,LARGE_COST_SHIFT,MEDIUM,Original cost changed significantly from 1632.93 Cr (2026-04) to 152.0 Cr (2026-05)
618669,2026-06,4 -Laning of MP/UP Border to Kabarai section of NH-34&35 from km 197.000 to km 242.991 Length 45.991 Km Sagar-Kabrai Package-5 under Bharat Mala Pariyojana EC in MP & UP on HAM,FlashReport_June_2026.pdf,LARGE_COST_SHIFT,MEDIUM,Original cost changed significantly from 152.0 Cr (2026-05) to 1632.93 Cr (2026-06)
618669,2026-06,4 -Laning of MP/UP Border to Kabarai section of NH-34&35 from km 197.000 to km 242.991 Length 45.991 Km Sagar-Kabrai Package-5 under Bharat Mala Pariyojana EC in MP & UP on HAM,FlashReport_June_2026.pdf,EXPENDITURE_DROP,MEDIUM,Cumulative expenditure dropped from 1632.93 Cr (2026-05) to 529.81 Cr (2026-06)
618673,2026-02,"Project Assessment, Infrastructure Monitoring and Analytics for Nation-building 999 Development of 6L of Jhanki Sargi Section Road from km 0.000 to km 42.800 of NH- 130CD Pkg-CG-1",FlashReport_February_2026.pdf,LARGE_COST_SHIFT,MEDIUM,Original cost changed significantly from 1368.19 Cr (2026-01) to 112.0 Cr (2026-02)
618673,2026-03,Development of 6L of Jhanki Sargi Section Road from km 0.000 to km 42.800 of NH- 130CD Pkg-CG-1,FlashReport_March_2026.pdf,LARGE_COST_SHIFT,MEDIUM,Original cost changed significantly from 112.0 Cr (2026-02) to 1368.19 Cr (2026-03)
618673,2026-03,Development of 6L of Jhanki Sargi Section Road from km 0.000 to km 42.800 of NH- 130CD Pkg-CG-1,FlashReport_March_2026.pdf,EXPENDITURE_DROP,MEDIUM,Cumulative expenditure dropped from 1368.19 Cr (2026-02) to 621.25 Cr (2026-03)
618700,2026-03,"Project Assessment, Infrastructure Monitoring and Analytics for Nation-building 807 Renigunta - Poyya - Naidupeta km 124.60 to km 183.4 of NH 71",FlashReport_March_2026.pdf,LARGE_COST_SHIFT,MEDIUM,Original cost changed significantly from 1863.09 Cr (2026-02) to 91.0 Cr (2026-03)
618700,2026-04,Renigunta - Poyya - Naidupeta km 124.60 to km 183.4 of NH 71,FlashReport_April2026.pdf,LARGE_COST_SHIFT,MEDIUM,Original cost changed significantly from 91.0 Cr (2026-03) to 1863.09 Cr (2026-04)
618701,2025-12,Balance work of 4L of Nauradehi Sanctuary de-scoped stretch of Hiran River to Sindoor River from Km. 66.00 to 130.00 NH-12 New NH-45,FlashReport_December_2025.pdf,PROGRESS_REGRESSION,MEDIUM,Physical progress dropped by 37.7% (from 94.65% in 2025-06 to 57.0% in 2025-12)
618705,2026-05,"4L Godibandha to Ballhar Chhak, Ballhar Chhak to Banarpal & Banarpal to Start of Angul bypass at Km.314.130 to Km.321.035 of NH53, at Km.75.200 to Km.84.000 of NH149 & at Km.84.000 to Km.86.100 of NH55",FlashReport_May2026.pdf,LARGE_COST_SHIFT,MEDIUM,Original cost changed significantly from 138.0 Cr (2026-04) to 973.12 Cr (2026-05)
618705,2026-05,"4L Godibandha to Ballhar Chhak, Ballhar Chhak to Banarpal & Banarpal to Start of Angul bypass at Km.314.130 to Km.321.035 of NH53, at Km.75.200 to Km.84.000 of NH149 & at Km.84.000 to Km.86.100 of NH55",FlashReport_May2026.pdf,EXPENDITURE_DROP,MEDIUM,Cumulative expenditure dropped from 973.12 Cr (2026-04) to 165.17 Cr (2026-05)
618706,2026-04,Bangalore-Nidagatta Pkg. I,FlashReport_April2026.pdf,EXPENDITURE_DROP,MEDIUM,Cumulative expenditure dropped from 1375.0 Cr (2026-03) to 604.66 Cr (2026-04)
618707,2026-06,"Project Assessment, Infrastructure Monitoring and Analytics for Nation-building 1149 Additional works under BM1 to ensure road safety under 6L of Bengaluru Mysuru Access control with close toll from Km.17.300 to Km.136.300 of NH-275",FlashReport_June_2026.pdf,LARGE_COST_SHIFT,MEDIUM,Original cost changed significantly from 738.37 Cr (2026-05) to 117.0 Cr (2026-06)
618710,2026-04,"Project Assessment, Infrastructure Monitoring and Analytics for Nation-building 1832 DL/UP Border - EPE Crossing Pkg-02",FlashReport_April2026.pdf,LARGE_COST_SHIFT,MEDIUM,Original cost changed significantly from 2002.79 Cr (2026-03) to 152.0 Cr (2026-04)
618710,2026-05,DL/UP Border - EPE Crossing Pkg-02,FlashReport_May2026.pdf,LARGE_COST_SHIFT,MEDIUM,Original cost changed significantly from 152.0 Cr (2026-04) to 2002.79 Cr (2026-05)
618710,2026-06,"Project Assessment, Infrastructure Monitoring and Analytics for Nation-building 1710 DL/UP Border - EPE Crossing Pkg-02",FlashReport_June_2026.pdf,LARGE_COST_SHIFT,MEDIUM,Original cost changed significantly from 2002.79 Cr (2026-05) to 150.0 Cr (2026-06)
618732,2026-06,6L Greenfield Varanasi- Ranchi- Kolkata Highway from Sonepurbigha village to junction with NH- 22 Chatra Bypass near Chatra from km 184.700 to km 222.000Pkg - 8 Multi-States,FlashReport_June_2026.pdf,LARGE_COST_SHIFT,MEDIUM,Original cost changed significantly from 132.0 Cr (2026-05) to 1728.17 Cr (2026-06)
618732,2026-06,6L Greenfield Varanasi- Ranchi- Kolkata Highway from Sonepurbigha village to junction with NH- 22 Chatra Bypass near Chatra from km 184.700 to km 222.000Pkg - 8 Multi-States,FlashReport_June_2026.pdf,EXPENDITURE_DROP,MEDIUM,Cumulative expenditure dropped from 1728.17 Cr (2026-05) to 114.23 Cr (2026-06)
618734,2026-02,"6L Greenfield Varanasi- Ranchi- Kolkata Highway from junction with NH-320 in Lepo village to Kamlapur villageJH/WB border from km 358.500 to km 387.200 Pkg -13 Multi-States (Jharkhand, West",FlashReport_February_2026.pdf,LARGE_COST_SHIFT,MEDIUM,Original cost changed significantly from 115.0 Cr (2026-01) to 1154.49 Cr (2026-02)
618734,2026-02,"6L Greenfield Varanasi- Ranchi- Kolkata Highway from junction with NH-320 in Lepo village to Kamlapur villageJH/WB border from km 358.500 to km 387.200 Pkg -13 Multi-States (Jharkhand, West",FlashReport_February_2026.pdf,EXPENDITURE_DROP,MEDIUM,Cumulative expenditure dropped from 1154.49 Cr (2026-01) to 47.59 Cr (2026-02)
618739,2025-05,4L GREENFIELD ALIGNMENT OF AMAS TO SHIVRAMPUR FROM 0.000 KM. TO 55.002 KM. OF NH 119 D (PKG-I) 2-2022 3/2025,FR_May2025.pdf,EXPENDITURE_DROP,MEDIUM,Cumulative expenditure dropped from 150.71 Cr (2025-04) to 17.54 Cr (2025-05)
618741,2026-05,"Project Assessment, Infrastructure Monitoring and Analytics for Nation-building 969 4L Greenfield Alignment from Kalyanapur to Tal Dashraha of NH-119D Pkg-III",FlashReport_May2026.pdf,LARGE_COST_SHIFT,MEDIUM,Original cost changed significantly from 1857.58 Cr (2026-04) to 101.0 Cr (2026-05)
618741,2026-06,4L Greenfield Alignment from Kalyanapur to Tal Dashraha of NH-119D Pkg-III,FlashReport_June_2026.pdf,LARGE_COST_SHIFT,MEDIUM,Original cost changed significantly from 101.0 Cr (2026-05) to 1857.58 Cr (2026-06)
618743,2026-03,Trichy 135.800 to Karur 218.000 section of NH-67 - Trichy Bypass,FlashReport_March_2026.pdf,LARGE_COST_SHIFT,MEDIUM,Original cost changed significantly from 149.0 Cr (2026-02) to 876.88 Cr (2026-03)
618743,2026-03,Trichy 135.800 to Karur 218.000 section of NH-67 - Trichy Bypass,FlashReport_March_2026.pdf,EXPENDITURE_DROP,MEDIUM,Cumulative expenditure dropped from 876.88 Cr (2026-02) to 66.59 Cr (2026-03)
618751,2026-01,"Project Assessment, Infrastructure Monitoring and Analytics for Nation-building 1176 2L PS of Hinotiya-Mehulwa section of NH-346 from Km. 27.000 to Km 75.700 Vidisha Mehulwa-Talbehat Pkg-II Section of NH- 346",FlashReport_January_2026.pdf,LARGE_COST_SHIFT,MEDIUM,Original cost changed significantly from 581.65 Cr (2025-12) to 107.0 Cr (2026-01)
618751,2026-02,2L PS of Hinotiya-Mehulwa section of NH-346 from Km. 27.000 to Km 75.700 Vidisha Mehulwa-Talbehat Pkg-II Section of NH- 346,FlashReport_February_2026.pdf,LARGE_COST_SHIFT,MEDIUM,Original cost changed significantly from 107.0 Cr (2026-01) to 581.65 Cr (2026-02)
618751,2026-02,2L PS of Hinotiya-Mehulwa section of NH-346 from Km. 27.000 to Km 75.700 Vidisha Mehulwa-Talbehat Pkg-II Section of NH- 346,FlashReport_February_2026.pdf,EXPENDITURE_DROP,MEDIUM,Cumulative expenditure dropped from 581.65 Cr (2026-01) to 230.36 Cr (2026-02)
618756,2025-12,Melur - Pilayarpatti - Karaikudi from km 99.920 of NH 38 to km 12.9 of NH 383 Ext.,FlashReport_December_2025.pdf,EXPENDITURE_DROP,MEDIUM,Cumulative expenditure dropped from 568.15 Cr (2025-06) to 157.65 Cr (2025-12)
618766,2026-05,"Project Assessment, Infrastructure Monitoring and Analytics for Nation-building 1402 Up-gradation to Four Lane with Paved Shoulder configuration of the highway starting from existing km 88.400 Savali Vihir to km 163.400 start of Ahmednagar bypass Design Length 75.000 km section of NH-160 in the State of Maharashtra under Bharatmala Pariyojana on EPC Mode",FlashReport_May2026.pdf,LARGE_COST_SHIFT,MEDIUM,Original cost changed significantly from 862.0 Cr (2026-04) to 126.0 Cr (2026-05)
618766,2026-06,Up-gradation to Four Lane with Paved Shoulder configuration of the highway starting from existing km 88.400 Savali Vihir to km 163.400 start of Ahmednagar bypass Design Length 75.000 km section of NH-160 in the State of Maharashtra under Bharatmala Pariyojana on EPC Mode,FlashReport_June_2026.pdf,LARGE_COST_SHIFT,MEDIUM,Original cost changed significantly from 126.0 Cr (2026-05) to 862.0 Cr (2026-06)
618766,2026-06,Up-gradation to Four Lane with Paved Shoulder configuration of the highway starting from existing km 88.400 Savali Vihir to km 163.400 start of Ahmednagar bypass Design Length 75.000 km section of NH-160 in the State of Maharashtra under Bharatmala Pariyojana on EPC Mode,FlashReport_June_2026.pdf,EXPENDITURE_DROP,MEDIUM,Cumulative expenditure dropped from 862.0 Cr (2026-05) to 298.23 Cr (2026-06)
618771,2026-03,"Project Assessment, Infrastructure Monitoring and Analytics for Nation-building 1440 6L of Varadharajula to Kumarajapet from km 0.000 to km 43.800 of NH-716B Pkg-I Multi-States (Andhra Pradesh,",FlashReport_March_2026.pdf,LARGE_COST_SHIFT,MEDIUM,Original cost changed significantly from 1924.75 Cr (2026-02) to 127.0 Cr (2026-03)
618771,2026-04,"6L of Varadharajula to Kumarajapet from km 0.000 to km 43.800 of NH-716B Pkg-I Multi-States (Andhra Pradesh,",FlashReport_April2026.pdf,LARGE_COST_SHIFT,MEDIUM,Original cost changed significantly from 127.0 Cr (2026-03) to 1924.75 Cr (2026-04)
618771,2026-04,"6L of Varadharajula to Kumarajapet from km 0.000 to km 43.800 of NH-716B Pkg-I Multi-States (Andhra Pradesh,",FlashReport_April2026.pdf,EXPENDITURE_DROP,MEDIUM,Cumulative expenditure dropped from 1924.75 Cr (2026-03) to 947.66 Cr (2026-04)
618772,2026-02,"Project Assessment, Infrastructure Monitoring and Analytics for Nation-building 1454 6L of Kumarajapet to Veera Kaveri Raja Puram from km 43.800 to km 61.380 of NH- 716B Pkg-II Multi-States (Andhra Pradesh,",FlashReport_February_2026.pdf,LARGE_COST_SHIFT,MEDIUM,Original cost changed significantly from 702.52 Cr (2026-01) to 138.0 Cr (2026-02)
618772,2026-03,"6L of Kumarajapet to Veera Kaveri Raja Puram from km 43.800 to km 61.380 of NH- 716B Pkg-II Multi-States (Andhra Pradesh,",FlashReport_March_2026.pdf,LARGE_COST_SHIFT,MEDIUM,Original cost changed significantly from 138.0 Cr (2026-02) to 702.52 Cr (2026-03)
618776,2026-03,"Project Assessment, Infrastructure Monitoring and Analytics for Nation-building 1586 4L of Greenfield section from Sirhind to Mohali",FlashReport_March_2026.pdf,LARGE_COST_SHIFT,MEDIUM,Original cost changed significantly from 1237.65 Cr (2026-02) to 135.0 Cr (2026-03)
618776,2026-04,4L of Greenfield section from Sirhind to Mohali,FlashReport_April2026.pdf,LARGE_COST_SHIFT,MEDIUM,Original cost changed significantly from 135.0 Cr (2026-03) to 1237.65 Cr (2026-04)
618777,2026-06,"Project Assessment, Infrastructure Monitoring and Analytics for Nation-building 820 4L of Pileru to Kalur Section from Km 55.900 to Km 92.800 & Km 94.500 to Km 95.717 of NH-71Package-II",FlashReport_June_2026.pdf,LARGE_COST_SHIFT,MEDIUM,Original cost changed significantly from 1877.47 Cr (2026-05) to 97.0 Cr (2026-06)
618779,2026-04,"Project Assessment, Infrastructure Monitoring and Analytics for Nation-building 971 4L of Aurangabad-Paithan",FlashReport_April2026.pdf,LARGE_COST_SHIFT,MEDIUM,Original cost changed significantly from 1505.0 Cr (2026-03) to 102.0 Cr (2026-04)
618779,2026-05,4L of Aurangabad-Paithan,FlashReport_May2026.pdf,LARGE_COST_SHIFT,MEDIUM,Original cost changed significantly from 102.0 Cr (2026-04) to 1505.0 Cr (2026-05)
618779,2026-05,4L of Aurangabad-Paithan,FlashReport_May2026.pdf,EXPENDITURE_DROP,MEDIUM,Cumulative expenditure dropped from 1505.0 Cr (2026-04) to 319.54 Cr (2026-05)
618783,2026-04,"Project Assessment, Infrastructure Monitoring and Analytics for Nation-building 1541 4-laning of Pilibhit - Sitarganj from Km. 32.500 to Km. 70.800 Pkg-2 of NH-30",FlashReport_April2026.pdf,LARGE_COST_SHIFT,MEDIUM,Original cost changed significantly from 1471.19 Cr (2026-03) to 135.0 Cr (2026-04)
618783,2026-05,4-laning of Pilibhit - Sitarganj from Km. 32.500 to Km. 70.800 Pkg-2 of NH-30,FlashReport_May2026.pdf,LARGE_COST_SHIFT,MEDIUM,Original cost changed significantly from 135.0 Cr (2026-04) to 1471.19 Cr (2026-05)
618783,2026-05,4-laning of Pilibhit - Sitarganj from Km. 32.500 to Km. 70.800 Pkg-2 of NH-30,FlashReport_May2026.pdf,EXPENDITURE_DROP,MEDIUM,Cumulative expenditure dropped from 1471.19 Cr (2026-04) to 438.75 Cr (2026-05)
618786,2026-04,"Project Assessment, Infrastructure Monitoring and Analytics for Nation-building 1625 4L of Phagwara - Hoshiarpur",FlashReport_April2026.pdf,LARGE_COST_SHIFT,MEDIUM,Original cost changed significantly from 1196.38 Cr (2026-03) to 140.0 Cr (2026-04)
618786,2026-05,4L of Phagwara - Hoshiarpur,FlashReport_May2026.pdf,LARGE_COST_SHIFT,MEDIUM,Original cost changed significantly from 140.0 Cr (2026-04) to 1196.38 Cr (2026-05)
618786,2026-05,4L of Phagwara - Hoshiarpur,FlashReport_May2026.pdf,EXPENDITURE_DROP,MEDIUM,Cumulative expenditure dropped from 1196.38 Cr (2026-04) to 161.12 Cr (2026-05)
618787,2026-04,"Project Assessment, Infrastructure Monitoring and Analytics for Nation-building 1062 Upgradation to 4L PS from Bhimasar, Junction of NH-41 to Anjar- Bhuj upto Airport Junction from Km 0.000 to Km 65.478 of NH-341",FlashReport_April2026.pdf,LARGE_COST_SHIFT,MEDIUM,Original cost changed significantly from 1373.06 Cr (2026-03) to 107.0 Cr (2026-04)
618787,2026-05,"Upgradation to 4L PS from Bhimasar, Junction of NH-41 to Anjar- Bhuj upto Airport Junction from Km 0.000 to Km 65.478 of NH-341",FlashReport_May2026.pdf,LARGE_COST_SHIFT,MEDIUM,Original cost changed significantly from 107.0 Cr (2026-04) to 1373.06 Cr (2026-05)
618791,2026-03,"Project Assessment, Infrastructure Monitoring and Analytics for Nation-building 944 4L PS under NH configuration of Manikpur-Sahebganj of NH-139W",FlashReport_March_2026.pdf,LARGE_COST_SHIFT,MEDIUM,Original cost changed significantly from 1538.76 Cr (2026-02) to 99.0 Cr (2026-03)
618791,2026-04,4L PS under NH configuration of Manikpur-Sahebganj of NH-139W,FlashReport_April2026.pdf,PROGRESS_REGRESSION,MEDIUM,Physical progress dropped by 30.4% (from 47.53% in 2026-03 to 17.16% in 2026-04)
618791,2026-04,4L PS under NH configuration of Manikpur-Sahebganj of NH-139W,FlashReport_April2026.pdf,LARGE_COST_SHIFT,MEDIUM,Original cost changed significantly from 99.0 Cr (2026-03) to 1538.76 Cr (2026-04)
618791,2026-04,4L PS under NH configuration of Manikpur-Sahebganj of NH-139W,FlashReport_April2026.pdf,EXPENDITURE_DROP,MEDIUM,Cumulative expenditure dropped from 1538.76 Cr (2026-03) to 95.18 Cr (2026-04)
618793,2026-03,4L of Fazilka to Abohar section of NH-07 including construction of Greenfield Abohar & Fazilka Bypasses,FlashReport_March_2026.pdf,LARGE_COST_SHIFT,MEDIUM,Original cost changed significantly from 146.0 Cr (2026-02) to 1409.88 Cr (2026-03)
618793,2026-03,4L of Fazilka to Abohar section of NH-07 including construction of Greenfield Abohar & Fazilka Bypasses,FlashReport_March_2026.pdf,EXPENDITURE_DROP,MEDIUM,Cumulative expenditure dropped from 1409.88 Cr (2026-02) to 506.87 Cr (2026-03)
618793,2026-05,"Project Assessment, Infrastructure Monitoring and Analytics for Nation-building 1637 4L of Fazilka to Abohar section of NH-07 including construction of Greenfield Abohar & Fazilka Bypasses",FlashReport_May2026.pdf,LARGE_COST_SHIFT,MEDIUM,Original cost changed significantly from 1409.88 Cr (2026-04) to 140.0 Cr (2026-05)
618793,2026-06,4L of Fazilka to Abohar section of NH-07 including construction of Greenfield Abohar & Fazilka Bypasses,FlashReport_June_2026.pdf,LARGE_COST_SHIFT,MEDIUM,Original cost changed significantly from 140.0 Cr (2026-05) to 1409.88 Cr (2026-06)
618796,2025-12,Tanot -Ramgarh-Bhadasar-Jaisalmer NH-68 and BhadasarMokal-Sarkaritala up to Pakisthan Border NH-968 Pkg-BM/5,FlashReport_December_2025.pdf,EXPENDITURE_DROP,MEDIUM,Cumulative expenditure dropped from 663.37 Cr (2025-06) to 226.86 Cr (2025-12)
618807,2026-03,"Project Assessment, Infrastructure Monitoring and Analytics for Nation-building 827 4L Greenfield Road connecting North and South industrial cluster of Khandaleru Creek near Krishnapatnam port at Thamminapatnam to Mollur from Km 0.0 to Km 16.046, Part I & 6L extension of dedicated port road of NH-67 Km 18.0 to Km 19.3, Part II",FlashReport_March_2026.pdf,LARGE_COST_SHIFT,MEDIUM,Original cost changed significantly from 609.43 Cr (2026-02) to 92.0 Cr (2026-03)
618807,2026-04,"4L Greenfield Road connecting North and South industrial cluster of Khandaleru Creek near Krishnapatnam port at Thamminapatnam to Mollur from Km 0.0 to Km 16.046, Part I & 6L extension of dedicated port road of NH-67 Km 18.0 to Km 19.3, Part II",FlashReport_April2026.pdf,LARGE_COST_SHIFT,MEDIUM,Original cost changed significantly from 92.0 Cr (2026-03) to 609.43 Cr (2026-04)
618810,2026-01,"Project Assessment, Infrastructure Monitoring and Analytics for Nation-building 1427 4L of existing Beas Baba Bakala - Dera Baba Nanak Section from start of Batala Bypass till intersection with Ajnala Gurdaspur Highway NH 354 near Dera Baba Nanak from Km. 31.300 to Km. 69.100 with Additional batala Bypass Pkg-II",FlashReport_January_2026.pdf,LARGE_COST_SHIFT,MEDIUM,Original cost changed significantly from 1003.38 Cr (2025-12) to 119.0 Cr (2026-01)
618810,2026-02,4L of existing Beas Baba Bakala - Dera Baba Nanak Section from start of Batala Bypass till intersection with Ajnala Gurdaspur Highway NH 354 near Dera Baba Nanak from Km. 31.300 to Km. 69.100 with Additional batala Bypass Pkg-II,FlashReport_February_2026.pdf,LARGE_COST_SHIFT,MEDIUM,Original cost changed significantly from 119.0 Cr (2026-01) to 1003.38 Cr (2026-02)
618812,2026-05,"Project Assessment, Infrastructure Monitoring and Analytics for Nation-building 1759 4L Access Controlled Greenfield Section Mancherial Warangal from Puttapaka village at Design Ch. 35.300 Km to Pangidipalle village at Design Ch. 72.350 KmPackage-II",FlashReport_May2026.pdf,LARGE_COST_SHIFT,MEDIUM,Original cost changed significantly from 1129.33 Cr (2026-04) to 147.0 Cr (2026-05)
618812,2026-06,4L Access Controlled Greenfield Section Mancherial Warangal from Puttapaka village at Design Ch. 35.300 Km to Pangidipalle village at Design Ch. 72.350 KmPackage-II,FlashReport_June_2026.pdf,PROGRESS_REGRESSION,MEDIUM,Physical progress dropped by 71.9% (from 79.95% in 2026-05 to 8.05% in 2026-06)
618812,2026-06,4L Access Controlled Greenfield Section Mancherial Warangal from Puttapaka village at Design Ch. 35.300 Km to Pangidipalle village at Design Ch. 72.350 KmPackage-II,FlashReport_June_2026.pdf,LARGE_COST_SHIFT,MEDIUM,Original cost changed significantly from 147.0 Cr (2026-05) to 1129.33 Cr (2026-06)
618812,2026-06,4L Access Controlled Greenfield Section Mancherial Warangal from Puttapaka village at Design Ch. 35.300 Km to Pangidipalle village at Design Ch. 72.350 KmPackage-II,FlashReport_June_2026.pdf,EXPENDITURE_DROP,MEDIUM,Cumulative expenditure dropped from 1129.33 Cr (2026-05) to 209.45 Cr (2026-06)
618813,2026-04,"Project Assessment, Infrastructure Monitoring and Analytics for Nation-building 1748 4L Access Controlled Greenfield Section Mancherial Warangal from Narva village at Design Ch. 3.834 Km to Puttapaka village at Design Ch. 35.300 Km Package-I",FlashReport_April2026.pdf,LARGE_COST_SHIFT,MEDIUM,Original cost changed significantly from 1127.9 Cr (2026-03) to 147.0 Cr (2026-04)
618813,2026-05,4L Access Controlled Greenfield Section Mancherial Warangal from Narva village at Design Ch. 3.834 Km to Puttapaka village at Design Ch. 35.300 Km Package-I,FlashReport_May2026.pdf,LARGE_COST_SHIFT,MEDIUM,Original cost changed significantly from 147.0 Cr (2026-04) to 1127.9 Cr (2026-05)
618813,2026-05,4L Access Controlled Greenfield Section Mancherial Warangal from Narva village at Design Ch. 3.834 Km to Puttapaka village at Design Ch. 35.300 Km Package-I,FlashReport_May2026.pdf,EXPENDITURE_DROP,MEDIUM,Cumulative expenditure dropped from 1127.9 Cr (2026-04) to 110.98 Cr (2026-05)
618814,2026-02,4L Access Controlled Greenfield Highway section on NH163G Warangal-Khammam from Oorugonda village in Hanamkonda District at Design Ch. 112.240 Km to Venkatpur village in Warangal District at Design Ch. 150.240 KmPackage-I,FlashReport_February_2026.pdf,PROGRESS_REGRESSION,MEDIUM,Physical progress dropped by 50.6% (from 50.62% in 2026-01 to 0.0% in 2026-02)
618814,2026-02,4L Access Controlled Greenfield Highway section on NH163G Warangal-Khammam from Oorugonda village in Hanamkonda District at Design Ch. 112.240 Km to Venkatpur village in Warangal District at Design Ch. 150.240 KmPackage-I,FlashReport_February_2026.pdf,LARGE_COST_SHIFT,MEDIUM,Original cost changed significantly from 123.0 Cr (2026-01) to 1142.6 Cr (2026-02)
618814,2026-02,4L Access Controlled Greenfield Highway section on NH163G Warangal-Khammam from Oorugonda village in Hanamkonda District at Design Ch. 112.240 Km to Venkatpur village in Warangal District at Design Ch. 150.240 KmPackage-I,FlashReport_February_2026.pdf,EXPENDITURE_DROP,MEDIUM,Cumulative expenditure dropped from 1142.6 Cr (2026-01) to 64.38 Cr (2026-02)
618815,2026-03,"Project Assessment, Infrastructure Monitoring and Analytics for Nation-building 1712 4L Access Controlled Greenfield Highway section on NH-163G Warangal-Khammam from Venkatpur village in Warangal District at Design Ch. 150.240 Km to Thallasenkesa village in Mahabubabed District at Design Ch. 189.650 kmPackage-II",FlashReport_March_2026.pdf,LARGE_COST_SHIFT,MEDIUM,Original cost changed significantly from 1092.88 Cr (2026-02) to 142.0 Cr (2026-03)
618815,2026-04,4L Access Controlled Greenfield Highway section on NH-163G Warangal-Khammam from Venkatpur village in Warangal District at Design Ch. 150.240 Km to Thallasenkesa village in Mahabubabed District at Design Ch. 189.650 kmPackage-II,FlashReport_April2026.pdf,LARGE_COST_SHIFT,MEDIUM,Original cost changed significantly from 142.0 Cr (2026-03) to 1092.88 Cr (2026-04)
618815,2026-04,4L Access Controlled Greenfield Highway section on NH-163G Warangal-Khammam from Venkatpur village in Warangal District at Design Ch. 150.240 Km to Thallasenkesa village in Mahabubabed District at Design Ch. 189.650 kmPackage-II,FlashReport_April2026.pdf,EXPENDITURE_DROP,MEDIUM,Cumulative expenditure dropped from 1092.88 Cr (2026-03) to 304.89 Cr (2026-04)
618818,2026-06,"Project Assessment, Infrastructure Monitoring and Analytics for Nation-building 1401 4L Access Controlled Greenfield Highway section on NH-163G Khammam Vijayawada from Remidicherla village at Design Ch. 280.200 Km to Jakkampudi village on NH-16 at Design Ch. 309.909 Km Package-III Multi-States (Andhra Pradesh,",FlashReport_June_2026.pdf,LARGE_COST_SHIFT,MEDIUM,Original cost changed significantly from 1183.23 Cr (2026-05) to 132.0 Cr (2026-06)
618823,2026-03,4 laning of Barasat - Barajaguli Section of NH-12 from Km. 31.000 to Km. 48.679 in the district of North 24 - Parganas,FlashReport_March_2026.pdf,EXPENDITURE_DROP,MEDIUM,Cumulative expenditure dropped from 352.01 Cr (2026-02) to 54.34 Cr (2026-03)
618828,2026-03,"Project Assessment, Infrastructure Monitoring and Analytics for Nation-building 1479 4L from Km 219.600 Khajuri to Km 260.483 Wyndhamganj on NH-75 Sec-V",FlashReport_March_2026.pdf,LARGE_COST_SHIFT,MEDIUM,Original cost changed significantly from 1436.49 Cr (2026-02) to 129.0 Cr (2026-03)
618828,2026-04,4L from Km 219.600 Khajuri to Km 260.483 Wyndhamganj on NH-75 Sec-V,FlashReport_April2026.pdf,LARGE_COST_SHIFT,MEDIUM,Original cost changed significantly from 129.0 Cr (2026-03) to 1436.49 Cr (2026-04)
618829,2026-04,"Project Assessment, Infrastructure Monitoring and Analytics for Nation-building 1162 4L from km 196.87 Sankha to km 219.6 Khajuri on NH-75 [Rehla / Garhwa Bypass]",FlashReport_April2026.pdf,LARGE_COST_SHIFT,MEDIUM,Original cost changed significantly from 1129.48 Cr (2026-03) to 113.0 Cr (2026-04)
618829,2026-05,4L from km 196.87 Sankha to km 219.6 Khajuri on NH-75 [Rehla / Garhwa Bypass],FlashReport_May2026.pdf,LARGE_COST_SHIFT,MEDIUM,Original cost changed significantly from 113.0 Cr (2026-04) to 1129.48 Cr (2026-05)
618829,2026-05,4L from km 196.87 Sankha to km 219.6 Khajuri on NH-75 [Rehla / Garhwa Bypass],FlashReport_May2026.pdf,EXPENDITURE_DROP,MEDIUM,Cumulative expenditure dropped from 1129.48 Cr (2026-04) to 527.11 Cr (2026-05)
618836,2026-02,"Project Assessment, Infrastructure Monitoring and Analytics for Nation-building 1372 4L of Ratnagiri - Kolhapur section from km 67.140 to km 112.340 of NH-166 Pkg II",FlashReport_February_2026.pdf,LARGE_COST_SHIFT,MEDIUM,Original cost changed significantly from 1985.38 Cr (2026-01) to 133.0 Cr (2026-02)
618836,2026-04,4L of Ratnagiri - Kolhapur section from km 67.140 to km 112.340 of NH-166 Pkg II,FlashReport_April2026.pdf,LARGE_COST_SHIFT,MEDIUM,Original cost changed significantly from 122.0 Cr (2026-03) to 1985.38 Cr (2026-04)
618836,2026-04,4L of Ratnagiri - Kolhapur section from km 67.140 to km 112.340 of NH-166 Pkg II,FlashReport_April2026.pdf,EXPENDITURE_DROP,MEDIUM,Cumulative expenditure dropped from 1985.38 Cr (2026-03) to 389.68 Cr (2026-04)
618838,2026-01,"Project Assessment, Infrastructure Monitoring and Analytics for Nation-building 1448 4L of Karwar Km. 281.980 of NH-62 Nagaur road to Dangiyavas of Jodhpur Ring Road Pkg-II",FlashReport_January_2026.pdf,LARGE_COST_SHIFT,MEDIUM,Original cost changed significantly from 736.75 Cr (2025-12) to 120.0 Cr (2026-01)
618838,2026-02,4L of Karwar Km. 281.980 of NH-62 Nagaur road to Dangiyavas of Jodhpur Ring Road Pkg-II,FlashReport_February_2026.pdf,LARGE_COST_SHIFT,MEDIUM,Original cost changed significantly from 120.0 Cr (2026-01) to 736.75 Cr (2026-02)
618845,2025-12,"Puducherry Km.29.000 to Poondiyankuppam Km.67.000 Multi-States (Puducherry, Tamil",FlashReport_December_2025.pdf,EXPENDITURE_DROP,MEDIUM,Cumulative expenditure dropped from 867.34 Cr (2025-06) to 277.19 Cr (2025-12)
618847,2026-02,"Project Assessment, Infrastructure Monitoring and Analytics for Nation-building 1513 Sattanathapuram to Nagapattinam from Km 123.800 to Km 179.555 Multi-States (Puducherry, Tamil",FlashReport_February_2026.pdf,LARGE_COST_SHIFT,MEDIUM,Original cost changed significantly from 2899.77 Cr (2026-01) to 141.0 Cr (2026-02)
618847,2026-03,"Sattanathapuram to Nagapattinam from Km 123.800 to Km 179.555 Multi-States (Puducherry, Tamil",FlashReport_March_2026.pdf,LARGE_COST_SHIFT,MEDIUM,Original cost changed significantly from 141.0 Cr (2026-02) to 2899.77 Cr (2026-03)
618847,2026-03,"Sattanathapuram to Nagapattinam from Km 123.800 to Km 179.555 Multi-States (Puducherry, Tamil",FlashReport_March_2026.pdf,EXPENDITURE_DROP,MEDIUM,Cumulative expenditure dropped from 2899.77 Cr (2026-02) to 1201.24 Cr (2026-03)
618848,2026-04,Construction of Underpass beneath airport runway on NH-31 old NH-56 for proposed expansion of runway of Babatpur Airport Varanasi,FlashReport_April2026.pdf,EXPENDITURE_DROP,MEDIUM,Cumulative expenditure dropped from 649.44 Cr (2026-03) to 0.09 Cr (2026-04)
618850,2025-12,"Project Assessment, Infrastructure Monitoring and Analytics for Nation-building 913 Nerchowk km 190.000 to Pandoh including Pandoh bypass km221.305 Himachal Pradesh 03/2016",FlashReport_December_2025.pdf,LARGE_COST_SHIFT,MEDIUM,Original cost changed significantly from 1273.71 Cr (2025-06) to 83.0 Cr (2025-12)
618850,2026-01,Nerchowk km 190.000 to Pandoh including Pandoh bypass km221.305 Himachal Pradesh 03/2016,FlashReport_January_2026.pdf,LARGE_COST_SHIFT,MEDIUM,Original cost changed significantly from 83.0 Cr (2025-12) to 1464.12 Cr (2026-01)
618850,2026-04,"Project Assessment, Infrastructure Monitoring and Analytics for Nation-building 1098 Nerchowk km 190.000 to Pandoh including Pandoh bypass km221.305 Himachal Pradesh 03/2016",FlashReport_April2026.pdf,LARGE_COST_SHIFT,MEDIUM,Original cost changed significantly from 1464.12 Cr (2026-03) to 109.0 Cr (2026-04)
618850,2026-05,Nerchowk km 190.000 to Pandoh including Pandoh bypass km221.305 Himachal Pradesh 03/2016,FlashReport_May2026.pdf,LARGE_COST_SHIFT,MEDIUM,Original cost changed significantly from 109.0 Cr (2026-04) to 1464.12 Cr (2026-05)
618853,2026-04,Construction of Four lane Elevated Structure at Raniwada Circle in Sanchore City on NH-68,FlashReport_April2026.pdf,EXPENDITURE_DROP,MEDIUM,Cumulative expenditure dropped from 353.3 Cr (2026-03) to 174.42 Cr (2026-04)
618861,2026-02,"Project Assessment, Infrastructure Monitoring and Analytics for Nation-building 964 Bakhtiyarpur-Rajauli Pkg-II from km. 54.405 to km.101.630",FlashReport_February_2026.pdf,LARGE_COST_SHIFT,MEDIUM,Original cost changed significantly from 897.45 Cr (2026-01) to 110.0 Cr (2026-02)
618861,2026-03,Bakhtiyarpur-Rajauli Pkg-II from km. 54.405 to km.101.630,FlashReport_March_2026.pdf,LARGE_COST_SHIFT,MEDIUM,Original cost changed significantly from 110.0 Cr (2026-02) to 897.45 Cr (2026-03)
618864,2026-01,"Project Assessment, Infrastructure Monitoring and Analytics for Nation-building 1599 4L from Mathura Bypass Start at Existing Km. 154.20 of NH-44 to Gaju Village at Km 32.982 of NH-530B Pkg-IB",FlashReport_January_2026.pdf,LARGE_COST_SHIFT,MEDIUM,Original cost changed significantly from 1722.11 Cr (2025-12) to 127.0 Cr (2026-01)
618864,2026-03,4L from Mathura Bypass Start at Existing Km. 154.20 of NH-44 to Gaju Village at Km 32.982 of NH-530B Pkg-IB,FlashReport_March_2026.pdf,LARGE_COST_SHIFT,MEDIUM,Original cost changed significantly from 158.0 Cr (2026-02) to 1722.11 Cr (2026-03)
618866,2026-05,"Project Assessment, Infrastructure Monitoring and Analytics for Nation-building 1861 Four Lane Highway from Chandan Nagar Existing Km. 59.025 of NH 530B/Design Km. 179.5000 to Bareilly BypassStartExisting Km. 59.025 of NH 530B/Design Km. 218.000 Section of NH 530B, in the State of Uttar Pradesh on HAM Mode under NH0",FlashReport_May2026.pdf,LARGE_COST_SHIFT,MEDIUM,Original cost changed significantly from 2077.0 Cr (2026-04) to 153.0 Cr (2026-05)
618866,2026-06,"Four Lane Highway from Chandan Nagar Existing Km. 59.025 of NH 530B/Design Km. 179.5000 to Bareilly BypassStartExisting Km. 59.025 of NH 530B/Design Km. 218.000 Section of NH 530B, in the State of Uttar Pradesh on HAM Mode under NH0",FlashReport_June_2026.pdf,LARGE_COST_SHIFT,MEDIUM,Original cost changed significantly from 153.0 Cr (2026-05) to 2077.0 Cr (2026-06)
618866,2026-06,"Four Lane Highway from Chandan Nagar Existing Km. 59.025 of NH 530B/Design Km. 179.5000 to Bareilly BypassStartExisting Km. 59.025 of NH 530B/Design Km. 218.000 Section of NH 530B, in the State of Uttar Pradesh on HAM Mode under NH0",FlashReport_June_2026.pdf,EXPENDITURE_DROP,MEDIUM,Cumulative expenditure dropped from 2077.0 Cr (2026-05) to 438.93 Cr (2026-06)
618868,2026-04,"Project Assessment, Infrastructure Monitoring and Analytics for Nation-building 1850 4L from Devinagar Bypass End Existing Km. 208.000 of NH 530B/Design Km. 66.000 to Kasganj Bypass End Existing Km.150.100 of NH 530B/ Design Km. 123.100 of NH 530B",FlashReport_April2026.pdf,LARGE_COST_SHIFT,MEDIUM,Original cost changed significantly from 2289.52 Cr (2026-03) to 153.0 Cr (2026-04)
618868,2026-05,4L from Devinagar Bypass End Existing Km. 208.000 of NH 530B/Design Km. 66.000 to Kasganj Bypass End Existing Km.150.100 of NH 530B/ Design Km. 123.100 of NH 530B,FlashReport_May2026.pdf,LARGE_COST_SHIFT,MEDIUM,Original cost changed significantly from 153.0 Cr (2026-04) to 2289.52 Cr (2026-05)
618868,2026-05,4L from Devinagar Bypass End Existing Km. 208.000 of NH 530B/Design Km. 66.000 to Kasganj Bypass End Existing Km.150.100 of NH 530B/ Design Km. 123.100 of NH 530B,FlashReport_May2026.pdf,EXPENDITURE_DROP,MEDIUM,Cumulative expenditure dropped from 2289.52 Cr (2026-04) to 486.69 Cr (2026-05)
618870,2026-04,4L PS from near Hemmige Village Periyapatna - Hassan Road Jn. to near Hunsur - KR Nagar Jn section from Km. 144.900 to Km. 169.000 of NH-275 Pkg. III,FlashReport_April2026.pdf,PROGRESS_REGRESSION,MEDIUM,Physical progress dropped by 40.8% (from 60.91% in 2026-03 to 20.1% in 2026-04)
618870,2026-04,4L PS from near Hemmige Village Periyapatna - Hassan Road Jn. to near Hunsur - KR Nagar Jn section from Km. 144.900 to Km. 169.000 of NH-275 Pkg. III,FlashReport_April2026.pdf,LARGE_COST_SHIFT,MEDIUM,Original cost changed significantly from 112.0 Cr (2026-03) to 883.62 Cr (2026-04)
618870,2026-04,4L PS from near Hemmige Village Periyapatna - Hassan Road Jn. to near Hunsur - KR Nagar Jn section from Km. 144.900 to Km. 169.000 of NH-275 Pkg. III,FlashReport_April2026.pdf,EXPENDITURE_DROP,MEDIUM,Cumulative expenditure dropped from 883.62 Cr (2026-03) to 61.05 Cr (2026-04)
618873,2026-04,"Project Assessment, Infrastructure Monitoring and Analytics for Nation-building 1213 4L PS from near Yalachahalli village KR Nagara - Yelawala Road junction to Srirangapatna Bypass Near Paschima Vahini from km 195.550 to Km 214.535 of NH- 275 Pkg-V",FlashReport_April2026.pdf,LARGE_COST_SHIFT,MEDIUM,Original cost changed significantly from 1272.71 Cr (2026-03) to 116.0 Cr (2026-04)
618873,2026-05,4L PS from near Yalachahalli village KR Nagara - Yelawala Road junction to Srirangapatna Bypass Near Paschima Vahini from km 195.550 to Km 214.535 of NH- 275 Pkg-V,FlashReport_May2026.pdf,PROGRESS_REGRESSION,MEDIUM,Physical progress dropped by 81.6% (from 97.43% in 2026-04 to 15.84% in 2026-05)
618873,2026-05,4L PS from near Yalachahalli village KR Nagara - Yelawala Road junction to Srirangapatna Bypass Near Paschima Vahini from km 195.550 to Km 214.535 of NH- 275 Pkg-V,FlashReport_May2026.pdf,LARGE_COST_SHIFT,MEDIUM,Original cost changed significantly from 116.0 Cr (2026-04) to 1272.71 Cr (2026-05)
618873,2026-05,4L PS from near Yalachahalli village KR Nagara - Yelawala Road junction to Srirangapatna Bypass Near Paschima Vahini from km 195.550 to Km 214.535 of NH- 275 Pkg-V,FlashReport_May2026.pdf,EXPENDITURE_DROP,MEDIUM,Cumulative expenditure dropped from 1272.71 Cr (2026-04) to 97.85 Cr (2026-05)
618884,2026-06,"Project Assessment, Infrastructure Monitoring and Analytics for Nation-building 1727 Construction of Four Lane Highway from Ghazipur- Ballia-UP/Bihar State Border Greenfield section of NH-31 Package II [from Shahapur km 42.500 to Pindari km 78.150] on EPC Mode in the state of Uttar Pradesh.",FlashReport_June_2026.pdf,LARGE_COST_SHIFT,MEDIUM,Original cost changed significantly from 1493.65 Cr (2026-05) to 151.0 Cr (2026-06)
618888,2025-12,Rehabilitation and Up-gradation of existing road to 2L PS from End of Hamirpur Bypass near Chilbahal to Bhangbar section from Km. 138.295 to Km.175.270 of NH- 88 Pkg-IV Himachal Pradesh 03/2022,FlashReport_December_2025.pdf,EXPENDITURE_DROP,MEDIUM,Cumulative expenditure dropped from 940.81 Cr (2025-06) to 270.47 Cr (2025-12)
618894,2025-12,4L of Madathukulam - Pollachi from km. 74.38 to km. 116.95 of old NH-209 New NH- 83,FlashReport_December_2025.pdf,EXPENDITURE_DROP,MEDIUM,Cumulative expenditure dropped from 660.29 Cr (2025-06) to 211.73 Cr (2025-12)
618897,2026-01,"Project Assessment, Infrastructure Monitoring and Analytics for Nation-building 1471 4L of Sethiyathope -Cholapuram section from Km. 65.960 to Km. 116.440 section of NH45 C Pkg-II",FlashReport_January_2026.pdf,LARGE_COST_SHIFT,MEDIUM,Original cost changed significantly from 2356.19 Cr (2025-12) to 121.0 Cr (2026-01)
618897,2026-02,4L of Sethiyathope -Cholapuram section from Km. 65.960 to Km. 116.440 section of NH45 C Pkg-II,FlashReport_February_2026.pdf,LARGE_COST_SHIFT,MEDIUM,Original cost changed significantly from 121.0 Cr (2026-01) to 2356.19 Cr (2026-02)
618897,2026-02,4L of Sethiyathope -Cholapuram section from Km. 65.960 to Km. 116.440 section of NH45 C Pkg-II,FlashReport_February_2026.pdf,EXPENDITURE_DROP,MEDIUM,Cumulative expenditure dropped from 2356.19 Cr (2026-01) to 1011.27 Cr (2026-02)
618904,2025-12,Chhapra - Hajipur from km. 143.200 to km. 209.200,FlashReport_December_2025.pdf,PROGRESS_REGRESSION,MEDIUM,Physical progress dropped by 32.8% (from 89.81% in 2025-06 to 57.0% in 2025-12)
618904,2025-12,Chhapra - Hajipur from km. 143.200 to km. 209.200,FlashReport_December_2025.pdf,EXPENDITURE_DROP,MEDIUM,Cumulative expenditure dropped from 573.48 Cr (2025-06) to 3.78 Cr (2025-12)
618908,2025-12,3L Major Bridge over River Brahmani at Km. 401.250 Duburi - Chandikhole Section of NH-200 New NH -53,FlashReport_December_2025.pdf,PROGRESS_REGRESSION,MEDIUM,Physical progress dropped by 34.5% (from 34.49% in 2025-06 to 0.0% in 2025-12)
618909,2025-12,"2L PS of JH / WB Border km. 70.524 - Purulia km.84.400 & Purulia km. 94.30 - Chandil Junction with NH-33 km. 153.705 of Old NH-32 Multi-States (Jharkhand, West",FlashReport_December_2025.pdf,EXPENDITURE_DROP,MEDIUM,Cumulative expenditure dropped from 12485.63 Cr (2025-06) to 741.05 Cr (2025-12)
618909,2026-02,"Project Assessment, Infrastructure Monitoring and Analytics for Nation-building 1493 2L PS of JH / WB Border km. 70.524 - Purulia km.84.400 & Purulia km. 94.30 - Chandil Junction with NH-33 km. 153.705 of Old NH-32 Multi-States (Jharkhand, West",FlashReport_February_2026.pdf,LARGE_COST_SHIFT,MEDIUM,Original cost changed significantly from 1652.4 Cr (2026-01) to 140.0 Cr (2026-02)
618909,2026-03,"2L PS of JH / WB Border km. 70.524 - Purulia km.84.400 & Purulia km. 94.30 - Chandil Junction with NH-33 km. 153.705 of Old NH-32 Multi-States (Jharkhand, West",FlashReport_March_2026.pdf,LARGE_COST_SHIFT,MEDIUM,Original cost changed significantly from 140.0 Cr (2026-02) to 1652.4 Cr (2026-03)
618909,2026-03,"2L PS of JH / WB Border km. 70.524 - Purulia km.84.400 & Purulia km. 94.30 - Chandil Junction with NH-33 km. 153.705 of Old NH-32 Multi-States (Jharkhand, West",FlashReport_March_2026.pdf,EXPENDITURE_DROP,MEDIUM,Cumulative expenditure dropped from 1652.4 Cr (2026-02) to 742.45 Cr (2026-03)
618910,2025-12,4L of Purulia Bypass section from Km 84.030 to Km 94.345 of NH-32 Department of Telecommunications Total (584),FlashReport_December_2025.pdf,PROGRESS_REGRESSION,MEDIUM,Physical progress dropped by 26.4% (from 91.41% in 2025-06 to 65.0% in 2025-12)
618912,2026-05,"Project Assessment, Infrastructure Monitoring and Analytics for Nation-building 1554 Construction of Rudrapur Bypass Section from Km. 0.000 to 20.640 in the state of Uttar Pradesh & Uttarakhand",FlashReport_May2026.pdf,LARGE_COST_SHIFT,MEDIUM,Original cost changed significantly from 1051.73 Cr (2026-04) to 135.0 Cr (2026-05)
618913,2025-12,4-L of Rajamunda to Barkote Section of NH-23 from km. 287.200 to km. 337.185,FlashReport_December_2025.pdf,EXPENDITURE_DROP,MEDIUM,Cumulative expenditure dropped from 536.89 Cr (2025-06) to 114.77 Cr (2025-12)
618915,2025-12,"Project Assessment, Infrastructure Monitoring and Analytics for Nation-building 867 4L of Bal. works of Patna - Gaya -Dobhi Pkg-II from km. 39.00 to km. 83.00 of Old NH- 83",FlashReport_December_2025.pdf,LARGE_COST_SHIFT,MEDIUM,Original cost changed significantly from 446.97 Cr (2025-06) to 81.0 Cr (2025-12)
618915,2026-01,4L of Bal. works of Patna - Gaya -Dobhi Pkg-II from km. 39.00 to km. 83.00 of Old NH- 83,FlashReport_January_2026.pdf,LARGE_COST_SHIFT,MEDIUM,Original cost changed significantly from 81.0 Cr (2025-12) to 1637.29 Cr (2026-01)
618915,2026-01,4L of Bal. works of Patna - Gaya -Dobhi Pkg-II from km. 39.00 to km. 83.00 of Old NH- 83,FlashReport_January_2026.pdf,EXPENDITURE_DROP,MEDIUM,Cumulative expenditure dropped from 1637.29 Cr (2025-12) to 728.91 Cr (2026-01)
618917,2026-06,4L Greenfield starting from NH-30 near Saristabad Patna to Nathupur Project end point of Patna-Gaya-Dobhi Section of NH-83,FlashReport_June_2026.pdf,EXPENDITURE_DROP,MEDIUM,Cumulative expenditure dropped from 488.24 Cr (2026-05) to 101.06 Cr (2026-06)
618922,2026-03,"Project Assessment, Infrastructure Monitoring and Analytics for Nation-building 1077 4L of Shakral Village to Dhalli Section from Km 146.300 to Km 156.560 Shimla Bypass - Pkg II and Shimla connectivity from Km 0.000 to Km 0.725 of NH-5 Himachal Pradesh 04/2022",FlashReport_March_2026.pdf,LARGE_COST_SHIFT,MEDIUM,Original cost changed significantly from 1956.26 Cr (2026-02) to 106.0 Cr (2026-03)
618922,2026-04,4L of Shakral Village to Dhalli Section from Km 146.300 to Km 156.560 Shimla Bypass - Pkg II and Shimla connectivity from Km 0.000 to Km 0.725 of NH-5 Himachal Pradesh 04/2022,FlashReport_April2026.pdf,LARGE_COST_SHIFT,MEDIUM,Original cost changed significantly from 106.0 Cr (2026-03) to 1956.26 Cr (2026-04)
618931,2026-02,4L PS from Ch. 179.780 in Bitada/Movi Village to Ch. 208.900 in Nasarpore Village of NH-56 Pkg-V,FlashReport_February_2026.pdf,LARGE_COST_SHIFT,MEDIUM,Original cost changed significantly from 99.0 Cr (2026-01) to 764.02 Cr (2026-02)
618931,2026-02,4L PS from Ch. 179.780 in Bitada/Movi Village to Ch. 208.900 in Nasarpore Village of NH-56 Pkg-V,FlashReport_February_2026.pdf,EXPENDITURE_DROP,MEDIUM,Cumulative expenditure dropped from 764.02 Cr (2026-01) to 7.28 Cr (2026-02)
618935,2025-05,4L AMBALA - KALAAMB FROM KM. -0.800 TO KM. 33.015 OF OLD NH-72 6-2023 6/2025,FR_May2025.pdf,EXPENDITURE_DROP,MEDIUM,Cumulative expenditure dropped from 216.0 Cr (2025-04) to 94.0 Cr (2025-05)
618937,2025-12,4L of Nagpur-Katol Section from Km. 13.00 to Km. 62.900 of NH-353J,FlashReport_December_2025.pdf,PROGRESS_REGRESSION,MEDIUM,Physical progress dropped by 25.2% (from 81.17% in 2025-06 to 56.0% in 2025-12)
618941,2026-03,"Project Assessment, Infrastructure Monitoring and Analytics for Nation-building 1499 4L of Bamni - Rajura - Warur - Devada upto M.S. Border of NH - 930D from km 19.000 to km 51.985",FlashReport_March_2026.pdf,LARGE_COST_SHIFT,MEDIUM,Original cost changed significantly from 968.05 Cr (2026-02) to 130.0 Cr (2026-03)
618941,2026-04,4L of Bamni - Rajura - Warur - Devada upto M.S. Border of NH - 930D from km 19.000 to km 51.985,FlashReport_April2026.pdf,LARGE_COST_SHIFT,MEDIUM,Original cost changed significantly from 130.0 Cr (2026-03) to 968.05 Cr (2026-04)
618951,2025-12,"Project Assessment, Infrastructure Monitoring and Analytics for Nation-building 1104 Hariharganj to Parwa Mode section from km 23.284 to km 57.049 of NH-98 Multi-States",FlashReport_December_2025.pdf,LARGE_COST_SHIFT,MEDIUM,Original cost changed significantly from 755.26 Cr (2025-06) to 92.0 Cr (2025-12)
618951,2026-02,Hariharganj to Parwa Mode section from km 23.284 to km 57.049 of NH-98 Multi-States,FlashReport_February_2026.pdf,LARGE_COST_SHIFT,MEDIUM,Original cost changed significantly from 114.0 Cr (2026-01) to 1125.78 Cr (2026-02)
618951,2026-02,Hariharganj to Parwa Mode section from km 23.284 to km 57.049 of NH-98 Multi-States,FlashReport_February_2026.pdf,EXPENDITURE_DROP,MEDIUM,Cumulative expenditure dropped from 1125.78 Cr (2026-01) to 475.09 Cr (2026-02)
618955,2025-12,2L PS of Majhauli to Charout section from km. 0.00 to km. 63.655,FlashReport_December_2025.pdf,EXPENDITURE_DROP,MEDIUM,Cumulative expenditure dropped from 399.41 Cr (2025-06) to 125.16 Cr (2025-12)
618955,2026-04,"Project Assessment, Infrastructure Monitoring and Analytics for Nation-building 990 2L PS of Majhauli to Charout section from km. 0.00 to km. 63.655",FlashReport_April2026.pdf,LARGE_COST_SHIFT,MEDIUM,Original cost changed significantly from 638.29 Cr (2026-03) to 103.0 Cr (2026-04)
618955,2026-05,2L PS of Majhauli to Charout section from km. 0.00 to km. 63.655,FlashReport_May2026.pdf,LARGE_COST_SHIFT,MEDIUM,Original cost changed significantly from 103.0 Cr (2026-04) to 638.29 Cr (2026-05)
618958,2026-06,"Project Assessment, Infrastructure Monitoring and Analytics for Nation-building 897 2L with ES of Yagyi - Kalewa section from Milepost 40/0 to Milepost 115/5 in Myanmar",FlashReport_June_2026.pdf,PROGRESS_REGRESSION,MEDIUM,Physical progress dropped by 52.0% (from 52.0% in 2026-05 to 0.0% in 2026-06)
618958,2026-06,"Project Assessment, Infrastructure Monitoring and Analytics for Nation-building 897 2L with ES of Yagyi - Kalewa section from Milepost 40/0 to Milepost 115/5 in Myanmar",FlashReport_June_2026.pdf,LARGE_COST_SHIFT,MEDIUM,Original cost changed significantly from 1200.14 Cr (2026-05) to 102.0 Cr (2026-06)
618961,2026-03,4 Lane Inner Ring Road around Allahabad City Pkg-1 Prayagraj Southern Bypass 34.400 43.200,FlashReport_March_2026.pdf,EXPENDITURE_DROP,MEDIUM,Cumulative expenditure dropped from 775.94 Cr (2026-02) to 0.14 Cr (2026-03)
618962,2026-02,"Project Assessment, Infrastructure Monitoring and Analytics for Nation-building 1287 4L of Budhni to Shahganj Bypass End Package-III of NH-146B from Km. 73.750 to Km. 102.000",FlashReport_February_2026.pdf,LARGE_COST_SHIFT,MEDIUM,Original cost changed significantly from 1102.97 Cr (2026-01) to 128.0 Cr (2026-02)
618962,2026-04,4L of Budhni to Shahganj Bypass End Package-III of NH-146B from Km. 73.750 to Km. 102.000,FlashReport_April2026.pdf,LARGE_COST_SHIFT,MEDIUM,Original cost changed significantly from 117.0 Cr (2026-03) to 1102.97 Cr (2026-04)
618962,2026-04,4L of Budhni to Shahganj Bypass End Package-III of NH-146B from Km. 73.750 to Km. 102.000,FlashReport_April2026.pdf,EXPENDITURE_DROP,MEDIUM,Cumulative expenditure dropped from 1102.97 Cr (2026-03) to 65.45 Cr (2026-04)
618970,2026-05,"Project Assessment, Infrastructure Monitoring and Analytics for Nation-building 1879 6L access control Greenfield highway of Vill-Lohadda to Vill-Karaunda Mahajan from Km. 27.000 to Km. 56.500 Pkg-2",FlashReport_May2026.pdf,LARGE_COST_SHIFT,MEDIUM,Original cost changed significantly from 1335.45 Cr (2026-04) to 154.0 Cr (2026-05)
618970,2026-06,6L access control Greenfield highway of Vill-Lohadda to Vill-Karaunda Mahajan from Km. 27.000 to Km. 56.500 Pkg-2,FlashReport_June_2026.pdf,LARGE_COST_SHIFT,MEDIUM,Original cost changed significantly from 154.0 Cr (2026-05) to 1335.45 Cr (2026-06)
618971,2025-12,Pune Metro Rail Project Phase-2 Corridor 2A Vanaz to Chandani Chowk and Corridor 2B Ramwadi to Wagholi/Vitthalwadi,FlashReport_December_2025.pdf,LARGE_COST_SHIFT,MEDIUM,Original cost changed significantly from 50.0 Cr (2025-11) to 3626.24 Cr (2025-12)
618971,2025-12,Pune Metro Rail Project Phase-2 Corridor 2A Vanaz to Chandani Chowk and Corridor 2B Ramwadi to Wagholi/Vitthalwadi,FlashReport_December_2025.pdf,EXPENDITURE_DROP,MEDIUM,Cumulative expenditure dropped from 3626.24 Cr (2025-11) to 0.41 Cr (2025-12)
618976,2026-01,"Project Assessment, Infrastructure Monitoring and Analytics for Nation-building 173 Gadarwara Super Thermal Power Project, Stage-II [2x800 MW]",FlashReport_January_2026.pdf,LARGE_COST_SHIFT,MEDIUM,Original cost changed significantly from 20446.0 Cr (2025-12) to 66.0 Cr (2026-01)
618976,2026-02,"Gadarwara Super Thermal Power Project, Stage-II [2x800 MW]",FlashReport_February_2026.pdf,LARGE_COST_SHIFT,MEDIUM,Original cost changed significantly from 66.0 Cr (2026-01) to 20446.0 Cr (2026-02)
618976,2026-02,"Gadarwara Super Thermal Power Project, Stage-II [2x800 MW]",FlashReport_February_2026.pdf,EXPENDITURE_DROP,MEDIUM,Cumulative expenditure dropped from 20446.0 Cr (2026-01) to 1294.64 Cr (2026-02)
618985,2026-03,"Project Assessment, Infrastructure Monitoring and Analytics for Nation-building 273 Pune Metro Rail Project Phase-2 Line-4 Kharadi to Khadakwasla with Spur Line 4A Nal Stop - Warje - Manikbaug",FlashReport_March_2026.pdf,LARGE_COST_SHIFT,MEDIUM,Original cost changed significantly from 9857.85 Cr (2026-02) to 66.0 Cr (2026-03)
618985,2026-04,Pune Metro Rail Project Phase-2 Line-4 Kharadi to Khadakwasla with Spur Line 4A Nal Stop - Warje - Manikbaug,FlashReport_April2026.pdf,LARGE_COST_SHIFT,MEDIUM,Original cost changed significantly from 66.0 Cr (2026-03) to 9857.85 Cr (2026-04)
618985,2026-04,Pune Metro Rail Project Phase-2 Line-4 Kharadi to Khadakwasla with Spur Line 4A Nal Stop - Warje - Manikbaug,FlashReport_April2026.pdf,EXPENDITURE_DROP,MEDIUM,Cumulative expenditure dropped from 9857.85 Cr (2026-03) to 3.94 Cr (2026-04)
618992,2026-01,"Project Assessment, Infrastructure Monitoring and Analytics for Nation-building 146 100 MW SPP part of SECI 150 MW Hybrid",FlashReport_January_2026.pdf,LARGE_COST_SHIFT,MEDIUM,Original cost changed significantly from 480.68 Cr (2025-12) to 65.0 Cr (2026-01)
618992,2026-02,100 MW SPP part of SECI 150 MW Hybrid,FlashReport_February_2026.pdf,LARGE_COST_SHIFT,MEDIUM,Original cost changed significantly from 65.0 Cr (2026-01) to 480.68 Cr (2026-02)
618992,2026-02,100 MW SPP part of SECI 150 MW Hybrid,FlashReport_February_2026.pdf,EXPENDITURE_DROP,MEDIUM,Cumulative expenditure dropped from 480.68 Cr (2026-01) to 2.57 Cr (2026-02)
619003,2026-01,Solan - Kaithlighat Section of NH-22 Now NH-5 from Km. 106.139 to Km.129.05 Himachal Pradesh 03/2018,FlashReport_January_2026.pdf,EXPENDITURE_DROP,MEDIUM,Cumulative expenditure dropped from 1349.59 Cr (2025-06) to 565.49 Cr (2026-01)
619005,2026-02,Construction of bypass around Chatra Town on NH-22 old NH-99 in the state of Jharkhand under EPC Mode,FlashReport_February_2026.pdf,EXPENDITURE_DROP,MEDIUM,Cumulative expenditure dropped from 235.42 Cr (2026-01) to 0.0 Cr (2026-02)
619024,2026-02,"Project Assessment, Infrastructure Monitoring and Analytics for Nation-building 218 Mahan Transmission Limited",FlashReport_February_2026.pdf,LARGE_COST_SHIFT,MEDIUM,Original cost changed significantly from 3125.32 Cr (2026-01) to 73.0 Cr (2026-02)
619024,2026-03,Mahan Transmission Limited,FlashReport_March_2026.pdf,PROGRESS_REGRESSION,MEDIUM,Physical progress dropped by 34.8% (from 50.79% in 2026-02 to 16.0% in 2026-03)
619024,2026-03,Mahan Transmission Limited,FlashReport_March_2026.pdf,LARGE_COST_SHIFT,MEDIUM,Original cost changed significantly from 73.0 Cr (2026-02) to 3125.32 Cr (2026-03)
619024,2026-03,Mahan Transmission Limited,FlashReport_March_2026.pdf,EXPENDITURE_DROP,MEDIUM,Cumulative expenditure dropped from 3125.32 Cr (2026-02) to 260.79 Cr (2026-03)
619026,2026-03,"Project Assessment, Infrastructure Monitoring and Analytics for Nation-building 199 KPSIII HVDC Transmission Limited",FlashReport_March_2026.pdf,LARGE_COST_SHIFT,MEDIUM,Original cost changed significantly from 19000.0 Cr (2026-02) to 62.0 Cr (2026-03)
619026,2026-04,KPSIII HVDC Transmission Limited,FlashReport_April2026.pdf,LARGE_COST_SHIFT,MEDIUM,Original cost changed significantly from 62.0 Cr (2026-03) to 19000.0 Cr (2026-04)
619026,2026-04,KPSIII HVDC Transmission Limited,FlashReport_April2026.pdf,EXPENDITURE_DROP,MEDIUM,Cumulative expenditure dropped from 19000.0 Cr (2026-03) to 20.0 Cr (2026-04)
619030,2026-02,"Inter-Regional Strengthening between SR Grid and ER Grid Multi-States (Andhra Pradesh,",FlashReport_February_2026.pdf,LARGE_COST_SHIFT,MEDIUM,Original cost changed significantly from 68.0 Cr (2026-01) to 2722.5 Cr (2026-02)
619030,2026-02,"Inter-Regional Strengthening between SR Grid and ER Grid Multi-States (Andhra Pradesh,",FlashReport_February_2026.pdf,EXPENDITURE_DROP,MEDIUM,Cumulative expenditure dropped from 2722.5 Cr (2026-01) to 2.7 Cr (2026-02)
619033,2026-03,"1000 seater Boys hostel, 500 seater Girls hostel, 1.5 MLD Sewage Treatment Plant and Faculty Residence - 72 nos. Flats",FlashReport_March_2026.pdf,EXPENDITURE_DROP,MEDIUM,Cumulative expenditure dropped from 198.97 Cr (2026-02) to 42.55 Cr (2026-03)
619038,2026-01,Construction/upgradation to 2-lane with paved shoulder from Design Km 95.55 Bandarkoot to Km. 111.06 Chattroo of 15.52 Km length on Khellani-Kishtwar-Chattroo section on NH-244 in UT of Jammu and Kashmir on EPC Mode Pkg-5,FlashReport_January_2026.pdf,EXPENDITURE_DROP,MEDIUM,Cumulative expenditure dropped from 178.73 Cr (2025-06) to 88.25 Cr (2026-01)
619042,2026-01,"Project Assessment, Infrastructure Monitoring and Analytics for Nation-building 1240 Construction of six lane Flyover at Katraj junction at Km, 3/880 of NH 548-DD Vadgaon - Katraj - Kondhwa - Mantarwadi Chowk - Loni Kalbhor - Theur Phata - Lonikand Road in Pune Dist of the State of Maharashtra. On Engineering Procurement and construction EPC Basis mode L.1.326 Km,",FlashReport_January_2026.pdf,PROGRESS_REGRESSION,MEDIUM,Physical progress dropped by 36.0% (from 35.96% in 2025-06 to 0.0% in 2026-01)
619042,2026-02,"Construction of six lane Flyover at Katraj junction at Km, 3/880 of NH 548-DD Vadgaon - Katraj - Kondhwa - Mantarwadi Chowk - Loni Kalbhor - Theur Phata - Lonikand Road in Pune Dist of the State of Maharashtra. On Engineering Procurement and construction EPC Basis mode L.1.326 Km,",FlashReport_February_2026.pdf,EXPENDITURE_DROP,MEDIUM,Cumulative expenditure dropped from 163.51 Cr (2026-01) to 0.0 Cr (2026-02)
619045,2026-03,"Project Assessment, Infrastructure Monitoring and Analytics for Nation-building 1659 Construction of New Double Tier 4L Elevated Corridor from Chennai Port to Maduravoyal in Chennai District from km -0.342 to Km 20.593 and Package IV from Km 14.185 to Km 20.593",FlashReport_March_2026.pdf,LARGE_COST_SHIFT,MEDIUM,Original cost changed significantly from 1205.4 Cr (2026-02) to 139.0 Cr (2026-03)
619045,2026-06,Construction of New Double Tier 4L Elevated Corridor from Chennai Port to Maduravoyal in Chennai District from km -0.342 to Km 20.593 and Package IV from Km 14.185 to Km 20.593,FlashReport_June_2026.pdf,PROGRESS_REGRESSION,MEDIUM,Physical progress dropped by 53.4% (from 62.01% in 2026-05 to 8.58% in 2026-06)
619045,2026-06,Construction of New Double Tier 4L Elevated Corridor from Chennai Port to Maduravoyal in Chennai District from km -0.342 to Km 20.593 and Package IV from Km 14.185 to Km 20.593,FlashReport_June_2026.pdf,LARGE_COST_SHIFT,MEDIUM,Original cost changed significantly from 144.0 Cr (2026-05) to 1205.4 Cr (2026-06)
619045,2026-06,Construction of New Double Tier 4L Elevated Corridor from Chennai Port to Maduravoyal in Chennai District from km -0.342 to Km 20.593 and Package IV from Km 14.185 to Km 20.593,FlashReport_June_2026.pdf,EXPENDITURE_DROP,MEDIUM,Cumulative expenditure dropped from 1205.4 Cr (2026-05) to 86.0 Cr (2026-06)
619055,2026-04,"Project Assessment, Infrastructure Monitoring and Analytics for Nation-building 109 SAONER-III EXPN UG MINE 1.54",FlashReport_April2026.pdf,LARGE_COST_SHIFT,MEDIUM,Original cost changed significantly from 444.42 Cr (2026-03) to 58.0 Cr (2026-04)
619055,2026-05,SAONER-III EXPN UG MINE 1.54,FlashReport_May2026.pdf,LARGE_COST_SHIFT,MEDIUM,Original cost changed significantly from 58.0 Cr (2026-04) to 444.42 Cr (2026-05)
619055,2026-05,SAONER-III EXPN UG MINE 1.54,FlashReport_May2026.pdf,EXPENDITURE_DROP,MEDIUM,Cumulative expenditure dropped from 444.42 Cr (2026-04) to 0.0 Cr (2026-05)
619060,2026-01,"Construction of Balance Work of 4-Laning of the Section from Jhanji to Demow of NH- 37 Old from Km 514.800 to Km 534.800 20.000 Km, under SARDP- NE under EPC Mode in the state of Assam Pkg-III Road Works",FlashReport_January_2026.pdf,EXPENDITURE_DROP,MEDIUM,Cumulative expenditure dropped from 517.62 Cr (2025-06) to 46.37 Cr (2026-01)
619063,2026-04,"Project Assessment, Infrastructure Monitoring and Analytics for Nation-building 1660 4L Greenfield spur from Delhi-Vadodara Greenfield expressway near Bandikui to Jaipur",FlashReport_April2026.pdf,LARGE_COST_SHIFT,MEDIUM,Original cost changed significantly from 1636.15 Cr (2026-03) to 142.0 Cr (2026-04)
619064,2026-02,"Project Assessment, Infrastructure Monitoring and Analytics for Nation-building 1473 Vadodara Mumbai Expressway Talsari to Karvad Phase IB - Pkg X [Km 103.400 to Km 128.000]",FlashReport_February_2026.pdf,LARGE_COST_SHIFT,MEDIUM,Original cost changed significantly from 1909.74 Cr (2026-01) to 139.0 Cr (2026-02)
619064,2026-03,Vadodara Mumbai Expressway Talsari to Karvad Phase IB - Pkg X [Km 103.400 to Km 128.000],FlashReport_March_2026.pdf,LARGE_COST_SHIFT,MEDIUM,Original cost changed significantly from 139.0 Cr (2026-02) to 1909.74 Cr (2026-03)
619064,2026-03,Vadodara Mumbai Expressway Talsari to Karvad Phase IB - Pkg X [Km 103.400 to Km 128.000],FlashReport_March_2026.pdf,EXPENDITURE_DROP,MEDIUM,Cumulative expenditure dropped from 1909.74 Cr (2026-02) to 670.18 Cr (2026-03)
619076,2026-02,Six Laning of Vijayawada Bypass from Chinna Avutapalli to Gollapudi in Vijayawada - Gundugolanu Section from km. 0.00 to km. 30.00 Pkg-III,FlashReport_February_2026.pdf,LARGE_COST_SHIFT,MEDIUM,Original cost changed significantly from 91.0 Cr (2026-01) to 1581.24 Cr (2026-02)
619076,2026-02,Six Laning of Vijayawada Bypass from Chinna Avutapalli to Gollapudi in Vijayawada - Gundugolanu Section from km. 0.00 to km. 30.00 Pkg-III,FlashReport_February_2026.pdf,EXPENDITURE_DROP,MEDIUM,Cumulative expenditure dropped from 1581.24 Cr (2026-01) to 694.54 Cr (2026-02)
619076,2026-05,"Project Assessment, Infrastructure Monitoring and Analytics for Nation-building 859 Six Laning of Vijayawada Bypass from Chinna Avutapalli to Gollapudi in Vijayawada - Gundugolanu Section from km. 0.00 to km. 30.00 Pkg-III",FlashReport_May2026.pdf,LARGE_COST_SHIFT,MEDIUM,Original cost changed significantly from 1581.24 Cr (2026-04) to 94.0 Cr (2026-05)
619076,2026-06,Six Laning of Vijayawada Bypass from Chinna Avutapalli to Gollapudi in Vijayawada - Gundugolanu Section from km. 0.00 to km. 30.00 Pkg-III,FlashReport_June_2026.pdf,LARGE_COST_SHIFT,MEDIUM,Original cost changed significantly from 94.0 Cr (2026-05) to 1581.24 Cr (2026-06)
619078,2026-01,Six Laning of Bihar - Jharkhand Border Chordaha - Gorhar section of NH-2 from km 249.525 to km 320.810 Multi-States,FlashReport_January_2026.pdf,EXPENDITURE_DROP,MEDIUM,Cumulative expenditure dropped from 657.82 Cr (2025-06) to 253.22 Cr (2026-01)
619089,2026-05,"Project Assessment, Infrastructure Monitoring and Analytics for Nation-building 935 Balance work of 4L of NarimbangloJatinga Junction- Harangajoroad section from Km 0.000 to Km 49.230 of NH-27",FlashReport_May2026.pdf,LARGE_COST_SHIFT,MEDIUM,Original cost changed significantly from 1909.98 Cr (2026-04) to 99.0 Cr (2026-05)
619089,2026-06,Balance work of 4L of NarimbangloJatinga Junction- Harangajoroad section from Km 0.000 to Km 49.230 of NH-27,FlashReport_June_2026.pdf,LARGE_COST_SHIFT,MEDIUM,Original cost changed significantly from 99.0 Cr (2026-05) to 1909.98 Cr (2026-06)
619090,2026-01,8L of Dwarka Expressway Pkg-II RuB near Dwarka Sector 21-DL/HR Border from 5.300 Km.to 9.500 Km. of NH-248BB,FlashReport_January_2026.pdf,EXPENDITURE_DROP,MEDIUM,Cumulative expenditure dropped from 1496.49 Cr (2025-06) to 628.68 Cr (2026-01)
619090,2026-06,"Project Assessment, Infrastructure Monitoring and Analytics for Nation-building 982 8L of Dwarka Expressway Pkg-II RuB near Dwarka Sector 21-DL/HR Border from 5.300 Km.to 9.500 Km. of NH-248BB",FlashReport_June_2026.pdf,LARGE_COST_SHIFT,MEDIUM,Original cost changed significantly from 2067.67 Cr (2026-05) to 107.0 Cr (2026-06)
619093,2026-06,4L Ismailabad to Ambala Section of NH-152 Lot-4/Package-1 Multi-States,FlashReport_June_2026.pdf,EXPENDITURE_DROP,MEDIUM,Cumulative expenditure dropped from 609.32 Cr (2026-05) to 203.25 Cr (2026-06)
619094,2026-02,"Project Assessment, Infrastructure Monitoring and Analytics for Nation-building 1675 Thorapalli - Agraharam - Jittandahalli Section from km 23.350 to km 60.100 [Hosur to Dhamrapuri Pkg-2]",FlashReport_February_2026.pdf,LARGE_COST_SHIFT,MEDIUM,Original cost changed significantly from 1243.57 Cr (2026-01) to 150.0 Cr (2026-02)
619094,2026-03,Thorapalli - Agraharam - Jittandahalli Section from km 23.350 to km 60.100 [Hosur to Dhamrapuri Pkg-2],FlashReport_March_2026.pdf,LARGE_COST_SHIFT,MEDIUM,Original cost changed significantly from 150.0 Cr (2026-02) to 1243.57 Cr (2026-03)
619094,2026-03,Thorapalli - Agraharam - Jittandahalli Section from km 23.350 to km 60.100 [Hosur to Dhamrapuri Pkg-2],FlashReport_March_2026.pdf,EXPENDITURE_DROP,MEDIUM,Cumulative expenditure dropped from 1243.57 Cr (2026-02) to 589.41 Cr (2026-03)
619096,2026-01,Goa / Karnataka Km.93.700 to Kundapur Km.283.30,FlashReport_January_2026.pdf,EXPENDITURE_DROP,MEDIUM,Cumulative expenditure dropped from 1824.1 Cr (2025-06) to 25.26 Cr (2026-01)
619096,2026-05,"Project Assessment, Infrastructure Monitoring and Analytics for Nation-building 1229 Goa / Karnataka Km.93.700 to Kundapur Km.283.30",FlashReport_May2026.pdf,LARGE_COST_SHIFT,MEDIUM,Original cost changed significantly from 1644.92 Cr (2026-04) to 116.0 Cr (2026-05)
619096,2026-06,Goa / Karnataka Km.93.700 to Kundapur Km.283.30,FlashReport_June_2026.pdf,LARGE_COST_SHIFT,MEDIUM,Original cost changed significantly from 116.0 Cr (2026-05) to 1644.92 Cr (2026-06)
619098,2026-02,"Project Assessment, Infrastructure Monitoring and Analytics for Nation-building 1232 Kozhikode Bypass Calicut Bypass Vengalam Jn. to Ramanattukara Jn.",FlashReport_February_2026.pdf,LARGE_COST_SHIFT,MEDIUM,Original cost changed significantly from 1424.77 Cr (2026-01) to 125.0 Cr (2026-02)
619098,2026-03,Kozhikode Bypass Calicut Bypass Vengalam Jn. to Ramanattukara Jn.,FlashReport_March_2026.pdf,LARGE_COST_SHIFT,MEDIUM,Original cost changed significantly from 125.0 Cr (2026-02) to 1424.77 Cr (2026-03)
619111,2026-02,"Project Assessment, Infrastructure Monitoring and Analytics for Nation-building 849 6L Jakkuva Korlam Section of NH-130CD Road from km 396.800 to km 421.100 Pkg 2",FlashReport_February_2026.pdf,LARGE_COST_SHIFT,MEDIUM,Original cost changed significantly from 840.51 Cr (2026-01) to 103.0 Cr (2026-02)
619111,2026-03,6L Jakkuva Korlam Section of NH-130CD Road from km 396.800 to km 421.100 Pkg 2,FlashReport_March_2026.pdf,LARGE_COST_SHIFT,MEDIUM,Original cost changed significantly from 103.0 Cr (2026-02) to 840.51 Cr (2026-03)
619112,2026-04,"Project Assessment, Infrastructure Monitoring and Analytics for Nation-building 860 6L Kantakapalle Sabbavaram Section of NH-130CD Road from Km 445.100 to Km 464.662 Pkg-4",FlashReport_April2026.pdf,LARGE_COST_SHIFT,MEDIUM,Original cost changed significantly from 1012.57 Cr (2026-03) to 95.0 Cr (2026-04)
619112,2026-05,6L Kantakapalle Sabbavaram Section of NH-130CD Road from Km 445.100 to Km 464.662 Pkg-4,FlashReport_May2026.pdf,LARGE_COST_SHIFT,MEDIUM,Original cost changed significantly from 95.0 Cr (2026-04) to 1012.57 Cr (2026-05)
619118,2026-01,Four Laning of Angul to Sambalpur from Km.112.000 to Km.265.000,FlashReport_January_2026.pdf,EXPENDITURE_DROP,MEDIUM,Cumulative expenditure dropped from 1181.34 Cr (2025-06) to 31.2 Cr (2026-01)
619119,2026-01,Cuttack-Angul Section of NH-42 New NH-55 from km 0.400 to km 60.200 Pkg-I in the State of Odisha,FlashReport_January_2026.pdf,EXPENDITURE_DROP,MEDIUM,Cumulative expenditure dropped from 574.26 Cr (2025-06) to 16.03 Cr (2026-01)
619127,2026-06,"Project Assessment, Infrastructure Monitoring and Analytics for Nation-building 949 4L of Greenfield Alignment from Km. 47.000 to Km. 89.210 of Balbhadarpur to Bela Nawda Section of NH-119D",FlashReport_June_2026.pdf,LARGE_COST_SHIFT,MEDIUM,Original cost changed significantly from 2185.75 Cr (2026-05) to 105.0 Cr (2026-06)
619131,2026-01,Four Laning of Chettikulam to Natham section of NH-785,FlashReport_January_2026.pdf,EXPENDITURE_DROP,MEDIUM,Cumulative expenditure dropped from 376.61 Cr (2025-06) to 0.57 Cr (2026-01)
619132,2026-01,4/6L of Gurgaon - Pataudi - Rewari from km. 0.00 to km.43.87 of NH-352W,FlashReport_January_2026.pdf,EXPENDITURE_DROP,MEDIUM,Cumulative expenditure dropped from 1105.1 Cr (2025-06) to 462.02 Cr (2026-01)
619134,2025-05,6L OF AMBALA-CHANDIGARH GREENFIELD SECTION FROM KM. 0.000 TO KM. 25.000 WITH 4L SPUR TO LALRU FROM K 3-2022 10/2025,FR_May2025.pdf,EXPENDITURE_DROP,MEDIUM,Cumulative expenditure dropped from 154.0 Cr (2025-04) to 60.0 Cr (2025-05)
619136,2026-03,"Project Assessment, Infrastructure Monitoring and Analytics for Nation-building 964 Rehabilitation and Upgradation of Chorma - Bairgania Section of National Highway No 227F to 2 lane with paved shoulders from Design Ch.0.000 to Ch. 34.566",FlashReport_March_2026.pdf,LARGE_COST_SHIFT,MEDIUM,Original cost changed significantly from 610.78 Cr (2026-02) to 100.0 Cr (2026-03)
619136,2026-04,Rehabilitation and Upgradation of Chorma - Bairgania Section of National Highway No 227F to 2 lane with paved shoulders from Design Ch.0.000 to Ch. 34.566,FlashReport_April2026.pdf,LARGE_COST_SHIFT,MEDIUM,Original cost changed significantly from 100.0 Cr (2026-03) to 610.78 Cr (2026-04)
619137,2026-03,"Project Assessment, Infrastructure Monitoring and Analytics for Nation-building 1039 4L of Dwarka-Khambaliya-Devariya section from km 203.500 to km 176.500 and from km 171.800 to km 125.000 of NH-151A",FlashReport_March_2026.pdf,LARGE_COST_SHIFT,MEDIUM,Original cost changed significantly from 1024.69 Cr (2026-02) to 104.0 Cr (2026-03)
619137,2026-04,4L of Dwarka-Khambaliya-Devariya section from km 203.500 to km 176.500 and from km 171.800 to km 125.000 of NH-151A,FlashReport_April2026.pdf,LARGE_COST_SHIFT,MEDIUM,Original cost changed significantly from 104.0 Cr (2026-03) to 1024.69 Cr (2026-04)
619140,2026-06,"Project Assessment, Infrastructure Monitoring and Analytics for Nation-building 838 6L of Naidupeta Junction - Turpukanupur Section from km 57.046 to km 91.927",FlashReport_June_2026.pdf,LARGE_COST_SHIFT,MEDIUM,Original cost changed significantly from 1398.84 Cr (2026-05) to 98.0 Cr (2026-06)
619146,2026-01,Kagvadar - Una Package-IV,FlashReport_January_2026.pdf,EXPENDITURE_DROP,MEDIUM,Cumulative expenditure dropped from 562.31 Cr (2025-06) to 41.54 Cr (2026-01)
619148,2026-02,"Project Assessment, Infrastructure Monitoring and Analytics for Nation-building 1056 4L of Bhavnagar - Talaja Package-I from Km. 6.945 to Km. 54.990 of Old NH-8E",FlashReport_February_2026.pdf,PROGRESS_REGRESSION,MEDIUM,Physical progress dropped by 46.8% (from 100.0% in 2026-01 to 53.18% in 2026-02)
619148,2026-02,"Project Assessment, Infrastructure Monitoring and Analytics for Nation-building 1056 4L of Bhavnagar - Talaja Package-I from Km. 6.945 to Km. 54.990 of Old NH-8E",FlashReport_February_2026.pdf,LARGE_COST_SHIFT,MEDIUM,Original cost changed significantly from 1185.66 Cr (2026-01) to 115.0 Cr (2026-02)
619148,2026-03,4L of Bhavnagar - Talaja Package-I from Km. 6.945 to Km. 54.990 of Old NH-8E,FlashReport_March_2026.pdf,LARGE_COST_SHIFT,MEDIUM,Original cost changed significantly from 115.0 Cr (2026-02) to 1185.66 Cr (2026-03)
619148,2026-03,4L of Bhavnagar - Talaja Package-I from Km. 6.945 to Km. 54.990 of Old NH-8E,FlashReport_March_2026.pdf,EXPENDITURE_DROP,MEDIUM,Cumulative expenditure dropped from 1185.66 Cr (2026-02) to 53.18 Cr (2026-03)
619152,2026-01,Bakhtiyarpur Km 153.300 to Mokama Km 197.900,FlashReport_January_2026.pdf,EXPENDITURE_DROP,MEDIUM,Cumulative expenditure dropped from 775.79 Cr (2025-06) to 59.61 Cr (2026-01)
619153,2026-02,"Project Assessment, Infrastructure Monitoring and Analytics for Nation-building 1092 4L of HP/Punjab Border - Mo from km. 11.00 to km. 42.00 of Old NH-20 New NH-154 Package-IA Himachal Pradesh 03/2021",FlashReport_February_2026.pdf,LARGE_COST_SHIFT,MEDIUM,Original cost changed significantly from 1002.11 Cr (2026-01) to 117.0 Cr (2026-02)
619153,2026-03,4L of HP/Punjab Border - Mo from km. 11.00 to km. 42.00 of Old NH-20 New NH-154 Package-IA Himachal Pradesh 03/2021,FlashReport_March_2026.pdf,LARGE_COST_SHIFT,MEDIUM,Original cost changed significantly from 117.0 Cr (2026-02) to 1002.11 Cr (2026-03)
619153,2026-03,4L of HP/Punjab Border - Mo from km. 11.00 to km. 42.00 of Old NH-20 New NH-154 Package-IA Himachal Pradesh 03/2021,FlashReport_March_2026.pdf,EXPENDITURE_DROP,MEDIUM,Cumulative expenditure dropped from 1002.11 Cr (2026-02) to 491.3 Cr (2026-03)
619153,2026-05,"Project Assessment, Infrastructure Monitoring and Analytics for Nation-building 1116 4L of HP/Punjab Border - Mo from km. 11.00 to km. 42.00 of Old NH-20 New NH-154 Package-IA Himachal Pradesh 03/2021",FlashReport_May2026.pdf,LARGE_COST_SHIFT,MEDIUM,Original cost changed significantly from 1002.11 Cr (2026-04) to 109.0 Cr (2026-05)
619157,2026-01,4 Laning of Talcher to end of Kamakhyanagar Bypass km 8.844 - km 15.725 of NH- 149 and km 301.875 - km 335.946 of NH-53 Pkg-I,FlashReport_January_2026.pdf,EXPENDITURE_DROP,MEDIUM,Cumulative expenditure dropped from 664.48 Cr (2025-06) to 188.53 Cr (2026-01)
619164,2026-03,Belgaum-Khanapur Pkg I Km 0.000-Km 30.800 of NH-4A,FlashReport_March_2026.pdf,LARGE_COST_SHIFT,MEDIUM,Original cost changed significantly from 124.0 Cr (2026-02) to 1214.3 Cr (2026-03)
619164,2026-03,Belgaum-Khanapur Pkg I Km 0.000-Km 30.800 of NH-4A,FlashReport_March_2026.pdf,EXPENDITURE_DROP,MEDIUM,Cumulative expenditure dropped from 1214.3 Cr (2026-02) to 479.2 Cr (2026-03)
619165,2026-02,"Project Assessment, Infrastructure Monitoring and Analytics for Nation-building 1727 Thanamcherla-Jamandlapally 2LPS",FlashReport_February_2026.pdf,PROGRESS_REGRESSION,MEDIUM,Physical progress dropped by 96.4% (from 100.0% in 2026-01 to 3.61% in 2026-02)
619165,2026-03,Thanamcherla-Jamandlapally 2LPS,FlashReport_March_2026.pdf,EXPENDITURE_DROP,MEDIUM,Cumulative expenditure dropped from 177.18 Cr (2026-02) to 8.31 Cr (2026-03)
619166,2026-02,Umagaon-Saharsa Package-V Bakaur-Parsarma-Bangaon-Bariyahi & Spur to Mahishi,FlashReport_February_2026.pdf,LARGE_COST_SHIFT,MEDIUM,Original cost changed significantly from 97.0 Cr (2026-01) to 768.35 Cr (2026-02)
619166,2026-02,Umagaon-Saharsa Package-V Bakaur-Parsarma-Bangaon-Bariyahi & Spur to Mahishi,FlashReport_February_2026.pdf,EXPENDITURE_DROP,MEDIUM,Cumulative expenditure dropped from 768.35 Cr (2026-01) to 383.1 Cr (2026-02)
619168,2026-04,"Project Assessment, Infrastructure Monitoring and Analytics for Nation-building 1868 6L access controlled Greenfield highway of Junction of EPE Vill.-Mavikalan to Vill.- Lohadda from Km. 0.000 to Km. 27.000 Pkg-1",FlashReport_April2026.pdf,LARGE_COST_SHIFT,MEDIUM,Original cost changed significantly from 1602.48 Cr (2026-03) to 154.0 Cr (2026-04)
619168,2026-05,6L access controlled Greenfield highway of Junction of EPE Vill.-Mavikalan to Vill.- Lohadda from Km. 0.000 to Km. 27.000 Pkg-1,FlashReport_May2026.pdf,LARGE_COST_SHIFT,MEDIUM,Original cost changed significantly from 154.0 Cr (2026-04) to 1602.48 Cr (2026-05)
619181,2026-06,"Project Assessment, Infrastructure Monitoring and Analytics for Nation-building 1507 Rehabilitation and Up gradation from 4 to 8 laning of Chandikhole Paradip Section of NH-53 Old NH 5A from Km.60.000 to Km.76.646 Package-4",FlashReport_June_2026.pdf,LARGE_COST_SHIFT,MEDIUM,Original cost changed significantly from 882.45 Cr (2026-05) to 138.0 Cr (2026-06)
619183,2026-05,Widening of Existing Road from Intermediate Lane 2-lane to 4-lane Between Km 19.994 to Km 35.180 of NH-848A Rakholi-Khadoli-Velugam Section in U.T. of Dadra and Nagar Haveli and Daman and Diu Dadra & Nagar Haveli and Daman,FlashReport_May2026.pdf,EXPENDITURE_DROP,MEDIUM,Cumulative expenditure dropped from 198.06 Cr (2026-04) to 73.03 Cr (2026-05)
619185,2026-05,"Project Assessment, Infrastructure Monitoring and Analytics for Nation-building 788 Rehabilitation and up-gradation and completion of balance work of section from Km 155.00 to Km 181.00 End of Jarwa to Rangat of NH -4 Total length 26 Km to Intermediate Lane/2-lane with hard shoulders in the UT of A&N Islands on EPC basis - Package-III.B Balance work",FlashReport_May2026.pdf,PROGRESS_REGRESSION,MEDIUM,Physical progress dropped by 47.3% (from 47.28% in 2026-04 to 0.0% in 2026-05)
619185,2026-06,Rehabilitation and up-gradation and completion of balance work of section from Km 155.00 to Km 181.00 End of Jarwa to Rangat of NH -4 Total length 26 Km to Intermediate Lane/2-lane with hard shoulders in the UT of A&N Islands on EPC basis - Package-III.B Balance work,FlashReport_June_2026.pdf,EXPENDITURE_DROP,MEDIUM,Cumulative expenditure dropped from 183.56 Cr (2026-05) to 0.0 Cr (2026-06)
619196,2026-05,"Project Assessment, Infrastructure Monitoring and Analytics for Nation-building 384 Change of service of existing Mundra-Panipat Pipeline [Panipat - Churwa section] from Crude oil to Product",FlashReport_May2026.pdf,LARGE_COST_SHIFT,MEDIUM,Original cost changed significantly from 359.0 Cr (2026-04) to 71.0 Cr (2026-05)
619196,2026-06,Change of service of existing Mundra-Panipat Pipeline [Panipat - Churwa section] from Crude oil to Product,FlashReport_June_2026.pdf,LARGE_COST_SHIFT,MEDIUM,Original cost changed significantly from 71.0 Cr (2026-05) to 359.0 Cr (2026-06)
619196,2026-06,Change of service of existing Mundra-Panipat Pipeline [Panipat - Churwa section] from Crude oil to Product,FlashReport_June_2026.pdf,EXPENDITURE_DROP,MEDIUM,Cumulative expenditure dropped from 359.0 Cr (2026-05) to 40.86 Cr (2026-06)
619197,2026-06,"Project Assessment, Infrastructure Monitoring and Analytics for Nation-building 1019 Delhi-Vadodara Greenfield Alignment NH-148N Pkg-27 Ch.729.700 to Ch.756.052",FlashReport_June_2026.pdf,LARGE_COST_SHIFT,MEDIUM,Original cost changed significantly from 1185.69 Cr (2026-05) to 109.0 Cr (2026-06)
619199,2026-03,"Bangalore Chennai Expressway Phase-II Pkg-I from km.71.000 to Km 96.000 Bethamangala in the state of Karnataka to Byreddypalli Multi-States (Andhra Pradesh,",FlashReport_March_2026.pdf,EXPENDITURE_DROP,MEDIUM,Cumulative expenditure dropped from 608.68 Cr (2026-02) to 240.02 Cr (2026-03)
619205,2026-04,"Project Assessment, Infrastructure Monitoring and Analytics for Nation-building 1521 Six Laning of KT/KL Border Thalapaddy -Chengala from Km. 17.200 to Km. 57.20",FlashReport_April2026.pdf,LARGE_COST_SHIFT,MEDIUM,Original cost changed significantly from 1981.07 Cr (2026-03) to 134.0 Cr (2026-04)
619205,2026-05,Six Laning of KT/KL Border Thalapaddy -Chengala from Km. 17.200 to Km. 57.20,FlashReport_May2026.pdf,LARGE_COST_SHIFT,MEDIUM,Original cost changed significantly from 134.0 Cr (2026-04) to 1981.07 Cr (2026-05)
619206,2026-03,"Project Assessment, Infrastructure Monitoring and Analytics for Nation-building 1218 6L of Perole Nileshwar town to Taliparamba from Km 94.248 to Km 134.650 of NH-66",FlashReport_March_2026.pdf,LARGE_COST_SHIFT,MEDIUM,Original cost changed significantly from 3041.65 Cr (2026-02) to 114.0 Cr (2026-03)
619206,2026-04,6L of Perole Nileshwar town to Taliparamba from Km 94.248 to Km 134.650 of NH-66,FlashReport_April2026.pdf,LARGE_COST_SHIFT,MEDIUM,Original cost changed significantly from 114.0 Cr (2026-03) to 3041.65 Cr (2026-04)
619206,2026-04,6L of Perole Nileshwar town to Taliparamba from Km 94.248 to Km 134.650 of NH-66,FlashReport_April2026.pdf,EXPENDITURE_DROP,MEDIUM,Cumulative expenditure dropped from 3041.65 Cr (2026-03) to 1007.02 Cr (2026-04)
619208,2026-04,"Project Assessment, Infrastructure Monitoring and Analytics for Nation-building 1254 Kadambattukonam-Kazhakuttom",FlashReport_April2026.pdf,LARGE_COST_SHIFT,MEDIUM,Original cost changed significantly from 3635.64 Cr (2026-03) to 118.0 Cr (2026-04)
619208,2026-05,Kadambattukonam-Kazhakuttom,FlashReport_May2026.pdf,LARGE_COST_SHIFT,MEDIUM,Original cost changed significantly from 118.0 Cr (2026-04) to 3635.64 Cr (2026-05)
619208,2026-05,Kadambattukonam-Kazhakuttom,FlashReport_May2026.pdf,EXPENDITURE_DROP,MEDIUM,Cumulative expenditure dropped from 3635.64 Cr (2026-04) to 595.69 Cr (2026-05)
619209,2026-04,"Project Assessment, Infrastructure Monitoring and Analytics for Nation-building 1406 4L of existing 2/4L stretch from Lonand to Dive Ghat Km 166.400 to Km 220.900 of Mohol Alandi section of NH-965 Pkg - V",FlashReport_April2026.pdf,LARGE_COST_SHIFT,MEDIUM,Original cost changed significantly from 1709.56 Cr (2026-03) to 127.0 Cr (2026-04)
619209,2026-05,4L of existing 2/4L stretch from Lonand to Dive Ghat Km 166.400 to Km 220.900 of Mohol Alandi section of NH-965 Pkg - V,FlashReport_May2026.pdf,LARGE_COST_SHIFT,MEDIUM,Original cost changed significantly from 127.0 Cr (2026-04) to 1709.56 Cr (2026-05)
619211,2026-03,"Project Assessment, Infrastructure Monitoring and Analytics for Nation-building 1197 6L of MH/KN Border Nimbal Village to KN/TS Border Singnodi Village from Km. 97.000 to Km. 162.500 in Yadgir of NH-150C Pkg-III",FlashReport_March_2026.pdf,LARGE_COST_SHIFT,MEDIUM,Original cost changed significantly from 2104.7 Cr (2026-02) to 113.0 Cr (2026-03)
619211,2026-04,6L of MH/KN Border Nimbal Village to KN/TS Border Singnodi Village from Km. 97.000 to Km. 162.500 in Yadgir of NH-150C Pkg-III,FlashReport_April2026.pdf,LARGE_COST_SHIFT,MEDIUM,Original cost changed significantly from 113.0 Cr (2026-03) to 2104.7 Cr (2026-04)
619211,2026-04,6L of MH/KN Border Nimbal Village to KN/TS Border Singnodi Village from Km. 97.000 to Km. 162.500 in Yadgir of NH-150C Pkg-III,FlashReport_April2026.pdf,EXPENDITURE_DROP,MEDIUM,Cumulative expenditure dropped from 2104.7 Cr (2026-03) to 779.81 Cr (2026-04)
619218,2026-04,"Project Assessment, Infrastructure Monitoring and Analytics for Nation-building 1233 4L Tumkur-Shimoga Pkg-I from Mallasandra to Karadi village of NH-206 from Km. 12.300 to Km. 65.195",FlashReport_April2026.pdf,LARGE_COST_SHIFT,MEDIUM,Original cost changed significantly from 1364.14 Cr (2026-03) to 117.0 Cr (2026-04)
619218,2026-05,4L Tumkur-Shimoga Pkg-I from Mallasandra to Karadi village of NH-206 from Km. 12.300 to Km. 65.195,FlashReport_May2026.pdf,LARGE_COST_SHIFT,MEDIUM,Original cost changed significantly from 117.0 Cr (2026-04) to 1364.14 Cr (2026-05)
619218,2026-05,4L Tumkur-Shimoga Pkg-I from Mallasandra to Karadi village of NH-206 from Km. 12.300 to Km. 65.195,FlashReport_May2026.pdf,EXPENDITURE_DROP,MEDIUM,Cumulative expenditure dropped from 1364.14 Cr (2026-04) to 614.73 Cr (2026-05)
619228,2026-05,Transmission System Strengthening for integration of additional RE Potential at Davanagere [0.25 GW] and Bellary [2.75 GW],FlashReport_May2026.pdf,LARGE_COST_SHIFT,MEDIUM,Original cost changed significantly from 63.0 Cr (2026-04) to 1111.0 Cr (2026-05)
619228,2026-05,Transmission System Strengthening for integration of additional RE Potential at Davanagere [0.25 GW] and Bellary [2.75 GW],FlashReport_May2026.pdf,EXPENDITURE_DROP,MEDIUM,Cumulative expenditure dropped from 1111.0 Cr (2026-04) to 5.5 Cr (2026-05)
619229,2026-06,"Project Assessment, Infrastructure Monitoring and Analytics for Nation-building 487 Integrated development of Outer Container Terminal and berth No. 1 though 5 NSD at KDS, SMPK on DBFOT basis through PPP mode Total (6)",FlashReport_June_2026.pdf,LARGE_COST_SHIFT,MEDIUM,Original cost changed significantly from 832.25 Cr (2026-05) to 81.0 Cr (2026-06)
67880,2025-12,Chhattisgarh under EPC mode,FlashReport_December_2025.pdf,PROGRESS_REGRESSION,MEDIUM,Physical progress dropped by 87.0% (from 87.0% in 2025-06 to 0.0% in 2025-12)
69000,2025-12,,FlashReport_December_2025.pdf,EXPENDITURE_DROP,MEDIUM,Cumulative expenditure dropped from 123.46 Cr (2025-06) to 0.0 Cr (2025-12)
696890,2026-04,"Project Assessment, Infrastructure Monitoring and Analytics for Nation-building 1043",FlashReport_April2026.pdf,LARGE_COST_SHIFT,MEDIUM,Original cost changed significantly from 1555.2 Cr (2026-03) to 106.0 Cr (2026-04)
696890,2026-05,"Project Assessment, Infrastructure Monitoring and Analytics for Nation-building 1043",FlashReport_May2026.pdf,LARGE_COST_SHIFT,MEDIUM,Original cost changed significantly from 106.0 Cr (2026-04) to 1555.2 Cr (2026-05)
69875,2025-12,Widening to 2 Lane with Hard shoulder of Akegwo-Avangkhu section of NH-202K for EPC mode under NHO-NE,FlashReport_December_2025.pdf,EXPENDITURE_DROP,MEDIUM,Cumulative expenditure dropped from 168.2 Cr (2025-06) to 0.0 Cr (2025-12)
701091,2025-08,Lucknow Airport-Terminal 3- Phase 1 & Other Associated Works,FlashReport_August_2025.pdf,LARGE_COST_SHIFT,MEDIUM,Original cost changed significantly from 36.0 Cr (2025-07) to 3100.0 Cr (2025-08)
701128,2026-02,"Project Assessment, Infrastructure Monitoring and Analytics for Nation-building 20 Construction of New Integrated Passenger Terminal Building at Udaipur Airport",FlashReport_February_2026.pdf,LARGE_COST_SHIFT,MEDIUM,Original cost changed significantly from 887.0 Cr (2026-01) to 64.0 Cr (2026-02)
701167,2025-11,"Project Assessment, Infrastructure Monitoring and Analytics for Nation-building 452 AIIMS Kashmir at Awantipora Jammu & Kashmir",FlashReport_November_2025.pdf,LARGE_COST_SHIFT,MEDIUM,Original cost changed significantly from 1828.0 Cr (2025-10) to 57.0 Cr (2025-11)
701167,2025-12,AIIMS Kashmir at Awantipora Jammu & Kashmir,FlashReport_December_2025.pdf,LARGE_COST_SHIFT,MEDIUM,Original cost changed significantly from 57.0 Cr (2025-11) to 1828.0 Cr (2025-12)
701171,2026-06,"Project Assessment, Infrastructure Monitoring and Analytics for Nation-building 469 AIIMS Bibinagar",FlashReport_June_2026.pdf,LARGE_COST_SHIFT,MEDIUM,Original cost changed significantly from 1028.0 Cr (2026-05) to 80.0 Cr (2026-06)
701228,2025-07,Kochi - Koottanad - Bangalore - Mangalore Pipeline Phase-II,FlashReport_July_2025.pdf,LARGE_COST_SHIFT,MEDIUM,Original cost changed significantly from 2915.0 Cr (2025-06) to 6.0 Cr (2025-07)
701228,2025-07,Kochi - Koottanad - Bangalore - Mangalore Pipeline Phase-II,FlashReport_July_2025.pdf,EXPENDITURE_DROP,MEDIUM,Cumulative expenditure dropped from 4381.2 Cr (2025-06) to 12.0 Cr (2025-07)
701228,2025-08,Kochi - Koottanad - Bangalore - Mangalore Pipeline Phase-II,FlashReport_August_2025.pdf,LARGE_COST_SHIFT,MEDIUM,Original cost changed significantly from 6.0 Cr (2025-07) to 2915.0 Cr (2025-08)
701263,2025-07,"Rajasthan Refinery Project (Arunachal Pradesh, Gujarat,",FlashReport_July_2025.pdf,LARGE_COST_SHIFT,MEDIUM,Original cost changed significantly from 43129.0 Cr (2025-06) to 10.0 Cr (2025-07)
701263,2025-07,"Rajasthan Refinery Project (Arunachal Pradesh, Gujarat,",FlashReport_July_2025.pdf,EXPENDITURE_DROP,MEDIUM,Cumulative expenditure dropped from 58305.57 Cr (2025-06) to 10.0 Cr (2025-07)
701263,2025-08,"Rajasthan Refinery Project (Arunachal Pradesh, Gujarat,",FlashReport_August_2025.pdf,LARGE_COST_SHIFT,MEDIUM,Original cost changed significantly from 10.0 Cr (2025-07) to 43129.0 Cr (2025-08)
701324,2025-11,"Project Assessment, Infrastructure Monitoring and Analytics for Nation-building 370 Barauni Refinery Capacity Expansion from 6.0 to 9.0 MMTPA",FlashReport_November_2025.pdf,LARGE_COST_SHIFT,MEDIUM,Original cost changed significantly from 14810.0 Cr (2025-10) to 54.0 Cr (2025-11)
701324,2025-12,Barauni Refinery Capacity Expansion from 6.0 to 9.0 MMTPA,FlashReport_December_2025.pdf,LARGE_COST_SHIFT,MEDIUM,Original cost changed significantly from 54.0 Cr (2025-11) to 14810.0 Cr (2025-12)
701329,2026-04,"Project Assessment, Infrastructure Monitoring and Analytics for Nation-building 385 Petrochemical and Lube Integration Project at Gujarat Refinery",FlashReport_April2026.pdf,LARGE_COST_SHIFT,MEDIUM,Original cost changed significantly from 18936.0 Cr (2026-03) to 72.0 Cr (2026-04)
701329,2026-05,Petrochemical and Lube Integration Project at Gujarat Refinery,FlashReport_May2026.pdf,LARGE_COST_SHIFT,MEDIUM,Original cost changed significantly from 72.0 Cr (2026-04) to 18936.0 Cr (2026-05)
701330,2025-08,Mehsana-Bhatinda & Bhatinda-Jammu Natural Gas Pipeline,FlashReport_August_2025.pdf,LARGE_COST_SHIFT,MEDIUM,Original cost changed significantly from 7.0 Cr (2025-07) to 7392.0 Cr (2025-08)
701330,2026-01,"Project Assessment, Infrastructure Monitoring and Analytics for Nation-building 425 Mehsana-Bhatinda & Bhatinda-Jammu Natural Gas Pipeline",FlashReport_January_2026.pdf,LARGE_COST_SHIFT,MEDIUM,Original cost changed significantly from 7392.0 Cr (2025-12) to 76.0 Cr (2026-01)
701330,2026-02,Mehsana-Bhatinda & Bhatinda-Jammu Natural Gas Pipeline,FlashReport_February_2026.pdf,LARGE_COST_SHIFT,MEDIUM,Original cost changed significantly from 76.0 Cr (2026-01) to 7392.0 Cr (2026-02)
701338,2025-08,City Gas Distribution Maharashtra Natural Gas Limited,FlashReport_August_2025.pdf,LARGE_COST_SHIFT,MEDIUM,Original cost changed significantly from 1.0 Cr (2025-07) to 5535.0 Cr (2025-08)
701343,2025-07,"Srikakulam Angul Gas Pipeline Project Multi-States (Andhra Pradesh,",FlashReport_July_2025.pdf,LARGE_COST_SHIFT,MEDIUM,Original cost changed significantly from 2658.34 Cr (2025-06) to 9.0 Cr (2025-07)
701343,2025-07,"Srikakulam Angul Gas Pipeline Project Multi-States (Andhra Pradesh,",FlashReport_July_2025.pdf,EXPENDITURE_DROP,MEDIUM,Cumulative expenditure dropped from 2179.1 Cr (2025-06) to 7.0 Cr (2025-07)
701343,2025-08,"Srikakulam Angul Gas Pipeline Project Multi-States (Andhra Pradesh,",FlashReport_August_2025.pdf,LARGE_COST_SHIFT,MEDIUM,Original cost changed significantly from 9.0 Cr (2025-07) to 2658.34 Cr (2025-08)
701343,2025-11,"Project Assessment, Infrastructure Monitoring and Analytics for Nation-building 343 Srikakulam Angul Gas Pipeline Project Multi-States (Andhra Pradesh,",FlashReport_November_2025.pdf,LARGE_COST_SHIFT,MEDIUM,Original cost changed significantly from 2658.34 Cr (2025-10) to 53.0 Cr (2025-11)
701343,2025-12,"Srikakulam Angul Gas Pipeline Project Multi-States (Andhra Pradesh,",FlashReport_December_2025.pdf,LARGE_COST_SHIFT,MEDIUM,Original cost changed significantly from 53.0 Cr (2025-11) to 2658.34 Cr (2025-12)
701343,2026-05,"Project Assessment, Infrastructure Monitoring and Analytics for Nation-building 342 Srikakulam Angul Gas Pipeline Project Multi-States (Andhra Pradesh,",FlashReport_May2026.pdf,LARGE_COST_SHIFT,MEDIUM,Original cost changed significantly from 2658.34 Cr (2026-04) to 69.0 Cr (2026-05)
701343,2026-06,"Srikakulam Angul Gas Pipeline Project Multi-States (Andhra Pradesh,",FlashReport_June_2026.pdf,LARGE_COST_SHIFT,MEDIUM,Original cost changed significantly from 69.0 Cr (2026-05) to 2658.34 Cr (2026-06)
701344,2025-07,Dhamra Haldia Pipeline Project,FlashReport_July_2025.pdf,LARGE_COST_SHIFT,MEDIUM,Original cost changed significantly from 1030.65 Cr (2025-06) to 3.0 Cr (2025-07)
701344,2025-07,Dhamra Haldia Pipeline Project,FlashReport_July_2025.pdf,EXPENDITURE_DROP,MEDIUM,Cumulative expenditure dropped from 841.9 Cr (2025-06) to 11.0 Cr (2025-07)
701344,2025-08,Dhamra Haldia Pipeline Project,FlashReport_August_2025.pdf,LARGE_COST_SHIFT,MEDIUM,Original cost changed significantly from 3.0 Cr (2025-07) to 1030.65 Cr (2025-08)
701349,2025-07,Paradip-Numaligarh Crude Oil Pipeline [PNCPL] & Crude Oil Import Terminal [COIT] at Paradip,FlashReport_July_2025.pdf,LARGE_COST_SHIFT,MEDIUM,Original cost changed significantly from 10228.0 Cr (2025-06) to 1.0 Cr (2025-07)
701349,2025-07,Paradip-Numaligarh Crude Oil Pipeline [PNCPL] & Crude Oil Import Terminal [COIT] at Paradip,FlashReport_July_2025.pdf,EXPENDITURE_DROP,MEDIUM,Cumulative expenditure dropped from 9579.31 Cr (2025-06) to 7.0 Cr (2025-07)
701349,2025-08,Paradip-Numaligarh Crude Oil Pipeline [PNCPL] & Crude Oil Import Terminal [COIT] at Paradip,FlashReport_August_2025.pdf,LARGE_COST_SHIFT,MEDIUM,Original cost changed significantly from 1.0 Cr (2025-07) to 10228.0 Cr (2025-08)
701350,2025-07,Upgradation of Facilities of Numaligarh-Siliguri Product Pipeline [NSPL] for transportation of additional products from existing 1.72 MMTPA to 5.5 MMTPA,FlashReport_July_2025.pdf,LARGE_COST_SHIFT,MEDIUM,Original cost changed significantly from 860.0 Cr (2025-06) to 6.0 Cr (2025-07)
701350,2025-07,Upgradation of Facilities of Numaligarh-Siliguri Product Pipeline [NSPL] for transportation of additional products from existing 1.72 MMTPA to 5.5 MMTPA,FlashReport_July_2025.pdf,EXPENDITURE_DROP,MEDIUM,Cumulative expenditure dropped from 535.46 Cr (2025-06) to 12.0 Cr (2025-07)
701350,2025-08,Upgradation of Facilities of Numaligarh-Siliguri Product Pipeline [NSPL] for transportation of additional products from existing 1.72 MMTPA to 5.5 MMTPA,FlashReport_August_2025.pdf,LARGE_COST_SHIFT,MEDIUM,Original cost changed significantly from 6.0 Cr (2025-07) to 860.0 Cr (2025-08)
701376,2025-08,"Subernarekha Multipurpose Project, Jharkhand",FlashReport_August_2025.pdf,LARGE_COST_SHIFT,MEDIUM,Original cost changed significantly from 63.0 Cr (2025-07) to 3807.77 Cr (2025-08)
701383,2026-01,"Project Assessment, Infrastructure Monitoring and Analytics for Nation-building 1684 Waghur Project",FlashReport_January_2026.pdf,LARGE_COST_SHIFT,MEDIUM,Original cost changed significantly from 1058.99 Cr (2025-12) to 131.0 Cr (2026-01)
701383,2026-02,Waghur Project,FlashReport_February_2026.pdf,LARGE_COST_SHIFT,MEDIUM,Original cost changed significantly from 131.0 Cr (2026-01) to 1058.99 Cr (2026-02)
701383,2026-03,"Project Assessment, Infrastructure Monitoring and Analytics for Nation-building 1921 Waghur Project",FlashReport_March_2026.pdf,LARGE_COST_SHIFT,MEDIUM,Original cost changed significantly from 1058.99 Cr (2026-02) to 154.0 Cr (2026-03)
701383,2026-04,Waghur Project,FlashReport_April2026.pdf,LARGE_COST_SHIFT,MEDIUM,Original cost changed significantly from 154.0 Cr (2026-03) to 1058.99 Cr (2026-04)
701402,2026-04,"Project Assessment, Infrastructure Monitoring and Analytics for Nation-building 1970 Subernarekha Project, Odisha",FlashReport_April2026.pdf,LARGE_COST_SHIFT,MEDIUM,Original cost changed significantly from 3055.88 Cr (2026-03) to 160.0 Cr (2026-04)
701402,2026-04,"Project Assessment, Infrastructure Monitoring and Analytics for Nation-building 1970 Subernarekha Project, Odisha",FlashReport_April2026.pdf,EXPENDITURE_DROP,MEDIUM,Cumulative expenditure dropped from 8060.82 Cr (2026-03) to 3055.88 Cr (2026-04)
701402,2026-05,"Subernarekha Project, Odisha",FlashReport_May2026.pdf,LARGE_COST_SHIFT,MEDIUM,Original cost changed significantly from 160.0 Cr (2026-04) to 3055.88 Cr (2026-05)
701410,2025-08,"Project Assessment, Infrastructure Monitoring and Analytics for Nation-building 790 Relining of Rajasthan feeder and Sirhind Feeder canal",FlashReport_August_2025.pdf,LARGE_COST_SHIFT,MEDIUM,Original cost changed significantly from 1441.26 Cr (2025-07) to 64.0 Cr (2025-08)
701410,2025-08,"Project Assessment, Infrastructure Monitoring and Analytics for Nation-building 790 Relining of Rajasthan feeder and Sirhind Feeder canal",FlashReport_August_2025.pdf,EXPENDITURE_DROP,MEDIUM,Cumulative expenditure dropped from 2962.99 Cr (2025-07) to 1441.26 Cr (2025-08)
701410,2025-09,Relining of Rajasthan feeder and Sirhind Feeder canal,FlashReport_September_2025.pdf,LARGE_COST_SHIFT,MEDIUM,Original cost changed significantly from 64.0 Cr (2025-08) to 1441.26 Cr (2025-09)
701410,2025-10,"Project Assessment, Infrastructure Monitoring and Analytics for Nation-building 811 Relining of Rajasthan feeder and Sirhind Feeder canal",FlashReport_October_2025.pdf,LARGE_COST_SHIFT,MEDIUM,Original cost changed significantly from 1441.26 Cr (2025-09) to 70.0 Cr (2025-10)
701410,2025-10,"Project Assessment, Infrastructure Monitoring and Analytics for Nation-building 811 Relining of Rajasthan feeder and Sirhind Feeder canal",FlashReport_October_2025.pdf,EXPENDITURE_DROP,MEDIUM,Cumulative expenditure dropped from 3000.36 Cr (2025-09) to 1441.26 Cr (2025-10)
701410,2025-11,Relining of Rajasthan feeder and Sirhind Feeder canal,FlashReport_November_2025.pdf,LARGE_COST_SHIFT,MEDIUM,Original cost changed significantly from 70.0 Cr (2025-10) to 1441.26 Cr (2025-11)
701410,2026-02,"Project Assessment, Infrastructure Monitoring and Analytics for Nation-building 1939 Relining of Rajasthan feeder and Sirhind Feeder canal",FlashReport_February_2026.pdf,LARGE_COST_SHIFT,MEDIUM,Original cost changed significantly from 1441.26 Cr (2026-01) to 165.0 Cr (2026-02)
701410,2026-03,Relining of Rajasthan feeder and Sirhind Feeder canal,FlashReport_March_2026.pdf,LARGE_COST_SHIFT,MEDIUM,Original cost changed significantly from 165.0 Cr (2026-02) to 1441.26 Cr (2026-03)
701411,2026-05,"Project Assessment, Infrastructure Monitoring and Analytics for Nation-building 1980 Shahpur Kandi Dam Project",FlashReport_May2026.pdf,LARGE_COST_SHIFT,MEDIUM,Original cost changed significantly from 2285.81 Cr (2026-04) to 160.0 Cr (2026-05)
701411,2026-06,Shahpur Kandi Dam Project,FlashReport_June_2026.pdf,LARGE_COST_SHIFT,MEDIUM,Original cost changed significantly from 160.0 Cr (2026-05) to 2285.81 Cr (2026-06)
701412,2025-09,"Project Assessment, Infrastructure Monitoring and Analytics for Nation-building 782 North Koel Reservoir Project Multi-States",FlashReport_September_2025.pdf,LARGE_COST_SHIFT,MEDIUM,Original cost changed significantly from 1622.27 Cr (2025-08) to 69.0 Cr (2025-09)
701412,2025-10,North Koel Reservoir Project Multi-States,FlashReport_October_2025.pdf,LARGE_COST_SHIFT,MEDIUM,Original cost changed significantly from 69.0 Cr (2025-09) to 1622.27 Cr (2025-10)
701412,2025-10,North Koel Reservoir Project Multi-States,FlashReport_October_2025.pdf,EXPENDITURE_DROP,MEDIUM,Cumulative expenditure dropped from 1622.27 Cr (2025-09) to 151.04 Cr (2025-10)
701412,2025-11,"Project Assessment, Infrastructure Monitoring and Analytics for Nation-building 811 North Koel Reservoir Project Multi-States",FlashReport_November_2025.pdf,LARGE_COST_SHIFT,MEDIUM,Original cost changed significantly from 1622.27 Cr (2025-10) to 70.0 Cr (2025-11)
701412,2025-12,North Koel Reservoir Project Multi-States,FlashReport_December_2025.pdf,LARGE_COST_SHIFT,MEDIUM,Original cost changed significantly from 70.0 Cr (2025-11) to 1622.27 Cr (2025-12)
701412,2025-12,North Koel Reservoir Project Multi-States,FlashReport_December_2025.pdf,EXPENDITURE_DROP,MEDIUM,Cumulative expenditure dropped from 1622.27 Cr (2025-11) to 167.16 Cr (2025-12)
701565,2025-07,Jal Marg Vikas Project Total (2) 9612.82 3778.54,FlashReport_July_2025.pdf,LARGE_COST_SHIFT,MEDIUM,Original cost changed significantly from 5369.18 Cr (2025-06) to 2.0 Cr (2025-07)
701565,2025-07,Jal Marg Vikas Project Total (2) 9612.82 3778.54,FlashReport_July_2025.pdf,EXPENDITURE_DROP,MEDIUM,Cumulative expenditure dropped from 3472.54 Cr (2025-06) to 12.0 Cr (2025-07)
701565,2025-08,Jal Marg Vikas Project Total (2) 9612.82 3876.92,FlashReport_August_2025.pdf,LARGE_COST_SHIFT,MEDIUM,Original cost changed significantly from 2.0 Cr (2025-07) to 5369.18 Cr (2025-08)
701565,2026-03,"Project Assessment, Infrastructure Monitoring and Analytics for Nation-building 485 Jal Marg Vikas Project",FlashReport_March_2026.pdf,LARGE_COST_SHIFT,MEDIUM,Original cost changed significantly from 5369.18 Cr (2026-02) to 76.0 Cr (2026-03)
701565,2026-04,Jal Marg Vikas Project Total (1) 5369.18 3990.06,FlashReport_April2026.pdf,LARGE_COST_SHIFT,MEDIUM,Original cost changed significantly from 76.0 Cr (2026-03) to 5369.18 Cr (2026-04)
701565,2026-05,"Project Assessment, Infrastructure Monitoring and Analytics for Nation-building 489 Jal Marg Vikas Project Total (1) 5369.18 4028.82",FlashReport_May2026.pdf,LARGE_COST_SHIFT,MEDIUM,Original cost changed significantly from 5369.18 Cr (2026-04) to 76.0 Cr (2026-05)
701565,2026-06,Jal Marg Vikas Project Total (1) 5369.18 4117.61,FlashReport_June_2026.pdf,LARGE_COST_SHIFT,MEDIUM,Original cost changed significantly from 76.0 Cr (2026-05) to 5369.18 Cr (2026-06)
701576,2025-08,"Project Assessment, Infrastructure Monitoring and Analytics for Nation-building 451 Berth No. 2 [previously Berth 3] of HDC Mechanization Project",FlashReport_August_2025.pdf,LARGE_COST_SHIFT,MEDIUM,Original cost changed significantly from 298.26 Cr (2025-07) to 52.0 Cr (2025-08)
701576,2025-09,Berth No. 2 [previously Berth 3] of HDC Mechanization Project,FlashReport_September_2025.pdf,LARGE_COST_SHIFT,MEDIUM,Original cost changed significantly from 52.0 Cr (2025-08) to 298.26 Cr (2025-09)
701576,2025-10,"Project Assessment, Infrastructure Monitoring and Analytics for Nation-building 476 Berth No. 2 [previously Berth 3] of HDC Mechanization Project",FlashReport_October_2025.pdf,LARGE_COST_SHIFT,MEDIUM,Original cost changed significantly from 298.26 Cr (2025-09) to 58.0 Cr (2025-10)
701576,2025-11,Berth No. 2 [previously Berth 3] of HDC Mechanization Project,FlashReport_November_2025.pdf,LARGE_COST_SHIFT,MEDIUM,Original cost changed significantly from 58.0 Cr (2025-10) to 298.26 Cr (2025-11)
701577,2026-03,Shalukkhali Liquid Cargo Handling Facility Development Project Total (7) 9770.72,FlashReport_March_2026.pdf,EXPENDITURE_DROP,MEDIUM,Cumulative expenditure dropped from 253.65 Cr (2026-02) to 9.28 Cr (2026-03)
701597,2025-08,Provision of 4G Mobile Services in Uncovered Villages of Arunachal Pradesh and 2 Districts of Assam,FlashReport_August_2025.pdf,LARGE_COST_SHIFT,MEDIUM,Original cost changed significantly from 10.0 Cr (2025-07) to 1255.49 Cr (2025-08)
701598,2025-09,"Project Assessment, Infrastructure Monitoring and Analytics for Nation-building 734 Provision of 4G based Mobile Services in Uncovered Villages and National Highways of Meghalaya",FlashReport_September_2025.pdf,LARGE_COST_SHIFT,MEDIUM,Original cost changed significantly from 971.96 Cr (2025-08) to 67.0 Cr (2025-09)
701598,2025-10,Provision of 4G based Mobile Services in Uncovered Villages and National Highways of Meghalaya,FlashReport_October_2025.pdf,LARGE_COST_SHIFT,MEDIUM,Original cost changed significantly from 67.0 Cr (2025-09) to 971.96 Cr (2025-10)
701598,2025-10,Provision of 4G based Mobile Services in Uncovered Villages and National Highways of Meghalaya,FlashReport_October_2025.pdf,EXPENDITURE_DROP,MEDIUM,Cumulative expenditure dropped from 971.96 Cr (2025-09) to 208.25 Cr (2025-10)
701598,2025-11,"Project Assessment, Infrastructure Monitoring and Analytics for Nation-building 763 Provision of 4G based Mobile Services in Uncovered Villages and National Highways of Meghalaya",FlashReport_November_2025.pdf,LARGE_COST_SHIFT,MEDIUM,Original cost changed significantly from 971.96 Cr (2025-10) to 68.0 Cr (2025-11)
701598,2025-12,Provision of 4G based Mobile Services in Uncovered Villages and National Highways of Meghalaya,FlashReport_December_2025.pdf,LARGE_COST_SHIFT,MEDIUM,Original cost changed significantly from 68.0 Cr (2025-11) to 971.96 Cr (2025-12)
701598,2025-12,Provision of 4G based Mobile Services in Uncovered Villages and National Highways of Meghalaya,FlashReport_December_2025.pdf,EXPENDITURE_DROP,MEDIUM,Cumulative expenditure dropped from 971.96 Cr (2025-11) to 215.36 Cr (2025-12)
701598,2026-03,"Project Assessment, Infrastructure Monitoring and Analytics for Nation-building 1882 Provision of 4G based Mobile Services in Uncovered Villages and National Highways of Meghalaya",FlashReport_March_2026.pdf,LARGE_COST_SHIFT,MEDIUM,Original cost changed significantly from 971.96 Cr (2026-02) to 152.0 Cr (2026-03)
701598,2026-04,Provision of 4G based Mobile Services in Uncovered Villages and National Highways of Meghalaya,FlashReport_April2026.pdf,LARGE_COST_SHIFT,MEDIUM,Original cost changed significantly from 152.0 Cr (2026-03) to 971.96 Cr (2026-04)
701598,2026-04,Provision of 4G based Mobile Services in Uncovered Villages and National Highways of Meghalaya,FlashReport_April2026.pdf,EXPENDITURE_DROP,MEDIUM,Cumulative expenditure dropped from 971.96 Cr (2026-03) to 232.79 Cr (2026-04)
701602,2025-08,"Provision of 4G based mobile services in 7,287 uncovered villages of 44 Aspirational District across 5 states of Andhra Pradesh, Chhattisgarh, Jharkhand, Maharashtra & Odisha",FlashReport_August_2025.pdf,LARGE_COST_SHIFT,MEDIUM,Original cost changed significantly from 5.0 Cr (2025-07) to 3685.0 Cr (2025-08)
701991,2025-12,"Project Assessment, Infrastructure Monitoring and Analytics for Nation-building 265 Kalyan Station Precinct Imporvement Project",FlashReport_December_2025.pdf,LARGE_COST_SHIFT,MEDIUM,Original cost changed significantly from 600.0 Cr (2025-11) to 58.0 Cr (2025-12)
701991,2026-01,Kalyan Station Precinct Imporvement Project,FlashReport_January_2026.pdf,LARGE_COST_SHIFT,MEDIUM,Original cost changed significantly from 58.0 Cr (2025-12) to 600.0 Cr (2026-01)
701991,2026-01,Kalyan Station Precinct Imporvement Project,FlashReport_January_2026.pdf,EXPENDITURE_DROP,MEDIUM,Cumulative expenditure dropped from 600.0 Cr (2025-12) to 272.42 Cr (2026-01)
702625,2026-05,"Project Assessment, Infrastructure Monitoring and Analytics for Nation-building 264 Bhopal Metro Rail Project",FlashReport_May2026.pdf,LARGE_COST_SHIFT,MEDIUM,Original cost changed significantly from 6941.4 Cr (2026-04) to 65.0 Cr (2026-05)
702625,2026-06,Bhopal Metro Rail Project,FlashReport_June_2026.pdf,LARGE_COST_SHIFT,MEDIUM,Original cost changed significantly from 65.0 Cr (2026-05) to 6941.4 Cr (2026-06)
702628,2026-04,"Project Assessment, Infrastructure Monitoring and Analytics for Nation-building 287 Kanpur Metro Rail Project",FlashReport_April2026.pdf,LARGE_COST_SHIFT,MEDIUM,Original cost changed significantly from 11076.48 Cr (2026-03) to 67.0 Cr (2026-04)
702628,2026-05,Kanpur Metro Rail Project,FlashReport_May2026.pdf,LARGE_COST_SHIFT,MEDIUM,Original cost changed significantly from 67.0 Cr (2026-04) to 11076.48 Cr (2026-05)
702631,2026-01,"Project Assessment, Infrastructure Monitoring and Analytics for Nation-building 265 Ahmedabad Metro Rail Project, Phase-II",FlashReport_January_2026.pdf,LARGE_COST_SHIFT,MEDIUM,Original cost changed significantly from 5384.17 Cr (2025-12) to 70.0 Cr (2026-01)
702631,2026-02,"Ahmedabad Metro Rail Project, Phase-II",FlashReport_February_2026.pdf,LARGE_COST_SHIFT,MEDIUM,Original cost changed significantly from 70.0 Cr (2026-01) to 5384.17 Cr (2026-02)
702632,2026-04,"Project Assessment, Infrastructure Monitoring and Analytics for Nation-building 265 DMRTS Phase - IV [3 Priority Corridors]",FlashReport_April2026.pdf,LARGE_COST_SHIFT,MEDIUM,Original cost changed significantly from 24948.65 Cr (2026-03) to 66.0 Cr (2026-04)
702632,2026-05,DMRTS Phase - IV [3 Priority Corridors],FlashReport_May2026.pdf,LARGE_COST_SHIFT,MEDIUM,Original cost changed significantly from 66.0 Cr (2026-04) to 24948.65 Cr (2026-05)
702635,2025-07,"Project Assessment, Infrastructure Monitoring and Analytics for Nation-building 265 Construction of Bangalore Metro Rail Project Phase 2.",FlashReport_July_2025.pdf,LARGE_COST_SHIFT,MEDIUM,Original cost changed significantly from 26405.14 Cr (2025-06) to 45.0 Cr (2025-07)
702635,2025-08,Construction of Bangalore Metro Rail Project Phase 2.,FlashReport_August_2025.pdf,LARGE_COST_SHIFT,MEDIUM,Original cost changed significantly from 45.0 Cr (2025-07) to 26405.14 Cr (2025-08)
702658,2025-08,"Project Assessment, Infrastructure Monitoring and Analytics for Nation-building 266 Nagpur Metro Rail Phase II Development Project",FlashReport_August_2025.pdf,LARGE_COST_SHIFT,MEDIUM,Original cost changed significantly from 6708.0 Cr (2025-07) to 45.0 Cr (2025-08)
702658,2025-09,Nagpur Metro Rail Phase II Development Project,FlashReport_September_2025.pdf,LARGE_COST_SHIFT,MEDIUM,Original cost changed significantly from 45.0 Cr (2025-08) to 6708.0 Cr (2025-09)
702658,2025-09,Nagpur Metro Rail Phase II Development Project,FlashReport_September_2025.pdf,EXPENDITURE_DROP,MEDIUM,Cumulative expenditure dropped from 6708.0 Cr (2025-08) to 1147.88 Cr (2025-09)
702664,2025-09,"Project Assessment, Infrastructure Monitoring and Analytics for Nation-building 264 Kochi Metro Rail Phase 2 Development Project",FlashReport_September_2025.pdf,LARGE_COST_SHIFT,MEDIUM,Original cost changed significantly from 1957.05 Cr (2025-08) to 50.0 Cr (2025-09)
702664,2025-11,Kochi Metro Rail Phase 2 Development Project,FlashReport_November_2025.pdf,LARGE_COST_SHIFT,MEDIUM,Original cost changed significantly from 50.0 Cr (2025-10) to 1957.05 Cr (2025-11)
702664,2025-11,Kochi Metro Rail Phase 2 Development Project,FlashReport_November_2025.pdf,EXPENDITURE_DROP,MEDIUM,Cumulative expenditure dropped from 1957.05 Cr (2025-10) to 477.04 Cr (2025-11)
702699,2025-11,Muzaffarpur Storm Water Drainage Phase-I Project,FlashReport_November_2025.pdf,EXPENDITURE_DROP,MEDIUM,Cumulative expenditure dropped from 602.5 Cr (2025-10) to 60.5 Cr (2025-11)
702734,2025-11,Sewerage Management Scheme Part-3 Implementation,FlashReport_November_2025.pdf,EXPENDITURE_DROP,MEDIUM,Cumulative expenditure dropped from 2005.13 Cr (2025-10) to 218.89 Cr (2025-11)
702735,2025-11,Sewerage Management Scheme Part-3 Implementation,FlashReport_November_2025.pdf,EXPENDITURE_DROP,MEDIUM,Cumulative expenditure dropped from 1430.38 Cr (2025-10) to 168.14 Cr (2025-11)
702741,2025-11,Dhanbad Water Supply Infrastructure Project,FlashReport_November_2025.pdf,EXPENDITURE_DROP,MEDIUM,Cumulative expenditure dropped from 1057.8 Cr (2025-10) to 129.16 Cr (2025-11)
702742,2025-11,SAAP-3 Water Supply Infrastructure SAAP-3 Project,FlashReport_November_2025.pdf,EXPENDITURE_DROP,MEDIUM,Cumulative expenditure dropped from 787.5 Cr (2025-10) to 87.5 Cr (2025-11)
702746,2025-11,Augmentation and Strenghthning of Urban Water Supply Phase 1 - SAAP 3,FlashReport_November_2025.pdf,EXPENDITURE_DROP,MEDIUM,Cumulative expenditure dropped from 1410.0 Cr (2025-10) to 186.5 Cr (2025-11)
702760,2025-11,Belgavi Improvement in Sewerage System Project,FlashReport_November_2025.pdf,EXPENDITURE_DROP,MEDIUM,Cumulative expenditure dropped from 721.71 Cr (2025-10) to 85.71 Cr (2025-11)
702764,2025-11,24/7 water supply under AMRUT for Davanagere,FlashReport_November_2025.pdf,EXPENDITURE_DROP,MEDIUM,Cumulative expenditure dropped from 923.02 Cr (2025-10) to 93.18 Cr (2025-11)
702793,2025-11,Indore Water Supply Infrastructure Project,FlashReport_November_2025.pdf,EXPENDITURE_DROP,MEDIUM,Cumulative expenditure dropped from 2271.0 Cr (2025-10) to 252.5 Cr (2025-11)
702798,2025-11,Jabalpur Sewerage Management and Treatment Infrastructure Project,FlashReport_November_2025.pdf,EXPENDITURE_DROP,MEDIUM,Cumulative expenditure dropped from 2930.96 Cr (2025-10) to 322.31 Cr (2025-11)
702808,2025-11,Satna Sewerage Management and Treatment Infrastructure Project,FlashReport_November_2025.pdf,EXPENDITURE_DROP,MEDIUM,Cumulative expenditure dropped from 1469.73 Cr (2025-10) to 191.79 Cr (2025-11)
702810,2025-11,Singrauli Sewerage Management and Treatment Infrastructure Project,FlashReport_November_2025.pdf,EXPENDITURE_DROP,MEDIUM,Cumulative expenditure dropped from 3175.93 Cr (2025-10) to 357.68 Cr (2025-11)
702840,2025-11,Mira-Bhayandar Water Supply Infrastructure Project,FlashReport_November_2025.pdf,EXPENDITURE_DROP,MEDIUM,Cumulative expenditure dropped from 1765.97 Cr (2025-10) to 186.13 Cr (2025-11)
702842,2025-11,Nagpur Water Supply Infrastructure Project,FlashReport_November_2025.pdf,EXPENDITURE_DROP,MEDIUM,Cumulative expenditure dropped from 2409.09 Cr (2025-10) to 266.11 Cr (2025-11)
702851,2025-11,Pune Water Supply Infrastructure Project,FlashReport_November_2025.pdf,EXPENDITURE_DROP,MEDIUM,Cumulative expenditure dropped from 1901.3 Cr (2025-10) to 184.98 Cr (2025-11)
702854,2025-11,Solapur Sewerage Management Infrastructure Project,FlashReport_November_2025.pdf,EXPENDITURE_DROP,MEDIUM,Cumulative expenditure dropped from 1442.29 Cr (2025-10) to 155.01 Cr (2025-11)
702948,2025-11,Jaunpur Sewerage Management Infrastructure Project,FlashReport_November_2025.pdf,EXPENDITURE_DROP,MEDIUM,Cumulative expenditure dropped from 1911.66 Cr (2025-10) to 205.84 Cr (2025-11)
702949,2025-09,Jhansi Water Supply Infrastructure Phase-II Project Ministry of Mines Total (25) 6085.6,FlashReport_September_2025.pdf,LARGE_COST_SHIFT,MEDIUM,Original cost changed significantly from 46.0 Cr (2025-08) to 561.74 Cr (2025-09)
702949,2025-11,Jhansi Water Supply Infrastructure Phase-II Project Ministry of Mines Total (24) 5898.8 4331.96,FlashReport_November_2025.pdf,EXPENDITURE_DROP,MEDIUM,Cumulative expenditure dropped from 4045.35 Cr (2025-10) to 485.91 Cr (2025-11)
702949,2025-12,"Project Assessment, Infrastructure Monitoring and Analytics for Nation-building 295 Jhansi Water Supply Infrastructure Phase-II Project",FlashReport_December_2025.pdf,LARGE_COST_SHIFT,MEDIUM,Original cost changed significantly from 561.74 Cr (2025-11) to 59.0 Cr (2025-12)
702949,2026-01,Jhansi Water Supply Infrastructure Phase-II Project Ministry of Mines Total (23) 5625.02 4134.88,FlashReport_January_2026.pdf,LARGE_COST_SHIFT,MEDIUM,Original cost changed significantly from 59.0 Cr (2025-12) to 561.74 Cr (2026-01)
703021,2025-11,Jalandhar Water Supply Infrastructure Project,FlashReport_November_2025.pdf,EXPENDITURE_DROP,MEDIUM,Cumulative expenditure dropped from 1390.73 Cr (2025-10) to 161.02 Cr (2025-11)
703057,2025-11,"Project Assessment, Infrastructure Monitoring and Analytics for Nation-building 295 Patiala Water Supply Infrastructure Part-2 Project",FlashReport_November_2025.pdf,LARGE_COST_SHIFT,MEDIUM,Original cost changed significantly from 287.0 Cr (2025-10) to 51.0 Cr (2025-11)
703057,2025-11,"Project Assessment, Infrastructure Monitoring and Analytics for Nation-building 295 Patiala Water Supply Infrastructure Part-2 Project",FlashReport_November_2025.pdf,EXPENDITURE_DROP,MEDIUM,Cumulative expenditure dropped from 1416.38 Cr (2025-10) to 287.0 Cr (2025-11)
703057,2025-12,Patiala Water Supply Infrastructure Part-2 Project,FlashReport_December_2025.pdf,LARGE_COST_SHIFT,MEDIUM,Original cost changed significantly from 51.0 Cr (2025-11) to 287.0 Cr (2025-12)
703585,2025-11,"Project Assessment, Infrastructure Monitoring and Analytics for Nation-building 588 Yeshvanthpur - Channasandra Doubling Project [21.70 Km]",FlashReport_November_2025.pdf,LARGE_COST_SHIFT,MEDIUM,Original cost changed significantly from 314.1 Cr (2025-10) to 62.0 Cr (2025-11)
703585,2025-12,Yeshvanthpur - Channasandra Doubling Project [21.70 Km],FlashReport_December_2025.pdf,LARGE_COST_SHIFT,MEDIUM,Original cost changed significantly from 62.0 Cr (2025-11) to 314.1 Cr (2025-12)
703586,2025-07,"Baiyyappanahalli - Hosur Doubling Project [48 km] Multi-States (Karnataka, Tamil",FlashReport_July_2025.pdf,LARGE_COST_SHIFT,MEDIUM,Original cost changed significantly from 375.67 Cr (2025-06) to 2.0 Cr (2025-07)
703586,2025-08,"Project Assessment, Infrastructure Monitoring and Analytics for Nation-building 652 Baiyyappanahalli - Hosur Doubling Project [48 km] Multi-States (Karnataka, Tamil",FlashReport_August_2025.pdf,LARGE_COST_SHIFT,MEDIUM,Original cost changed significantly from 2.0 Cr (2025-07) to 59.0 Cr (2025-08)
703586,2025-09,"Baiyyappanahalli - Hosur Doubling Project [48 km] Multi-States (Karnataka, Tamil",FlashReport_September_2025.pdf,LARGE_COST_SHIFT,MEDIUM,Original cost changed significantly from 59.0 Cr (2025-08) to 498.7 Cr (2025-09)
704495,2025-08,"502 Aspirational District Scheme in Four states - Bihar, Madhya Pradesh, Rajastha and Uttar Pradesh",FlashReport_August_2025.pdf,LARGE_COST_SHIFT,MEDIUM,Original cost changed significantly from 3.0 Cr (2025-07) to 421.65 Cr (2025-08)
704495,2026-05,"502 Aspirational District Scheme in Four states - Bihar, Madhya Pradesh, Rajastha and Uttar Pradesh",FlashReport_May2026.pdf,EXPENDITURE_DROP,MEDIUM,Cumulative expenditure dropped from 421.65 Cr (2026-04) to 92.37 Cr (2026-05)
705237,2026-03,"Project Assessment, Infrastructure Monitoring and Analytics for Nation-building 662 Western Dedicated Freight Corridor",FlashReport_March_2026.pdf,LARGE_COST_SHIFT,MEDIUM,Original cost changed significantly from 51101.0 Cr (2026-02) to 84.0 Cr (2026-03)
705237,2026-03,"Project Assessment, Infrastructure Monitoring and Analytics for Nation-building 662 Western Dedicated Freight Corridor",FlashReport_March_2026.pdf,EXPENDITURE_DROP,MEDIUM,Cumulative expenditure dropped from 124623.0 Cr (2026-02) to 51101.0 Cr (2026-03)
705237,2026-05,Western Dedicated Freight Corridor,FlashReport_May2026.pdf,LARGE_COST_SHIFT,MEDIUM,Original cost changed significantly from 86.0 Cr (2026-04) to 51101.0 Cr (2026-05)
705357,2025-08,Baramati Lonand New Line Project,FlashReport_August_2025.pdf,LARGE_COST_SHIFT,MEDIUM,Original cost changed significantly from 736.0 Cr (2025-07) to 138.48 Cr (2025-08)
705359,2026-04,"Project Assessment, Infrastructure Monitoring and Analytics for Nation-building 725 Talcher-Bimlagarh New Railway Line",FlashReport_April2026.pdf,LARGE_COST_SHIFT,MEDIUM,Original cost changed significantly from 1928.0 Cr (2026-03) to 88.0 Cr (2026-04)
705359,2026-05,Talcher-Bimlagarh New Railway Line,FlashReport_May2026.pdf,LARGE_COST_SHIFT,MEDIUM,Original cost changed significantly from 88.0 Cr (2026-04) to 1928.0 Cr (2026-05)
705366,2026-05,"Project Assessment, Infrastructure Monitoring and Analytics for Nation-building 548 Hajipur-Sagauli New line",FlashReport_May2026.pdf,LARGE_COST_SHIFT,MEDIUM,Original cost changed significantly from 2067.0 Cr (2026-04) to 79.0 Cr (2026-05)
705366,2026-06,Hajipur-Sagauli New line,FlashReport_June_2026.pdf,LARGE_COST_SHIFT,MEDIUM,Original cost changed significantly from 79.0 Cr (2026-05) to 2067.0 Cr (2026-06)
705368,2025-07,Araria Supaul New BG Line,FlashReport_July_2025.pdf,PROGRESS_REGRESSION,MEDIUM,Physical progress dropped by 32.0% (from 65.0% in 2025-06 to 33.0% in 2025-07)
705368,2025-09,"Project Assessment, Infrastructure Monitoring and Analytics for Nation-building 502 Araria Supaul New BG Line",FlashReport_September_2025.pdf,LARGE_COST_SHIFT,MEDIUM,Original cost changed significantly from 1605.0 Cr (2025-08) to 59.0 Cr (2025-09)
705368,2025-10,Araria Supaul New BG Line,FlashReport_October_2025.pdf,LARGE_COST_SHIFT,MEDIUM,Original cost changed significantly from 59.0 Cr (2025-09) to 1605.0 Cr (2025-10)
705375,2025-08,"Project Assessment, Infrastructure Monitoring and Analytics for Nation-building 624 Koderma-Tilaiya New Line Multi-States",FlashReport_August_2025.pdf,LARGE_COST_SHIFT,MEDIUM,Original cost changed significantly from 1626.0 Cr (2025-07) to 58.0 Cr (2025-08)
705375,2025-09,Koderma-Tilaiya New Line Multi-States,FlashReport_September_2025.pdf,LARGE_COST_SHIFT,MEDIUM,Original cost changed significantly from 58.0 Cr (2025-08) to 1626.0 Cr (2025-09)
705392,2025-08,Dimapur [Dhansiri]-Sukhobi Kohima [Zubza] NL [82.5 Km],FlashReport_August_2025.pdf,LARGE_COST_SHIFT,MEDIUM,Original cost changed significantly from 2.0 Cr (2025-07) to 6663.0 Cr (2025-08)
705392,2026-01,Dimapur [Dhansiri]-Sukhobi Kohima [Zubza] NL [82.5 Km],FlashReport_January_2026.pdf,PROGRESS_REGRESSION,MEDIUM,Physical progress dropped by 41.0% (from 81.0% in 2025-12 to 40.0% in 2026-01)
705396,2026-06,"Project Assessment, Infrastructure Monitoring and Analytics for Nation-building 636 Byrnihat-Shillong New Rail Line- 108 km",FlashReport_June_2026.pdf,LARGE_COST_SHIFT,MEDIUM,Original cost changed significantly from 8324.28 Cr (2026-05) to 88.0 Cr (2026-06)
705401,2025-07,Murkongselek-Pasighat,FlashReport_July_2025.pdf,LARGE_COST_SHIFT,MEDIUM,Original cost changed significantly from 435.06 Cr (2025-06) to 3.0 Cr (2025-07)
705401,2025-07,Murkongselek-Pasighat,FlashReport_July_2025.pdf,EXPENDITURE_DROP,MEDIUM,Cumulative expenditure dropped from 803.88 Cr (2025-06) to 3.0 Cr (2025-07)
705401,2025-08,Murkongselek-Pasighat,FlashReport_August_2025.pdf,LARGE_COST_SHIFT,MEDIUM,Original cost changed significantly from 3.0 Cr (2025-07) to 435.0 Cr (2025-08)
705410,2025-08,Nangal Dam-Talwara New Broad Gauge Line [84 KM] and Taking Over Siding Mukerian-Talwara [29 KM],FlashReport_August_2025.pdf,LARGE_COST_SHIFT,MEDIUM,Original cost changed significantly from 5.0 Cr (2025-07) to 2018.0 Cr (2025-08)
705410,2026-04,Nangal Dam-Talwara New Broad Gauge Line [84 KM] and Taking Over Siding Mukerian-Talwara [29 KM],FlashReport_April2026.pdf,EXPENDITURE_DROP,MEDIUM,Cumulative expenditure dropped from 89486.62 Cr (2026-01) to 2384.29 Cr (2026-04)
705419,2025-07,"Project Assessment, Infrastructure Monitoring and Analytics for Nation-building 625 Gwalior - Seopurkala with extension to Kota [Gauge Conversion] Multi-States (Madhya Pradesh,",FlashReport_July_2025.pdf,LARGE_COST_SHIFT,MEDIUM,Original cost changed significantly from 2912.96 Cr (2025-06) to 58.0 Cr (2025-07)
705419,2025-08,"Gwalior - Seopurkala with extension to Kota [Gauge Conversion] Multi-States (Madhya Pradesh,",FlashReport_August_2025.pdf,LARGE_COST_SHIFT,MEDIUM,Original cost changed significantly from 58.0 Cr (2025-07) to 2913.0 Cr (2025-08)
705419,2026-05,"Project Assessment, Infrastructure Monitoring and Analytics for Nation-building 702 Gwalior - Seopurkala with extension to Kota [Gauge Conversion] Multi-States (Madhya Pradesh,",FlashReport_May2026.pdf,LARGE_COST_SHIFT,MEDIUM,Original cost changed significantly from 2913.0 Cr (2026-04) to 86.0 Cr (2026-05)
705419,2026-06,"Gwalior - Seopurkala with extension to Kota [Gauge Conversion] Multi-States (Madhya Pradesh,",FlashReport_June_2026.pdf,LARGE_COST_SHIFT,MEDIUM,Original cost changed significantly from 86.0 Cr (2026-05) to 2913.0 Cr (2026-06)
705424,2025-07,"Chandigarh-Baddi New Rail Line- 36 km (Haryana, Himachal Pradesh)",FlashReport_July_2025.pdf,LARGE_COST_SHIFT,MEDIUM,Original cost changed significantly from 1540.13 Cr (2025-06) to 2.0 Cr (2025-07)
705424,2025-07,"Chandigarh-Baddi New Rail Line- 36 km (Haryana, Himachal Pradesh)",FlashReport_July_2025.pdf,EXPENDITURE_DROP,MEDIUM,Cumulative expenditure dropped from 956.13 Cr (2025-06) to 12.0 Cr (2025-07)
705424,2025-08,"Chandigarh-Baddi New Rail Line- 36 km (Haryana, Himachal Pradesh)",FlashReport_August_2025.pdf,LARGE_COST_SHIFT,MEDIUM,Original cost changed significantly from 2.0 Cr (2025-07) to 1540.0 Cr (2025-08)
705428,2025-08,Bhanupalli-Bilaspur-Beri New Railway Line Project,FlashReport_August_2025.pdf,LARGE_COST_SHIFT,MEDIUM,Original cost changed significantly from 4.0 Cr (2025-07) to 13447.0 Cr (2025-08)
705432,2025-08,Sivok-Rangpo New Rail Line,FlashReport_August_2025.pdf,LARGE_COST_SHIFT,MEDIUM,Original cost changed significantly from 5.0 Cr (2025-07) to 7877.0 Cr (2025-08)
705450,2025-11,"Project Assessment, Infrastructure Monitoring and Analytics for Nation-building 528 Jogbani-Biratnagar New Rail Line project",FlashReport_November_2025.pdf,LARGE_COST_SHIFT,MEDIUM,Original cost changed significantly from 402.0 Cr (2025-10) to 60.0 Cr (2025-11)
705450,2025-12,Jogbani-Biratnagar New Rail Line project,FlashReport_December_2025.pdf,LARGE_COST_SHIFT,MEDIUM,Original cost changed significantly from 60.0 Cr (2025-11) to 402.0 Cr (2025-12)
705450,2026-04,"Project Assessment, Infrastructure Monitoring and Analytics for Nation-building 549 Jogbani-Biratnagar New Rail Line project",FlashReport_April2026.pdf,LARGE_COST_SHIFT,MEDIUM,Original cost changed significantly from 402.0 Cr (2026-03) to 80.0 Cr (2026-04)
705450,2026-05,Jogbani-Biratnagar New Rail Line project,FlashReport_May2026.pdf,LARGE_COST_SHIFT,MEDIUM,Original cost changed significantly from 80.0 Cr (2026-04) to 402.0 Cr (2026-05)
705453,2025-07,"New line Dahod-Indore via Sardarpur, Jabuwa and Dhar",FlashReport_July_2025.pdf,LARGE_COST_SHIFT,MEDIUM,Original cost changed significantly from 1942.0 Cr (2025-06) to 6.0 Cr (2025-07)
705453,2025-07,"New line Dahod-Indore via Sardarpur, Jabuwa and Dhar",FlashReport_July_2025.pdf,EXPENDITURE_DROP,MEDIUM,Cumulative expenditure dropped from 3119.79 Cr (2025-06) to 2.0 Cr (2025-07)
705453,2025-08,"New line Dahod-Indore via Sardarpur, Jabuwa and Dhar",FlashReport_August_2025.pdf,LARGE_COST_SHIFT,MEDIUM,Original cost changed significantly from 6.0 Cr (2025-07) to 456.07 Cr (2025-08)
705454,2025-07,Chhota Udaipur - Dhar New Line Project [157 km],FlashReport_July_2025.pdf,LARGE_COST_SHIFT,MEDIUM,Original cost changed significantly from 1793.65 Cr (2025-06) to 1.0 Cr (2025-07)
705454,2025-07,Chhota Udaipur - Dhar New Line Project [157 km],FlashReport_July_2025.pdf,EXPENDITURE_DROP,MEDIUM,Cumulative expenditure dropped from 1641.84 Cr (2025-06) to 12.0 Cr (2025-07)
705454,2025-08,Chhota Udaipur - Dhar New Line Project [157 km],FlashReport_August_2025.pdf,LARGE_COST_SHIFT,MEDIUM,Original cost changed significantly from 1.0 Cr (2025-07) to 1794.0 Cr (2025-08)
705454,2025-12,"Project Assessment, Infrastructure Monitoring and Analytics for Nation-building 649 Chhota Udaipur - Dhar New Line Project [157 km]",FlashReport_December_2025.pdf,LARGE_COST_SHIFT,MEDIUM,Original cost changed significantly from 1794.0 Cr (2025-11) to 72.0 Cr (2025-12)
705454,2026-01,Chhota Udaipur - Dhar New Line Project [157 km],FlashReport_January_2026.pdf,LARGE_COST_SHIFT,MEDIUM,Original cost changed significantly from 72.0 Cr (2025-12) to 1794.0 Cr (2026-01)
705457,2025-07,"Ratlam-Mhow-Khandwa-Akola Gauge Conversion Multi-States (Madhya Pradesh,",FlashReport_July_2025.pdf,LARGE_COST_SHIFT,MEDIUM,Original cost changed significantly from 5677.88 Cr (2025-06) to 3.0 Cr (2025-07)
705457,2025-07,"Ratlam-Mhow-Khandwa-Akola Gauge Conversion Multi-States (Madhya Pradesh,",FlashReport_July_2025.pdf,EXPENDITURE_DROP,MEDIUM,Cumulative expenditure dropped from 4314.25 Cr (2025-06) to 3.0 Cr (2025-07)
705457,2025-08,"Ratlam-Mhow-Khandwa-Akola Gauge Conversion Multi-States (Madhya Pradesh,",FlashReport_August_2025.pdf,LARGE_COST_SHIFT,MEDIUM,Original cost changed significantly from 3.0 Cr (2025-07) to 1656.25 Cr (2025-08)
705457,2025-10,"Project Assessment, Infrastructure Monitoring and Analytics for Nation-building 677 Ratlam-Mhow-Khandwa-Akola Gauge Conversion Multi-States (Madhya Pradesh,",FlashReport_October_2025.pdf,LARGE_COST_SHIFT,MEDIUM,Original cost changed significantly from 1656.25 Cr (2025-09) to 65.0 Cr (2025-10)
705457,2025-10,"Project Assessment, Infrastructure Monitoring and Analytics for Nation-building 677 Ratlam-Mhow-Khandwa-Akola Gauge Conversion Multi-States (Madhya Pradesh,",FlashReport_October_2025.pdf,EXPENDITURE_DROP,MEDIUM,Cumulative expenditure dropped from 4433.45 Cr (2025-09) to 1656.25 Cr (2025-10)
705457,2025-11,"Ratlam-Mhow-Khandwa-Akola Gauge Conversion Multi-States (Madhya Pradesh,",FlashReport_November_2025.pdf,LARGE_COST_SHIFT,MEDIUM,Original cost changed significantly from 65.0 Cr (2025-10) to 1656.25 Cr (2025-11)
705458,2025-08,Miyagam-Karjan-Dabhoi-Samlaya [GC],FlashReport_August_2025.pdf,PROGRESS_REGRESSION,MEDIUM,Physical progress dropped by 27.0% (from 68.0% in 2025-07 to 41.0% in 2025-08)
705464,2026-06,"Project Assessment, Infrastructure Monitoring and Analytics for Nation-building 592 Bangalore-Satyamanglam New Line Project [260 Km] - Part Hejjala - Chamarajanagar",FlashReport_June_2026.pdf,LARGE_COST_SHIFT,MEDIUM,Original cost changed significantly from 1382.78 Cr (2026-05) to 86.0 Cr (2026-06)
705479,2026-03,"Project Assessment, Infrastructure Monitoring and Analytics for Nation-building 616 Wadsa-Gadchiroli",FlashReport_March_2026.pdf,LARGE_COST_SHIFT,MEDIUM,Original cost changed significantly from 1886.0 Cr (2026-02) to 82.0 Cr (2026-03)
705479,2026-04,Wadsa-Gadchiroli,FlashReport_April2026.pdf,LARGE_COST_SHIFT,MEDIUM,Original cost changed significantly from 82.0 Cr (2026-03) to 1886.0 Cr (2026-04)
705479,2026-04,Wadsa-Gadchiroli,FlashReport_April2026.pdf,EXPENDITURE_DROP,MEDIUM,Cumulative expenditure dropped from 1886.0 Cr (2026-03) to 809.55 Cr (2026-04)
705481,2025-08,"Ramganjmandi-Bhopal New Line Project [262 km] Multi-States (Madhya Pradesh,",FlashReport_August_2025.pdf,LARGE_COST_SHIFT,MEDIUM,Original cost changed significantly from 10.0 Cr (2025-07) to 3032.0 Cr (2025-08)
705491,2025-07,"Marikuppam - Kuppam New Line Project [23.70 Km] Multi-States (Andhra Pradesh,",FlashReport_July_2025.pdf,LARGE_COST_SHIFT,MEDIUM,Original cost changed significantly from 279.54 Cr (2025-06) to 10.0 Cr (2025-07)
705491,2025-07,"Marikuppam - Kuppam New Line Project [23.70 Km] Multi-States (Andhra Pradesh,",FlashReport_July_2025.pdf,EXPENDITURE_DROP,MEDIUM,Cumulative expenditure dropped from 121.12 Cr (2025-06) to 6.0 Cr (2025-07)
705491,2025-08,"Marikuppam - Kuppam New Line Project [23.70 Km] Multi-States (Andhra Pradesh,",FlashReport_August_2025.pdf,LARGE_COST_SHIFT,MEDIUM,Original cost changed significantly from 10.0 Cr (2025-07) to 297.0 Cr (2025-08)
705494,2025-07,"Rayadurg-Tumkur via Kalyandurg New Line [207 km] Multi-States (Andhra Pradesh,",FlashReport_July_2025.pdf,LARGE_COST_SHIFT,MEDIUM,Original cost changed significantly from 2495.59 Cr (2025-06) to 7.0 Cr (2025-07)
705494,2025-07,"Rayadurg-Tumkur via Kalyandurg New Line [207 km] Multi-States (Andhra Pradesh,",FlashReport_July_2025.pdf,EXPENDITURE_DROP,MEDIUM,Cumulative expenditure dropped from 1675.34 Cr (2025-06) to 9.0 Cr (2025-07)
705494,2025-08,"Rayadurg-Tumkur via Kalyandurg New Line [207 km] Multi-States (Andhra Pradesh,",FlashReport_August_2025.pdf,LARGE_COST_SHIFT,MEDIUM,Original cost changed significantly from 7.0 Cr (2025-07) to 2496.0 Cr (2025-08)
705496,2026-03,"Project Assessment, Infrastructure Monitoring and Analytics for Nation-building 593 Tumkur-Chitradurga-Davangere New Rail Line Project [191 km]",FlashReport_March_2026.pdf,LARGE_COST_SHIFT,MEDIUM,Original cost changed significantly from 1876.0 Cr (2026-02) to 81.0 Cr (2026-03)
705496,2026-04,Tumkur-Chitradurga-Davangere New Rail Line Project [191 km],FlashReport_April2026.pdf,LARGE_COST_SHIFT,MEDIUM,Original cost changed significantly from 81.0 Cr (2026-03) to 1876.0 Cr (2026-04)
705496,2026-04,Tumkur-Chitradurga-Davangere New Rail Line Project [191 km],FlashReport_April2026.pdf,EXPENDITURE_DROP,MEDIUM,Cumulative expenditure dropped from 1876.0 Cr (2026-03) to 563.37 Cr (2026-04)
705497,2026-05,"Project Assessment, Infrastructure Monitoring and Analytics for Nation-building 636 Wardha - Yavatmal Nanded Railway Line Project",FlashReport_May2026.pdf,LARGE_COST_SHIFT,MEDIUM,Original cost changed significantly from 3445.34 Cr (2026-04) to 83.0 Cr (2026-05)
705497,2026-06,Wardha - Yavatmal Nanded Railway Line Project,FlashReport_June_2026.pdf,LARGE_COST_SHIFT,MEDIUM,Original cost changed significantly from 83.0 Cr (2026-05) to 3445.34 Cr (2026-06)
705498,2025-09,"Project Assessment, Infrastructure Monitoring and Analytics for Nation-building 592 3rd Line Kalyan - Kasara [67.35 Kilometres]",FlashReport_September_2025.pdf,LARGE_COST_SHIFT,MEDIUM,Original cost changed significantly from 792.89 Cr (2025-08) to 62.0 Cr (2025-09)
705498,2025-10,3rd Line Kalyan - Kasara [67.35 Kilometres],FlashReport_October_2025.pdf,LARGE_COST_SHIFT,MEDIUM,Original cost changed significantly from 62.0 Cr (2025-09) to 792.89 Cr (2025-10)
705498,2025-11,"Project Assessment, Infrastructure Monitoring and Analytics for Nation-building 618 3rd Line Kalyan - Kasara [67.35 Kilometres]",FlashReport_November_2025.pdf,LARGE_COST_SHIFT,MEDIUM,Original cost changed significantly from 792.89 Cr (2025-10) to 63.0 Cr (2025-11)
705498,2025-12,3rd Line Kalyan - Kasara [67.35 Kilometres],FlashReport_December_2025.pdf,LARGE_COST_SHIFT,MEDIUM,Original cost changed significantly from 63.0 Cr (2025-11) to 792.89 Cr (2025-12)
705502,2026-04,"Project Assessment, Infrastructure Monitoring and Analytics for Nation-building 637 3rd Line Wardha - Ballarshah [132 Kilometres]",FlashReport_April2026.pdf,LARGE_COST_SHIFT,MEDIUM,Original cost changed significantly from 1384.72 Cr (2026-03) to 84.0 Cr (2026-04)
705502,2026-05,3rd Line Wardha - Ballarshah [132 Kilometres],FlashReport_May2026.pdf,LARGE_COST_SHIFT,MEDIUM,Original cost changed significantly from 84.0 Cr (2026-04) to 1384.72 Cr (2026-05)
705506,2025-08,"Project Assessment, Infrastructure Monitoring and Analytics for Nation-building 595 3rd Line Manmad - Jalgaon [160 Kilometres]",FlashReport_August_2025.pdf,LARGE_COST_SHIFT,MEDIUM,Original cost changed significantly from 1035.0 Cr (2025-07) to 57.0 Cr (2025-08)
705506,2025-09,3rd Line Manmad - Jalgaon [160 Kilometres],FlashReport_September_2025.pdf,LARGE_COST_SHIFT,MEDIUM,Original cost changed significantly from 57.0 Cr (2025-08) to 1035.16 Cr (2025-09)
705506,2025-10,"Project Assessment, Infrastructure Monitoring and Analytics for Nation-building 620 3rd Line Manmad - Jalgaon [160 Kilometres]",FlashReport_October_2025.pdf,LARGE_COST_SHIFT,MEDIUM,Original cost changed significantly from 1035.16 Cr (2025-09) to 63.0 Cr (2025-10)
705506,2025-11,3rd Line Manmad - Jalgaon [160 Kilometres],FlashReport_November_2025.pdf,LARGE_COST_SHIFT,MEDIUM,Original cost changed significantly from 63.0 Cr (2025-10) to 1035.16 Cr (2025-11)
705506,2026-02,"Project Assessment, Infrastructure Monitoring and Analytics for Nation-building 640 3rd Line Manmad - Jalgaon [160 Kilometres]",FlashReport_February_2026.pdf,LARGE_COST_SHIFT,MEDIUM,Original cost changed significantly from 1035.16 Cr (2026-01) to 93.0 Cr (2026-02)
705506,2026-03,3rd Line Manmad - Jalgaon [160 Kilometres],FlashReport_March_2026.pdf,LARGE_COST_SHIFT,MEDIUM,Original cost changed significantly from 93.0 Cr (2026-02) to 1035.16 Cr (2026-03)
705507,2025-07,"Itarsi - Nagpur Third Railway Line [280 km] Multi-States (Madhya Pradesh,",FlashReport_July_2025.pdf,LARGE_COST_SHIFT,MEDIUM,Original cost changed significantly from 2449.91 Cr (2025-06) to 9.0 Cr (2025-07)
705507,2025-07,"Itarsi - Nagpur Third Railway Line [280 km] Multi-States (Madhya Pradesh,",FlashReport_July_2025.pdf,EXPENDITURE_DROP,MEDIUM,Cumulative expenditure dropped from 1761.99 Cr (2025-06) to 3.0 Cr (2025-07)
705507,2025-08,"Itarsi - Nagpur Third Railway Line [280 km] Multi-States (Madhya Pradesh,",FlashReport_August_2025.pdf,LARGE_COST_SHIFT,MEDIUM,Original cost changed significantly from 9.0 Cr (2025-07) to 2449.91 Cr (2025-08)
705511,2025-07,Jagdalpur-Koraput,FlashReport_July_2025.pdf,LARGE_COST_SHIFT,MEDIUM,Original cost changed significantly from 1547.38 Cr (2025-06) to 3.0 Cr (2025-07)
705511,2025-07,Jagdalpur-Koraput,FlashReport_July_2025.pdf,EXPENDITURE_DROP,MEDIUM,Cumulative expenditure dropped from 1304.6 Cr (2025-06) to 3.0 Cr (2025-07)
705511,2025-08,Jagdalpur-Koraput,FlashReport_August_2025.pdf,LARGE_COST_SHIFT,MEDIUM,Original cost changed significantly from 3.0 Cr (2025-07) to 1547.0 Cr (2025-08)
705512,2025-07,"Doubling of Kottavalasa-Koraput Rail Line [189 KM] Multi-States (Andhra Pradesh,",FlashReport_July_2025.pdf,LARGE_COST_SHIFT,MEDIUM,Original cost changed significantly from 2499.71 Cr (2025-06) to 1.0 Cr (2025-07)
705512,2025-07,"Doubling of Kottavalasa-Koraput Rail Line [189 KM] Multi-States (Andhra Pradesh,",FlashReport_July_2025.pdf,EXPENDITURE_DROP,MEDIUM,Cumulative expenditure dropped from 1965.11 Cr (2025-06) to 3.0 Cr (2025-07)
705512,2025-08,"Doubling of Kottavalasa-Koraput Rail Line [189 KM] Multi-States (Andhra Pradesh,",FlashReport_August_2025.pdf,LARGE_COST_SHIFT,MEDIUM,Original cost changed significantly from 1.0 Cr (2025-07) to 2500.0 Cr (2025-08)
705514,2025-11,"Project Assessment, Infrastructure Monitoring and Analytics for Nation-building 706 Jarapada- Budhapank with flyover at Talcher road 3rd and 4th Line",FlashReport_November_2025.pdf,LARGE_COST_SHIFT,MEDIUM,Original cost changed significantly from 1000.0 Cr (2025-10) to 66.0 Cr (2025-11)
705514,2025-12,Jarapada- Budhapank with flyover at Talcher road 3rd and 4th Line,FlashReport_December_2025.pdf,LARGE_COST_SHIFT,MEDIUM,Original cost changed significantly from 66.0 Cr (2025-11) to 1000.0 Cr (2025-12)
705514,2025-12,Jarapada- Budhapank with flyover at Talcher road 3rd and 4th Line,FlashReport_December_2025.pdf,EXPENDITURE_DROP,MEDIUM,Cumulative expenditure dropped from 1000.0 Cr (2025-11) to 428.84 Cr (2025-12)
705526,2026-02,Samastipur-Darbhanga Doubling Railway Project,FlashReport_February_2026.pdf,EXPENDITURE_DROP,MEDIUM,Cumulative expenditure dropped from 53632.27 Cr (2026-01) to 396.78 Cr (2026-02)
705562,2025-07,"Project Assessment, Infrastructure Monitoring and Analytics for Nation-building 597 Chhapra-Ballia Patch Doubling",FlashReport_July_2025.pdf,PROGRESS_REGRESSION,MEDIUM,Physical progress dropped by 93.5% (from 95.5% in 2025-06 to 2.0% in 2025-07)
705562,2025-07,"Project Assessment, Infrastructure Monitoring and Analytics for Nation-building 597 Chhapra-Ballia Patch Doubling",FlashReport_July_2025.pdf,LARGE_COST_SHIFT,MEDIUM,Original cost changed significantly from 941.05 Cr (2025-06) to 57.0 Cr (2025-07)
705562,2025-08,Chhapra-Ballia Patch Doubling,FlashReport_August_2025.pdf,LARGE_COST_SHIFT,MEDIUM,Original cost changed significantly from 57.0 Cr (2025-07) to 963.0 Cr (2025-08)
705562,2025-08,Chhapra-Ballia Patch Doubling,FlashReport_August_2025.pdf,EXPENDITURE_DROP,MEDIUM,Cumulative expenditure dropped from 2015.0 Cr (2025-07) to 911.66 Cr (2025-08)
705567,2025-09,"Project Assessment, Infrastructure Monitoring and Analytics for Nation-building 710 Burhwal Gonda 3rd line",FlashReport_September_2025.pdf,LARGE_COST_SHIFT,MEDIUM,Original cost changed significantly from 1016.0 Cr (2025-08) to 66.0 Cr (2025-09)
705567,2025-11,Burhwal Gonda 3rd line,FlashReport_November_2025.pdf,LARGE_COST_SHIFT,MEDIUM,Original cost changed significantly from 67.0 Cr (2025-10) to 1016.0 Cr (2025-11)
705567,2026-05,"Project Assessment, Infrastructure Monitoring and Analytics for Nation-building 768 Burhwal Gonda 3rd line",FlashReport_May2026.pdf,LARGE_COST_SHIFT,MEDIUM,Original cost changed significantly from 1016.0 Cr (2026-04) to 89.0 Cr (2026-05)
705567,2026-06,Burhwal Gonda 3rd line,FlashReport_June_2026.pdf,LARGE_COST_SHIFT,MEDIUM,Original cost changed significantly from 89.0 Cr (2026-05) to 1016.0 Cr (2026-06)
705583,2026-03,Anand Vihar-Tilak Bridge 3rd & 4th line,FlashReport_March_2026.pdf,PROGRESS_REGRESSION,MEDIUM,Physical progress dropped by 41.0% (from 64.0% in 2026-02 to 23.0% in 2026-03)
705598,2025-07,"Jhansi - Bina Third Railway Line [153 Km] Multi-States (Madhya Pradesh,",FlashReport_July_2025.pdf,LARGE_COST_SHIFT,MEDIUM,Original cost changed significantly from 2002.0 Cr (2025-06) to 3.0 Cr (2025-07)
705598,2025-07,"Jhansi - Bina Third Railway Line [153 Km] Multi-States (Madhya Pradesh,",FlashReport_July_2025.pdf,EXPENDITURE_DROP,MEDIUM,Cumulative expenditure dropped from 1745.48 Cr (2025-06) to 3.0 Cr (2025-07)
705598,2025-08,"Jhansi - Bina Third Railway Line [153 Km] Multi-States (Madhya Pradesh,",FlashReport_August_2025.pdf,LARGE_COST_SHIFT,MEDIUM,Original cost changed significantly from 3.0 Cr (2025-07) to 2002.0 Cr (2025-08)
705608,2025-07,"Jhansi-Khairar-Manikpur & Khirar-Bhimsen Multi-States (Madhya Pradesh,",FlashReport_July_2025.pdf,LARGE_COST_SHIFT,MEDIUM,Original cost changed significantly from 4329.53 Cr (2025-06) to 3.0 Cr (2025-07)
705608,2025-07,"Jhansi-Khairar-Manikpur & Khirar-Bhimsen Multi-States (Madhya Pradesh,",FlashReport_July_2025.pdf,EXPENDITURE_DROP,MEDIUM,Cumulative expenditure dropped from 2125.66 Cr (2025-06) to 3.0 Cr (2025-07)
705608,2025-08,"Jhansi-Khairar-Manikpur & Khirar-Bhimsen Multi-States (Madhya Pradesh,",FlashReport_August_2025.pdf,LARGE_COST_SHIFT,MEDIUM,Original cost changed significantly from 3.0 Cr (2025-07) to 4330.0 Cr (2025-08)
705608,2026-03,"Project Assessment, Infrastructure Monitoring and Analytics for Nation-building 685 Jhansi-Khairar-Manikpur & Khirar-Bhimsen Multi-States (Madhya Pradesh,",FlashReport_March_2026.pdf,LARGE_COST_SHIFT,MEDIUM,Original cost changed significantly from 4330.0 Cr (2026-02) to 85.0 Cr (2026-03)
705608,2026-04,"Jhansi-Khairar-Manikpur & Khirar-Bhimsen Multi-States (Madhya Pradesh,",FlashReport_April2026.pdf,LARGE_COST_SHIFT,MEDIUM,Original cost changed significantly from 85.0 Cr (2026-03) to 4330.0 Cr (2026-04)
705610,2025-07,"Renigunta, Wadi & Gooty Bypass Railway Project Multi-States (Andhra Pradesh,",FlashReport_July_2025.pdf,LARGE_COST_SHIFT,MEDIUM,Original cost changed significantly from 302.0 Cr (2025-06) to 4.0 Cr (2025-07)
705610,2025-07,"Renigunta, Wadi & Gooty Bypass Railway Project Multi-States (Andhra Pradesh,",FlashReport_July_2025.pdf,EXPENDITURE_DROP,MEDIUM,Cumulative expenditure dropped from 226.67 Cr (2025-06) to 12.0 Cr (2025-07)
705610,2025-08,"Renigunta, Wadi & Gooty Bypass Railway Project Multi-States (Andhra Pradesh,",FlashReport_August_2025.pdf,LARGE_COST_SHIFT,MEDIUM,Original cost changed significantly from 4.0 Cr (2025-07) to 302.0 Cr (2025-08)
705612,2025-07,"Kazipet-Vijayawada 3rd line with electrification [220 km] Multi-States (Andhra Pradesh,",FlashReport_July_2025.pdf,LARGE_COST_SHIFT,MEDIUM,Original cost changed significantly from 1953.0 Cr (2025-06) to 8.0 Cr (2025-07)
705612,2025-07,"Kazipet-Vijayawada 3rd line with electrification [220 km] Multi-States (Andhra Pradesh,",FlashReport_July_2025.pdf,EXPENDITURE_DROP,MEDIUM,Cumulative expenditure dropped from 1936.28 Cr (2025-06) to 2.0 Cr (2025-07)
705612,2025-08,"Kazipet-Vijayawada 3rd line with electrification [220 km] Multi-States (Andhra Pradesh,",FlashReport_August_2025.pdf,LARGE_COST_SHIFT,MEDIUM,Original cost changed significantly from 8.0 Cr (2025-07) to 1953.0 Cr (2025-08)
705613,2025-07,Third Line [new] between Kazipet - Balharshah with electrification [201.04 Km],FlashReport_July_2025.pdf,LARGE_COST_SHIFT,MEDIUM,Original cost changed significantly from 2594.59 Cr (2025-06) to 10.0 Cr (2025-07)
705613,2025-07,Third Line [new] between Kazipet - Balharshah with electrification [201.04 Km],FlashReport_July_2025.pdf,EXPENDITURE_DROP,MEDIUM,Cumulative expenditure dropped from 2862.6 Cr (2025-06) to 1.0 Cr (2025-07)
705613,2025-08,Third Line [new] between Kazipet - Balharshah with electrification [201.04 Km],FlashReport_August_2025.pdf,LARGE_COST_SHIFT,MEDIUM,Original cost changed significantly from 10.0 Cr (2025-07) to 2595.0 Cr (2025-08)
705616,2025-07,Jharsuguda-Bilaspur Fourth Railway Line [206 km],FlashReport_July_2025.pdf,LARGE_COST_SHIFT,MEDIUM,Original cost changed significantly from 2140.34 Cr (2025-06) to 9.0 Cr (2025-07)
705616,2025-07,Jharsuguda-Bilaspur Fourth Railway Line [206 km],FlashReport_July_2025.pdf,EXPENDITURE_DROP,MEDIUM,Cumulative expenditure dropped from 2306.8 Cr (2025-06) to 10.0 Cr (2025-07)
705616,2025-08,Jharsuguda-Bilaspur Fourth Railway Line [206 km],FlashReport_August_2025.pdf,LARGE_COST_SHIFT,MEDIUM,Original cost changed significantly from 9.0 Cr (2025-07) to 2140.0 Cr (2025-08)
705617,2025-07,Rajnandgaon - Nagpur [Kalumna] Third Railway Line [228.30 km],FlashReport_July_2025.pdf,LARGE_COST_SHIFT,MEDIUM,Original cost changed significantly from 3544.92 Cr (2025-06) to 12.0 Cr (2025-07)
705617,2025-07,Rajnandgaon - Nagpur [Kalumna] Third Railway Line [228.30 km],FlashReport_July_2025.pdf,EXPENDITURE_DROP,MEDIUM,Cumulative expenditure dropped from 3081.12 Cr (2025-06) to 12.0 Cr (2025-07)
705617,2025-08,Rajnandgaon - Nagpur [Kalumna] Third Railway Line [228.30 km],FlashReport_August_2025.pdf,LARGE_COST_SHIFT,MEDIUM,Original cost changed significantly from 12.0 Cr (2025-07) to 3545.0 Cr (2025-08)
705628,2025-07,Doubling of Hatia [Ranchi]-Bondamunda Rail Line - 159 km,FlashReport_July_2025.pdf,LARGE_COST_SHIFT,MEDIUM,Original cost changed significantly from 3029.04 Cr (2025-06) to 2.0 Cr (2025-07)
705628,2025-07,Doubling of Hatia [Ranchi]-Bondamunda Rail Line - 159 km,FlashReport_July_2025.pdf,EXPENDITURE_DROP,MEDIUM,Cumulative expenditure dropped from 2436.91 Cr (2025-06) to 6.0 Cr (2025-07)
705628,2025-08,Doubling of Hatia [Ranchi]-Bondamunda Rail Line - 159 km,FlashReport_August_2025.pdf,LARGE_COST_SHIFT,MEDIUM,Original cost changed significantly from 2.0 Cr (2025-07) to 3029.0 Cr (2025-08)
705628,2026-06,"Project Assessment, Infrastructure Monitoring and Analytics for Nation-building 680 Doubling of Hatia [Ranchi]-Bondamunda Rail Line - 159 km",FlashReport_June_2026.pdf,LARGE_COST_SHIFT,MEDIUM,Original cost changed significantly from 3029.0 Cr (2026-05) to 90.0 Cr (2026-06)
705629,2025-07,Narayangarh-Bhadrak 3rd line,FlashReport_July_2025.pdf,LARGE_COST_SHIFT,MEDIUM,Original cost changed significantly from 2400.0 Cr (2025-06) to 3.0 Cr (2025-07)
705629,2025-07,Narayangarh-Bhadrak 3rd line,FlashReport_July_2025.pdf,EXPENDITURE_DROP,MEDIUM,Cumulative expenditure dropped from 2112.2 Cr (2025-06) to 12.0 Cr (2025-07)
705629,2025-08,Narayangarh-Bhadrak 3rd line,FlashReport_August_2025.pdf,LARGE_COST_SHIFT,MEDIUM,Original cost changed significantly from 3.0 Cr (2025-07) to 2400.0 Cr (2025-08)
705629,2026-01,"Project Assessment, Infrastructure Monitoring and Analytics for Nation-building 705 Narayangarh-Bhadrak 3rd line",FlashReport_January_2026.pdf,LARGE_COST_SHIFT,MEDIUM,Original cost changed significantly from 2400.0 Cr (2025-12) to 86.0 Cr (2026-01)
705629,2026-02,Narayangarh-Bhadrak 3rd line,FlashReport_February_2026.pdf,LARGE_COST_SHIFT,MEDIUM,Original cost changed significantly from 86.0 Cr (2026-01) to 2400.0 Cr (2026-02)
705632,2025-07,"Vijayawada - Kazipet Byepass line Multi-States (Andhra Pradesh,",FlashReport_July_2025.pdf,LARGE_COST_SHIFT,MEDIUM,Original cost changed significantly from 647.37 Cr (2025-06) to 4.0 Cr (2025-07)
705632,2025-07,"Vijayawada - Kazipet Byepass line Multi-States (Andhra Pradesh,",FlashReport_July_2025.pdf,EXPENDITURE_DROP,MEDIUM,Cumulative expenditure dropped from 261.07 Cr (2025-06) to 1.0 Cr (2025-07)
705632,2025-08,"Vijayawada - Kazipet Byepass line Multi-States (Andhra Pradesh,",FlashReport_August_2025.pdf,LARGE_COST_SHIFT,MEDIUM,Original cost changed significantly from 4.0 Cr (2025-07) to 647.0 Cr (2025-08)
705632,2026-04,"Project Assessment, Infrastructure Monitoring and Analytics for Nation-building 659 Vijayawada - Kazipet Byepass line Multi-States (Andhra Pradesh,",FlashReport_April2026.pdf,LARGE_COST_SHIFT,MEDIUM,Original cost changed significantly from 647.0 Cr (2026-03) to 85.0 Cr (2026-04)
705632,2026-05,"Vijayawada - Kazipet Byepass line Multi-States (Andhra Pradesh,",FlashReport_May2026.pdf,LARGE_COST_SHIFT,MEDIUM,Original cost changed significantly from 85.0 Cr (2026-04) to 647.0 Cr (2026-05)
705633,2026-06,"Project Assessment, Infrastructure Monitoring and Analytics for Nation-building 526 Guntur-Guntakal Doubling Project",FlashReport_June_2026.pdf,LARGE_COST_SHIFT,MEDIUM,Original cost changed significantly from 3733.0 Cr (2026-05) to 83.0 Cr (2026-06)
705635,2025-07,Trivandrum- Kanyakumari,FlashReport_July_2025.pdf,LARGE_COST_SHIFT,MEDIUM,Original cost changed significantly from 1431.9 Cr (2025-06) to 3.0 Cr (2025-07)
705635,2025-07,Trivandrum- Kanyakumari,FlashReport_July_2025.pdf,EXPENDITURE_DROP,MEDIUM,Cumulative expenditure dropped from 3184.42 Cr (2025-06) to 3.0 Cr (2025-07)
705635,2025-08,Trivandrum- Kanyakumari,FlashReport_August_2025.pdf,LARGE_COST_SHIFT,MEDIUM,Original cost changed significantly from 3.0 Cr (2025-07) to 1432.0 Cr (2025-08)
705638,2025-09,Kumbalam-Turavur doubling project [15.59 Km],FlashReport_September_2025.pdf,EXPENDITURE_DROP,MEDIUM,Cumulative expenditure dropped from 292.15 Cr (2025-08) to 66.69 Cr (2025-09)
705639,2026-04,"Project Assessment, Infrastructure Monitoring and Analytics for Nation-building 615 Ernakulam-Kumbalam doubling project [7.71 Km]",FlashReport_April2026.pdf,LARGE_COST_SHIFT,MEDIUM,Original cost changed significantly from 601.0 Cr (2026-03) to 83.0 Cr (2026-04)
705639,2026-05,Ernakulam-Kumbalam doubling project [7.71 Km],FlashReport_May2026.pdf,LARGE_COST_SHIFT,MEDIUM,Original cost changed significantly from 83.0 Cr (2026-04) to 601.0 Cr (2026-05)
705650,2026-01,"Project Assessment, Infrastructure Monitoring and Analytics for Nation-building 676 Hospet - Tinaighat - Vasco Rail Doubling Project Multi-States (Goa,",FlashReport_January_2026.pdf,LARGE_COST_SHIFT,MEDIUM,Original cost changed significantly from 5060.0 Cr (2025-12) to 85.0 Cr (2026-01)
705650,2026-02,"Hospet - Tinaighat - Vasco Rail Doubling Project Multi-States (Goa,",FlashReport_February_2026.pdf,LARGE_COST_SHIFT,MEDIUM,Original cost changed significantly from 85.0 Cr (2026-01) to 5060.0 Cr (2026-02)
705651,2026-02,"Project Assessment, Infrastructure Monitoring and Analytics for Nation-building 617 Katni - Bina Third Railway Line [279 km]",FlashReport_February_2026.pdf,LARGE_COST_SHIFT,MEDIUM,Original cost changed significantly from 2478.23 Cr (2026-01) to 92.0 Cr (2026-02)
705660,2026-01,"Project Assessment, Infrastructure Monitoring and Analytics for Nation-building 618 Doubling of Katni - Singrauli Railway Line [261 km]",FlashReport_January_2026.pdf,LARGE_COST_SHIFT,MEDIUM,Original cost changed significantly from 2445.0 Cr (2025-12) to 83.0 Cr (2026-01)
705660,2026-02,Doubling of Katni - Singrauli Railway Line [261 km],FlashReport_February_2026.pdf,LARGE_COST_SHIFT,MEDIUM,Original cost changed significantly from 83.0 Cr (2026-01) to 2445.0 Cr (2026-02)
705662,2025-07,Hotgi-Kudgi-Gadag Doubling Project,FlashReport_July_2025.pdf,LARGE_COST_SHIFT,MEDIUM,Original cost changed significantly from 1877.81 Cr (2025-06) to 1.0 Cr (2025-07)
705662,2025-07,Hotgi-Kudgi-Gadag Doubling Project,FlashReport_July_2025.pdf,EXPENDITURE_DROP,MEDIUM,Cumulative expenditure dropped from 2574.88 Cr (2025-06) to 12.0 Cr (2025-07)
705662,2025-08,Hotgi-Kudgi-Gadag Doubling Project,FlashReport_August_2025.pdf,LARGE_COST_SHIFT,MEDIUM,Original cost changed significantly from 1.0 Cr (2025-07) to 1878.0 Cr (2025-08)
705662,2025-09,"Project Assessment, Infrastructure Monitoring and Analytics for Nation-building 650 Hotgi-Kudgi-Gadag Doubling Project",FlashReport_September_2025.pdf,LARGE_COST_SHIFT,MEDIUM,Original cost changed significantly from 1878.0 Cr (2025-08) to 64.0 Cr (2025-09)
705662,2025-10,Hotgi-Kudgi-Gadag Doubling Project,FlashReport_October_2025.pdf,LARGE_COST_SHIFT,MEDIUM,Original cost changed significantly from 64.0 Cr (2025-09) to 1878.0 Cr (2025-10)
705663,2025-08,"Project Assessment, Infrastructure Monitoring and Analytics for Nation-building 565 Bangalore-Whitefield-Bangalore City-Krishnarajapuram [23.08 km] - Quadrupling",FlashReport_August_2025.pdf,LARGE_COST_SHIFT,MEDIUM,Original cost changed significantly from 493.0 Cr (2025-07) to 56.0 Cr (2025-08)
705663,2025-09,Bangalore-Whitefield-Bangalore City-Krishnarajapuram [23.08 km] - Quadrupling,FlashReport_September_2025.pdf,LARGE_COST_SHIFT,MEDIUM,Original cost changed significantly from 56.0 Cr (2025-08) to 493.0 Cr (2025-09)
705663,2025-10,"Project Assessment, Infrastructure Monitoring and Analytics for Nation-building 590 Bangalore-Whitefield-Bangalore City-Krishnarajapuram [23.08 km] - Quadrupling",FlashReport_October_2025.pdf,LARGE_COST_SHIFT,MEDIUM,Original cost changed significantly from 493.0 Cr (2025-09) to 62.0 Cr (2025-10)
705663,2025-11,Bangalore-Whitefield-Bangalore City-Krishnarajapuram [23.08 km] - Quadrupling,FlashReport_November_2025.pdf,LARGE_COST_SHIFT,MEDIUM,Original cost changed significantly from 62.0 Cr (2025-10) to 493.0 Cr (2025-11)
705667,2025-07,Mathura-Jhansi Third Railway Line [274 Km],FlashReport_July_2025.pdf,LARGE_COST_SHIFT,MEDIUM,Original cost changed significantly from 5323.39 Cr (2025-06) to 3.0 Cr (2025-07)
705667,2025-07,Mathura-Jhansi Third Railway Line [274 Km],FlashReport_July_2025.pdf,EXPENDITURE_DROP,MEDIUM,Cumulative expenditure dropped from 5046.07 Cr (2025-06) to 12.0 Cr (2025-07)
705667,2025-08,Mathura-Jhansi Third Railway Line [274 Km],FlashReport_August_2025.pdf,LARGE_COST_SHIFT,MEDIUM,Original cost changed significantly from 3.0 Cr (2025-07) to 5961.0 Cr (2025-08)
705667,2026-04,"Project Assessment, Infrastructure Monitoring and Analytics for Nation-building 703 Mathura-Jhansi Third Railway Line [274 Km]",FlashReport_April2026.pdf,LARGE_COST_SHIFT,MEDIUM,Original cost changed significantly from 5961.0 Cr (2026-03) to 87.0 Cr (2026-04)
705667,2026-05,Mathura-Jhansi Third Railway Line [274 Km],FlashReport_May2026.pdf,LARGE_COST_SHIFT,MEDIUM,Original cost changed significantly from 87.0 Cr (2026-04) to 5961.0 Cr (2026-05)
705668,2025-07,"KHARAGPUR-ADITYAPUR THIRD RAIL LINE- 132 KM Multi-States (Jharkhand, West",FlashReport_July_2025.pdf,LARGE_COST_SHIFT,MEDIUM,Original cost changed significantly from 3249.98 Cr (2025-06) to 1.0 Cr (2025-07)
705668,2025-07,"KHARAGPUR-ADITYAPUR THIRD RAIL LINE- 132 KM Multi-States (Jharkhand, West",FlashReport_July_2025.pdf,EXPENDITURE_DROP,MEDIUM,Cumulative expenditure dropped from 2899.45 Cr (2025-06) to 3.0 Cr (2025-07)
705668,2025-08,"KHARAGPUR-ADITYAPUR THIRD RAIL LINE- 132 KM Multi-States (Jharkhand, West",FlashReport_August_2025.pdf,LARGE_COST_SHIFT,MEDIUM,Original cost changed significantly from 1.0 Cr (2025-07) to 3250.0 Cr (2025-08)
705710,2025-09,"Project Assessment, Infrastructure Monitoring and Analytics for Nation-building 532 PCT Machine Procurement Project",FlashReport_September_2025.pdf,LARGE_COST_SHIFT,MEDIUM,Original cost changed significantly from 336.0 Cr (2025-08) to 60.0 Cr (2025-09)
705710,2025-10,PCT Machine Procurement Project,FlashReport_October_2025.pdf,LARGE_COST_SHIFT,MEDIUM,Original cost changed significantly from 60.0 Cr (2025-09) to 336.0 Cr (2025-10)
705710,2025-10,PCT Machine Procurement Project,FlashReport_October_2025.pdf,EXPENDITURE_DROP,MEDIUM,Cumulative expenditure dropped from 336.0 Cr (2025-09) to 74.32 Cr (2025-10)
705717,2025-11,"Project Assessment, Infrastructure Monitoring and Analytics for Nation-building 558 SRGM Machine Procurement Project",FlashReport_November_2025.pdf,LARGE_COST_SHIFT,MEDIUM,Original cost changed significantly from 440.0 Cr (2025-10) to 61.0 Cr (2025-11)
705730,2026-06,"Project Assessment, Infrastructure Monitoring and Analytics for Nation-building 768 Joka-BBD Bag new metro project",FlashReport_June_2026.pdf,LARGE_COST_SHIFT,MEDIUM,Original cost changed significantly from 4835.0 Cr (2026-05) to 94.0 Cr (2026-06)
705741,2026-03,"Project Assessment, Infrastructure Monitoring and Analytics for Nation-building 708 Jeypore-Navarangpur New Rail Line Project",FlashReport_March_2026.pdf,LARGE_COST_SHIFT,MEDIUM,Original cost changed significantly from 748.0 Cr (2026-02) to 86.0 Cr (2026-03)
705741,2026-04,Jeypore-Navarangpur New Rail Line Project,FlashReport_April2026.pdf,LARGE_COST_SHIFT,MEDIUM,Original cost changed significantly from 86.0 Cr (2026-03) to 748.0 Cr (2026-04)
705741,2026-04,Jeypore-Navarangpur New Rail Line Project,FlashReport_April2026.pdf,EXPENDITURE_DROP,MEDIUM,Cumulative expenditure dropped from 748.0 Cr (2026-03) to 15.91 Cr (2026-04)
705742,2025-07,Jeypore-Malkanagiri New Railway Line Project Railways Total (3) 4265 2178.18,FlashReport_July_2025.pdf,PROGRESS_REGRESSION,MEDIUM,Physical progress dropped by 82.1% (from 90.1% in 2025-06 to 8.0% in 2025-07)
705743,2025-08,"Project Assessment, Infrastructure Monitoring and Analytics for Nation-building 682 Talcher-Angul New Line with Y-Connection at Talcher",FlashReport_August_2025.pdf,LARGE_COST_SHIFT,MEDIUM,Original cost changed significantly from 495.0 Cr (2025-07) to 60.0 Cr (2025-08)
705764,2025-07,"Nimach-Badi Sadri New Rail Line Project Multi-States (Madhya Pradesh,",FlashReport_July_2025.pdf,LARGE_COST_SHIFT,MEDIUM,Original cost changed significantly from 495.18 Cr (2025-06) to 9.0 Cr (2025-07)
705764,2025-07,"Nimach-Badi Sadri New Rail Line Project Multi-States (Madhya Pradesh,",FlashReport_July_2025.pdf,EXPENDITURE_DROP,MEDIUM,Cumulative expenditure dropped from 306.32 Cr (2025-06) to 3.0 Cr (2025-07)
705764,2025-08,"Nimach-Badi Sadri New Rail Line Project Multi-States (Madhya Pradesh,",FlashReport_August_2025.pdf,LARGE_COST_SHIFT,MEDIUM,Original cost changed significantly from 9.0 Cr (2025-07) to 495.0 Cr (2025-08)
705771,2026-04,"Project Assessment, Infrastructure Monitoring and Analytics for Nation-building 769 Allahabad-Bamhrauli Flyover Construction & 4th Railway Line Project",FlashReport_April2026.pdf,LARGE_COST_SHIFT,MEDIUM,Original cost changed significantly from 494.0 Cr (2026-03) to 90.0 Cr (2026-04)
705771,2026-05,Allahabad-Bamhrauli Flyover Construction & 4th Railway Line Project,FlashReport_May2026.pdf,LARGE_COST_SHIFT,MEDIUM,Original cost changed significantly from 90.0 Cr (2026-04) to 494.0 Cr (2026-05)
705772,2026-01,"Project Assessment, Infrastructure Monitoring and Analytics for Nation-building 764 Mughalsarai-Allahabad, 3rd line",FlashReport_January_2026.pdf,LARGE_COST_SHIFT,MEDIUM,Original cost changed significantly from 2649.0 Cr (2025-12) to 88.0 Cr (2026-01)
705772,2026-02,"Mughalsarai-Allahabad, 3rd line",FlashReport_February_2026.pdf,LARGE_COST_SHIFT,MEDIUM,Original cost changed significantly from 88.0 Cr (2026-01) to 2649.0 Cr (2026-02)
705779,2025-08,"Phephna-Indara, Mau-Shahganj doubling excluding Indara-Mau",FlashReport_August_2025.pdf,LARGE_COST_SHIFT,MEDIUM,Original cost changed significantly from 60.0 Cr (2025-07) to 1178.0 Cr (2025-08)
705785,2025-09,"Project Assessment, Infrastructure Monitoring and Analytics for Nation-building 562 Lodhma - Piska - Link Line bypassing Hatia/Ranchi with Y connection",FlashReport_September_2025.pdf,LARGE_COST_SHIFT,MEDIUM,Original cost changed significantly from 473.0 Cr (2025-08) to 61.0 Cr (2025-09)
705785,2025-10,Lodhma - Piska - Link Line bypassing Hatia/Ranchi with Y connection,FlashReport_October_2025.pdf,LARGE_COST_SHIFT,MEDIUM,Original cost changed significantly from 61.0 Cr (2025-09) to 473.0 Cr (2025-10)
705793,2026-05,"Project Assessment, Infrastructure Monitoring and Analytics for Nation-building 680 Raising of speed to 160 kmph/200 kmph on existing New Delhi-Mumbai route incl. Vadodara-Ahmedabad",FlashReport_May2026.pdf,LARGE_COST_SHIFT,MEDIUM,Original cost changed significantly from 6806.44 Cr (2026-04) to 85.0 Cr (2026-05)
705793,2026-06,Raising of speed to 160 kmph/200 kmph on existing New Delhi-Mumbai route incl. Vadodara-Ahmedabad,FlashReport_June_2026.pdf,LARGE_COST_SHIFT,MEDIUM,Original cost changed significantly from 85.0 Cr (2026-05) to 6806.44 Cr (2026-06)
705799,2025-07,"Project Assessment, Infrastructure Monitoring and Analytics for Nation-building 568 Nagpur- Nagbhir Railway Line Gauge Conversion Project",FlashReport_July_2025.pdf,LARGE_COST_SHIFT,MEDIUM,Original cost changed significantly from 1400.0 Cr (2025-06) to 56.0 Cr (2025-07)
705799,2025-08,Nagpur- Nagbhir Railway Line Gauge Conversion Project,FlashReport_August_2025.pdf,LARGE_COST_SHIFT,MEDIUM,Original cost changed significantly from 56.0 Cr (2025-07) to 1400.0 Cr (2025-08)
705912,2026-04,"Project Assessment, Infrastructure Monitoring and Analytics for Nation-building 747 Sawai Madhopur-Jaipur Railway Line Project",FlashReport_April2026.pdf,LARGE_COST_SHIFT,MEDIUM,Original cost changed significantly from 1203.89 Cr (2026-03) to 89.0 Cr (2026-04)
705912,2026-05,Sawai Madhopur-Jaipur Railway Line Project,FlashReport_May2026.pdf,LARGE_COST_SHIFT,MEDIUM,Original cost changed significantly from 89.0 Cr (2026-04) to 1203.89 Cr (2026-05)
705912,2026-05,Sawai Madhopur-Jaipur Railway Line Project,FlashReport_May2026.pdf,EXPENDITURE_DROP,MEDIUM,Cumulative expenditure dropped from 1203.89 Cr (2026-04) to 208.67 Cr (2026-05)
705941,2026-05,"Project Assessment, Infrastructure Monitoring and Analytics for Nation-building 614 Bangalore Suburban Railway Project",FlashReport_May2026.pdf,LARGE_COST_SHIFT,MEDIUM,Original cost changed significantly from 15767.0 Cr (2026-04) to 82.0 Cr (2026-05)
705941,2026-06,Bangalore Suburban Railway Project,FlashReport_June_2026.pdf,LARGE_COST_SHIFT,MEDIUM,Original cost changed significantly from 82.0 Cr (2026-05) to 15767.0 Cr (2026-06)
705941,2026-06,Bangalore Suburban Railway Project,FlashReport_June_2026.pdf,EXPENDITURE_DROP,MEDIUM,Cumulative expenditure dropped from 15767.0 Cr (2026-05) to 3277.99 Cr (2026-06)
706724,2025-07,Guwahati Airport New Integrated Terminal Building Construction Project,FlashReport_July_2025.pdf,EXPENDITURE_DROP,MEDIUM,Cumulative expenditure dropped from 1884.13 Cr (2025-05) to 0.0 Cr (2025-07)
706757,2025-05,MODASA- SHAMLAJI NEW LINE ( MM OF AHMEDABAD-HIMMATNAGAR-UDAIPUR 9-2012 3/2027,FR_May2025.pdf,EXPENDITURE_DROP,MEDIUM,Cumulative expenditure dropped from 649.6 Cr (2025-04) to 191.87 Cr (2025-05)
706759,2026-01,"Project Assessment, Infrastructure Monitoring and Analytics for Nation-building 558 Rampur Dumra-Tal-Rajendrapul Additional Bridge and Railway Line Doubling",FlashReport_January_2026.pdf,LARGE_COST_SHIFT,MEDIUM,Original cost changed significantly from 2373.64 Cr (2025-12) to 81.0 Cr (2026-01)
706759,2026-02,Rampur Dumra-Tal-Rajendrapul Additional Bridge and Railway Line Doubling,FlashReport_February_2026.pdf,LARGE_COST_SHIFT,MEDIUM,Original cost changed significantly from 81.0 Cr (2026-01) to 2373.64 Cr (2026-02)
706763,2025-05,RAJKOT-KANALUS (111.20 KM) 10-2021 10/2026,FR_May2025.pdf,EXPENDITURE_DROP,MEDIUM,Cumulative expenditure dropped from 1337.86 Cr (2025-04) to 304.58 Cr (2025-05)
706763,2026-02,"Project Assessment, Infrastructure Monitoring and Analytics for Nation-building 594 Rajkot - Kanalus Doubling Project [111.2 Kms]",FlashReport_February_2026.pdf,LARGE_COST_SHIFT,MEDIUM,Original cost changed significantly from 1080.58 Cr (2026-01) to 91.0 Cr (2026-02)
706763,2026-03,Rajkot - Kanalus Doubling Project [111.2 Kms],FlashReport_March_2026.pdf,LARGE_COST_SHIFT,MEDIUM,Original cost changed significantly from 91.0 Cr (2026-02) to 1080.58 Cr (2026-03)
706763,2026-05,"Project Assessment, Infrastructure Monitoring and Analytics for Nation-building 592 Rajkot - Kanalus Doubling Project [111.2 Kms]",FlashReport_May2026.pdf,LARGE_COST_SHIFT,MEDIUM,Original cost changed significantly from 1080.58 Cr (2026-04) to 81.0 Cr (2026-05)
706763,2026-06,Rajkot - Kanalus Doubling Project [111.2 Kms],FlashReport_June_2026.pdf,LARGE_COST_SHIFT,MEDIUM,Original cost changed significantly from 81.0 Cr (2026-05) to 1080.58 Cr (2026-06)
706777,2026-02,"Project Assessment, Infrastructure Monitoring and Analytics for Nation-building 777 Baranagar-Barrackpore and Dakshineshwar- Construction of Metro Railway Total (245)",FlashReport_February_2026.pdf,LARGE_COST_SHIFT,MEDIUM,Original cost changed significantly from 2298.0 Cr (2026-01) to 99.0 Cr (2026-02)
706777,2026-03,Baranagar-Barrackpore and Dakshineshwar- Construction of Metro Railway Ministry of Road Transport & Highways Roads & Highways Total (244),FlashReport_March_2026.pdf,LARGE_COST_SHIFT,MEDIUM,Original cost changed significantly from 99.0 Cr (2026-02) to 2298.0 Cr (2026-03)
706777,2026-03,Baranagar-Barrackpore and Dakshineshwar- Construction of Metro Railway Ministry of Road Transport & Highways Roads & Highways Total (244),FlashReport_March_2026.pdf,EXPENDITURE_DROP,MEDIUM,Cumulative expenditure dropped from 2298.0 Cr (2026-02) to 393.02 Cr (2026-03)
706811,2026-03,"Project Assessment, Infrastructure Monitoring and Analytics for Nation-building 502 NMDC Slurry Pipeline Project Phase-1",FlashReport_March_2026.pdf,LARGE_COST_SHIFT,MEDIUM,Original cost changed significantly from 2907.0 Cr (2026-02) to 77.0 Cr (2026-03)
706811,2026-04,NMDC Slurry Pipeline Project Phase-1,FlashReport_April2026.pdf,LARGE_COST_SHIFT,MEDIUM,Original cost changed significantly from 77.0 Cr (2026-03) to 2907.0 Cr (2026-04)
706835,2025-07,"Project Assessment, Infrastructure Monitoring and Analytics for Nation-building 538 Belgaum-Dharwad via Kittur [73.10Km]",FlashReport_July_2025.pdf,LARGE_COST_SHIFT,MEDIUM,Original cost changed significantly from 1590.8 Cr (2025-06) to 55.0 Cr (2025-07)
706835,2025-08,Belgaum-Dharwad via Kittur [73.10Km],FlashReport_August_2025.pdf,LARGE_COST_SHIFT,MEDIUM,Original cost changed significantly from 55.0 Cr (2025-07) to 1591.0 Cr (2025-08)
706854,2026-02,"Project Assessment, Infrastructure Monitoring and Analytics for Nation-building 571 Boridand - Ambikapur Doubling Line Project",FlashReport_February_2026.pdf,LARGE_COST_SHIFT,MEDIUM,Original cost changed significantly from 1376.0 Cr (2026-01) to 90.0 Cr (2026-02)
706854,2026-03,Boridand - Ambikapur Doubling Line Project,FlashReport_March_2026.pdf,LARGE_COST_SHIFT,MEDIUM,Original cost changed significantly from 90.0 Cr (2026-02) to 1376.0 Cr (2026-03)
706854,2026-03,Boridand - Ambikapur Doubling Line Project,FlashReport_March_2026.pdf,EXPENDITURE_DROP,MEDIUM,Cumulative expenditure dropped from 1376.0 Cr (2026-02) to 224.23 Cr (2026-03)
706860,2025-08,Barauni-Bachwara [16 km] - 3rd & 4th line incl. Barauni yard remodelling [32 km],FlashReport_August_2025.pdf,EXPENDITURE_DROP,MEDIUM,Cumulative expenditure dropped from 135.31 Cr (2025-06) to 0.77 Cr (2025-08)
706860,2025-10,"Project Assessment, Infrastructure Monitoring and Analytics for Nation-building 530 Barauni-Bachwara [16 km] - 3rd & 4th line incl. Barauni yard remodelling [32 km]",FlashReport_October_2025.pdf,PROGRESS_REGRESSION,MEDIUM,Physical progress dropped by 47.0% (from 55.0% in 2025-09 to 7.96% in 2025-10)
706860,2025-10,"Project Assessment, Infrastructure Monitoring and Analytics for Nation-building 530 Barauni-Bachwara [16 km] - 3rd & 4th line incl. Barauni yard remodelling [32 km]",FlashReport_October_2025.pdf,LARGE_COST_SHIFT,MEDIUM,Original cost changed significantly from 645.0 Cr (2025-09) to 60.0 Cr (2025-10)
706860,2025-11,Barauni-Bachwara [16 km] - 3rd & 4th line incl. Barauni yard remodelling [32 km],FlashReport_November_2025.pdf,LARGE_COST_SHIFT,MEDIUM,Original cost changed significantly from 60.0 Cr (2025-10) to 645.0 Cr (2025-11)
706860,2025-11,Barauni-Bachwara [16 km] - 3rd & 4th line incl. Barauni yard remodelling [32 km],FlashReport_November_2025.pdf,EXPENDITURE_DROP,MEDIUM,Cumulative expenditure dropped from 645.0 Cr (2025-10) to 27.98 Cr (2025-11)
706866,2025-08,Sawaimadhopur Bye Pass Line Project,FlashReport_August_2025.pdf,EXPENDITURE_DROP,MEDIUM,Cumulative expenditure dropped from 134.0 Cr (2025-07) to 43.07 Cr (2025-08)
706898,2025-11,Khurda Road - Balangir Electrification of Railway Track Project,FlashReport_November_2025.pdf,EXPENDITURE_DROP,MEDIUM,Cumulative expenditure dropped from 267.61 Cr (2025-10) to 0.0 Cr (2025-11)
706940,2026-03,"Mariani-Jorhat, Tinsukia-Dangri and Makum -TirapTrack Electrification Project",FlashReport_March_2026.pdf,EXPENDITURE_DROP,MEDIUM,Cumulative expenditure dropped from 183.99 Cr (2026-02) to 0.0 Cr (2026-03)
707022,2026-05,Establishment of new GMC Chaibasa [Singhbhum],FlashReport_May2026.pdf,EXPENDITURE_DROP,MEDIUM,Cumulative expenditure dropped from 250.0 Cr (2026-04) to 65.0 Cr (2026-05)
707070,2026-04,Establishment of new GMC Hoshiarpur,FlashReport_April2026.pdf,EXPENDITURE_DROP,MEDIUM,Cumulative expenditure dropped from 325.0 Cr (2026-03) to 1.0 Cr (2026-04)
707419,2026-05,"Project Assessment, Infrastructure Monitoring and Analytics for Nation-building 506 IMC at Prayagraj Total (8) 1457.75",FlashReport_May2026.pdf,LARGE_COST_SHIFT,MEDIUM,Original cost changed significantly from 658.0 Cr (2026-04) to 77.0 Cr (2026-05)
707419,2026-06,IMC at Prayagraj Ministry of Steel Total (8) 1742.34,FlashReport_June_2026.pdf,LARGE_COST_SHIFT,MEDIUM,Original cost changed significantly from 77.0 Cr (2026-05) to 658.0 Cr (2026-06)
707419,2026-06,IMC at Prayagraj Ministry of Steel Total (8) 1742.34,FlashReport_June_2026.pdf,EXPENDITURE_DROP,MEDIUM,Cumulative expenditure dropped from 658.0 Cr (2026-05) to 75.63 Cr (2026-06)
709748,2025-09,"Project Assessment, Infrastructure Monitoring and Analytics for Nation-building 173 BIKANER SOLAR POWER PROJECT",FlashReport_September_2025.pdf,LARGE_COST_SHIFT,MEDIUM,Original cost changed significantly from 5491.89 Cr (2025-08) to 46.0 Cr (2025-09)
709748,2025-10,BIKANER SOLAR POWER PROJECT,FlashReport_October_2025.pdf,LARGE_COST_SHIFT,MEDIUM,Original cost changed significantly from 46.0 Cr (2025-09) to 5491.89 Cr (2025-10)
709749,2025-07,"Project Assessment, Infrastructure Monitoring and Analytics for Nation-building 731 PHASE-I OF CONSOLIDATION OF EXISTING CDR DATA CENTERS AND NIB-P3 DATA CENTERS WITH STATE OF THE ART",FlashReport_July_2025.pdf,PROGRESS_REGRESSION,MEDIUM,Physical progress dropped by 75.0% (from 81.0% in 2025-06 to 6.0% in 2025-07)
709749,2025-07,"Project Assessment, Infrastructure Monitoring and Analytics for Nation-building 731 PHASE-I OF CONSOLIDATION OF EXISTING CDR DATA CENTERS AND NIB-P3 DATA CENTERS WITH STATE OF THE ART",FlashReport_July_2025.pdf,LARGE_COST_SHIFT,MEDIUM,Original cost changed significantly from 461.42 Cr (2025-06) to 62.0 Cr (2025-07)
709749,2025-08,PHASE-I OF CONSOLIDATION OF EXISTING CDR DATA CENTERS AND NIB-P3 DATA CENTERS WITH STATE OF THE ART,FlashReport_August_2025.pdf,LARGE_COST_SHIFT,MEDIUM,Original cost changed significantly from 62.0 Cr (2025-07) to 461.42 Cr (2025-08)
709749,2025-08,PHASE-I OF CONSOLIDATION OF EXISTING CDR DATA CENTERS AND NIB-P3 DATA CENTERS WITH STATE OF THE ART,FlashReport_August_2025.pdf,EXPENDITURE_DROP,MEDIUM,Cumulative expenditure dropped from 2020.0 Cr (2025-07) to 166.02 Cr (2025-08)
709753,2026-01,"Project Assessment, Infrastructure Monitoring and Analytics for Nation-building 454 Haldia Panagarh Pipeline Project",FlashReport_January_2026.pdf,LARGE_COST_SHIFT,MEDIUM,Original cost changed significantly from 1010.0 Cr (2025-12) to 77.0 Cr (2026-01)
709753,2026-02,Haldia Panagarh Pipeline Project,FlashReport_February_2026.pdf,LARGE_COST_SHIFT,MEDIUM,Original cost changed significantly from 77.0 Cr (2026-01) to 1010.0 Cr (2026-02)
709754,2025-10,"Construction of LPG Facilities at Kamardanga, Assam",FlashReport_October_2025.pdf,EXPENDITURE_DROP,MEDIUM,Cumulative expenditure dropped from 156.36 Cr (2025-09) to 63.31 Cr (2025-10)
709757,2025-07,"Project Assessment, Infrastructure Monitoring and Analytics for Nation-building 398 CGD Project in Banka, Dumka, Godda, Jamtara, Pakur, Sahibganj GA ID 11A.02 Multi-States 06/2022 06/2030 06/2030 1377 329.43 26",FlashReport_July_2025.pdf,LARGE_COST_SHIFT,MEDIUM,Original cost changed significantly from 1377.0 Cr (2025-06) to 50.0 Cr (2025-07)
709757,2025-08,"CGD Project in Banka, Dumka, Godda, Jamtara, Pakur, Sahibganj GA ID 11A.02 Multi-States",FlashReport_August_2025.pdf,LARGE_COST_SHIFT,MEDIUM,Original cost changed significantly from 50.0 Cr (2025-07) to 1377.0 Cr (2025-08)
709760,2025-09,HP TDAE Unit in Mumbai Refinery,FlashReport_September_2025.pdf,EXPENDITURE_DROP,MEDIUM,Cumulative expenditure dropped from 240.0 Cr (2025-08) to 43.29 Cr (2025-09)
709766,2025-07,"Project Assessment, Infrastructure Monitoring and Analytics for Nation-building 342 City Gas Distribution Project at Kurnool, Guntur & Prakasam Districts",FlashReport_July_2025.pdf,LARGE_COST_SHIFT,MEDIUM,Original cost changed significantly from 1420.0 Cr (2025-06) to 48.0 Cr (2025-07)
709766,2025-08,"City Gas Distribution Project at Kurnool, Guntur & Prakasam Districts",FlashReport_August_2025.pdf,LARGE_COST_SHIFT,MEDIUM,Original cost changed significantly from 48.0 Cr (2025-07) to 1420.0 Cr (2025-08)
709771,2025-12,"Project Assessment, Infrastructure Monitoring and Analytics for Nation-building 398 City Gas Distribution Project at Beed, Jalgaon and Jalna Districts",FlashReport_December_2025.pdf,LARGE_COST_SHIFT,MEDIUM,Original cost changed significantly from 865.0 Cr (2025-11) to 63.0 Cr (2025-12)
709771,2026-01,"City Gas Distribution Project at Beed, Jalgaon and Jalna Districts",FlashReport_January_2026.pdf,PROGRESS_REGRESSION,MEDIUM,Physical progress dropped by 71.3% (from 74.35% in 2025-12 to 3.0% in 2026-01)
709771,2026-01,"City Gas Distribution Project at Beed, Jalgaon and Jalna Districts",FlashReport_January_2026.pdf,LARGE_COST_SHIFT,MEDIUM,Original cost changed significantly from 63.0 Cr (2025-12) to 865.0 Cr (2026-01)
709771,2026-01,"City Gas Distribution Project at Beed, Jalgaon and Jalna Districts",FlashReport_January_2026.pdf,EXPENDITURE_DROP,MEDIUM,Cumulative expenditure dropped from 865.0 Cr (2025-12) to 77.25 Cr (2026-01)
709773,2026-02,"Project Assessment, Infrastructure Monitoring and Analytics for Nation-building 401 City Gas Distribution Project at Jammu, Udhampur, Reasi, Samba and Kathua Districts",FlashReport_February_2026.pdf,LARGE_COST_SHIFT,MEDIUM,Original cost changed significantly from 538.0 Cr (2026-01) to 82.0 Cr (2026-02)
709773,2026-03,"City Gas Distribution Project at Jammu, Udhampur, Reasi, Samba and Kathua Districts",FlashReport_March_2026.pdf,LARGE_COST_SHIFT,MEDIUM,Original cost changed significantly from 82.0 Cr (2026-02) to 538.0 Cr (2026-03)
709773,2026-03,"City Gas Distribution Project at Jammu, Udhampur, Reasi, Samba and Kathua Districts",FlashReport_March_2026.pdf,EXPENDITURE_DROP,MEDIUM,Cumulative expenditure dropped from 538.0 Cr (2026-02) to 4.32 Cr (2026-03)
709777,2026-06,"Project Assessment, Infrastructure Monitoring and Analytics for Nation-building 362 Installation of Bitumen Manufacturing Unit along with allied facilities at Barauni Refinery",FlashReport_June_2026.pdf,LARGE_COST_SHIFT,MEDIUM,Original cost changed significantly from 389.35 Cr (2026-05) to 75.0 Cr (2026-06)
709790,2025-10,"Project Assessment, Infrastructure Monitoring and Analytics for Nation-building 399 Replacement and Extension of Jetty Pipelines [REJP] at KR",FlashReport_October_2025.pdf,LARGE_COST_SHIFT,MEDIUM,Original cost changed significantly from 621.87 Cr (2025-09) to 55.0 Cr (2025-10)
709790,2025-11,Replacement and Extension of Jetty Pipelines [REJP] at KR,FlashReport_November_2025.pdf,LARGE_COST_SHIFT,MEDIUM,Original cost changed significantly from 55.0 Cr (2025-10) to 621.87 Cr (2025-11)
709790,2025-11,Replacement and Extension of Jetty Pipelines [REJP] at KR,FlashReport_November_2025.pdf,EXPENDITURE_DROP,MEDIUM,Cumulative expenditure dropped from 621.87 Cr (2025-10) to 211.67 Cr (2025-11)
709790,2026-01,Replacement and Extension of Jetty Pipelines [REJP] at KR,FlashReport_January_2026.pdf,EXPENDITURE_DROP,MEDIUM,Cumulative expenditure dropped from 459.74 Cr (2025-12) to 220.0 Cr (2026-01)
709792,2025-08,"Project Assessment, Infrastructure Monitoring and Analytics for Nation-building 371 City Gas Distribution Projects at Darbhanga, Madhubani, Supaul, Sitamarhi and Sheohar districts",FlashReport_August_2025.pdf,LARGE_COST_SHIFT,MEDIUM,Original cost changed significantly from 3638.0 Cr (2025-07) to 49.0 Cr (2025-08)
709792,2025-09,"City Gas Distribution Projects at Darbhanga, Madhubani, Supaul, Sitamarhi and Sheohar districts",FlashReport_September_2025.pdf,LARGE_COST_SHIFT,MEDIUM,Original cost changed significantly from 49.0 Cr (2025-08) to 3638.0 Cr (2025-09)
709792,2025-09,"City Gas Distribution Projects at Darbhanga, Madhubani, Supaul, Sitamarhi and Sheohar districts",FlashReport_September_2025.pdf,EXPENDITURE_DROP,MEDIUM,Cumulative expenditure dropped from 3638.0 Cr (2025-08) to 414.14 Cr (2025-09)
709794,2025-07,"City Gas Distribution Projects at Fazilka [except area already authorized], Ganganagar and Hanumangarh districts",FlashReport_July_2025.pdf,LARGE_COST_SHIFT,MEDIUM,Original cost changed significantly from 3207.0 Cr (2025-06) to 12.0 Cr (2025-07)
709794,2025-07,"City Gas Distribution Projects at Fazilka [except area already authorized], Ganganagar and Hanumangarh districts",FlashReport_July_2025.pdf,EXPENDITURE_DROP,MEDIUM,Cumulative expenditure dropped from 324.65 Cr (2025-06) to 6.0 Cr (2025-07)
709794,2025-08,"City Gas Distribution Projects at Fazilka [except area already authorized], Ganganagar and Hanumangarh districts",FlashReport_August_2025.pdf,LARGE_COST_SHIFT,MEDIUM,Original cost changed significantly from 12.0 Cr (2025-07) to 3207.0 Cr (2025-08)
709794,2026-03,"Project Assessment, Infrastructure Monitoring and Analytics for Nation-building 421 City Gas Distribution Projects at Fazilka [except area already authorized], Ganganagar and Hanumangarh districts",FlashReport_March_2026.pdf,LARGE_COST_SHIFT,MEDIUM,Original cost changed significantly from 3207.0 Cr (2026-02) to 73.0 Cr (2026-03)
709794,2026-05,"City Gas Distribution Projects at Fazilka [except area already authorized], Ganganagar and Hanumangarh districts",FlashReport_May2026.pdf,LARGE_COST_SHIFT,MEDIUM,Original cost changed significantly from 74.0 Cr (2026-04) to 3207.0 Cr (2026-05)
709794,2026-05,"City Gas Distribution Projects at Fazilka [except area already authorized], Ganganagar and Hanumangarh districts",FlashReport_May2026.pdf,EXPENDITURE_DROP,MEDIUM,Cumulative expenditure dropped from 3207.0 Cr (2026-04) to 418.05 Cr (2026-05)
709795,2026-04,"Project Assessment, Infrastructure Monitoring and Analytics for Nation-building 449 City Gas Distribution Projects at Lakhimpur Kheri , Sitapur, Bahraich, Shravasti,Balrampur, Siddharth Nagar & Maharajganj districts",FlashReport_April2026.pdf,LARGE_COST_SHIFT,MEDIUM,Original cost changed significantly from 16654.0 Cr (2026-03) to 75.0 Cr (2026-04)
709795,2026-05,"City Gas Distribution Projects at Lakhimpur Kheri , Sitapur, Bahraich, Shravasti,Balrampur, Siddharth Nagar & Maharajganj districts",FlashReport_May2026.pdf,LARGE_COST_SHIFT,MEDIUM,Original cost changed significantly from 75.0 Cr (2026-04) to 16654.0 Cr (2026-05)
709795,2026-05,"City Gas Distribution Projects at Lakhimpur Kheri , Sitapur, Bahraich, Shravasti,Balrampur, Siddharth Nagar & Maharajganj districts",FlashReport_May2026.pdf,EXPENDITURE_DROP,MEDIUM,Cumulative expenditure dropped from 16654.0 Cr (2026-04) to 723.54 Cr (2026-05)
709798,2025-09,"Project Assessment, Infrastructure Monitoring and Analytics for Nation-building 399 Ethylene Cracker Project at Bina Refinery including downstream Petrochemical Plants and expansion of Refinery",FlashReport_September_2025.pdf,LARGE_COST_SHIFT,MEDIUM,Original cost changed significantly from 43367.0 Cr (2025-08) to 55.0 Cr (2025-09)
709798,2025-10,Ethylene Cracker Project at Bina Refinery including downstream Petrochemical Plants and expansion of Refinery,FlashReport_October_2025.pdf,LARGE_COST_SHIFT,MEDIUM,Original cost changed significantly from 55.0 Cr (2025-09) to 43367.0 Cr (2025-10)
709798,2025-10,Ethylene Cracker Project at Bina Refinery including downstream Petrochemical Plants and expansion of Refinery,FlashReport_October_2025.pdf,EXPENDITURE_DROP,MEDIUM,Cumulative expenditure dropped from 43367.0 Cr (2025-09) to 1955.0 Cr (2025-10)
709798,2026-04,"Project Assessment, Infrastructure Monitoring and Analytics for Nation-building 406 Ethylene Cracker Project at Bina Refinery including downstream Petrochemical Plants and expansion of Refinery",FlashReport_April2026.pdf,LARGE_COST_SHIFT,MEDIUM,Original cost changed significantly from 43367.0 Cr (2026-03) to 73.0 Cr (2026-04)
709798,2026-05,Ethylene Cracker Project at Bina Refinery including downstream Petrochemical Plants and expansion of Refinery,FlashReport_May2026.pdf,LARGE_COST_SHIFT,MEDIUM,Original cost changed significantly from 73.0 Cr (2026-04) to 43367.0 Cr (2026-05)
709798,2026-05,Ethylene Cracker Project at Bina Refinery including downstream Petrochemical Plants and expansion of Refinery,FlashReport_May2026.pdf,EXPENDITURE_DROP,MEDIUM,Cumulative expenditure dropped from 43367.0 Cr (2026-04) to 5115.7 Cr (2026-05)
709817,2025-07,4TH LINE - DADHAPARA-BELHA [9.2 KM] [PB-72/NR/2022-23],FlashReport_July_2025.pdf,PROGRESS_REGRESSION,MEDIUM,Physical progress dropped by 26.0% (from 30.0% in 2025-06 to 4.0% in 2025-07)
709818,2026-06,4TH LINE RAJNANDGAON-DONGARHGARH [31.2 KM] [PB-72/NR/2022-23],FlashReport_June_2026.pdf,PROGRESS_REGRESSION,MEDIUM,Physical progress dropped by 51.5% (from 87.49% in 2026-05 to 36.0% in 2026-06)
709818,2026-06,4TH LINE RAJNANDGAON-DONGARHGARH [31.2 KM] [PB-72/NR/2022-23],FlashReport_June_2026.pdf,EXPENDITURE_DROP,MEDIUM,Cumulative expenditure dropped from 328.34 Cr (2026-05) to 96.2 Cr (2026-06)
709830,2025-07,CONVERSION OF FLAT BOTTOM SETTLERS AND WASHERS WITH A SINGLE TRAIN OF HRDS AND DCWS IN STREAMS 1 AND,FlashReport_July_2025.pdf,EXPENDITURE_DROP,MEDIUM,Cumulative expenditure dropped from 163.55 Cr (2025-06) to 0.0 Cr (2025-07)
709847,2025-10,"Project Assessment, Infrastructure Monitoring and Analytics for Nation-building 370 Pipeline Network Project Rudrasagar",FlashReport_October_2025.pdf,LARGE_COST_SHIFT,MEDIUM,Original cost changed significantly from 344.99 Cr (2025-09) to 54.0 Cr (2025-10)
709847,2025-11,Pipeline Network Project Rudrasagar,FlashReport_November_2025.pdf,LARGE_COST_SHIFT,MEDIUM,Original cost changed significantly from 54.0 Cr (2025-10) to 344.99 Cr (2025-11)
709850,2025-07,Borholla GGS Life Extension Project [BLEP],FlashReport_July_2025.pdf,EXPENDITURE_DROP,MEDIUM,Cumulative expenditure dropped from 99.52 Cr (2025-06) to 36.78 Cr (2025-07)
709851,2025-12,"Project Assessment, Infrastructure Monitoring and Analytics for Nation-building 425 Integrated Development of 4 Contract Areas under DSF-II",FlashReport_December_2025.pdf,LARGE_COST_SHIFT,MEDIUM,Original cost changed significantly from 6183.79 Cr (2025-11) to 64.0 Cr (2025-12)
709851,2026-01,Integrated Development of 4 Contract Areas under DSF-II,FlashReport_January_2026.pdf,LARGE_COST_SHIFT,MEDIUM,Original cost changed significantly from 64.0 Cr (2025-12) to 6183.79 Cr (2026-01)
709851,2026-01,Integrated Development of 4 Contract Areas under DSF-II,FlashReport_January_2026.pdf,EXPENDITURE_DROP,MEDIUM,Cumulative expenditure dropped from 6183.79 Cr (2025-12) to 895.56 Cr (2026-01)
709851,2026-05,"Project Assessment, Infrastructure Monitoring and Analytics for Nation-building 427 Integrated Development of 4 Contract Areas under DSF-II",FlashReport_May2026.pdf,LARGE_COST_SHIFT,MEDIUM,Original cost changed significantly from 6183.79 Cr (2026-04) to 73.0 Cr (2026-05)
709851,2026-06,Integrated Development of 4 Contract Areas under DSF-II,FlashReport_June_2026.pdf,LARGE_COST_SHIFT,MEDIUM,Original cost changed significantly from 73.0 Cr (2026-05) to 6183.79 Cr (2026-06)
709851,2026-06,Integrated Development of 4 Contract Areas under DSF-II,FlashReport_June_2026.pdf,EXPENDITURE_DROP,MEDIUM,Cumulative expenditure dropped from 6183.79 Cr (2026-05) to 2023.95 Cr (2026-06)
709857,2026-06,"Project Assessment, Infrastructure Monitoring and Analytics for Nation-building 1805 Planning, Engineering, Supply, Installation, Testing, Commissioning, Integration & Annual Maintenance of 4G mobile network at 1 Lakh sites on PAN India basis including Mumbai & Delhi LSA on turnkey basis under Phase IX.2 Project.",FlashReport_June_2026.pdf,LARGE_COST_SHIFT,MEDIUM,Original cost changed significantly from 24544.55 Cr (2026-05) to 156.0 Cr (2026-06)
709864,2025-09,"Project Assessment, Infrastructure Monitoring and Analytics for Nation-building 370 DCU Revamp Project",FlashReport_September_2025.pdf,LARGE_COST_SHIFT,MEDIUM,Original cost changed significantly from 370.0 Cr (2025-08) to 54.0 Cr (2025-09)
709864,2025-10,DCU Revamp Project,FlashReport_October_2025.pdf,LARGE_COST_SHIFT,MEDIUM,Original cost changed significantly from 54.0 Cr (2025-09) to 370.0 Cr (2025-10)
709865,2026-03,Power Recovery Turbine [PRT] in PFCCU unit as an Energy Conservation Scheme,FlashReport_March_2026.pdf,EXPENDITURE_DROP,MEDIUM,Cumulative expenditure dropped from 293.5 Cr (2026-02) to 97.24 Cr (2026-03)
81740,2025-12,Km 0.00 to Km 0.930 of NH-44 section between Shillong-Dawki under JICA ODA Loan assistance Phase-II -Balance Work Pkg-1,FlashReport_December_2025.pdf,EXPENDITURE_DROP,MEDIUM,Cumulative expenditure dropped from 299.22 Cr (2025-06) to 0.0 Cr (2025-12)
81740,2026-02,"Project Assessment, Infrastructure Monitoring and Analytics for Nation-building 1421 Km 0.00 to Km 0.930 of NH-44 section between Shillong-Dawki under JICA ODA Loan assistance Phase-II -Balance Work Pkg-1",FlashReport_February_2026.pdf,PROGRESS_REGRESSION,MEDIUM,Physical progress dropped by 78.0% (from 78.0% in 2026-01 to 0.0% in 2026-02)
81740,2026-03,Km 0.00 to Km 0.930 of NH-44 section between Shillong-Dawki under JICA ODA Loan assistance Phase-II -Balance Work Pkg-1,FlashReport_March_2026.pdf,EXPENDITURE_DROP,MEDIUM,Cumulative expenditure dropped from 351.12 Cr (2026-02) to 0.0 Cr (2026-03)
82000,2025-12,Construction of 2-Laning with Paved Shoulder of New Greenfield Alignment From 717B Package-IIIB on EPC Basis under SARDP-NE Phase 'A' in the State of Sikkim.,FlashReport_December_2025.pdf,PROGRESS_REGRESSION,MEDIUM,Physical progress dropped by 41.8% (from 74.82% in 2025-06 to 33.0% in 2025-12)
82000,2025-12,Construction of 2-Laning with Paved Shoulder of New Greenfield Alignment From 717B Package-IIIB on EPC Basis under SARDP-NE Phase 'A' in the State of Sikkim.,FlashReport_December_2025.pdf,EXPENDITURE_DROP,MEDIUM,Cumulative expenditure dropped from 238.13 Cr (2025-06) to 0.0 Cr (2025-12)
824920,2025-12,"Project Assessment, Infrastructure Monitoring and Analytics for Nation-building 890",FlashReport_December_2025.pdf,LARGE_COST_SHIFT,MEDIUM,Original cost changed significantly from 1604.06 Cr (2025-06) to 82.0 Cr (2025-12)
824920,2026-01,"Project Assessment, Infrastructure Monitoring and Analytics for Nation-building 890",FlashReport_January_2026.pdf,LARGE_COST_SHIFT,MEDIUM,Original cost changed significantly from 82.0 Cr (2025-12) to 1644.85 Cr (2026-01)
83905,2025-12,Construction & Upgradation to 2-lane with paved shoulder from Design Km 67.805 at Sudhmahadev-Goha Khellani-Kishtwar-vailoo-Donipawa-Ashajipora seition of NH-244 in the UT of J&K on EPC Mode under NHO-Gen Pkg-3,FlashReport_December_2025.pdf,PROGRESS_REGRESSION,MEDIUM,Physical progress dropped by 98.4% (from 98.36% in 2025-06 to 0.0% in 2025-12)
83905,2025-12,Construction & Upgradation to 2-lane with paved shoulder from Design Km 67.805 at Sudhmahadev-Goha Khellani-Kishtwar-vailoo-Donipawa-Ashajipora seition of NH-244 in the UT of J&K on EPC Mode under NHO-Gen Pkg-3,FlashReport_December_2025.pdf,EXPENDITURE_DROP,MEDIUM,Cumulative expenditure dropped from 80.64 Cr (2025-06) to 0.0 Cr (2025-12)
85000,2026-04,Rehabilitation and Up-gradation to 2 lane road with paved shoulders configuration for 417 of NH-166E in the state of Maharashtra on EPC mode.,FlashReport_April2026.pdf,EXPENDITURE_DROP,MEDIUM,Cumulative expenditure dropped from 181.45 Cr (2026-03) to 0.0 Cr (2026-04)
87900,2025-12,Upgradation & widening of Jharkheda- Berasia - Dholkhedi from design km 0000 to the State of Madhya Pradesh under EPC mode.,FlashReport_December_2025.pdf,PROGRESS_REGRESSION,MEDIUM,Physical progress dropped by 64.0% (from 64.0% in 2025-06 to 0.0% in 2025-12)
87900,2025-12,Upgradation & widening of Jharkheda- Berasia - Dholkhedi from design km 0000 to the State of Madhya Pradesh under EPC mode.,FlashReport_December_2025.pdf,EXPENDITURE_DROP,MEDIUM,Cumulative expenditure dropped from 112.27 Cr (2025-06) to 0.0 Cr (2025-12)
87900,2026-02,Upgradation & widening of Jharkheda- Berasia - Dholkhedi from design km 0000 to the State of Madhya Pradesh under EPC mode.,FlashReport_February_2026.pdf,EXPENDITURE_DROP,MEDIUM,Cumulative expenditure dropped from 365.21 Cr (2026-01) to 0.0 Cr (2026-02)
900808,2025-07,"Transmission System for Kurnool Wind Energy Zone/ Solar Energy Zone Part-A and Part-B Multi-States (Andhra Pradesh,",FlashReport_July_2025.pdf,LARGE_COST_SHIFT,MEDIUM,Original cost changed significantly from 3546.94 Cr (2025-06) to 3.0 Cr (2025-07)
900808,2025-07,"Transmission System for Kurnool Wind Energy Zone/ Solar Energy Zone Part-A and Part-B Multi-States (Andhra Pradesh,",FlashReport_July_2025.pdf,EXPENDITURE_DROP,MEDIUM,Cumulative expenditure dropped from 2837.55 Cr (2025-06) to 11.0 Cr (2025-07)
900808,2025-08,"Transmission System for Kurnool Wind Energy Zone/ Solar Energy Zone Part-A and Part-B Multi-States (Andhra Pradesh,",FlashReport_August_2025.pdf,LARGE_COST_SHIFT,MEDIUM,Original cost changed significantly from 3.0 Cr (2025-07) to 3546.94 Cr (2025-08)
99930,2025-12,Guwahati Road on NH-17 in the state of Assam on EPC mode under Bharatmala Pariyojana in Economic Corridors Project Length 43.750km under NHO-NE Package- 8,FlashReport_December_2025.pdf,EXPENDITURE_DROP,MEDIUM,Cumulative expenditure dropped from 551.88 Cr (2025-06) to 0.0 Cr (2025-12)
N22000533,2025-05,QUADRUPLING BETWEEN GANDHIDHAM - ADIPUR WITH Y CONNECTION AT ADIPUR FOR PROVIDING DIRECT ENTRY TOWAR 2-2023 12/2025,FR_May2025.pdf,EXPENDITURE_DROP,MEDIUM,Cumulative expenditure dropped from 62.26 Cr (2025-04) to 19.5 Cr (2025-05)
N22000537,2025-05,HIMMATNAGAR-KHEDBRAHMA (54.83 KM) 6-2022 2/2030,FR_May2025.pdf,EXPENDITURE_DROP,MEDIUM,Cumulative expenditure dropped from 834.53 Cr (2025-04) to 309.75 Cr (2025-05)
N22000547,2025-05,VIJAPUR-AMBLIYASAN (41.53 KM) 5-2022 3/2030,FR_May2025.pdf,EXPENDITURE_DROP,MEDIUM,Cumulative expenditure dropped from 565.62 Cr (2025-04) to 240.08 Cr (2025-05)
